{"strategy":{"KamaFama":{"trades":[{"pair":"TUT/USDT","stake_amount":4949.977068,"max_stake_amount":4949.977068,"amount":183516.0,"open_date":"2025-10-15 12:35:00+00:00","close_date":"2025-10-15 14:40:00+00:00","open_rate":0.026973,"close_rate":0.028593,"fee_open":0.002,"fee_close":0.002,"trade_duration":125,"profit_ratio":0.055828283373596785,"profit_abs":276.90141989,"exit_reason":"trailing_stop_loss","initial_stop_loss_abs":0.02023,"initial_stop_loss_ratio":-0.25,"stop_loss_abs":0.028593,"stop_loss_ratio":-0.002,"min_rate":0.026816,"max_rate":0.02865,"is_open":false,"enter_tag":"buy","leverage":1.0,"is_short":false,"open_timestamp":1760531700000,"close_timestamp":1760539200000,"orders":[{"amount":183516.0,"safe_price":0.026973,"ft_order_side":"buy","order_filled_timestamp":1760531700000,"ft_is_entry":true,"ft_order_tag":"buy","cost":4959.877022136},{"amount":183516.0,"safe_price":0.028593,"ft_order_side":"sell","order_filled_timestamp":1760539200000,"ft_is_entry":false,"ft_order_tag":"trailing_stop_loss","cost":5257.767533976}],"funding_fees":0.0,"weekday":2},{"pair":"CAKE/USDT","stake_amount":4949.9999478,"max_stake_amount":4949.9999478,"amount":1553.6723,"open_date":"2025-10-15 11:50:00+00:00","close_date":"2025-10-16 00:30:00+00:00","open_rate":3.186,"close_rate":3.099,"fee_open":0.002,"fee_close":0.002,"trade_duration":760,"profit_ratio":-0.031189974100561076,"profit_abs":-154.69915091,"exit_reason":"sell","initial_stop_loss_abs":2.39,"initial_stop_loss_ratio":-0.25,"stop_loss_abs":2.39,"stop_loss_ratio":-0.25,"min_rate":2.991,"max_rate":3.269,"is_open":false,"enter_tag":"buy","leverage":1.0,"is_short":false,"open_timestamp":1760529000000,"close_timestamp":1760574600000,"orders":[{"amount":1553.6723,"safe_price":3.186,"ft_order_side":"buy","order_filled_timestamp":1760529000000,"ft_is_entry":true,"ft_order_tag":"buy","cost":4959.8999476956},{"amount":1553.6723,"safe_price":3.099,"ft_order_side":"sell","order_filled_timestamp":1760574600000,"ft_is_entry":false,"ft_order_tag":"sell","cost":4824.4601186154}],"funding_fees":0.0,"weekday":3},{"pair":"XPL/USDT","stake_amount":5087.0629173,"max_stake_amount":5087.0629173,"amount":10982.67,"open_date":"2025-10-15 20:55:00+00:00","close_date":"2025-10-16 01:30:00+00:00","open_rate":0.46319,"close_rate":0.47386,"fee_open":0.002,"fee_close":0.002,"trade_duration":275,"profit_ratio":0.018951927531036167,"profit_abs":96.60246705,"exit_reason":"sell","initial_stop_loss_abs":0.3474,"initial_stop_loss_ratio":-0.25,"stop_loss_abs":0.3474,"stop_loss_ratio":-0.25,"min_rate":0.45197,"max_rate":0.47697,"is_open":false,"enter_tag":"buy","leverage":1.0,"is_short":false,"open_timestamp":1760561700000,"close_timestamp":1760578200000,"orders":[{"amount":10982.67,"safe_price":0.46319,"ft_order_side":"buy","order_filled_timestamp":1760561700000,"ft_is_entry":true,"ft_order_tag":"buy","cost":5097.2370431346},{"amount":10982.67,"safe_price":0.47386,"ft_order_side":"sell","order_filled_timestamp":1760578200000,"ft_is_entry":false,"ft_order_tag":"sell","cost":5214.6565022124005}],"funding_fees":0.0,"weekday":3},{"pair":"STO/USDT","stake_amount":5058.306806,"max_stake_amount":5058.306806,"amount":30956.59,"open_date":"2025-10-16 14:15:00+00:00","close_date":"2025-10-16 22:00:00+00:00","open_rate":0.1634,"close_rate":0.15383,"fee_open":0.002,"fee_close":0.002,"trade_duration":465,"profit_ratio":-0.062326143306744984,"profit_abs":-315.89528439,"exit_reason":"sell","initial_stop_loss_abs":0.12255,"initial_stop_loss_ratio":-0.25,"stop_loss_abs":0.12255,"stop_loss_ratio":-0.25,"min_rate":0.1481,"max_rate":0.1665,"is_open":false,"enter_tag":"buy","leverage":1.0,"is_short":false,"open_timestamp":1760624100000,"close_timestamp":1760652000000,"orders":[{"amount":30956.59,"safe_price":0.1634,"ft_order_side":"buy","order_filled_timestamp":1760624100000,"ft_is_entry":true,"ft_order_tag":"buy","cost":5068.423419612},{"amount":30956.59,"safe_price":0.15383,"ft_order_side":"sell","order_filled_timestamp":1760652000000,"ft_is_entry":false,"ft_order_tag":"sell","cost":4771.5763441794}],"funding_fees":0.0,"weekday":3},{"pair":"XPL/USDT","stake_amount":5058.3069,"max_stake_amount":5058.3069,"amount":11418.3,"open_date":"2025-10-16 15:55:00+00:00","close_date":"2025-10-17 03:05:00+00:00","open_rate":0.443,"close_rate":0.4343,"fee_open":0.002,"fee_close":0.002,"trade_duration":670,"profit_ratio":-0.023552443645440492,"profit_abs":-119.37375918,"exit_reason":"sell","initial_stop_loss_abs":0.33225,"initial_stop_loss_ratio":-0.25,"stop_loss_abs":0.33225,"stop_loss_ratio":-0.25,"min_rate":0.41806,"max_rate":0.44973,"is_open":false,"enter_tag":"buy","leverage":1.0,"is_short":false,"open_timestamp":1760630100000,"close_timestamp":1760670300000,"orders":[{"amount":11418.3,"safe_price":0.443,"ft_order_side":"buy","order_filled_timestamp":1760630100000,"ft_is_entry":true,"ft_order_tag":"buy","cost":5068.4235137999995},{"amount":11418.3,"safe_price":0.4343,"ft_order_side":"sell","order_filled_timestamp":1760670300000,"ft_is_entry":false,"ft_order_tag":"sell","cost":4968.8856253799995}],"funding_fees":0.0,"weekday":4},{"pair":"TAO/USDT","stake_amount":4842.6402,"max_stake_amount":4842.6402,"amount":13.703,"open_date":"2025-10-17 07:30:00+00:00","close_date":"2025-10-17 09:30:00+00:00","open_rate":353.4,"close_rate":361.7,"fee_open":0.002,"fee_close":0.002,"trade_duration":120,"profit_ratio":0.01940036169878692,"profit_abs":94.1368694,"exit_reason":"sell","initial_stop_loss_abs":265.04999999999995,"initial_stop_loss_ratio":-0.25,"stop_loss_abs":265.04999999999995,"stop_loss_ratio":-0.25,"min_rate":342.0,"max_rate":368.0,"is_open":false,"enter_tag":"buy","leverage":1.0,"is_short":false,"open_timestamp":1760686200000,"close_timestamp":1760693400000,"orders":[{"amount":13.703,"safe_price":353.4,"ft_order_side":"buy","order_filled_timestamp":1760686200000,"ft_is_entry":true,"ft_order_tag":"buy","cost":4852.3254804},{"amount":13.703,"safe_price":361.7,"ft_order_side":"sell","order_filled_timestamp":1760693400000,"ft_is_entry":false,"ft_order_tag":"sell","cost":4966.287850199999}],"funding_fees":0.0,"weekday":4},{"pair":"EDEN/USDT","stake_amount":4842.849414,"max_stake_amount":4842.849414,"amount":30534.99,"open_date":"2025-10-17 07:30:00+00:00","close_date":"2025-10-17 11:20:00+00:00","open_rate":0.1586,"close_rate":0.1489,"fee_open":0.002,"fee_close":0.002,"trade_duration":230,"profit_ratio":-0.06490801499145468,"profit_abs":-314.96842185,"exit_reason":"sell","initial_stop_loss_abs":0.119,"initial_stop_loss_ratio":-0.25,"stop_loss_abs":0.119,"stop_loss_ratio":-0.25,"min_rate":0.1411,"max_rate":0.1586,"is_open":false,"enter_tag":"buy","leverage":1.0,"is_short":false,"open_timestamp":1760686200000,"close_timestamp":1760700000000,"orders":[{"amount":30534.99,"safe_price":0.1586,"ft_order_side":"buy","order_filled_timestamp":1760686200000,"ft_is_entry":true,"ft_order_tag":"buy","cost":4852.535112828},{"amount":30534.99,"safe_price":0.1489,"ft_order_side":"sell","order_filled_timestamp":1760700000000,"ft_is_entry":false,"ft_order_tag":"sell","cost":4555.753331022}],"funding_fees":0.0,"weekday":4},{"pair":"EDEN/USDT","stake_amount":4733.537909,"max_stake_amount":4733.537909,"amount":34576.61,"open_date":"2025-10-18 16:35:00+00:00","close_date":"2025-10-18 16:50:00+00:00","open_rate":0.1369,"close_rate":0.1469,"fee_open":0.002,"fee_close":0.002,"trade_duration":15,"profit_ratio":0.0687624021488383,"profit_abs":326.14041616,"exit_reason":"trailing_stop_loss","initial_stop_loss_abs":0.1027,"initial_stop_loss_ratio":-0.25,"stop_loss_abs":0.1469,"stop_loss_ratio":-0.002,"min_rate":0.1368,"max_rate":0.1471,"is_open":false,"enter_tag":"buy","leverage":1.0,"is_short":false,"open_timestamp":1760805300000,"close_timestamp":1760806200000,"orders":[{"amount":34576.61,"safe_price":0.1369,"ft_order_side":"buy","order_filled_timestamp":1760805300000,"ft_is_entry":true,"ft_order_tag":"buy","cost":4743.004984818},{"amount":34576.61,"safe_price":0.1469,"ft_order_side":"sell","order_filled_timestamp":1760806200000,"ft_is_entry":false,"ft_order_tag":"trailing_stop_loss","cost":5089.462617018001}],"funding_fees":0.0,"weekday":5},{"pair":"BIO/USDT","stake_amount":4894.9776624,"max_stake_amount":4894.9776624,"amount":45884.68,"open_date":"2025-10-20 16:15:00+00:00","close_date":"2025-10-20 18:00:00+00:00","open_rate":0.10668,"close_rate":0.1113,"fee_open":0.002,"fee_close":0.002,"trade_duration":105,"profit_ratio":0.03914218806538612,"profit_abs":191.98333651,"exit_reason":"sell","initial_stop_loss_abs":0.08001,"initial_stop_loss_ratio":-0.25,"stop_loss_abs":0.08001,"stop_loss_ratio":-0.25,"min_rate":0.10321,"max_rate":0.1123,"is_open":false,"enter_tag":"buy","leverage":1.0,"is_short":false,"open_timestamp":1760976900000,"close_timestamp":1760983200000,"orders":[{"amount":45884.68,"safe_price":0.10668,"ft_order_side":"buy","order_filled_timestamp":1760976900000,"ft_is_entry":true,"ft_order_tag":"buy","cost":4904.7676177247995},{"amount":45884.68,"safe_price":0.1113,"ft_order_side":"sell","order_filled_timestamp":1760983200000,"ft_is_entry":false,"ft_order_tag":"sell","cost":5117.178813768}],"funding_fees":0.0,"weekday":0},{"pair":"ASTER/USDT","stake_amount":4990.006556,"max_stake_amount":4990.006556,"amount":4640.14,"open_date":"2025-10-21 05:00:00+00:00","close_date":"2025-10-21 12:25:00+00:00","open_rate":1.0754,"close_rate":1.1261,"fee_open":0.002,"fee_close":0.002,"trade_duration":445,"profit_ratio":0.04296502772769506,"profit_abs":214.82456158,"exit_reason":"sell","initial_stop_loss_abs":0.8066,"initial_stop_loss_ratio":-0.25,"stop_loss_abs":0.8066,"stop_loss_ratio":-0.25,"min_rate":1.064,"max_rate":1.1301,"is_open":false,"enter_tag":"buy","leverage":1.0,"is_short":false,"open_timestamp":1761022800000,"close_timestamp":1761049500000,"orders":[{"amount":4640.14,"safe_price":1.0754,"ft_order_side":"buy","order_filled_timestamp":1761022800000,"ft_is_entry":true,"ft_order_tag":"buy","cost":4999.986569112},{"amount":4640.14,"safe_price":1.1261,"ft_order_side":"sell","order_filled_timestamp":1761049500000,"ft_is_entry":false,"ft_order_tag":"sell","cost":5235.712177308001}],"funding_fees":0.0,"weekday":1},{"pair":"BIO/USDT","stake_amount":4990.0097004,"max_stake_amount":4990.0097004,"amount":50949.66,"open_date":"2025-10-21 01:30:00+00:00","close_date":"2025-10-21 14:50:00+00:00","open_rate":0.09794,"close_rate":0.09308,"fee_open":0.002,"fee_close":0.002,"trade_duration":800,"profit_ratio":-0.053416140967713924,"profit_abs":-267.08015571,"exit_reason":"sell","initial_stop_loss_abs":0.07346,"initial_stop_loss_ratio":-0.25,"stop_loss_abs":0.07346,"stop_loss_ratio":-0.25,"min_rate":0.08959,"max_rate":0.09812,"is_open":false,"enter_tag":"buy","leverage":1.0,"is_short":false,"open_timestamp":1761010200000,"close_timestamp":1761058200000,"orders":[{"amount":50949.66,"safe_price":0.09794,"ft_order_side":"buy","order_filled_timestamp":1761010200000,"ft_is_entry":true,"ft_order_tag":"buy","cost":4999.9897198008},{"amount":50949.66,"safe_price":0.09308,"ft_order_side":"sell","order_filled_timestamp":1761058200000,"ft_is_entry":false,"ft_order_tag":"sell","cost":4751.8791415056}],"funding_fees":0.0,"weekday":1},{"pair":"OPEN/USDT","stake_amount":5096.3458225,"max_stake_amount":5096.3458225,"amount":13219.75,"open_date":"2025-10-21 14:30:00+00:00","close_date":"2025-10-21 16:40:00+00:00","open_rate":0.38551,"close_rate":0.41795,"fee_open":0.002,"fee_close":0.002,"trade_duration":130,"profit_ratio":0.07982033391130634,"profit_abs":407.60560933,"exit_reason":"trailing_stop_loss","initial_stop_loss_abs":0.28914,"initial_stop_loss_ratio":-0.25,"stop_loss_abs":0.41795,"stop_loss_ratio":-0.002,"min_rate":0.38476,"max_rate":0.41878,"is_open":false,"enter_tag":"buy","leverage":1.0,"is_short":false,"open_timestamp":1761057000000,"close_timestamp":1761064800000,"orders":[{"amount":13219.75,"safe_price":0.38551,"ft_order_side":"buy","order_filled_timestamp":1761057000000,"ft_is_entry":true,"ft_order_tag":"buy","cost":5106.538514145001},{"amount":13219.75,"safe_price":0.41795,"ft_order_side":"sell","order_filled_timestamp":1761064800000,"ft_is_entry":false,"ft_order_tag":"trailing_stop_loss","cost":5536.244901525}],"funding_fees":0.0,"weekday":1},{"pair":"AVNT/USDT","stake_amount":5165.9079888,"max_stake_amount":5165.9079888,"amount":8431.52,"open_date":"2025-10-21 23:05:00+00:00","close_date":"2025-10-22 00:10:00+00:00","open_rate":0.61269,"close_rate":0.62372,"fee_open":0.002,"fee_close":0.002,"trade_duration":65,"profit_ratio":0.013938696241122076,"profit_abs":72.15003431,"exit_reason":"sell","initial_stop_loss_abs":0.45952,"initial_stop_loss_ratio":-0.25,"stop_loss_abs":0.45952,"stop_loss_ratio":-0.25,"min_rate":0.59026,"max_rate":0.63274,"is_open":false,"enter_tag":"buy","leverage":1.0,"is_short":false,"open_timestamp":1761087900000,"close_timestamp":1761091800000,"orders":[{"amount":8431.52,"safe_price":0.61269,"ft_order_side":"buy","order_filled_timestamp":1761087900000,"ft_is_entry":true,"ft_order_tag":"buy","cost":5176.2398047776},{"amount":8431.52,"safe_price":0.62372,"ft_order_side":"sell","order_filled_timestamp":1761091800000,"ft_is_entry":false,"ft_order_tag":"sell","cost":5269.425469708801}],"funding_fees":0.0,"weekday":2},{"pair":"ZEN/USDT","stake_amount":5165.87409,"max_stake_amount":5165.87409,"amount":425.49,"open_date":"2025-10-21 23:45:00+00:00","close_date":"2025-10-22 04:35:00+00:00","open_rate":12.141,"close_rate":12.271,"fee_open":0.002,"fee_close":0.002,"trade_duration":290,"profit_ratio":0.006672759414866011,"profit_abs":34.53957624,"exit_reason":"sell","initial_stop_loss_abs":9.10575,"initial_stop_loss_ratio":-0.25,"stop_loss_abs":9.10575,"stop_loss_ratio":-0.25,"min_rate":11.88,"max_rate":12.423,"is_open":false,"enter_tag":"buy","leverage":1.0,"is_short":false,"open_timestamp":1761090300000,"close_timestamp":1761107700000,"orders":[{"amount":425.49,"safe_price":12.141,"ft_order_side":"buy","order_filled_timestamp":1761090300000,"ft_is_entry":true,"ft_order_tag":"buy","cost":5176.205838180001},{"amount":425.49,"safe_price":12.271,"ft_order_side":"sell","order_filled_timestamp":1761107700000,"ft_is_entry":false,"ft_order_tag":"sell","cost":5231.630165580001}],"funding_fees":0.0,"weekday":2},{"pair":"AVNT/USDT","stake_amount":5218.7194125,"max_stake_amount":5218.7194125,"amount":8439.75,"open_date":"2025-10-22 20:30:00+00:00","close_date":"2025-10-22 22:05:00+00:00","open_rate":0.61835,"close_rate":0.63445,"fee_open":0.002,"fee_close":0.002,"trade_duration":95,"profit_ratio":0.021941077818487708,"profit_abs":114.7333374,"exit_reason":"sell","initial_stop_loss_abs":0.46377,"initial_stop_loss_ratio":-0.25,"stop_loss_abs":0.46377,"stop_loss_ratio":-0.25,"min_rate":0.59798,"max_rate":0.64705,"is_open":false,"enter_tag":"buy","leverage":1.0,"is_short":false,"open_timestamp":1761165000000,"close_timestamp":1761170700000,"orders":[{"amount":8439.75,"safe_price":0.61835,"ft_order_side":"buy","order_filled_timestamp":1761165000000,"ft_is_entry":true,"ft_order_tag":"buy","cost":5229.1568513249995},{"amount":8439.75,"safe_price":0.63445,"ft_order_side":"sell","order_filled_timestamp":1761170700000,"ft_is_entry":false,"ft_order_tag":"sell","cost":5365.3085862749995}],"funding_fees":0.0,"weekday":2},{"pair":"OPEN/USDT","stake_amount":5218.7165751,"max_stake_amount":5218.7165751,"amount":15100.89,"open_date":"2025-10-22 21:20:00+00:00","close_date":"2025-10-23 01:30:00+00:00","open_rate":0.34559,"close_rate":0.35523,"fee_open":0.002,"fee_close":0.002,"trade_duration":250,"profit_ratio":0.023790955084459144,"profit_abs":124.40656814,"exit_reason":"sell","initial_stop_loss_abs":0.2592,"initial_stop_loss_ratio":-0.25,"stop_loss_abs":0.2592,"stop_loss_ratio":-0.25,"min_rate":0.33772,"max_rate":0.35892,"is_open":false,"enter_tag":"buy","leverage":1.0,"is_short":false,"open_timestamp":1761168000000,"close_timestamp":1761183000000,"orders":[{"amount":15100.89,"safe_price":0.34559,"ft_order_side":"buy","order_filled_timestamp":1761168000000,"ft_is_entry":true,"ft_order_tag":"buy","cost":5229.154008250201},{"amount":15100.89,"safe_price":0.35523,"ft_order_side":"sell","order_filled_timestamp":1761183000000,"ft_is_entry":false,"ft_order_tag":"sell","cost":5375.0177330094}],"funding_fees":0.0,"weekday":3},{"pair":"AVNT/USDT","stake_amount":5337.08647,"max_stake_amount":5337.08647,"amount":6912.25,"open_date":"2025-10-24 22:30:00+00:00","close_date":"2025-10-25 00:15:00+00:00","open_rate":0.77212,"close_rate":0.80387,"fee_open":0.002,"fee_close":0.002,"trade_duration":105,"profit_ratio":0.03696438134548309,"profit_abs":197.67666375,"exit_reason":"sell","initial_stop_loss_abs":0.57909,"initial_stop_loss_ratio":-0.25,"stop_loss_abs":0.57909,"stop_loss_ratio":-0.25,"min_rate":0.75232,"max_rate":0.81363,"is_open":false,"enter_tag":"buy","leverage":1.0,"is_short":false,"open_timestamp":1761345000000,"close_timestamp":1761351300000,"orders":[{"amount":6912.25,"safe_price":0.77212,"ft_order_side":"buy","order_filled_timestamp":1761345000000,"ft_is_entry":true,"ft_order_tag":"buy","cost":5347.76064294},{"amount":6912.25,"safe_price":0.80387,"ft_order_side":"sell","order_filled_timestamp":1761351300000,"ft_is_entry":false,"ft_order_tag":"sell","cost":5567.6635083149995}],"funding_fees":0.0,"weekday":5},{"pair":"AVNT/USDT","stake_amount":5434.9379676,"max_stake_amount":5434.9379676,"amount":7183.94,"open_date":"2025-10-25 03:40:00+00:00","close_date":"2025-10-25 05:45:00+00:00","open_rate":0.75654,"close_rate":0.78491,"fee_open":0.002,"fee_close":0.002,"trade_duration":125,"profit_ratio":0.03335795429977437,"profit_abs":181.66100917,"exit_reason":"sell","initial_stop_loss_abs":0.56741,"initial_stop_loss_ratio":-0.25,"stop_loss_abs":0.56741,"stop_loss_ratio":-0.25,"min_rate":0.74839,"max_rate":0.78709,"is_open":false,"enter_tag":"buy","leverage":1.0,"is_short":false,"open_timestamp":1761363600000,"close_timestamp":1761371100000,"orders":[{"amount":7183.94,"safe_price":0.75654,"ft_order_side":"buy","order_filled_timestamp":1761363600000,"ft_is_entry":true,"ft_order_tag":"buy","cost":5445.8078435352},{"amount":7183.94,"safe_price":0.78491,"ft_order_side":"sell","order_filled_timestamp":1761371100000,"ft_is_entry":false,"ft_order_tag":"sell","cost":5650.0238380907995}],"funding_fees":0.0,"weekday":5},{"pair":"EDEN/USDT","stake_amount":5524.86451,"max_stake_amount":5524.86451,"amount":29544.73,"open_date":"2025-10-25 15:30:00+00:00","close_date":"2025-10-25 16:25:00+00:00","open_rate":0.187,"close_rate":0.1993,"fee_open":0.002,"fee_close":0.002,"trade_duration":55,"profit_ratio":0.06152080864971824,"profit_abs":340.5739206,"exit_reason":"trailing_stop_loss","initial_stop_loss_abs":0.1403,"initial_stop_loss_ratio":-0.25,"stop_loss_abs":0.1993,"stop_loss_ratio":-0.002,"min_rate":0.1833,"max_rate":0.1996,"is_open":false,"enter_tag":"buy","leverage":1.0,"is_short":false,"open_timestamp":1761406200000,"close_timestamp":1761409500000,"orders":[{"amount":29544.73,"safe_price":0.187,"ft_order_side":"buy","order_filled_timestamp":1761406200000,"ft_is_entry":true,"ft_order_tag":"buy","cost":5535.91423902},{"amount":29544.73,"safe_price":0.1993,"ft_order_side":"sell","order_filled_timestamp":1761409500000,"ft_is_entry":false,"ft_order_tag":"trailing_stop_loss","cost":5900.041218378}],"funding_fees":0.0,"weekday":5},{"pair":"EDEN/USDT","stake_amount":5693.449041,"max_stake_amount":5693.449041,"amount":31162.83,"open_date":"2025-10-26 02:30:00+00:00","close_date":"2025-10-26 04:35:00+00:00","open_rate":0.1827,"close_rate":0.1881,"fee_open":0.002,"fee_close":0.002,"trade_duration":125,"profit_ratio":0.02544664365814524,"profit_abs":145.16892727,"exit_reason":"sell","initial_stop_loss_abs":0.1371,"initial_stop_loss_ratio":-0.25,"stop_loss_abs":0.1371,"stop_loss_ratio":-0.25,"min_rate":0.1787,"max_rate":0.1881,"is_open":false,"enter_tag":"buy","leverage":1.0,"is_short":false,"open_timestamp":1761445800000,"close_timestamp":1761453300000,"orders":[{"amount":31162.83,"safe_price":0.1827,"ft_order_side":"buy","order_filled_timestamp":1761445800000,"ft_is_entry":true,"ft_order_tag":"buy","cost":5704.835939082001},{"amount":31162.83,"safe_price":0.1881,"ft_order_side":"sell","order_filled_timestamp":1761453300000,"ft_is_entry":false,"ft_order_tag":"sell","cost":5873.451779646}],"funding_fees":0.0,"weekday":6},{"pair":"VIRTUAL/USDT","stake_amount":5693.439024,"max_stake_amount":5693.439024,"amount":4698.72,"open_date":"2025-10-26 03:35:00+00:00","close_date":"2025-10-26 11:15:00+00:00","open_rate":1.2117,"close_rate":1.2341,"fee_open":0.002,"fee_close":0.002,"trade_duration":460,"profit_ratio":0.014420609964708406,"profit_abs":82.26706925,"exit_reason":"sell","initial_stop_loss_abs":0.9088,"initial_stop_loss_ratio":-0.25,"stop_loss_abs":0.9088,"stop_loss_ratio":-0.25,"min_rate":1.1775,"max_rate":1.2385,"is_open":false,"enter_tag":"buy","leverage":1.0,"is_short":false,"open_timestamp":1761449700000,"close_timestamp":1761477300000,"orders":[{"amount":4698.72,"safe_price":1.2117,"ft_order_side":"buy","order_filled_timestamp":1761449700000,"ft_is_entry":true,"ft_order_tag":"buy","cost":5704.825902048},{"amount":4698.72,"safe_price":1.2341,"ft_order_side":"sell","order_filled_timestamp":1761477300000,"ft_is_entry":false,"ft_order_tag":"sell","cost":5810.2877327040005}],"funding_fees":0.0,"weekday":6},{"pair":"EDEN/USDT","stake_amount":5806.029144,"max_stake_amount":5806.029144,"amount":31114.84,"open_date":"2025-10-27 09:15:00+00:00","close_date":"2025-10-27 11:35:00+00:00","open_rate":0.1866,"close_rate":0.1897,"fee_open":0.002,"fee_close":0.002,"trade_duration":140,"profit_ratio":0.012554740466166038,"profit_abs":73.03897542,"exit_reason":"sell","initial_stop_loss_abs":0.14,"initial_stop_loss_ratio":-0.25,"stop_loss_abs":0.14,"stop_loss_ratio":-0.25,"min_rate":0.1822,"max_rate":0.1904,"is_open":false,"enter_tag":"buy","leverage":1.0,"is_short":false,"open_timestamp":1761556500000,"close_timestamp":1761564900000,"orders":[{"amount":31114.84,"safe_price":0.1866,"ft_order_side":"buy","order_filled_timestamp":1761556500000,"ft_is_entry":true,"ft_order_tag":"buy","cost":5817.641202288},{"amount":31114.84,"safe_price":0.1897,"ft_order_side":"sell","order_filled_timestamp":1761564900000,"ft_is_entry":false,"ft_order_tag":"sell","cost":5914.290118296}],"funding_fees":0.0,"weekday":0},{"pair":"EDEN/USDT","stake_amount":5842.184528,"max_stake_amount":5842.184528,"amount":37187.68,"open_date":"2025-10-28 21:10:00+00:00","close_date":"2025-10-29 03:20:00+00:00","open_rate":0.1571,"close_rate":0.1642,"fee_open":0.002,"fee_close":0.002,"trade_duration":370,"profit_ratio":0.041021712145068355,"profit_abs":240.13572483,"exit_reason":"sell","initial_stop_loss_abs":0.1179,"initial_stop_loss_ratio":-0.25,"stop_loss_abs":0.1656,"stop_loss_ratio":-0.002,"min_rate":0.1565,"max_rate":0.1659,"is_open":false,"enter_tag":"buy","leverage":1.0,"is_short":false,"open_timestamp":1761685800000,"close_timestamp":1761708000000,"orders":[{"amount":37187.68,"safe_price":0.1571,"ft_order_side":"buy","order_filled_timestamp":1761685800000,"ft_is_entry":true,"ft_order_tag":"buy","cost":5853.868897056},{"amount":37187.68,"safe_price":0.1642,"ft_order_side":"sell","order_filled_timestamp":1761708000000,"ft_is_entry":false,"ft_order_tag":"sell","cost":6118.429490112}],"funding_fees":0.0,"weekday":2},{"pair":"XPL/USDT","stake_amount":5961.0495279,"max_stake_amount":5961.0495279,"amount":18163.41,"open_date":"2025-10-30 00:20:00+00:00","close_date":"2025-10-30 23:35:00+00:00","open_rate":0.32819,"close_rate":0.29626,"fee_open":0.002,"fee_close":0.002,"trade_duration":1395,"profit_ratio":-0.10089483119764023,"profit_abs":-602.64196405,"exit_reason":"sell","initial_stop_loss_abs":0.24615,"initial_stop_loss_ratio":-0.25,"stop_loss_abs":0.24615,"stop_loss_ratio":-0.25,"min_rate":0.28223,"max_rate":0.33712,"is_open":false,"enter_tag":"buy","leverage":1.0,"is_short":false,"open_timestamp":1761783600000,"close_timestamp":1761867300000,"orders":[{"amount":18163.41,"safe_price":0.32819,"ft_order_side":"buy","order_filled_timestamp":1761783600000,"ft_is_entry":true,"ft_order_tag":"buy","cost":5972.971626955799},{"amount":18163.41,"safe_price":0.29626,"ft_order_side":"sell","order_filled_timestamp":1761867300000,"ft_is_entry":false,"ft_order_tag":"sell","cost":5391.854030293201}],"funding_fees":0.0,"weekday":3},{"pair":"EDEN/USDT","stake_amount":5961.05202,"max_stake_amount":5961.05202,"amount":44819.94,"open_date":"2025-10-30 11:50:00+00:00","close_date":"2025-10-31 04:25:00+00:00","open_rate":0.133,"close_rate":0.1321,"fee_open":0.002,"fee_close":0.002,"trade_duration":995,"profit_ratio":-0.010731919619742642,"profit_abs":-64.10147819,"exit_reason":"sell","initial_stop_loss_abs":0.0998,"initial_stop_loss_ratio":-0.25,"stop_loss_abs":0.0998,"stop_loss_ratio":-0.25,"min_rate":0.1262,"max_rate":0.137,"is_open":false,"enter_tag":"buy","leverage":1.0,"is_short":false,"open_timestamp":1761825000000,"close_timestamp":1761884700000,"orders":[{"amount":44819.94,"safe_price":0.133,"ft_order_side":"buy","order_filled_timestamp":1761825000000,"ft_is_entry":true,"ft_order_tag":"buy","cost":5972.974124040001},{"amount":44819.94,"safe_price":0.1321,"ft_order_side":"sell","order_filled_timestamp":1761884700000,"ft_is_entry":false,"ft_order_tag":"sell","cost":5932.555502148}],"funding_fees":0.0,"weekday":4},{"pair":"ZEN/USDT","stake_amount":5630.96835,"max_stake_amount":5630.96835,"amount":309.99,"open_date":"2025-11-01 14:35:00+00:00","close_date":"2025-11-01 14:40:00+00:00","open_rate":18.165,"close_rate":19.14164,"fee_open":0.002,"fee_close":0.002,"trade_duration":5,"profit_ratio":0.049558286124748434,"profit_abs":279.61926293,"exit_reason":"trailing_stop_loss","initial_stop_loss_abs":13.62375,"initial_stop_loss_ratio":-0.25,"stop_loss_abs":19.14164,"stop_loss_ratio":-0.002,"min_rate":18.149,"max_rate":19.18,"is_open":false,"enter_tag":"buy","leverage":1.0,"is_short":false,"open_timestamp":1762007700000,"close_timestamp":1762008000000,"orders":[{"amount":309.99,"safe_price":18.165,"ft_order_side":"buy","order_filled_timestamp":1762007700000,"ft_is_entry":true,"ft_order_tag":"buy","cost":5642.2302867},{"amount":309.99,"safe_price":19.14164,"ft_order_side":"sell","order_filled_timestamp":1762008000000,"ft_is_entry":false,"ft_order_tag":"trailing_stop_loss","cost":5945.5844175672}],"funding_fees":0.0,"weekday":5},{"pair":"ZEN/USDT","stake_amount":5769.42137,"max_stake_amount":5769.42137,"amount":309.17,"open_date":"2025-11-02 05:50:00+00:00","close_date":"2025-11-02 06:45:00+00:00","open_rate":18.661,"close_rate":19.075,"fee_open":0.002,"fee_close":0.002,"trade_duration":55,"profit_ratio":0.018104726188799186,"profit_abs":104.66270176,"exit_reason":"sell","initial_stop_loss_abs":13.995750000000001,"initial_stop_loss_ratio":-0.25,"stop_loss_abs":13.995750000000001,"stop_loss_ratio":-0.25,"min_rate":17.732,"max_rate":19.311,"is_open":false,"enter_tag":"buy","leverage":1.0,"is_short":false,"open_timestamp":1762062600000,"close_timestamp":1762065900000,"orders":[{"amount":309.17,"safe_price":18.661,"ft_order_side":"buy","order_filled_timestamp":1762062600000,"ft_is_entry":true,"ft_order_tag":"buy","cost":5780.960212740001},{"amount":309.17,"safe_price":19.075,"ft_order_side":"sell","order_filled_timestamp":1762065900000,"ft_is_entry":false,"ft_order_tag":"sell","cost":5909.2125855}],"funding_fees":0.0,"weekday":6},{"pair":"ZEN/USDT","stake_amount":5821.09605,"max_stake_amount":5821.09605,"amount":334.95,"open_date":"2025-11-02 14:25:00+00:00","close_date":"2025-11-02 22:15:00+00:00","open_rate":17.379,"close_rate":17.646,"fee_open":0.002,"fee_close":0.002,"trade_duration":470,"profit_ratio":0.011310022799214276,"profit_abs":65.9684025,"exit_reason":"sell","initial_stop_loss_abs":13.03425,"initial_stop_loss_ratio":-0.25,"stop_loss_abs":13.03425,"stop_loss_ratio":-0.25,"min_rate":16.366,"max_rate":17.822,"is_open":false,"enter_tag":"buy","leverage":1.0,"is_short":false,"open_timestamp":1762093500000,"close_timestamp":1762121700000,"orders":[{"amount":334.95,"safe_price":17.379,"ft_order_side":"buy","order_filled_timestamp":1762093500000,"ft_is_entry":true,"ft_order_tag":"buy","cost":5832.7382421},{"amount":334.95,"safe_price":17.646,"ft_order_side":"sell","order_filled_timestamp":1762121700000,"ft_is_entry":false,"ft_order_tag":"sell","cost":5922.348755399999}],"funding_fees":0.0,"weekday":6},{"pair":"ZEN/USDT","stake_amount":5853.78513,"max_stake_amount":5853.78513,"amount":364.79,"open_date":"2025-11-03 03:50:00+00:00","close_date":"2025-11-03 05:15:00+00:00","open_rate":16.047,"close_rate":16.466,"fee_open":0.002,"fee_close":0.002,"trade_duration":85,"profit_ratio":0.022014548829679088,"profit_abs":129.12617546,"exit_reason":"sell","initial_stop_loss_abs":12.035250000000001,"initial_stop_loss_ratio":-0.25,"stop_loss_abs":12.035250000000001,"stop_loss_ratio":-0.25,"min_rate":15.714,"max_rate":16.497,"is_open":false,"enter_tag":"buy","leverage":1.0,"is_short":false,"open_timestamp":1762141800000,"close_timestamp":1762146900000,"orders":[{"amount":364.79,"safe_price":16.047,"ft_order_side":"buy","order_filled_timestamp":1762141800000,"ft_is_entry":true,"ft_order_tag":"buy","cost":5865.49270026},{"amount":364.79,"safe_price":16.466,"ft_order_side":"sell","order_filled_timestamp":1762146900000,"ft_is_entry":false,"ft_order_tag":"sell","cost":6018.645404280001}],"funding_fees":0.0,"weekday":0},{"pair":"ICP/USDT","stake_amount":5917.805276,"max_stake_amount":5917.805276,"amount":1574.722,"open_date":"2025-11-03 07:35:00+00:00","close_date":"2025-11-03 09:10:00+00:00","open_rate":3.758,"close_rate":3.892,"fee_open":0.002,"fee_close":0.002,"trade_duration":95,"profit_ratio":0.031522904165059984,"profit_abs":186.9195014,"exit_reason":"sell","initial_stop_loss_abs":2.8185,"initial_stop_loss_ratio":-0.25,"stop_loss_abs":2.8185,"stop_loss_ratio":-0.25,"min_rate":3.738,"max_rate":3.908,"is_open":false,"enter_tag":"buy","leverage":1.0,"is_short":false,"open_timestamp":1762155300000,"close_timestamp":1762161000000,"orders":[{"amount":1574.722,"safe_price":3.758,"ft_order_side":"buy","order_filled_timestamp":1762155300000,"ft_is_entry":true,"ft_order_tag":"buy","cost":5929.640886552},{"amount":1574.722,"safe_price":3.892,"ft_order_side":"sell","order_filled_timestamp":1762161000000,"ft_is_entry":false,"ft_order_tag":"sell","cost":6141.075660048}],"funding_fees":0.0,"weekday":0},{"pair":"BONK/USDT","stake_amount":6010.33074354,"max_stake_amount":6010.33074354,"amount":491441598.0,"open_date":"2025-11-03 15:45:00+00:00","close_date":"2025-11-04 00:40:00+00:00","open_rate":1.223e-05,"close_rate":1.222e-05,"fee_open":0.002,"fee_close":0.002,"trade_duration":535,"profit_ratio":-0.004806413338125334,"profit_abs":-28.94591012,"exit_reason":"sell","initial_stop_loss_abs":9.18e-06,"initial_stop_loss_ratio":-0.25,"stop_loss_abs":9.18e-06,"stop_loss_ratio":-0.25,"min_rate":1.17e-05,"max_rate":1.26e-05,"is_open":false,"enter_tag":"buy","leverage":1.0,"is_short":false,"open_timestamp":1762184700000,"close_timestamp":1762216800000,"orders":[{"amount":491441598.0,"safe_price":1.223e-05,"ft_order_side":"buy","order_filled_timestamp":1762184700000,"ft_is_entry":true,"ft_order_tag":"buy","cost":6022.351405027081},{"amount":491441598.0,"safe_price":1.222e-05,"ft_order_side":"sell","order_filled_timestamp":1762216800000,"ft_is_entry":false,"ft_order_tag":"sell","cost":6017.42716021512}],"funding_fees":0.0,"weekday":1},{"pair":"ASTER/USDT","stake_amount":5853.884256,"max_stake_amount":5853.884256,"amount":5274.72,"open_date":"2025-11-03 02:50:00+00:00","close_date":"2025-11-04 00:45:00+00:00","open_rate":1.1098,"close_rate":0.9222,"fee_open":0.002,"fee_close":0.002,"trade_duration":1315,"profit_ratio":-0.1723566742888345,"profit_abs":-1010.97393408,"exit_reason":"sell","initial_stop_loss_abs":0.8324,"initial_stop_loss_ratio":-0.25,"stop_loss_abs":0.8324,"stop_loss_ratio":-0.25,"min_rate":0.8466,"max_rate":1.1266,"is_open":false,"enter_tag":"buy","leverage":1.0,"is_short":false,"open_timestamp":1762138200000,"close_timestamp":1762217100000,"orders":[{"amount":5274.72,"safe_price":1.1098,"ft_order_side":"buy","order_filled_timestamp":1762138200000,"ft_is_entry":true,"ft_order_tag":"buy","cost":5865.592024512},{"amount":5274.72,"safe_price":0.9222,"ft_order_side":"sell","order_filled_timestamp":1762217100000,"ft_is_entry":false,"ft_order_tag":"sell","cost":4874.075477568001}],"funding_fees":0.0,"weekday":1},{"pair":"ASTER/USDT","stake_amount":5495.56359,"max_stake_amount":5495.56359,"amount":6522.15,"open_date":"2025-11-04 05:35:00+00:00","close_date":"2025-11-04 08:25:00+00:00","open_rate":0.8426,"close_rate":0.8745,"fee_open":0.002,"fee_close":0.002,"trade_duration":170,"profit_ratio":0.03371585810103032,"profit_abs":185.65821747,"exit_reason":"sell","initial_stop_loss_abs":0.632,"initial_stop_loss_ratio":-0.25,"stop_loss_abs":0.8895,"stop_loss_ratio":-0.002,"min_rate":0.8168,"max_rate":0.8912,"is_open":false,"enter_tag":"buy","leverage":1.0,"is_short":false,"open_timestamp":1762234500000,"close_timestamp":1762244700000,"orders":[{"amount":6522.15,"safe_price":0.8426,"ft_order_side":"buy","order_filled_timestamp":1762234500000,"ft_is_entry":true,"ft_order_tag":"buy","cost":5506.55471718},{"amount":6522.15,"safe_price":0.8745,"ft_order_side":"sell","order_filled_timestamp":1762244700000,"ft_is_entry":false,"ft_order_tag":"sell","cost":5715.02741535}],"funding_fees":0.0,"weekday":1},{"pair":"FORM/USDT","stake_amount":5495.56728,"max_stake_amount":5495.56728,"amount":13535.88,"open_date":"2025-11-04 05:45:00+00:00","close_date":"2025-11-04 08:35:00+00:00","open_rate":0.406,"close_rate":0.4146,"fee_open":0.002,"fee_close":0.002,"trade_duration":170,"profit_ratio":0.017105690096910833,"profit_abs":94.19348174,"exit_reason":"sell","initial_stop_loss_abs":0.3045,"initial_stop_loss_ratio":-0.25,"stop_loss_abs":0.3045,"stop_loss_ratio":-0.25,"min_rate":0.3999,"max_rate":0.4248,"is_open":false,"enter_tag":"buy","leverage":1.0,"is_short":false,"open_timestamp":1762235100000,"close_timestamp":1762245300000,"orders":[{"amount":13535.88,"safe_price":0.406,"ft_order_side":"buy","order_filled_timestamp":1762235100000,"ft_is_entry":true,"ft_order_tag":"buy","cost":5506.5584145600005},{"amount":13535.88,"safe_price":0.4146,"ft_order_side":"sell","order_filled_timestamp":1762245300000,"ft_is_entry":false,"ft_order_tag":"sell","cost":5623.199799696}],"funding_fees":0.0,"weekday":1},{"pair":"ZEN/USDT","stake_amount":5634.02961,"max_stake_amount":5634.02961,"amount":290.07,"open_date":"2025-11-04 11:45:00+00:00","close_date":"2025-11-04 14:10:00+00:00","open_rate":19.423,"close_rate":19.58,"fee_open":0.002,"fee_close":0.002,"trade_duration":145,"profit_ratio":0.004058916096653935,"profit_abs":22.91378958,"exit_reason":"sell","initial_stop_loss_abs":14.567249999999998,"initial_stop_loss_ratio":-0.25,"stop_loss_abs":14.567249999999998,"stop_loss_ratio":-0.25,"min_rate":18.05,"max_rate":19.85,"is_open":false,"enter_tag":"buy","leverage":1.0,"is_short":false,"open_timestamp":1762256700000,"close_timestamp":1762265400000,"orders":[{"amount":290.07,"safe_price":19.423,"ft_order_side":"buy","order_filled_timestamp":1762256700000,"ft_is_entry":true,"ft_order_tag":"buy","cost":5645.29766922},{"amount":290.07,"safe_price":19.58,"ft_order_side":"sell","order_filled_timestamp":1762265400000,"ft_is_entry":false,"ft_order_tag":"sell","cost":5690.929741199999}],"funding_fees":0.0,"weekday":1},{"pair":"TAO/USDT","stake_amount":5645.3275,"max_stake_amount":5645.3275,"amount":14.383,"open_date":"2025-11-04 17:05:00+00:00","close_date":"2025-11-04 17:35:00+00:00","open_rate":392.5,"close_rate":407.9,"fee_open":0.002,"fee_close":0.002,"trade_duration":30,"profit_ratio":0.035087023405418465,"profit_abs":198.4738936,"exit_reason":"sell","initial_stop_loss_abs":294.375,"initial_stop_loss_ratio":-0.25,"stop_loss_abs":294.375,"stop_loss_ratio":-0.25,"min_rate":388.6,"max_rate":413.5,"is_open":false,"enter_tag":"buy","leverage":1.0,"is_short":false,"open_timestamp":1762275900000,"close_timestamp":1762277700000,"orders":[{"amount":14.383,"safe_price":392.5,"ft_order_side":"buy","order_filled_timestamp":1762275900000,"ft_is_entry":true,"ft_order_tag":"buy","cost":5656.618154999999},{"amount":14.383,"safe_price":407.9,"ft_order_side":"sell","order_filled_timestamp":1762277700000,"ft_is_entry":false,"ft_order_tag":"sell","cost":5878.559351399999}],"funding_fees":0.0,"weekday":1},{"pair":"XPL/USDT","stake_amount":5743.6829884,"max_stake_amount":5743.6829884,"amount":23894.18,"open_date":"2025-11-04 17:55:00+00:00","close_date":"2025-11-04 22:00:00+00:00","open_rate":0.24038,"close_rate":0.2406,"fee_open":0.002,"fee_close":0.002,"trade_duration":245,"profit_ratio":-0.003080451958562352,"profit_abs":-17.72852579,"exit_reason":"sell","initial_stop_loss_abs":0.18029,"initial_stop_loss_ratio":-0.25,"stop_loss_abs":0.18029,"stop_loss_ratio":-0.25,"min_rate":0.22477,"max_rate":0.2443,"is_open":false,"enter_tag":"buy","leverage":1.0,"is_short":false,"open_timestamp":1762278900000,"close_timestamp":1762293600000,"orders":[{"amount":23894.18,"safe_price":0.24038,"ft_order_side":"buy","order_filled_timestamp":1762278900000,"ft_is_entry":true,"ft_order_tag":"buy","cost":5755.1703543768},{"amount":23894.18,"safe_price":0.2406,"ft_order_side":"sell","order_filled_timestamp":1762293600000,"ft_is_entry":false,"ft_order_tag":"sell","cost":5760.437587416}],"funding_fees":0.0,"weekday":1},{"pair":"FIL/USDT","stake_amount":5743.6838979,"max_stake_amount":5743.6838979,"amount":4220.1939,"open_date":"2025-11-04 18:25:00+00:00","close_date":"2025-11-04 22:10:00+00:00","open_rate":1.361,"close_rate":1.344,"fee_open":0.002,"fee_close":0.002,"trade_duration":225,"profit_ratio":-0.016432968009782754,"profit_abs":-94.5745453,"exit_reason":"sell","initial_stop_loss_abs":1.021,"initial_stop_loss_ratio":-0.25,"stop_loss_abs":1.021,"stop_loss_ratio":-0.25,"min_rate":1.271,"max_rate":1.373,"is_open":false,"enter_tag":"buy","leverage":1.0,"is_short":false,"open_timestamp":1762280700000,"close_timestamp":1762294200000,"orders":[{"amount":4220.1939,"safe_price":1.361,"ft_order_side":"buy","order_filled_timestamp":1762280700000,"ft_is_entry":true,"ft_order_tag":"buy","cost":5755.171265695801},{"amount":4220.1939,"safe_price":1.344,"ft_order_side":"sell","order_filled_timestamp":1762294200000,"ft_is_entry":false,"ft_order_tag":"sell","cost":5683.2844828032}],"funding_fees":0.0,"weekday":1},{"pair":"ICP/USDT","stake_amount":5688.093444,"max_stake_amount":5688.093444,"amount":1129.038,"open_date":"2025-11-05 01:10:00+00:00","close_date":"2025-11-05 02:35:00+00:00","open_rate":5.038,"close_rate":5.126,"fee_open":0.002,"fee_close":0.002,"trade_duration":85,"profit_ratio":0.013405503404374823,"profit_abs":76.40425954,"exit_reason":"sell","initial_stop_loss_abs":3.7785,"initial_stop_loss_ratio":-0.25,"stop_loss_abs":3.7785,"stop_loss_ratio":-0.25,"min_rate":4.809,"max_rate":5.193,"is_open":false,"enter_tag":"buy","leverage":1.0,"is_short":false,"open_timestamp":1762305000000,"close_timestamp":1762310100000,"orders":[{"amount":1129.038,"safe_price":5.038,"ft_order_side":"buy","order_filled_timestamp":1762305000000,"ft_is_entry":true,"ft_order_tag":"buy","cost":5699.469630888},{"amount":1129.038,"safe_price":5.126,"ft_order_side":"sell","order_filled_timestamp":1762310100000,"ft_is_entry":false,"ft_order_tag":"sell","cost":5799.023685576}],"funding_fees":0.0,"weekday":2},{"pair":"ZEN/USDT","stake_amount":5725.82212,"max_stake_amount":5725.82212,"amount":297.26,"open_date":"2025-11-05 22:45:00+00:00","close_date":"2025-11-06 04:55:00+00:00","open_rate":19.262,"close_rate":18.841,"fee_open":0.002,"fee_close":0.002,"trade_duration":370,"profit_ratio":-0.025761269486776633,"profit_abs":-147.79945556,"exit_reason":"sell","initial_stop_loss_abs":14.4465,"initial_stop_loss_ratio":-0.25,"stop_loss_abs":14.4465,"stop_loss_ratio":-0.25,"min_rate":17.867,"max_rate":19.404,"is_open":false,"enter_tag":"buy","leverage":1.0,"is_short":false,"open_timestamp":1762382700000,"close_timestamp":1762404900000,"orders":[{"amount":297.26,"safe_price":19.262,"ft_order_side":"buy","order_filled_timestamp":1762382700000,"ft_is_entry":true,"ft_order_tag":"buy","cost":5737.27376424},{"amount":297.26,"safe_price":18.841,"ft_order_side":"sell","order_filled_timestamp":1762404900000,"ft_is_entry":false,"ft_order_tag":"sell","cost":5611.87701132}],"funding_fees":0.0,"weekday":3},{"pair":"VIRTUAL/USDT","stake_amount":5652.752078,"max_stake_amount":5652.752078,"amount":4759.01,"open_date":"2025-11-06 16:45:00+00:00","close_date":"2025-11-06 17:40:00+00:00","open_rate":1.1878,"close_rate":1.231,"fee_open":0.002,"fee_close":0.002,"trade_duration":55,"profit_ratio":0.03223255459039783,"profit_abs":182.56704522,"exit_reason":"sell","initial_stop_loss_abs":0.8909,"initial_stop_loss_ratio":-0.25,"stop_loss_abs":0.8909,"stop_loss_ratio":-0.25,"min_rate":1.1843,"max_rate":1.2363,"is_open":false,"enter_tag":"buy","leverage":1.0,"is_short":false,"open_timestamp":1762447500000,"close_timestamp":1762450800000,"orders":[{"amount":4759.01,"safe_price":1.1878,"ft_order_side":"buy","order_filled_timestamp":1762447500000,"ft_is_entry":true,"ft_order_tag":"buy","cost":5664.0575821560005},{"amount":4759.01,"safe_price":1.231,"ft_order_side":"sell","order_filled_timestamp":1762450800000,"ft_is_entry":false,"ft_order_tag":"sell","cost":5870.057992620001}],"funding_fees":0.0,"weekday":3},{"pair":"ASTER/USDT","stake_amount":5652.746538,"max_stake_amount":5652.746538,"amount":5665.21,"open_date":"2025-11-06 17:05:00+00:00","close_date":"2025-11-06 22:20:00+00:00","open_rate":0.9978,"close_rate":1.0443,"fee_open":0.002,"fee_close":0.002,"trade_duration":315,"profit_ratio":0.04242447156234037,"profit_abs":240.29441432,"exit_reason":"sell","initial_stop_loss_abs":0.7484,"initial_stop_loss_ratio":-0.25,"stop_loss_abs":0.7484,"stop_loss_ratio":-0.25,"min_rate":0.9852,"max_rate":1.0457,"is_open":false,"enter_tag":"buy","leverage":1.0,"is_short":false,"open_timestamp":1762448700000,"close_timestamp":1762467600000,"orders":[{"amount":5665.21,"safe_price":0.9978,"ft_order_side":"buy","order_filled_timestamp":1762448700000,"ft_is_entry":true,"ft_order_tag":"buy","cost":5664.052031076},{"amount":5665.21,"safe_price":1.0443,"ft_order_side":"sell","order_filled_timestamp":1762467600000,"ft_is_entry":false,"ft_order_tag":"sell","cost":5928.011160606}],"funding_fees":0.0,"weekday":3},{"pair":"ZEN/USDT","stake_amount":5861.97788,"max_stake_amount":5861.97788,"amount":307.78,"open_date":"2025-11-07 11:10:00+00:00","close_date":"2025-11-07 14:45:00+00:00","open_rate":19.046,"close_rate":19.673,"fee_open":0.002,"fee_close":0.002,"trade_duration":215,"profit_ratio":0.028796863901096266,"profit_abs":169.14419236,"exit_reason":"sell","initial_stop_loss_abs":14.2845,"initial_stop_loss_ratio":-0.25,"stop_loss_abs":14.2845,"stop_loss_ratio":-0.25,"min_rate":18.579,"max_rate":19.785,"is_open":false,"enter_tag":"buy","leverage":1.0,"is_short":false,"open_timestamp":1762513800000,"close_timestamp":1762526700000,"orders":[{"amount":307.78,"safe_price":19.046,"ft_order_side":"buy","order_filled_timestamp":1762513800000,"ft_is_entry":true,"ft_order_tag":"buy","cost":5873.701835759999},{"amount":307.78,"safe_price":19.673,"ft_order_side":"sell","order_filled_timestamp":1762526700000,"ft_is_entry":false,"ft_order_tag":"sell","cost":6067.065851879999}],"funding_fees":0.0,"weekday":4},{"pair":"ICP/USDT","stake_amount":5862.0691038,"max_stake_amount":5862.0691038,"amount":776.1246,"open_date":"2025-11-07 13:05:00+00:00","close_date":"2025-11-07 14:55:00+00:00","open_rate":7.553,"close_rate":7.785,"fee_open":0.002,"fee_close":0.002,"trade_duration":110,"profit_ratio":0.026601635864968675,"profit_abs":156.25250897,"exit_reason":"sell","initial_stop_loss_abs":5.66475,"initial_stop_loss_ratio":-0.25,"stop_loss_abs":5.66475,"stop_loss_ratio":-0.25,"min_rate":7.343,"max_rate":7.95,"is_open":false,"enter_tag":"buy","leverage":1.0,"is_short":false,"open_timestamp":1762520700000,"close_timestamp":1762527300000,"orders":[{"amount":776.1246,"safe_price":7.553,"ft_order_side":"buy","order_filled_timestamp":1762520700000,"ft_is_entry":true,"ft_order_tag":"buy","cost":5873.7932420075995},{"amount":776.1246,"safe_price":7.785,"ft_order_side":"sell","order_filled_timestamp":1762527300000,"ft_is_entry":false,"ft_order_tag":"sell","cost":6054.2142710220005}],"funding_fees":0.0,"weekday":4},{"pair":"FET/USDT","stake_amount":6022.8168,"max_stake_amount":6022.8168,"amount":16786.0,"open_date":"2025-11-07 23:15:00+00:00","close_date":"2025-11-08 00:00:00+00:00","open_rate":0.3588,"close_rate":0.365,"fee_open":0.002,"fee_close":0.002,"trade_duration":45,"profit_ratio":0.013218824335720978,"profit_abs":79.7737864,"exit_reason":"force_exit","initial_stop_loss_abs":0.2691,"initial_stop_loss_ratio":-0.25,"stop_loss_abs":0.2691,"stop_loss_ratio":-0.25,"min_rate":0.3511,"max_rate":0.3775,"is_open":false,"enter_tag":"buy","leverage":1.0,"is_short":false,"open_timestamp":1762557300000,"close_timestamp":1762560000000,"orders":[{"amount":16786.0,"safe_price":0.3588,"ft_order_side":"buy","order_filled_timestamp":1762557300000,"ft_is_entry":true,"ft_order_tag":"buy","cost":6034.8624336},{"amount":16786.0,"safe_price":0.365,"ft_order_side":"sell","order_filled_timestamp":1762560000000,"ft_is_entry":false,"ft_order_tag":"force_exit","cost":6139.143779999999}],"funding_fees":0.0,"weekday":5}],"locks":[],"best_pair":{"key":"EDEN/USDT","trades":7,"profit_mean":0.019095196065248406,"profit_mean_pct":1.91,"profit_total_abs":745.98806424,"profit_total":0.07459880642399999,"profit_total_pct":7.46,"duration_avg":"4:36:00","wins":5,"draws":0,"losses":2,"winrate":0.7142857142857143,"cagr":1.9867918999366974,"expectancy":106.56972346285716,"expectancy_ratio":0.5622695099326631,"sortino":4.7342765810117236,"sharpe":2.7339907376367214,"calmar":188.538503216227,"sqn":1.2018,"profit_factor":2.96794328476432,"max_drawdown_account":0.03149684218500006,"max_drawdown_abs":314.96842185},"worst_pair":{"key":"XPL/USDT","trades":4,"profit_mean":-0.027143949817651725,"profit_mean_pct":-2.71,"profit_total_abs":-643.14178197,"profit_total":-0.064314178197,"profit_total_pct":-6.43,"duration_avg":"10:46:00","wins":1,"draws":0,"losses":3,"winrate":0.25,"cagr":-0.6361384556225135,"expectancy":-160.7854454925,"expectancy_ratio":-0.6520582446115899,"sortino":-2.006379179511413,"sharpe":-1.9225087345592848,"calmar":-69.87721293782329,"sqn":-1.0458,"profit_factor":0.13058900718454686,"max_drawdown_account":0.07326665097830042,"max_drawdown_abs":739.74424902},"results_per_pair":[{"key":"EDEN/USDT","trades":7,"profit_mean":0.019095196065248406,"profit_mean_pct":1.91,"profit_total_abs":745.98806424,"profit_total":0.07459880642399999,"profit_total_pct":7.46,"duration_avg":"4:36:00","wins":5,"draws":0,"losses":2,"winrate":0.7142857142857143,"cagr":1.9867918999366974,"expectancy":106.56972346285716,"expectancy_ratio":0.5622695099326631,"sortino":4.7342765810117236,"sharpe":2.7339907376367214,"calmar":188.538503216227,"sqn":1.2018,"profit_factor":2.96794328476432,"max_drawdown_account":0.03149684218500006,"max_drawdown_abs":314.96842185},{"key":"ZEN/USDT","trades":8,"profit_mean":0.01434435673353507,"profit_mean_pct":1.43,"profit_total_abs":658.17464527,"profit_total":0.065817464527,"profit_total_pct":6.58,"duration_avg":"3:24:00","wins":7,"draws":0,"losses":1,"winrate":0.875,"cagr":1.6363905221677277,"expectancy":82.27183065874999,"expectancy_ratio":0.5566450183935303,"sortino":-100,"sharpe":4.505345399256378,"calmar":377.0645630631994,"sqn":1.8718,"profit_factor":5.453160147148244,"max_drawdown_account":0.013895066183422624,"max_drawdown_abs":147.79945556},{"key":"AVNT/USDT","trades":4,"profit_mean":0.02655052742621681,"profit_mean_pct":2.66,"profit_total_abs":566.22104463,"profit_total":0.056622104463000006,"profit_total_pct":5.66,"duration_avg":"1:38:00","wins":4,"draws":0,"losses":0,"winrate":1.0,"cagr":1.310886667702336,"expectancy":141.5552611575,"expectancy_ratio":100.0,"sortino":-100,"sharpe":8.884782339343484,"calmar":-100,"sqn":4.8329,"profit_factor":0.0,"max_drawdown_account":0.0,"max_drawdown_abs":0.0},{"key":"OPEN/USDT","trades":2,"profit_mean":0.05180564449788275,"profit_mean_pct":5.18,"profit_total_abs":532.01217747,"profit_total":0.053201217747,"profit_total_pct":5.32,"duration_avg":"3:10:00","wins":2,"draws":0,"losses":0,"winrate":1.0,"cagr":1.1996832805958464,"expectancy":266.006088735,"expectancy_ratio":100.0,"sortino":-100,"sharpe":2.990852398483025,"calmar":-100,"sqn":1.8786,"profit_factor":0.0,"max_drawdown_account":0.0,"max_drawdown_abs":0.0},{"key":"ICP/USDT","trades":3,"profit_mean":0.023843347811467828,"profit_mean_pct":2.38,"profit_total_abs":419.57626991,"profit_total":0.041957626991,"profit_total_pct":4.2,"duration_avg":"1:37:00","wins":3,"draws":0,"losses":0,"winrate":1.0,"cagr":0.8683990245325623,"expectancy":139.85875663666667,"expectancy_ratio":100.0,"sortino":-100,"sharpe":7.169983817056629,"calmar":-100,"sqn":4.246,"profit_factor":0.0,"max_drawdown_account":0.0,"max_drawdown_abs":0.0},{"key":"TAO/USDT","trades":2,"profit_mean":0.02724369255210269,"profit_mean_pct":2.72,"profit_total_abs":292.610763,"profit_total":0.0292610763,"profit_total_pct":2.93,"duration_avg":"1:15:00","wins":2,"draws":0,"losses":0,"winrate":1.0,"cagr":0.5505748273206663,"expectancy":146.3053815,"expectancy_ratio":100.0,"sortino":-100,"sharpe":4.464954491275639,"calmar":-100,"sqn":2.8045,"profit_factor":0.0,"max_drawdown_account":0.0,"max_drawdown_abs":0.0},{"key":"TUT/USDT","trades":1,"profit_mean":0.055828283373596785,"profit_mean_pct":5.58,"profit_total_abs":276.90141989,"profit_total":0.027690141989,"profit_total_pct":2.77,"duration_avg":"2:05:00","wins":1,"draws":0,"losses":0,"winrate":1.0,"cagr":0.5149704053294746,"expectancy":276.90141989,"expectancy_ratio":100.0,"sortino":-100,"sharpe":-100,"calmar":-100,"sqn":-100.0,"profit_factor":0.0,"max_drawdown_account":0.0,"max_drawdown_abs":0.0},{"key":"VIRTUAL/USDT","trades":2,"profit_mean":0.023326582277553118,"profit_mean_pct":2.33,"profit_total_abs":264.83411447000003,"profit_total":0.026483411447000005,"profit_total_pct":2.65,"duration_avg":"4:18:00","wins":2,"draws":0,"losses":0,"winrate":1.0,"cagr":0.4881407743250441,"expectancy":132.41705723500002,"expectancy_ratio":100.0,"sortino":-100,"sharpe":4.203763596585591,"calmar":-100,"sqn":2.6404,"profit_factor":0.0,"max_drawdown_account":0.0,"max_drawdown_abs":0.0},{"key":"FORM/USDT","trades":1,"profit_mean":0.017105690096910833,"profit_mean_pct":1.71,"profit_total_abs":94.19348174,"profit_total":0.009419348174,"profit_total_pct":0.94,"duration_avg":"2:50:00","wins":1,"draws":0,"losses":0,"winrate":1.0,"cagr":0.15324778265786554,"expectancy":94.19348174,"expectancy_ratio":100.0,"sortino":-100,"sharpe":-100,"calmar":-100,"sqn":-100.0,"profit_factor":0.0,"max_drawdown_account":0.0,"max_drawdown_abs":0.0},{"key":"FET/USDT","trades":1,"profit_mean":0.013218824335720978,"profit_mean_pct":1.32,"profit_total_abs":79.7737864,"profit_total":0.007977378640000001,"profit_total_pct":0.8,"duration_avg":"0:45:00","wins":1,"draws":0,"losses":0,"winrate":1.0,"cagr":0.12844578389072714,"expectancy":79.7737864,"expectancy_ratio":100.0,"sortino":-100,"sharpe":-100,"calmar":-100,"sqn":-100.0,"profit_factor":0.0,"max_drawdown_account":0.0,"max_drawdown_abs":0.0},{"key":"TRX/USDT","trades":0,"profit_mean":0.0,"profit_mean_pct":0.0,"profit_total_abs":0.0,"profit_total":0.0,"profit_total_pct":0.0,"duration_avg":"0:00","wins":0,"draws":0,"losses":0,"winrate":0.0,"cagr":0.0,"expectancy":0.0,"expectancy_ratio":100.0,"sortino":0,"sharpe":0,"calmar":0,"sqn":0.0,"profit_factor":0.0,"max_drawdown_account":0.0,"max_drawdown_abs":0.0},{"key":"PEPE/USDT","trades":0,"profit_mean":0.0,"profit_mean_pct":0.0,"profit_total_abs":0.0,"profit_total":0.0,"profit_total_pct":0.0,"duration_avg":"0:00","wins":0,"draws":0,"losses":0,"winrate":0.0,"cagr":0.0,"expectancy":0.0,"expectancy_ratio":100.0,"sortino":0,"sharpe":0,"calmar":0,"sqn":0.0,"profit_factor":0.0,"max_drawdown_account":0.0,"max_drawdown_abs":0.0},{"key":"BNB/USDT","trades":0,"profit_mean":0.0,"profit_mean_pct":0.0,"profit_total_abs":0.0,"profit_total":0.0,"profit_total_pct":0.0,"duration_avg":"0:00","wins":0,"draws":0,"losses":0,"winrate":0.0,"cagr":0.0,"expectancy":0.0,"expectancy_ratio":100.0,"sortino":0,"sharpe":0,"calmar":0,"sqn":0.0,"profit_factor":0.0,"max_drawdown_account":0.0,"max_drawdown_abs":0.0},{"key":"APT/USDT","trades":0,"profit_mean":0.0,"profit_mean_pct":0.0,"profit_total_abs":0.0,"profit_total":0.0,"profit_total_pct":0.0,"duration_avg":"0:00","wins":0,"draws":0,"losses":0,"winrate":0.0,"cagr":0.0,"expectancy":0.0,"expectancy_ratio":100.0,"sortino":0,"sharpe":0,"calmar":0,"sqn":0.0,"profit_factor":0.0,"max_drawdown_account":0.0,"max_drawdown_abs":0.0},{"key":"LINEA/USDT","trades":0,"profit_mean":0.0,"profit_mean_pct":0.0,"profit_total_abs":0.0,"profit_total":0.0,"profit_total_pct":0.0,"duration_avg":"0:00","wins":0,"draws":0,"losses":0,"winrate":0.0,"cagr":0.0,"expectancy":0.0,"expectancy_ratio":100.0,"sortino":0,"sharpe":0,"calmar":0,"sqn":0.0,"profit_factor":0.0,"max_drawdown_account":0.0,"max_drawdown_abs":0.0},{"key":"WIF/USDT","trades":0,"profit_mean":0.0,"profit_mean_pct":0.0,"profit_total_abs":0.0,"profit_total":0.0,"profit_total_pct":0.0,"duration_avg":"0:00","wins":0,"draws":0,"losses":0,"winrate":0.0,"cagr":0.0,"expectancy":0.0,"expectancy_ratio":100.0,"sortino":0,"sharpe":0,"calmar":0,"sqn":0.0,"profit_factor":0.0,"max_drawdown_account":0.0,"max_drawdown_abs":0.0},{"key":"NEAR/USDT","trades":0,"profit_mean":0.0,"profit_mean_pct":0.0,"profit_total_abs":0.0,"profit_total":0.0,"profit_total_pct":0.0,"duration_avg":"0:00","wins":0,"draws":0,"losses":0,"winrate":0.0,"cagr":0.0,"expectancy":0.0,"expectancy_ratio":100.0,"sortino":0,"sharpe":0,"calmar":0,"sqn":0.0,"profit_factor":0.0,"max_drawdown_account":0.0,"max_drawdown_abs":0.0},{"key":"PUMP/USDT","trades":0,"profit_mean":0.0,"profit_mean_pct":0.0,"profit_total_abs":0.0,"profit_total":0.0,"profit_total_pct":0.0,"duration_avg":"0:00","wins":0,"draws":0,"losses":0,"winrate":0.0,"cagr":0.0,"expectancy":0.0,"expectancy_ratio":100.0,"sortino":0,"sharpe":0,"calmar":0,"sqn":0.0,"profit_factor":0.0,"max_drawdown_account":0.0,"max_drawdown_abs":0.0},{"key":"ADA/USDT","trades":0,"profit_mean":0.0,"profit_mean_pct":0.0,"profit_total_abs":0.0,"profit_total":0.0,"profit_total_pct":0.0,"duration_avg":"0:00","wins":0,"draws":0,"losses":0,"winrate":0.0,"cagr":0.0,"expectancy":0.0,"expectancy_ratio":100.0,"sortino":0,"sharpe":0,"calmar":0,"sqn":0.0,"profit_factor":0.0,"max_drawdown_account":0.0,"max_drawdown_abs":0.0},{"key":"AVAX/USDT","trades":0,"profit_mean":0.0,"profit_mean_pct":0.0,"profit_total_abs":0.0,"profit_total":0.0,"profit_total_pct":0.0,"duration_avg":"0:00","wins":0,"draws":0,"losses":0,"winrate":0.0,"cagr":0.0,"expectancy":0.0,"expectancy_ratio":100.0,"sortino":0,"sharpe":0,"calmar":0,"sqn":0.0,"profit_factor":0.0,"max_drawdown_account":0.0,"max_drawdown_abs":0.0},{"key":"PLUME/USDT","trades":0,"profit_mean":0.0,"profit_mean_pct":0.0,"profit_total_abs":0.0,"profit_total":0.0,"profit_total_pct":0.0,"duration_avg":"0:00","wins":0,"draws":0,"losses":0,"winrate":0.0,"cagr":0.0,"expectancy":0.0,"expectancy_ratio":100.0,"sortino":0,"sharpe":0,"calmar":0,"sqn":0.0,"profit_factor":0.0,"max_drawdown_account":0.0,"max_drawdown_abs":0.0},{"key":"LTC/USDT","trades":0,"profit_mean":0.0,"profit_mean_pct":0.0,"profit_total_abs":0.0,"profit_total":0.0,"profit_total_pct":0.0,"duration_avg":"0:00","wins":0,"draws":0,"losses":0,"winrate":0.0,"cagr":0.0,"expectancy":0.0,"expectancy_ratio":100.0,"sortino":0,"sharpe":0,"calmar":0,"sqn":0.0,"profit_factor":0.0,"max_drawdown_account":0.0,"max_drawdown_abs":0.0},{"key":"CRV/USDT","trades":0,"profit_mean":0.0,"profit_mean_pct":0.0,"profit_total_abs":0.0,"profit_total":0.0,"profit_total_pct":0.0,"duration_avg":"0:00","wins":0,"draws":0,"losses":0,"winrate":0.0,"cagr":0.0,"expectancy":0.0,"expectancy_ratio":100.0,"sortino":0,"sharpe":0,"calmar":0,"sqn":0.0,"profit_factor":0.0,"max_drawdown_account":0.0,"max_drawdown_abs":0.0},{"key":"BTC/USDT","trades":0,"profit_mean":0.0,"profit_mean_pct":0.0,"profit_total_abs":0.0,"profit_total":0.0,"profit_total_pct":0.0,"duration_avg":"0:00","wins":0,"draws":0,"losses":0,"winrate":0.0,"cagr":0.0,"expectancy":0.0,"expectancy_ratio":100.0,"sortino":0,"sharpe":0,"calmar":0,"sqn":0.0,"profit_factor":0.0,"max_drawdown_account":0.0,"max_drawdown_abs":0.0},{"key":"PAXG/USDT","trades":0,"profit_mean":0.0,"profit_mean_pct":0.0,"profit_total_abs":0.0,"profit_total":0.0,"profit_total_pct":0.0,"duration_avg":"0:00","wins":0,"draws":0,"losses":0,"winrate":0.0,"cagr":0.0,"expectancy":0.0,"expectancy_ratio":100.0,"sortino":0,"sharpe":0,"calmar":0,"sqn":0.0,"profit_factor":0.0,"max_drawdown_account":0.0,"max_drawdown_abs":0.0},{"key":"SOMI/USDT","trades":0,"profit_mean":0.0,"profit_mean_pct":0.0,"profit_total_abs":0.0,"profit_total":0.0,"profit_total_pct":0.0,"duration_avg":"0:00","wins":0,"draws":0,"losses":0,"winrate":0.0,"cagr":0.0,"expectancy":0.0,"expectancy_ratio":100.0,"sortino":0,"sharpe":0,"calmar":0,"sqn":0.0,"profit_factor":0.0,"max_drawdown_account":0.0,"max_drawdown_abs":0.0},{"key":"SHIB/USDT","trades":0,"profit_mean":0.0,"profit_mean_pct":0.0,"profit_total_abs":0.0,"profit_total":0.0,"profit_total_pct":0.0,"duration_avg":"0:00","wins":0,"draws":0,"losses":0,"winrate":0.0,"cagr":0.0,"expectancy":0.0,"expectancy_ratio":100.0,"sortino":0,"sharpe":0,"calmar":0,"sqn":0.0,"profit_factor":0.0,"max_drawdown_account":0.0,"max_drawdown_abs":0.0},{"key":"DOT/USDT","trades":0,"profit_mean":0.0,"profit_mean_pct":0.0,"profit_total_abs":0.0,"profit_total":0.0,"profit_total_pct":0.0,"duration_avg":"0:00","wins":0,"draws":0,"losses":0,"winrate":0.0,"cagr":0.0,"expectancy":0.0,"expectancy_ratio":100.0,"sortino":0,"sharpe":0,"calmar":0,"sqn":0.0,"profit_factor":0.0,"max_drawdown_account":0.0,"max_drawdown_abs":0.0},{"key":"S/USDT","trades":0,"profit_mean":0.0,"profit_mean_pct":0.0,"profit_total_abs":0.0,"profit_total":0.0,"profit_total_pct":0.0,"duration_avg":"0:00","wins":0,"draws":0,"losses":0,"winrate":0.0,"cagr":0.0,"expectancy":0.0,"expectancy_ratio":100.0,"sortino":0,"sharpe":0,"calmar":0,"sqn":0.0,"profit_factor":0.0,"max_drawdown_account":0.0,"max_drawdown_abs":0.0},{"key":"SEI/USDT","trades":0,"profit_mean":0.0,"profit_mean_pct":0.0,"profit_total_abs":0.0,"profit_total":0.0,"profit_total_pct":0.0,"duration_avg":"0:00","wins":0,"draws":0,"losses":0,"winrate":0.0,"cagr":0.0,"expectancy":0.0,"expectancy_ratio":100.0,"sortino":0,"sharpe":0,"calmar":0,"sqn":0.0,"profit_factor":0.0,"max_drawdown_account":0.0,"max_drawdown_abs":0.0},{"key":"LISTA/USDT","trades":0,"profit_mean":0.0,"profit_mean_pct":0.0,"profit_total_abs":0.0,"profit_total":0.0,"profit_total_pct":0.0,"duration_avg":"0:00","wins":0,"draws":0,"losses":0,"winrate":0.0,"cagr":0.0,"expectancy":0.0,"expectancy_ratio":100.0,"sortino":0,"sharpe":0,"calmar":0,"sqn":0.0,"profit_factor":0.0,"max_drawdown_account":0.0,"max_drawdown_abs":0.0},{"key":"WLFI/USDT","trades":0,"profit_mean":0.0,"profit_mean_pct":0.0,"profit_total_abs":0.0,"profit_total":0.0,"profit_total_pct":0.0,"duration_avg":"0:00","wins":0,"draws":0,"losses":0,"winrate":0.0,"cagr":0.0,"expectancy":0.0,"expectancy_ratio":100.0,"sortino":0,"sharpe":0,"calmar":0,"sqn":0.0,"profit_factor":0.0,"max_drawdown_account":0.0,"max_drawdown_abs":0.0},{"key":"TRUMP/USDT","trades":0,"profit_mean":0.0,"profit_mean_pct":0.0,"profit_total_abs":0.0,"profit_total":0.0,"profit_total_pct":0.0,"duration_avg":"0:00","wins":0,"draws":0,"losses":0,"winrate":0.0,"cagr":0.0,"expectancy":0.0,"expectancy_ratio":100.0,"sortino":0,"sharpe":0,"calmar":0,"sqn":0.0,"profit_factor":0.0,"max_drawdown_account":0.0,"max_drawdown_abs":0.0},{"key":"ARB/USDT","trades":0,"profit_mean":0.0,"profit_mean_pct":0.0,"profit_total_abs":0.0,"profit_total":0.0,"profit_total_pct":0.0,"duration_avg":"0:00","wins":0,"draws":0,"losses":0,"winrate":0.0,"cagr":0.0,"expectancy":0.0,"expectancy_ratio":100.0,"sortino":0,"sharpe":0,"calmar":0,"sqn":0.0,"profit_factor":0.0,"max_drawdown_account":0.0,"max_drawdown_abs":0.0},{"key":"EIGEN/USDT","trades":0,"profit_mean":0.0,"profit_mean_pct":0.0,"profit_total_abs":0.0,"profit_total":0.0,"profit_total_pct":0.0,"duration_avg":"0:00","wins":0,"draws":0,"losses":0,"winrate":0.0,"cagr":0.0,"expectancy":0.0,"expectancy_ratio":100.0,"sortino":0,"sharpe":0,"calmar":0,"sqn":0.0,"profit_factor":0.0,"max_drawdown_account":0.0,"max_drawdown_abs":0.0},{"key":"LINK/USDT","trades":0,"profit_mean":0.0,"profit_mean_pct":0.0,"profit_total_abs":0.0,"profit_total":0.0,"profit_total_pct":0.0,"duration_avg":"0:00","wins":0,"draws":0,"losses":0,"winrate":0.0,"cagr":0.0,"expectancy":0.0,"expectancy_ratio":100.0,"sortino":0,"sharpe":0,"calmar":0,"sqn":0.0,"profit_factor":0.0,"max_drawdown_account":0.0,"max_drawdown_abs":0.0},{"key":"SUI/USDT","trades":0,"profit_mean":0.0,"profit_mean_pct":0.0,"profit_total_abs":0.0,"profit_total":0.0,"profit_total_pct":0.0,"duration_avg":"0:00","wins":0,"draws":0,"losses":0,"winrate":0.0,"cagr":0.0,"expectancy":0.0,"expectancy_ratio":100.0,"sortino":0,"sharpe":0,"calmar":0,"sqn":0.0,"profit_factor":0.0,"max_drawdown_account":0.0,"max_drawdown_abs":0.0},{"key":"WLD/USDT","trades":0,"profit_mean":0.0,"profit_mean_pct":0.0,"profit_total_abs":0.0,"profit_total":0.0,"profit_total_pct":0.0,"duration_avg":"0:00","wins":0,"draws":0,"losses":0,"winrate":0.0,"cagr":0.0,"expectancy":0.0,"expectancy_ratio":100.0,"sortino":0,"sharpe":0,"calmar":0,"sqn":0.0,"profit_factor":0.0,"max_drawdown_account":0.0,"max_drawdown_abs":0.0},{"key":"XLM/USDT","trades":0,"profit_mean":0.0,"profit_mean_pct":0.0,"profit_total_abs":0.0,"profit_total":0.0,"profit_total_pct":0.0,"duration_avg":"0:00","wins":0,"draws":0,"losses":0,"winrate":0.0,"cagr":0.0,"expectancy":0.0,"expectancy_ratio":100.0,"sortino":0,"sharpe":0,"calmar":0,"sqn":0.0,"profit_factor":0.0,"max_drawdown_account":0.0,"max_drawdown_abs":0.0},{"key":"ENA/USDT","trades":0,"profit_mean":0.0,"profit_mean_pct":0.0,"profit_total_abs":0.0,"profit_total":0.0,"profit_total_pct":0.0,"duration_avg":"0:00","wins":0,"draws":0,"losses":0,"winrate":0.0,"cagr":0.0,"expectancy":0.0,"expectancy_ratio":100.0,"sortino":0,"sharpe":0,"calmar":0,"sqn":0.0,"profit_factor":0.0,"max_drawdown_account":0.0,"max_drawdown_abs":0.0},{"key":"SOL/USDT","trades":0,"profit_mean":0.0,"profit_mean_pct":0.0,"profit_total_abs":0.0,"profit_total":0.0,"profit_total_pct":0.0,"duration_avg":"0:00","wins":0,"draws":0,"losses":0,"winrate":0.0,"cagr":0.0,"expectancy":0.0,"expectancy_ratio":100.0,"sortino":0,"sharpe":0,"calmar":0,"sqn":0.0,"profit_factor":0.0,"max_drawdown_account":0.0,"max_drawdown_abs":0.0},{"key":"FLOKI/USDT","trades":0,"profit_mean":0.0,"profit_mean_pct":0.0,"profit_total_abs":0.0,"profit_total":0.0,"profit_total_pct":0.0,"duration_avg":"0:00","wins":0,"draws":0,"losses":0,"winrate":0.0,"cagr":0.0,"expectancy":0.0,"expectancy_ratio":100.0,"sortino":0,"sharpe":0,"calmar":0,"sqn":0.0,"profit_factor":0.0,"max_drawdown_account":0.0,"max_drawdown_abs":0.0},{"key":"TON/USDT","trades":0,"profit_mean":0.0,"profit_mean_pct":0.0,"profit_total_abs":0.0,"profit_total":0.0,"profit_total_pct":0.0,"duration_avg":"0:00","wins":0,"draws":0,"losses":0,"winrate":0.0,"cagr":0.0,"expectancy":0.0,"expectancy_ratio":100.0,"sortino":0,"sharpe":0,"calmar":0,"sqn":0.0,"profit_factor":0.0,"max_drawdown_account":0.0,"max_drawdown_abs":0.0},{"key":"PENDLE/USDT","trades":0,"profit_mean":0.0,"profit_mean_pct":0.0,"profit_total_abs":0.0,"profit_total":0.0,"profit_total_pct":0.0,"duration_avg":"0:00","wins":0,"draws":0,"losses":0,"winrate":0.0,"cagr":0.0,"expectancy":0.0,"expectancy_ratio":100.0,"sortino":0,"sharpe":0,"calmar":0,"sqn":0.0,"profit_factor":0.0,"max_drawdown_account":0.0,"max_drawdown_abs":0.0},{"key":"POL/USDT","trades":0,"profit_mean":0.0,"profit_mean_pct":0.0,"profit_total_abs":0.0,"profit_total":0.0,"profit_total_pct":0.0,"duration_avg":"0:00","wins":0,"draws":0,"losses":0,"winrate":0.0,"cagr":0.0,"expectancy":0.0,"expectancy_ratio":100.0,"sortino":0,"sharpe":0,"calmar":0,"sqn":0.0,"profit_factor":0.0,"max_drawdown_account":0.0,"max_drawdown_abs":0.0},{"key":"MIRA/USDT","trades":0,"profit_mean":0.0,"profit_mean_pct":0.0,"profit_total_abs":0.0,"profit_total":0.0,"profit_total_pct":0.0,"duration_avg":"0:00","wins":0,"draws":0,"losses":0,"winrate":0.0,"cagr":0.0,"expectancy":0.0,"expectancy_ratio":100.0,"sortino":0,"sharpe":0,"calmar":0,"sqn":0.0,"profit_factor":0.0,"max_drawdown_account":0.0,"max_drawdown_abs":0.0},{"key":"ETH/USDT","trades":0,"profit_mean":0.0,"profit_mean_pct":0.0,"profit_total_abs":0.0,"profit_total":0.0,"profit_total_pct":0.0,"duration_avg":"0:00","wins":0,"draws":0,"losses":0,"winrate":0.0,"cagr":0.0,"expectancy":0.0,"expectancy_ratio":100.0,"sortino":0,"sharpe":0,"calmar":0,"sqn":0.0,"profit_factor":0.0,"max_drawdown_account":0.0,"max_drawdown_abs":0.0},{"key":"DOGE/USDT","trades":0,"profit_mean":0.0,"profit_mean_pct":0.0,"profit_total_abs":0.0,"profit_total":0.0,"profit_total_pct":0.0,"duration_avg":"0:00","wins":0,"draws":0,"losses":0,"winrate":0.0,"cagr":0.0,"expectancy":0.0,"expectancy_ratio":100.0,"sortino":0,"sharpe":0,"calmar":0,"sqn":0.0,"profit_factor":0.0,"max_drawdown_account":0.0,"max_drawdown_abs":0.0},{"key":"ONDO/USDT","trades":0,"profit_mean":0.0,"profit_mean_pct":0.0,"profit_total_abs":0.0,"profit_total":0.0,"profit_total_pct":0.0,"duration_avg":"0:00","wins":0,"draws":0,"losses":0,"winrate":0.0,"cagr":0.0,"expectancy":0.0,"expectancy_ratio":100.0,"sortino":0,"sharpe":0,"calmar":0,"sqn":0.0,"profit_factor":0.0,"max_drawdown_account":0.0,"max_drawdown_abs":0.0},{"key":"BMT/USDT","trades":0,"profit_mean":0.0,"profit_mean_pct":0.0,"profit_total_abs":0.0,"profit_total":0.0,"profit_total_pct":0.0,"duration_avg":"0:00","wins":0,"draws":0,"losses":0,"winrate":0.0,"cagr":0.0,"expectancy":0.0,"expectancy_ratio":100.0,"sortino":0,"sharpe":0,"calmar":0,"sqn":0.0,"profit_factor":0.0,"max_drawdown_account":0.0,"max_drawdown_abs":0.0},{"key":"CFX/USDT","trades":0,"profit_mean":0.0,"profit_mean_pct":0.0,"profit_total_abs":0.0,"profit_total":0.0,"profit_total_pct":0.0,"duration_avg":"0:00","wins":0,"draws":0,"losses":0,"winrate":0.0,"cagr":0.0,"expectancy":0.0,"expectancy_ratio":100.0,"sortino":0,"sharpe":0,"calmar":0,"sqn":0.0,"profit_factor":0.0,"max_drawdown_account":0.0,"max_drawdown_abs":0.0},{"key":"UNI/USDT","trades":0,"profit_mean":0.0,"profit_mean_pct":0.0,"profit_total_abs":0.0,"profit_total":0.0,"profit_total_pct":0.0,"duration_avg":"0:00","wins":0,"draws":0,"losses":0,"winrate":0.0,"cagr":0.0,"expectancy":0.0,"expectancy_ratio":100.0,"sortino":0,"sharpe":0,"calmar":0,"sqn":0.0,"profit_factor":0.0,"max_drawdown_account":0.0,"max_drawdown_abs":0.0},{"key":"AAVE/USDT","trades":0,"profit_mean":0.0,"profit_mean_pct":0.0,"profit_total_abs":0.0,"profit_total":0.0,"profit_total_pct":0.0,"duration_avg":"0:00","wins":0,"draws":0,"losses":0,"winrate":0.0,"cagr":0.0,"expectancy":0.0,"expectancy_ratio":100.0,"sortino":0,"sharpe":0,"calmar":0,"sqn":0.0,"profit_factor":0.0,"max_drawdown_account":0.0,"max_drawdown_abs":0.0},{"key":"HBAR/USDT","trades":0,"profit_mean":0.0,"profit_mean_pct":0.0,"profit_total_abs":0.0,"profit_total":0.0,"profit_total_pct":0.0,"duration_avg":"0:00","wins":0,"draws":0,"losses":0,"winrate":0.0,"cagr":0.0,"expectancy":0.0,"expectancy_ratio":100.0,"sortino":0,"sharpe":0,"calmar":0,"sqn":0.0,"profit_factor":0.0,"max_drawdown_account":0.0,"max_drawdown_abs":0.0},{"key":"BONK/USDT","trades":1,"profit_mean":-0.004806413338125334,"profit_mean_pct":-0.48,"profit_total_abs":-28.94591012,"profit_total":-0.002894591012,"profit_total_pct":-0.29,"duration_avg":"8:55:00","wins":0,"draws":0,"losses":1,"winrate":0.0,"cagr":-0.04312808909839683,"expectancy":-28.94591012,"expectancy_ratio":-1.0,"sortino":-100,"sharpe":-100,"calmar":-100,"sqn":-100.0,"profit_factor":0.0,"max_drawdown_account":0.0,"max_drawdown_abs":0.0},{"key":"BIO/USDT","trades":2,"profit_mean":-0.007136976451163901,"profit_mean_pct":-0.71,"profit_total_abs":-75.0968192,"profit_total":-0.00750968192,"profit_total_pct":-0.75,"duration_avg":"7:32:00","wins":1,"draws":0,"losses":1,"winrate":0.5,"cagr":-0.10831357031139188,"expectancy":-37.5484096,"expectancy_ratio":-0.14058854166900625,"sortino":-100,"sharpe":-0.2604437695120103,"calmar":-22.81254913009494,"sqn":-0.1636,"profit_factor":0.7188229166619876,"max_drawdown_account":0.026204924683624484,"max_drawdown_abs":267.08015571},{"key":"FIL/USDT","trades":1,"profit_mean":-0.016432968009782754,"profit_mean_pct":-1.64,"profit_total_abs":-94.5745453,"profit_total":-0.00945745453,"profit_total_pct":-0.95,"duration_avg":"3:45:00","wins":0,"draws":0,"losses":1,"winrate":0.0,"cagr":-0.1345594391249666,"expectancy":-94.5745453,"expectancy_ratio":-1.0,"sortino":-100,"sharpe":-100,"calmar":-100,"sqn":-100.0,"profit_factor":0.0,"max_drawdown_account":0.0,"max_drawdown_abs":0.0},{"key":"CAKE/USDT","trades":1,"profit_mean":-0.031189974100561076,"profit_mean_pct":-3.12,"profit_total_abs":-154.69915091,"profit_total":-0.015469915090999998,"profit_total_pct":-1.55,"duration_avg":"12:40:00","wins":0,"draws":0,"losses":1,"winrate":0.0,"cagr":-0.21109583558235145,"expectancy":-154.69915091,"expectancy_ratio":-1.0,"sortino":-100,"sharpe":-100,"calmar":-100,"sqn":-100.0,"profit_factor":0.0,"max_drawdown_account":0.0,"max_drawdown_abs":0.0},{"key":"STO/USDT","trades":1,"profit_mean":-0.062326143306744984,"profit_mean_pct":-6.23,"profit_total_abs":-315.89528439,"profit_total":-0.031589528438999995,"profit_total_pct":-3.16,"duration_avg":"7:45:00","wins":0,"draws":0,"losses":1,"winrate":0.0,"cagr":-0.38625512644377746,"expectancy":-315.89528439,"expectancy_ratio":-1.0,"sortino":-100,"sharpe":-100,"calmar":-100,"sqn":-100.0,"profit_factor":0.0,"max_drawdown_account":0.0,"max_drawdown_abs":0.0},{"key":"ASTER/USDT","trades":4,"profit_mean":-0.01331282922444219,"profit_mean_pct":-1.33,"profit_total_abs":-370.1967407100001,"profit_total":-0.03701967407100001,"profit_total_pct":-3.7,"duration_avg":"9:21:00","wins":3,"draws":0,"losses":1,"winrate":0.75,"cagr":-0.43655934866431756,"expectancy":-92.54918517750002,"expectancy_ratio":-0.09154458098043938,"sortino":-100,"sharpe":-0.5553878893565773,"calmar":-29.77547751514842,"sqn":-0.3021,"profit_factor":0.6338216760782421,"max_drawdown_account":0.09897124791378953,"max_drawdown_abs":1010.97393408},{"key":"XPL/USDT","trades":4,"profit_mean":-0.027143949817651725,"profit_mean_pct":-2.71,"profit_total_abs":-643.14178197,"profit_total":-0.064314178197,"profit_total_pct":-6.43,"duration_avg":"10:46:00","wins":1,"draws":0,"losses":3,"winrate":0.25,"cagr":-0.6361384556225135,"expectancy":-160.7854454925,"expectancy_ratio":-0.6520582446115899,"sortino":-2.006379179511413,"sharpe":-1.9225087345592848,"calmar":-69.87721293782329,"sqn":-1.0458,"profit_factor":0.13058900718454686,"max_drawdown_account":0.07326665097830042,"max_drawdown_abs":739.74424902},{"key":"TOTAL","trades":45,"profit_mean":0.00947114329110396,"profit_mean_pct":0.95,"profit_total_abs":2247.7355344200005,"profit_total":0.22477355344200003,"profit_total_pct":22.48,"duration_avg":"4:57:00","wins":33,"draws":0,"losses":12,"winrate":0.7333333333333333,"cagr":20.83644616513209,"expectancy":49.949678542666675,"expectancy_ratio":0.19096453043662298,"sortino":6.501819654953526,"sharpe":7.216377326576996,"calmar":208.91696545588786,"sqn":1.3363,"profit_factor":1.7161169891373365,"max_drawdown_account":0.08564592276101354,"max_drawdown_abs":1039.9198442000002}],"results_per_enter_tag":[{"key":"buy","trades":45,"profit_mean":0.00947114329110396,"profit_mean_pct":0.95,"profit_total_abs":2247.7355344200005,"profit_total":0.22477355344200003,"profit_total_pct":22.48,"duration_avg":"4:57:00","wins":33,"draws":0,"losses":12,"winrate":0.7333333333333333,"cagr":20.83644616513209,"expectancy":49.949678542666675,"expectancy_ratio":0.19096453043662298,"sortino":6.501819654953526,"sharpe":7.216377326576996,"calmar":208.91696545588786,"sqn":1.3363,"profit_factor":1.7161169891373365,"max_drawdown_account":0.08564592276101354,"max_drawdown_abs":1039.9198442000002},{"key":"TOTAL","trades":45,"profit_mean":0.00947114329110396,"profit_mean_pct":0.95,"profit_total_abs":2247.7355344200005,"profit_total":0.22477355344200003,"profit_total_pct":22.48,"duration_avg":"4:57:00","wins":33,"draws":0,"losses":12,"winrate":0.7333333333333333,"cagr":20.83644616513209,"expectancy":49.949678542666675,"expectancy_ratio":0.19096453043662298,"sortino":6.501819654953526,"sharpe":7.216377326576996,"calmar":208.91696545588786,"sqn":1.3363,"profit_factor":1.7161169891373365,"max_drawdown_account":0.08564592276101354,"max_drawdown_abs":1039.9198442000002}],"exit_reason_summary":[{"key":"trailing_stop_loss","trades":5,"profit_mean":0.06309802284164162,"profit_mean_pct":6.31,"profit_total_abs":1630.8406289099999,"profit_total":0.163084062891,"profit_total_pct":16.31,"duration_avg":"1:06:00","wins":5,"draws":0,"losses":0,"winrate":1.0,"cagr":8.950285756463245,"expectancy":326.16812578199995,"expectancy_ratio":100.0,"sortino":-100,"sharpe":27.14815292937886,"calmar":-100,"sqn":13.6416,"profit_factor":0.0,"max_drawdown_account":0.0,"max_drawdown_abs":0.0},{"key":"sell","trades":39,"profit_mean":0.0024998079373268994,"profit_mean_pct":0.25,"profit_total_abs":537.1211191100004,"profit_total":0.053712111911000046,"profit_total_pct":5.37,"duration_avg":"5:33:00","wins":27,"draws":0,"losses":12,"winrate":0.6923076923076923,"cagr":1.2159671879148952,"expectancy":13.7723363874359,"expectancy_ratio":0.052653547089304364,"sortino":1.5536812920569705,"sharpe":1.7524224451116517,"calmar":37.46996157144845,"sqn":0.348,"profit_factor":1.171124028040239,"max_drawdown_account":0.11411012250116878,"max_drawdown_abs":1219.98650532},{"key":"force_exit","trades":1,"profit_mean":0.013218824335720978,"profit_mean_pct":1.32,"profit_total_abs":79.7737864,"profit_total":0.007977378640000001,"profit_total_pct":0.8,"duration_avg":"0:45:00","wins":1,"draws":0,"losses":0,"winrate":1.0,"cagr":0.12844578389072714,"expectancy":79.7737864,"expectancy_ratio":100.0,"sortino":-100,"sharpe":-100,"calmar":-100,"sqn":-100.0,"profit_factor":0.0,"max_drawdown_account":0.0,"max_drawdown_abs":0.0},{"key":"TOTAL","trades":45,"profit_mean":0.00947114329110396,"profit_mean_pct":0.95,"profit_total_abs":2247.7355344200005,"profit_total":0.22477355344200003,"profit_total_pct":22.48,"duration_avg":"4:57:00","wins":33,"draws":0,"losses":12,"winrate":0.7333333333333333,"cagr":20.83644616513209,"expectancy":49.949678542666675,"expectancy_ratio":0.19096453043662298,"sortino":6.501819654953526,"sharpe":7.216377326576996,"calmar":208.91696545588786,"sqn":1.3363,"profit_factor":1.7161169891373365,"max_drawdown_account":0.08564592276101354,"max_drawdown_abs":1039.9198442000002}],"mix_tag_stats":[{"key":["buy","trailing_stop_loss"],"trades":5,"profit_mean":0.06309802284164162,"profit_mean_pct":6.31,"profit_total_abs":1630.8406289099999,"profit_total":0.163084062891,"profit_total_pct":16.31,"duration_avg":"1:06:00","wins":5,"draws":0,"losses":0,"winrate":1.0,"cagr":8.950285756463245,"expectancy":326.16812578199995,"expectancy_ratio":100.0,"sortino":-100,"sharpe":27.14815292937886,"calmar":-100,"sqn":13.6416,"profit_factor":0.0,"max_drawdown_account":0.0,"max_drawdown_abs":0.0},{"key":["buy","sell"],"trades":39,"profit_mean":0.0024998079373268994,"profit_mean_pct":0.25,"profit_total_abs":537.1211191100004,"profit_total":0.053712111911000046,"profit_total_pct":5.37,"duration_avg":"5:33:00","wins":27,"draws":0,"losses":12,"winrate":0.6923076923076923,"cagr":1.2159671879148952,"expectancy":13.7723363874359,"expectancy_ratio":0.052653547089304364,"sortino":1.5536812920569705,"sharpe":1.7524224451116517,"calmar":37.46996157144845,"sqn":0.348,"profit_factor":1.171124028040239,"max_drawdown_account":0.11411012250116878,"max_drawdown_abs":1219.98650532},{"key":["buy","force_exit"],"trades":1,"profit_mean":0.013218824335720978,"profit_mean_pct":1.32,"profit_total_abs":79.7737864,"profit_total":0.007977378640000001,"profit_total_pct":0.8,"duration_avg":"0:45:00","wins":1,"draws":0,"losses":0,"winrate":1.0,"cagr":0.12844578389072714,"expectancy":79.7737864,"expectancy_ratio":100.0,"sortino":-100,"sharpe":-100,"calmar":-100,"sqn":-100.0,"profit_factor":0.0,"max_drawdown_account":0.0,"max_drawdown_abs":0.0},{"key":"TOTAL","trades":45,"profit_mean":0.00947114329110396,"profit_mean_pct":0.95,"profit_total_abs":2247.7355344200005,"profit_total":0.22477355344200003,"profit_total_pct":22.48,"duration_avg":"4:57:00","wins":33,"draws":0,"losses":12,"winrate":0.7333333333333333,"cagr":20.83644616513209,"expectancy":49.949678542666675,"expectancy_ratio":0.19096453043662298,"sortino":6.501819654953526,"sharpe":7.216377326576996,"calmar":208.91696545588786,"sqn":1.3363,"profit_factor":1.7161169891373365,"max_drawdown_account":0.08564592276101354,"max_drawdown_abs":1039.9198442000002}],"left_open_trades":[{"key":"FET/USDT","trades":1,"profit_mean":0.013218824335720978,"profit_mean_pct":1.32,"profit_total_abs":79.7737864,"profit_total":0.007977378640000001,"profit_total_pct":0.8,"duration_avg":"0:45:00","wins":1,"draws":0,"losses":0,"winrate":1.0,"cagr":0.12844578389072714,"expectancy":79.7737864,"expectancy_ratio":100.0,"sortino":-100,"sharpe":-100,"calmar":-100,"sqn":-100.0,"profit_factor":0.0,"max_drawdown_account":0.0,"max_drawdown_abs":0.0},{"key":"TOTAL","trades":1,"profit_mean":0.013218824335720978,"profit_mean_pct":1.32,"profit_total_abs":79.7737864,"profit_total":0.007977378640000001,"profit_total_pct":0.8,"duration_avg":"0:45:00","wins":1,"draws":0,"losses":0,"winrate":1.0,"cagr":0.12844578389072714,"expectancy":79.7737864,"expectancy_ratio":100.0,"sortino":-100,"sharpe":-100,"calmar":-100,"sqn":-100.0,"profit_factor":0.0,"max_drawdown_account":0.0,"max_drawdown_abs":0.0}],"total_trades":45,"trade_count_long":45,"trade_count_short":0,"total_volume":497430.9984390894,"avg_stake_amount":5479.972337954222,"profit_mean":0.00947114329110396,"profit_median":0.018951927531036167,"profit_total":0.22477355344200003,"profit_total_long":0.22477355344200003,"profit_total_short":0.0,"profit_total_abs":2247.7355344200005,"profit_total_long_abs":2247.7355344200005,"profit_total_short_abs":0.0,"cagr":20.83644616513209,"expectancy":49.949678542666675,"expectancy_ratio":0.19096453043662298,"sortino":6.501819654953526,"sharpe":7.216377326576996,"calmar":208.91696545588786,"sqn":1.3363,"profit_factor":1.7161169891373365,"backtest_start":"2025-10-15 00:00:00","backtest_start_ts":1760486400000,"backtest_end":"2025-11-08 00:00:00","backtest_end_ts":1762560000000,"backtest_days":24,"backtest_run_start_ts":1762693006,"backtest_run_end_ts":1762693017,"trades_per_day":1.88,"market_change":-0.08414019148588012,"pairlist":["TRX/USDT","EDEN/USDT","AVNT/USDT","BONK/USDT","PEPE/USDT","BNB/USDT","APT/USDT","LINEA/USDT","WIF/USDT","VIRTUAL/USDT","NEAR/USDT","PUMP/USDT","FET/USDT","ADA/USDT","AVAX/USDT","PLUME/USDT","LTC/USDT","FORM/USDT","CRV/USDT","BTC/USDT","XPL/USDT","TUT/USDT","PAXG/USDT","SOMI/USDT","SHIB/USDT","BIO/USDT","DOT/USDT","FIL/USDT","S/USDT","SEI/USDT","LISTA/USDT","STO/USDT","WLFI/USDT","TRUMP/USDT","ARB/USDT","EIGEN/USDT","LINK/USDT","SUI/USDT","WLD/USDT","ASTER/USDT","TAO/USDT","XLM/USDT","ENA/USDT","SOL/USDT","FLOKI/USDT","TON/USDT","PENDLE/USDT","OPEN/USDT","POL/USDT","MIRA/USDT","ETH/USDT","DOGE/USDT","ONDO/USDT","BMT/USDT","CFX/USDT","ICP/USDT","UNI/USDT","ZEN/USDT","AAVE/USDT","HBAR/USDT","CAKE/USDT"],"stake_amount":"unlimited","stake_currency":"USDT","stake_currency_decimals":3,"starting_balance":10000,"dry_run_wallet":10000,"final_balance":12247.73553442,"rejected_signals":167,"timedout_entry_orders":0,"timedout_exit_orders":0,"canceled_trade_entries":0,"canceled_entry_orders":0,"replaced_entry_orders":0,"max_open_trades":2,"max_open_trades_setting":2,"timeframe":"5m","timeframe_detail":"","timerange":"20251015-20251108","enable_protections":false,"strategy_name":"KamaFama","freqaimodel":null,"freqai_identifier":null,"stoploss":-0.25,"trailing_stop":false,"trailing_stop_positive":0.002,"trailing_stop_positive_offset":0.05,"trailing_only_offset_is_reached":true,"use_custom_stoploss":true,"minimal_roi":{"0":1},"use_exit_signal":true,"exit_profit_only":false,"exit_profit_offset":0.0,"ignore_roi_if_entry_signal":false,"trading_mode":"spot","margin_mode":"isolated","periodic_breakdown":{"day":[{"date":"15/10/2025","date_ts":1760486400000,"profit_abs":276.90141989,"wins":1,"draws":0,"losses":0,"trades":1,"profit_factor":0.0},{"date":"16/10/2025","date_ts":1760572800000,"profit_abs":-373.99196825,"wins":1,"draws":0,"losses":2,"trades":3,"profit_factor":0.20527754},{"date":"17/10/2025","date_ts":1760659200000,"profit_abs":-340.20531163,"wins":1,"draws":0,"losses":2,"trades":3,"profit_factor":0.21673435},{"date":"18/10/2025","date_ts":1760745600000,"profit_abs":326.14041616,"wins":1,"draws":0,"losses":0,"trades":1,"profit_factor":0.0},{"date":"19/10/2025","date_ts":1760832000000,"profit_abs":0.0,"wins":0,"draws":0,"losses":0,"trades":0,"profit_factor":0.0},{"date":"20/10/2025","date_ts":1760918400000,"profit_abs":191.98333651,"wins":1,"draws":0,"losses":0,"trades":1,"profit_factor":0.0},{"date":"21/10/2025","date_ts":1761004800000,"profit_abs":355.3500152,"wins":2,"draws":0,"losses":1,"trades":3,"profit_factor":2.33049951},{"date":"22/10/2025","date_ts":1761091200000,"profit_abs":221.42294795,"wins":3,"draws":0,"losses":0,"trades":3,"profit_factor":0.0},{"date":"23/10/2025","date_ts":1761177600000,"profit_abs":124.40656814,"wins":1,"draws":0,"losses":0,"trades":1,"profit_factor":0.0},{"date":"24/10/2025","date_ts":1761264000000,"profit_abs":0.0,"wins":0,"draws":0,"losses":0,"trades":0,"profit_factor":0.0},{"date":"25/10/2025","date_ts":1761350400000,"profit_abs":719.91159352,"wins":3,"draws":0,"losses":0,"trades":3,"profit_factor":0.0},{"date":"26/10/2025","date_ts":1761436800000,"profit_abs":227.43599652,"wins":2,"draws":0,"losses":0,"trades":2,"profit_factor":0.0},{"date":"27/10/2025","date_ts":1761523200000,"profit_abs":73.03897542,"wins":1,"draws":0,"losses":0,"trades":1,"profit_factor":0.0},{"date":"28/10/2025","date_ts":1761609600000,"profit_abs":0.0,"wins":0,"draws":0,"losses":0,"trades":0,"profit_factor":0.0},{"date":"29/10/2025","date_ts":1761696000000,"profit_abs":240.13572483,"wins":1,"draws":0,"losses":0,"trades":1,"profit_factor":0.0},{"date":"30/10/2025","date_ts":1761782400000,"profit_abs":-602.64196405,"wins":0,"draws":0,"losses":1,"trades":1,"profit_factor":0.0},{"date":"31/10/2025","date_ts":1761868800000,"profit_abs":-64.10147819,"wins":0,"draws":0,"losses":1,"trades":1,"profit_factor":0.0},{"date":"01/11/2025","date_ts":1761955200000,"profit_abs":279.61926293,"wins":1,"draws":0,"losses":0,"trades":1,"profit_factor":0.0},{"date":"02/11/2025","date_ts":1762041600000,"profit_abs":170.63110426,"wins":2,"draws":0,"losses":0,"trades":2,"profit_factor":0.0},{"date":"03/11/2025","date_ts":1762128000000,"profit_abs":316.04567686,"wins":2,"draws":0,"losses":0,"trades":2,"profit_factor":0.0},{"date":"04/11/2025","date_ts":1762214400000,"profit_abs":-650.9835329,"wins":4,"draws":0,"losses":4,"trades":8,"profit_factor":0.43501945},{"date":"05/11/2025","date_ts":1762300800000,"profit_abs":76.40425954,"wins":1,"draws":0,"losses":0,"trades":1,"profit_factor":0.0},{"date":"06/11/2025","date_ts":1762387200000,"profit_abs":275.06200398,"wins":2,"draws":0,"losses":1,"trades":3,"profit_factor":2.86104883},{"date":"07/11/2025","date_ts":1762473600000,"profit_abs":325.39670133,"wins":2,"draws":0,"losses":0,"trades":2,"profit_factor":0.0},{"date":"08/11/2025","date_ts":1762560000000,"profit_abs":79.7737864,"wins":1,"draws":0,"losses":0,"trades":1,"profit_factor":0.0}],"week":[{"date":"20/10/2025","date_ts":1760918400000,"profit_abs":80.82789268,"wins":5,"draws":0,"losses":4,"trades":9,"profit_factor":1.08931884},{"date":"27/10/2025","date_ts":1761523200000,"profit_abs":1721.56609675,"wins":12,"draws":0,"losses":1,"trades":13,"profit_factor":7.44587799},{"date":"03/11/2025","date_ts":1762128000000,"profit_abs":339.68832664,"wins":6,"draws":0,"losses":2,"trades":8,"profit_factor":1.50947382},{"date":"10/11/2025","date_ts":1762732800000,"profit_abs":105.65321835,"wins":10,"draws":0,"losses":5,"trades":15,"profit_factor":1.08127031}],"month":[{"date":"31/10/2025","date_ts":1761868800000,"profit_abs":1375.78627202,"wins":18,"draws":0,"losses":7,"trades":25,"profit_factor":1.74821407},{"date":"30/11/2025","date_ts":1764460800000,"profit_abs":871.9492624,"wins":15,"draws":0,"losses":5,"trades":20,"profit_factor":1.67071866}],"year":[{"date":"31/12/2025","date_ts":1767139200000,"profit_abs":2247.73553442,"wins":33,"draws":0,"losses":12,"trades":45,"profit_factor":1.71611699}],"weekday":[{"date":"Monday","date_ts":0,"profit_abs":581.06798879,"wins":4,"draws":0,"losses":0,"trades":4,"profit_factor":0.0},{"date":"Tuesday","date_ts":1,"profit_abs":-295.6335177,"wins":6,"draws":0,"losses":5,"trades":11,"profit_factor":0.79170515},{"date":"Wednesday","date_ts":2,"profit_abs":814.86435221,"wins":6,"draws":0,"losses":0,"trades":6,"profit_factor":0.0},{"date":"Thursday","date_ts":3,"profit_abs":-577.16536018,"wins":4,"draws":0,"losses":4,"trades":8,"profit_factor":0.52731498},{"date":"Friday","date_ts":4,"profit_abs":-78.91008849,"wins":3,"draws":0,"losses":3,"trades":6,"profit_factor":0.84168705},{"date":"Saturday","date_ts":5,"profit_abs":1405.44505901,"wins":6,"draws":0,"losses":0,"trades":6,"profit_factor":0.0},{"date":"Sunday","date_ts":6,"profit_abs":398.06710078,"wins":4,"draws":0,"losses":0,"trades":4,"profit_factor":0.0}]},"backtest_best_day":0.1318431442949757,"backtest_worst_day":-0.1067090198952914,"backtest_best_day_abs":719.91159352,"backtest_worst_day_abs":-650.9835329,"winning_days":17,"draw_days":3,"losing_days":5,"daily_profit":[["2025-10-15",276.90141989],["2025-10-16",-373.99196825],["2025-10-17",-340.20531163],["2025-10-18",326.14041616],["2025-10-19",0.0],["2025-10-20",191.98333651],["2025-10-21",355.3500152],["2025-10-22",221.42294795],["2025-10-23",124.40656814],["2025-10-24",0.0],["2025-10-25",719.91159352],["2025-10-26",227.43599652],["2025-10-27",73.03897542],["2025-10-28",0.0],["2025-10-29",240.13572483],["2025-10-30",-602.64196405],["2025-10-31",-64.10147819],["2025-11-01",279.61926293],["2025-11-02",170.63110426],["2025-11-03",316.04567686],["2025-11-04",-650.9835329],["2025-11-05",76.40425954],["2025-11-06",275.06200398],["2025-11-07",325.39670133],["2025-11-08",79.7737864]],"wins":33,"losses":12,"draws":0,"winrate":0.7333333333333333,"holding_avg":"4:57:00","holding_avg_s":17820.0,"winner_holding_min":"0d 00:05","winner_holding_min_s":300.0,"winner_holding_max":"0d 07:50","winner_holding_max_s":28200.0,"winner_holding_avg":"0d 02:42","winner_holding_avg_s":9720.0,"loser_holding_min":"0d 03:45","loser_holding_min_s":13500.0,"loser_holding_max":"0d 23:15","loser_holding_max_s":83700.0,"loser_holding_avg":"0d 11:07","loser_holding_avg_s":40020.0,"max_consecutive_wins":12,"max_consecutive_losses":2,"max_drawdown_account":0.08564592276101354,"max_relative_drawdown":0.08564592276101354,"max_drawdown_abs":1039.9198442000002,"drawdown_start":"2025-11-03 09:10:00","drawdown_start_ts":1762161000000.0,"drawdown_end":"2025-11-04 00:45:00","drawdown_end_ts":1762217100000.0,"drawdown_duration":"0 days 15:35:00","drawdown_duration_s":56100.0,"max_drawdown_low":1102.16247187,"max_drawdown_high":2142.08231607,"csum_min":9562.70414001,"csum_max":12247.73553442}},"strategy_comparison":[{"key":"KamaFama","trades":45,"profit_mean":0.00947114329110396,"profit_mean_pct":0.95,"profit_total_abs":2247.7355344200005,"profit_total":0.22477355344200003,"profit_total_pct":22.48,"duration_avg":"4:57:00","wins":33,"draws":0,"losses":12,"winrate":0.7333333333333333,"cagr":20.83644616513209,"expectancy":49.949678542666675,"expectancy_ratio":0.19096453043662298,"sortino":6.501819654953526,"sharpe":7.216377326576996,"calmar":208.91696545588786,"sqn":1.3363,"profit_factor":1.7161169891373365,"max_drawdown_account":0.08564592276101354,"max_drawdown_abs":"1039.92"}]}