{"$schema":"https://schema.freqtrade.io/schema.json","max_open_trades":3,"stake_currency":"USDT","stake_amount":"unlimited","tradable_balance_ratio":0.99,"fiat_display_currency":"USD","dry_run":true,"dry_run_wallet":1000,"cancel_open_orders_on_exit":false,"trading_mode":"spot","margin_mode":"","unfilledtimeout":{"entry":10,"exit":10,"exit_timeout_count":0,"unit":"minutes"},"entry_pricing":{"price_side":"same","use_order_book":true,"order_book_top":1,"price_last_balance":0.0,"check_depth_of_market":{"enabled":false,"bids_to_ask_delta":1}},"exit_pricing":{"price_side":"same","use_order_book":true,"order_book_top":1},"exchange":{"name":"binance","key":"REDACTED","secret":"REDACTED","ccxt_config":{"options":{"defaultType":"spot"}},"ccxt_async_config":{},"pair_whitelist":["BTC/USDT","ETH/USDT","BNB/USDT","ADA/USDT","XRP/USDT","SOL/USDT"],"pair_blacklist":["BNB/.*"]},"pairlists":[{"method":"StaticPairList"}],"telegram":{"enabled":false,"token":"REDACTED","chat_id":"REDACTED"},"api_server":{"enabled":true,"listen_ip_address":"127.0.0.1","listen_port":9000,"verbosity":"error","enable_openapi":false,"jwt_secret_key":"4580321c9e5eef6b78e59bef897b593db630ced9f2a10a01c3b16e554c364752","ws_token":"9JOOgl3AOp7ed-HVAY58PWwYmYVl56Ak_w","CORS_origins":[],"username":"freqtrader","password":"REDACTED"},"bot_name":"freqtrade","initial_state":"running","force_entry_enable":false,"internals":{"process_throttle_secs":5},"config_files":["C:\\Users\\Lenovo\\Desktop\\post_graduate\\web3_hackathon\\freqtrade_strategy\\user_data_ADXMomentum\\config.json"]}