{"strategy":{"ADXMomentum":{"trades":[{"pair":"ETH/USDT","stake_amount":329.876316,"max_stake_amount":329.876316,"amount":0.0826,"open_date":"2025-10-19 18:00:00+00:00","close_date":"2025-10-20 04:00:00+00:00","open_rate":3993.66,"close_rate":4041.6318918918914,"fee_open":0.001,"fee_close":0.001,"trade_duration":600,"profit_ratio":0.00999000999000999,"profit_abs":3.29876316,"exit_reason":"roi","initial_stop_loss_abs":3594.294,"initial_stop_loss_ratio":-0.1,"stop_loss_abs":3594.294,"stop_loss_ratio":-0.1,"min_rate":3908.73,"max_rate":4055.76,"is_open":false,"enter_tag":"","leverage":1.0,"is_short":false,"open_timestamp":1760896800000,"close_timestamp":1760932800000,"orders":[{"amount":0.0826,"safe_price":3993.66,"ft_order_side":"buy","order_filled_timestamp":1760896800000,"ft_is_entry":true,"ft_order_tag":"","cost":330.206192316},{"amount":0.0826,"safe_price":4041.6318918918914,"ft_order_side":"sell","order_filled_timestamp":1760932800000,"ft_is_entry":false,"ft_order_tag":"roi","cost":334.1726330645405}],"funding_fees":0.0,"weekday":0},{"pair":"ETH/USDT","stake_amount":330.839856,"max_stake_amount":330.839856,"amount":0.0816,"open_date":"2025-10-20 05:00:00+00:00","close_date":"2025-10-21 06:00:00+00:00","open_rate":4054.41,"close_rate":3863.78,"fee_open":0.001,"fee_close":0.001,"trade_duration":1500,"profit_ratio":-0.04892199854254245,"profit_abs":-16.2015323,"exit_reason":"exit_signal","initial_stop_loss_abs":3648.969,"initial_stop_loss_ratio":-0.1,"stop_loss_abs":3648.969,"stop_loss_ratio":-0.1,"min_rate":3840.24,"max_rate":4085.3,"is_open":false,"enter_tag":"","leverage":1.0,"is_short":false,"open_timestamp":1760936400000,"close_timestamp":1761026400000,"orders":[{"amount":0.0816,"safe_price":4054.41,"ft_order_side":"buy","order_filled_timestamp":1760936400000,"ft_is_entry":true,"ft_order_tag":"","cost":331.17069585599995},{"amount":0.0816,"safe_price":3863.78,"ft_order_side":"sell","order_filled_timestamp":1761026400000,"ft_is_entry":false,"ft_order_tag":"exit_signal","cost":315.599732448}],"funding_fees":0.0,"weekday":1},{"pair":"BTC/USDT","stake_amount":330.5566935,"max_stake_amount":330.5566935,"amount":0.00297,"open_date":"2025-10-20 07:00:00+00:00","close_date":"2025-10-21 06:00:00+00:00","open_rate":111298.55,"close_rate":107537.12,"fee_open":0.001,"fee_close":0.001,"trade_duration":1380,"profit_ratio":-0.035726335883558384,"profit_abs":-11.82138904,"exit_reason":"exit_signal","initial_stop_loss_abs":100168.695,"initial_stop_loss_ratio":-0.1,"stop_loss_abs":100168.695,"stop_loss_ratio":-0.1,"min_rate":107473.72,"max_rate":111705.56,"is_open":false,"enter_tag":"","leverage":1.0,"is_short":false,"open_timestamp":1760943600000,"close_timestamp":1761026400000,"orders":[{"amount":0.00297,"safe_price":111298.55,"ft_order_side":"buy","order_filled_timestamp":1760943600000,"ft_is_entry":true,"ft_order_tag":"","cost":330.88725019349994},{"amount":0.00297,"safe_price":107537.12,"ft_order_side":"sell","order_filled_timestamp":1761026400000,"ft_is_entry":false,"ft_order_tag":"exit_signal","cost":319.70463164639995}],"funding_fees":0.0,"weekday":1},{"pair":"ADA/USDT","stake_amount":331.06161,"max_stake_amount":331.06161,"amount":491.7,"open_date":"2025-10-20 07:00:00+00:00","close_date":"2025-10-21 15:00:00+00:00","open_rate":0.6733,"close_rate":0.6813876876876875,"fee_open":0.001,"fee_close":0.001,"trade_duration":1920,"profit_ratio":0.00999000999000999,"profit_abs":3.3106161,"exit_reason":"roi","initial_stop_loss_abs":0.606,"initial_stop_loss_ratio":-0.1,"stop_loss_abs":0.606,"stop_loss_ratio":-0.1,"min_rate":0.6369,"max_rate":0.6855,"is_open":false,"enter_tag":"","leverage":1.0,"is_short":false,"open_timestamp":1760943600000,"close_timestamp":1761058800000,"orders":[{"amount":491.7,"safe_price":0.6733,"ft_order_side":"buy","order_filled_timestamp":1760943600000,"ft_is_entry":true,"ft_order_tag":"","cost":331.3926716099999},{"amount":491.7,"safe_price":0.6813876876876875,"ft_order_side":"sell","order_filled_timestamp":1761058800000,"ft_is_entry":false,"ft_order_tag":"roi","cost":335.373364362072}],"funding_fees":0.0,"weekday":1},{"pair":"BTC/USDT","stake_amount":321.9293924,"max_stake_amount":321.9293924,"amount":0.00287,"open_date":"2025-10-21 15:00:00+00:00","close_date":"2025-10-21 15:00:00+00:00","open_rate":112170.52,"close_rate":113517.91363363362,"fee_open":0.001,"fee_close":0.001,"trade_duration":0,"profit_ratio":0.009990009977597318,"profit_abs":3.21929392,"exit_reason":"roi","initial_stop_loss_abs":100953.46800000001,"initial_stop_loss_ratio":-0.1,"stop_loss_abs":100953.46800000001,"stop_loss_ratio":-0.1,"min_rate":111716.91,"max_rate":113557.62,"is_open":false,"enter_tag":"","leverage":1.0,"is_short":false,"open_timestamp":1761058800000,"close_timestamp":1761058800000,"orders":[{"amount":0.00287,"safe_price":112170.52,"ft_order_side":"buy","order_filled_timestamp":1761058800000,"ft_is_entry":true,"ft_order_tag":"","cost":322.2513217924},{"amount":0.00287,"safe_price":113517.91363363362,"ft_order_side":"sell","order_filled_timestamp":1761058800000,"ft_is_entry":false,"ft_order_tag":"roi","cost":326.122208540657}],"funding_fees":0.0,"weekday":1},{"pair":"ETH/USDT","stake_amount":323.70982,"max_stake_amount":323.70982,"amount":0.0805,"open_date":"2025-10-21 15:00:00+00:00","close_date":"2025-10-21 15:00:00+00:00","open_rate":4021.24,"close_rate":4069.5431831831825,"fee_open":0.001,"fee_close":0.001,"trade_duration":0,"profit_ratio":0.00999000999000999,"profit_abs":3.2370982,"exit_reason":"roi","initial_stop_loss_abs":3619.116,"initial_stop_loss_ratio":-0.1,"stop_loss_abs":3619.116,"stop_loss_ratio":-0.1,"min_rate":3996.6,"max_rate":4084.91,"is_open":false,"enter_tag":"","leverage":1.0,"is_short":false,"open_timestamp":1761058800000,"close_timestamp":1761058800000,"orders":[{"amount":0.0805,"safe_price":4021.24,"ft_order_side":"buy","order_filled_timestamp":1761058800000,"ft_is_entry":true,"ft_order_tag":"","cost":324.03352981999996},{"amount":0.0805,"safe_price":4069.5431831831825,"ft_order_side":"sell","order_filled_timestamp":1761058800000,"ft_is_entry":false,"ft_order_tag":"roi","cost":327.9258244724924}],"funding_fees":0.0,"weekday":1},{"pair":"BTC/USDT","stake_amount":324.388636,"max_stake_amount":324.388636,"amount":0.00286,"open_date":"2025-10-21 16:00:00+00:00","close_date":"2025-10-22 01:00:00+00:00","open_rate":113422.6,"close_rate":107986.15,"fee_open":0.001,"fee_close":0.001,"trade_duration":540,"profit_ratio":-0.0498331597204617,"profit_abs":-16.18147602,"exit_reason":"exit_signal","initial_stop_loss_abs":102080.34000000001,"initial_stop_loss_ratio":-0.1,"stop_loss_abs":102080.34000000001,"stop_loss_ratio":-0.1,"min_rate":107841.2,"max_rate":114000.0,"is_open":false,"enter_tag":"","leverage":1.0,"is_short":false,"open_timestamp":1761062400000,"close_timestamp":1761094800000,"orders":[{"amount":0.00286,"safe_price":113422.6,"ft_order_side":"buy","order_filled_timestamp":1761062400000,"ft_is_entry":true,"ft_order_tag":"","cost":324.713024636},{"amount":0.00286,"safe_price":107986.15,"ft_order_side":"sell","order_filled_timestamp":1761094800000,"ft_is_entry":false,"ft_order_tag":"exit_signal","cost":309.14922938899997}],"funding_fees":0.0,"weekday":2},{"pair":"ETH/USDT","stake_amount":324.900136,"max_stake_amount":324.900136,"amount":0.0796,"open_date":"2025-10-21 16:00:00+00:00","close_date":"2025-10-22 10:00:00+00:00","open_rate":4081.66,"close_rate":3836.85,"fee_open":0.001,"fee_close":0.001,"trade_duration":1080,"profit_ratio":-0.06185621389734446,"profit_abs":-20.1171894,"exit_reason":"exit_signal","initial_stop_loss_abs":3673.494,"initial_stop_loss_ratio":-0.1,"stop_loss_abs":3673.494,"stop_loss_ratio":-0.1,"min_rate":3818.75,"max_rate":4110.0,"is_open":false,"enter_tag":"","leverage":1.0,"is_short":false,"open_timestamp":1761062400000,"close_timestamp":1761127200000,"orders":[{"amount":0.0796,"safe_price":4081.66,"ft_order_side":"buy","order_filled_timestamp":1761062400000,"ft_is_entry":true,"ft_order_tag":"","cost":325.22503613599997},{"amount":0.0796,"safe_price":3836.85,"ft_order_side":"sell","order_filled_timestamp":1761127200000,"ft_is_entry":false,"ft_order_tag":"exit_signal","cost":305.71867326}],"funding_fees":0.0,"weekday":2},{"pair":"ADA/USDT","stake_amount":325.02847,"max_stake_amount":325.02847,"amount":484.9,"open_date":"2025-10-21 17:00:00+00:00","close_date":"2025-10-22 10:00:00+00:00","open_rate":0.6703,"close_rate":0.6311,"fee_open":0.001,"fee_close":0.001,"trade_duration":1020,"profit_ratio":-0.06036243332976139,"profit_abs":-19.63912886,"exit_reason":"exit_signal","initial_stop_loss_abs":0.6033,"initial_stop_loss_ratio":-0.1,"stop_loss_abs":0.6033,"stop_loss_ratio":-0.1,"min_rate":0.6285,"max_rate":0.6749,"is_open":false,"enter_tag":"","leverage":1.0,"is_short":false,"open_timestamp":1761066000000,"close_timestamp":1761127200000,"orders":[{"amount":484.9,"safe_price":0.6703,"ft_order_side":"buy","order_filled_timestamp":1761066000000,"ft_is_entry":true,"ft_order_tag":"","cost":325.3534984699999},{"amount":484.9,"safe_price":0.6311,"ft_order_side":"sell","order_filled_timestamp":1761127200000,"ft_is_entry":false,"ft_order_tag":"exit_signal","cost":306.3264103899999}],"funding_fees":0.0,"weekday":2},{"pair":"SOL/USDT","stake_amount":306.52368,"max_stake_amount":306.52368,"amount":1.592,"open_date":"2025-10-24 01:00:00+00:00","close_date":"2025-10-24 12:00:00+00:00","open_rate":192.54,"close_rate":194.85279279279277,"fee_open":0.001,"fee_close":0.001,"trade_duration":660,"profit_ratio":0.00999000999000999,"profit_abs":3.0652368,"exit_reason":"roi","initial_stop_loss_abs":173.286,"initial_stop_loss_ratio":-0.1,"stop_loss_abs":173.286,"stop_loss_ratio":-0.1,"min_rate":190.58,"max_rate":197.0,"is_open":false,"enter_tag":"","leverage":1.0,"is_short":false,"open_timestamp":1761267600000,"close_timestamp":1761307200000,"orders":[{"amount":1.592,"safe_price":192.54,"ft_order_side":"buy","order_filled_timestamp":1761267600000,"ft_is_entry":true,"ft_order_tag":"","cost":306.83020367999995},{"amount":1.592,"safe_price":194.85279279279277,"ft_order_side":"sell","order_filled_timestamp":1761307200000,"ft_is_entry":false,"ft_order_tag":"roi","cost":310.5158517722522}],"funding_fees":0.0,"weekday":4},{"pair":"BTC/USDT","stake_amount":306.3206993,"max_stake_amount":306.3206993,"amount":0.00277,"open_date":"2025-10-24 02:00:00+00:00","close_date":"2025-10-24 12:00:00+00:00","open_rate":110585.09,"close_rate":111913.43942942942,"fee_open":0.001,"fee_close":0.001,"trade_duration":600,"profit_ratio":0.009990009980226117,"profit_abs":3.06320699,"exit_reason":"roi","initial_stop_loss_abs":99526.581,"initial_stop_loss_ratio":-0.1,"stop_loss_abs":99526.581,"stop_loss_ratio":-0.1,"min_rate":110274.85,"max_rate":112104.98,"is_open":false,"enter_tag":"","leverage":1.0,"is_short":false,"open_timestamp":1761271200000,"close_timestamp":1761307200000,"orders":[{"amount":0.00277,"safe_price":110585.09,"ft_order_side":"buy","order_filled_timestamp":1761271200000,"ft_is_entry":true,"ft_order_tag":"","cost":306.6270199993},{"amount":0.00277,"safe_price":111913.43942942942,"ft_order_side":"sell","order_filled_timestamp":1761307200000,"ft_is_entry":false,"ft_order_tag":"roi","cost":310.31022744673896}],"funding_fees":0.0,"weekday":4},{"pair":"XRP/USDT","stake_amount":308.45553,"max_stake_amount":308.45553,"amount":122.7,"open_date":"2025-10-24 14:00:00+00:00","close_date":"2025-10-25 01:00:00+00:00","open_rate":2.5139,"close_rate":2.5440969969969967,"fee_open":0.001,"fee_close":0.001,"trade_duration":660,"profit_ratio":0.00999000999000999,"profit_abs":3.0845553,"exit_reason":"roi","initial_stop_loss_abs":2.2626,"initial_stop_loss_ratio":-0.1,"stop_loss_abs":2.2626,"stop_loss_ratio":-0.1,"min_rate":2.46,"max_rate":2.5609,"is_open":false,"enter_tag":"","leverage":1.0,"is_short":false,"open_timestamp":1761314400000,"close_timestamp":1761354000000,"orders":[{"amount":122.7,"safe_price":2.5139,"ft_order_side":"buy","order_filled_timestamp":1761314400000,"ft_is_entry":true,"ft_order_tag":"","cost":308.76398552999996},{"amount":122.7,"safe_price":2.5440969969969967,"ft_order_side":"sell","order_filled_timestamp":1761354000000,"ft_is_entry":false,"ft_order_tag":"roi","cost":312.47286223306304}],"funding_fees":0.0,"weekday":5},{"pair":"XRP/USDT","stake_amount":309.39975,"max_stake_amount":309.39975,"amount":121.5,"open_date":"2025-10-25 02:00:00+00:00","close_date":"2025-10-25 12:00:00+00:00","open_rate":2.5465,"close_rate":2.5770885885885884,"fee_open":0.001,"fee_close":0.001,"trade_duration":600,"profit_ratio":0.00999000999000999,"profit_abs":3.0939975,"exit_reason":"roi","initial_stop_loss_abs":2.2919,"initial_stop_loss_ratio":-0.1,"stop_loss_abs":2.2919,"stop_loss_ratio":-0.1,"min_rate":2.5283,"max_rate":2.586,"is_open":false,"enter_tag":"","leverage":1.0,"is_short":false,"open_timestamp":1761357600000,"close_timestamp":1761393600000,"orders":[{"amount":121.5,"safe_price":2.5465,"ft_order_side":"buy","order_filled_timestamp":1761357600000,"ft_is_entry":true,"ft_order_tag":"","cost":309.70914974999994},{"amount":121.5,"safe_price":2.5770885885885884,"ft_order_side":"sell","order_filled_timestamp":1761393600000,"ft_is_entry":false,"ft_order_tag":"roi","cost":313.429379777027}],"funding_fees":0.0,"weekday":5},{"pair":"XRP/USDT","stake_amount":310.61996,"max_stake_amount":310.61996,"amount":120.4,"open_date":"2025-10-25 13:00:00+00:00","close_date":"2025-10-25 14:00:00+00:00","open_rate":2.5799,"close_rate":2.6108897897897894,"fee_open":0.001,"fee_close":0.001,"trade_duration":60,"profit_ratio":0.00999000999000999,"profit_abs":3.1061996,"exit_reason":"roi","initial_stop_loss_abs":2.322,"initial_stop_loss_ratio":-0.1,"stop_loss_abs":2.322,"stop_loss_ratio":-0.1,"min_rate":2.5713,"max_rate":2.6203,"is_open":false,"enter_tag":"","leverage":1.0,"is_short":false,"open_timestamp":1761397200000,"close_timestamp":1761400800000,"orders":[{"amount":120.4,"safe_price":2.5799,"ft_order_side":"buy","order_filled_timestamp":1761397200000,"ft_is_entry":true,"ft_order_tag":"","cost":310.93057995999993},{"amount":120.4,"safe_price":2.6108897897897894,"ft_order_side":"sell","order_filled_timestamp":1761400800000,"ft_is_entry":false,"ft_order_tag":"roi","cost":314.6654818213813}],"funding_fees":0.0,"weekday":5},{"pair":"XRP/USDT","stake_amount":311.48152,"max_stake_amount":311.48152,"amount":119.2,"open_date":"2025-10-25 15:00:00+00:00","close_date":"2025-10-25 18:00:00+00:00","open_rate":2.6131,"close_rate":2.6444885885885885,"fee_open":0.001,"fee_close":0.001,"trade_duration":180,"profit_ratio":0.009990009990009988,"profit_abs":3.1148152,"exit_reason":"roi","initial_stop_loss_abs":2.3518,"initial_stop_loss_ratio":-0.1,"stop_loss_abs":2.3518,"stop_loss_ratio":-0.1,"min_rate":2.5879,"max_rate":2.645,"is_open":false,"enter_tag":"","leverage":1.0,"is_short":false,"open_timestamp":1761404400000,"close_timestamp":1761415200000,"orders":[{"amount":119.2,"safe_price":2.6131,"ft_order_side":"buy","order_filled_timestamp":1761404400000,"ft_is_entry":true,"ft_order_tag":"","cost":311.79300152},{"amount":119.2,"safe_price":2.6444885885885885,"ft_order_side":"sell","order_filled_timestamp":1761415200000,"ft_is_entry":false,"ft_order_tag":"roi","cost":315.53826279951943}],"funding_fees":0.0,"weekday":5},{"pair":"BTC/USDT","stake_amount":308.2927454,"max_stake_amount":308.2927454,"amount":0.00277,"open_date":"2025-10-24 13:00:00+00:00","close_date":"2025-10-26 09:00:00+00:00","open_rate":111297.02,"close_rate":112633.92114114112,"fee_open":0.001,"fee_close":0.001,"trade_duration":2640,"profit_ratio":0.00999000997704827,"profit_abs":3.08292745,"exit_reason":"roi","initial_stop_loss_abs":100167.318,"initial_stop_loss_ratio":-0.1,"stop_loss_abs":100167.318,"stop_loss_ratio":-0.1,"min_rate":109700.01,"max_rate":112779.81,"is_open":false,"enter_tag":"","leverage":1.0,"is_short":false,"open_timestamp":1761310800000,"close_timestamp":1761469200000,"orders":[{"amount":0.00277,"safe_price":111297.02,"ft_order_side":"buy","order_filled_timestamp":1761310800000,"ft_is_entry":true,"ft_order_tag":"","cost":308.60103814539997},{"amount":0.00277,"safe_price":112633.92114114112,"ft_order_side":"sell","order_filled_timestamp":1761469200000,"ft_is_entry":false,"ft_order_tag":"roi","cost":312.3079575225218}],"funding_fees":0.0,"weekday":6},{"pair":"SOL/USDT","stake_amount":308.51631,"max_stake_amount":308.51631,"amount":1.593,"open_date":"2025-10-24 13:00:00+00:00","close_date":"2025-10-26 09:00:00+00:00","open_rate":193.67,"close_rate":195.99636636636632,"fee_open":0.001,"fee_close":0.001,"trade_duration":2640,"profit_ratio":0.00999000999000999,"profit_abs":3.0851631,"exit_reason":"roi","initial_stop_loss_abs":174.303,"initial_stop_loss_ratio":-0.1,"stop_loss_abs":174.303,"stop_loss_ratio":-0.1,"min_rate":188.83,"max_rate":196.43,"is_open":false,"enter_tag":"","leverage":1.0,"is_short":false,"open_timestamp":1761310800000,"close_timestamp":1761469200000,"orders":[{"amount":1.593,"safe_price":193.67,"ft_order_side":"buy","order_filled_timestamp":1761310800000,"ft_is_entry":true,"ft_order_tag":"","cost":308.82482630999993},{"amount":1.593,"safe_price":195.99636636636632,"ft_order_side":"sell","order_filled_timestamp":1761469200000,"ft_is_entry":false,"ft_order_tag":"roi","cost":312.5344338332431}],"funding_fees":0.0,"weekday":6},{"pair":"BTC/USDT","stake_amount":313.8111369,"max_stake_amount":313.8111369,"amount":0.00279,"open_date":"2025-10-26 11:00:00+00:00","close_date":"2025-10-26 13:00:00+00:00","open_rate":112477.11,"close_rate":113828.18639639638,"fee_open":0.001,"fee_close":0.001,"trade_duration":120,"profit_ratio":0.009990009993193437,"profit_abs":3.13811137,"exit_reason":"roi","initial_stop_loss_abs":101229.399,"initial_stop_loss_ratio":-0.1,"stop_loss_abs":101229.399,"stop_loss_ratio":-0.1,"min_rate":112430.56,"max_rate":114000.0,"is_open":false,"enter_tag":"","leverage":1.0,"is_short":false,"open_timestamp":1761476400000,"close_timestamp":1761483600000,"orders":[{"amount":0.00279,"safe_price":112477.11,"ft_order_side":"buy","order_filled_timestamp":1761476400000,"ft_is_entry":true,"ft_order_tag":"","cost":314.1249480369},{"amount":0.00279,"safe_price":113828.18639639638,"ft_order_side":"sell","order_filled_timestamp":1761483600000,"ft_is_entry":false,"ft_order_tag":"roi","cost":317.8982206859918}],"funding_fees":0.0,"weekday":6},{"pair":"ETH/USDT","stake_amount":315.64975,"max_stake_amount":315.64975,"amount":0.0775,"open_date":"2025-10-26 13:00:00+00:00","close_date":"2025-10-26 22:00:00+00:00","open_rate":4072.9,"close_rate":4121.823723723724,"fee_open":0.001,"fee_close":0.001,"trade_duration":540,"profit_ratio":0.00999000999000999,"profit_abs":3.1564975,"exit_reason":"roi","initial_stop_loss_abs":3665.61,"initial_stop_loss_ratio":-0.1,"stop_loss_abs":3665.61,"stop_loss_ratio":-0.1,"min_rate":4046.29,"max_rate":4176.0,"is_open":false,"enter_tag":"","leverage":1.0,"is_short":false,"open_timestamp":1761483600000,"close_timestamp":1761516000000,"orders":[{"amount":0.0775,"safe_price":4072.9,"ft_order_side":"buy","order_filled_timestamp":1761483600000,"ft_is_entry":true,"ft_order_tag":"","cost":315.96539974999996},{"amount":0.0775,"safe_price":4121.823723723724,"ft_order_side":"sell","order_filled_timestamp":1761516000000,"ft_is_entry":false,"ft_order_tag":"roi","cost":319.7607799271771}],"funding_fees":0.0,"weekday":6},{"pair":"BTC/USDT","stake_amount":314.9809381,"max_stake_amount":314.9809381,"amount":0.00277,"open_date":"2025-10-26 14:00:00+00:00","close_date":"2025-10-26 22:00:00+00:00","open_rate":113711.53,"close_rate":115077.43426426426,"fee_open":0.001,"fee_close":0.001,"trade_duration":480,"profit_ratio":0.009990009986838367,"profit_abs":3.14980938,"exit_reason":"roi","initial_stop_loss_abs":102340.37700000001,"initial_stop_loss_ratio":-0.1,"stop_loss_abs":102340.37700000001,"stop_loss_ratio":-0.1,"min_rate":112901.0,"max_rate":115466.8,"is_open":false,"enter_tag":"","leverage":1.0,"is_short":false,"open_timestamp":1761487200000,"close_timestamp":1761516000000,"orders":[{"amount":0.00277,"safe_price":113711.53,"ft_order_side":"buy","order_filled_timestamp":1761487200000,"ft_is_entry":true,"ft_order_tag":"","cost":315.29591903809995},{"amount":0.00277,"safe_price":115077.43426426426,"ft_order_side":"sell","order_filled_timestamp":1761516000000,"ft_is_entry":false,"ft_order_tag":"roi","cost":319.0832574049239}],"funding_fees":0.0,"weekday":6},{"pair":"ADA/USDT","stake_amount":317.81124,"max_stake_amount":317.81124,"amount":471.6,"open_date":"2025-10-26 22:00:00+00:00","close_date":"2025-10-26 22:00:00+00:00","open_rate":0.6739,"close_rate":0.6819948948948948,"fee_open":0.001,"fee_close":0.001,"trade_duration":0,"profit_ratio":0.009990009990009988,"profit_abs":3.1781124,"exit_reason":"roi","initial_stop_loss_abs":0.6066,"initial_stop_loss_ratio":-0.1,"stop_loss_abs":0.6066,"stop_loss_ratio":-0.1,"min_rate":0.6739,"max_rate":0.6884,"is_open":false,"enter_tag":"","leverage":1.0,"is_short":false,"open_timestamp":1761516000000,"close_timestamp":1761516000000,"orders":[{"amount":471.6,"safe_price":0.6739,"ft_order_side":"buy","order_filled_timestamp":1761516000000,"ft_is_entry":true,"ft_order_tag":"","cost":318.12905124},{"amount":471.6,"safe_price":0.6819948948948948,"ft_order_side":"sell","order_filled_timestamp":1761516000000,"ft_is_entry":false,"ft_order_tag":"roi","cost":321.95042122486484}],"funding_fees":0.0,"weekday":6},{"pair":"SOL/USDT","stake_amount":318.74282,"max_stake_amount":318.74282,"amount":1.606,"open_date":"2025-10-26 22:00:00+00:00","close_date":"2025-10-26 22:00:00+00:00","open_rate":198.47,"close_rate":200.854024024024,"fee_open":0.001,"fee_close":0.001,"trade_duration":0,"profit_ratio":0.00999000999000999,"profit_abs":3.1874282,"exit_reason":"roi","initial_stop_loss_abs":178.623,"initial_stop_loss_ratio":-0.1,"stop_loss_abs":178.623,"stop_loss_ratio":-0.1,"min_rate":198.47,"max_rate":202.43,"is_open":false,"enter_tag":"","leverage":1.0,"is_short":false,"open_timestamp":1761516000000,"close_timestamp":1761516000000,"orders":[{"amount":1.606,"safe_price":198.47,"ft_order_side":"buy","order_filled_timestamp":1761516000000,"ft_is_entry":true,"ft_order_tag":"","cost":319.06156281999995},{"amount":1.606,"safe_price":200.854024024024,"ft_order_side":"sell","order_filled_timestamp":1761516000000,"ft_is_entry":false,"ft_order_tag":"roi","cost":322.8941341451651}],"funding_fees":0.0,"weekday":6},{"pair":"ETH/USDT","stake_amount":319.953985,"max_stake_amount":319.953985,"amount":0.0769,"open_date":"2025-10-26 23:00:00+00:00","close_date":"2025-10-27 02:00:00+00:00","open_rate":4160.65,"close_rate":4210.627777777777,"fee_open":0.001,"fee_close":0.001,"trade_duration":180,"profit_ratio":0.00999000999000999,"profit_abs":3.19953985,"exit_reason":"roi","initial_stop_loss_abs":3744.5849999999996,"initial_stop_loss_ratio":-0.1,"stop_loss_abs":3744.5849999999996,"stop_loss_ratio":-0.1,"min_rate":4148.0,"max_rate":4217.7,"is_open":false,"enter_tag":"","leverage":1.0,"is_short":false,"open_timestamp":1761519600000,"close_timestamp":1761530400000,"orders":[{"amount":0.0769,"safe_price":4160.65,"ft_order_side":"buy","order_filled_timestamp":1761519600000,"ft_is_entry":true,"ft_order_tag":"","cost":320.2739389849999},{"amount":0.0769,"safe_price":4210.627777777777,"ft_order_side":"sell","order_filled_timestamp":1761530400000,"ft_is_entry":false,"ft_order_tag":"roi","cost":324.1210733872221}],"funding_fees":0.0,"weekday":0},{"pair":"XRP/USDT","stake_amount":312.51311,"max_stake_amount":312.51311,"amount":118.3,"open_date":"2025-10-25 19:00:00+00:00","close_date":"2025-10-27 05:00:00+00:00","open_rate":2.6417,"close_rate":2.673432132132132,"fee_open":0.001,"fee_close":0.001,"trade_duration":2040,"profit_ratio":0.00999000999000999,"profit_abs":3.1251311,"exit_reason":"roi","initial_stop_loss_abs":2.3776,"initial_stop_loss_ratio":-0.1,"stop_loss_abs":2.3776,"stop_loss_ratio":-0.1,"min_rate":2.5891,"max_rate":2.6749,"is_open":false,"enter_tag":"","leverage":1.0,"is_short":false,"open_timestamp":1761418800000,"close_timestamp":1761541200000,"orders":[{"amount":118.3,"safe_price":2.6417,"ft_order_side":"buy","order_filled_timestamp":1761418800000,"ft_is_entry":true,"ft_order_tag":"","cost":312.8256231099999},{"amount":118.3,"safe_price":2.673432132132132,"ft_order_side":"sell","order_filled_timestamp":1761541200000,"ft_is_entry":false,"ft_order_tag":"roi","cost":316.58328825246235}],"funding_fees":0.0,"weekday":0},{"pair":"BTC/USDT","stake_amount":319.9609386,"max_stake_amount":319.9609386,"amount":0.00279,"open_date":"2025-10-26 23:00:00+00:00","close_date":"2025-10-27 06:00:00+00:00","open_rate":114681.34,"close_rate":116058.8936336336,"fee_open":0.001,"fee_close":0.001,"trade_duration":420,"profit_ratio":0.009990010002499026,"profit_abs":3.19960939,"exit_reason":"roi","initial_stop_loss_abs":103213.206,"initial_stop_loss_ratio":-0.1,"stop_loss_abs":103213.206,"stop_loss_ratio":-0.1,"min_rate":114362.26,"max_rate":116129.5,"is_open":false,"enter_tag":"","leverage":1.0,"is_short":false,"open_timestamp":1761519600000,"close_timestamp":1761544800000,"orders":[{"amount":0.00279,"safe_price":114681.34,"ft_order_side":"buy","order_filled_timestamp":1761519600000,"ft_is_entry":true,"ft_order_tag":"","cost":320.28089953859995},{"amount":0.00279,"safe_price":116058.8936336336,"ft_order_side":"sell","order_filled_timestamp":1761544800000,"ft_is_entry":false,"ft_order_tag":"roi","cost":324.12811755107555}],"funding_fees":0.0,"weekday":0},{"pair":"XRP/USDT","stake_amount":323.0766,"max_stake_amount":323.0766,"amount":122.1,"open_date":"2025-10-27 06:00:00+00:00","close_date":"2025-10-27 16:00:00+00:00","open_rate":2.646,"close_rate":2.677783783783784,"fee_open":0.001,"fee_close":0.001,"trade_duration":600,"profit_ratio":0.00999000999000999,"profit_abs":3.230766,"exit_reason":"roi","initial_stop_loss_abs":2.3814,"initial_stop_loss_ratio":-0.1,"stop_loss_abs":2.3814,"stop_loss_ratio":-0.1,"min_rate":2.6013,"max_rate":2.6905,"is_open":false,"enter_tag":"","leverage":1.0,"is_short":false,"open_timestamp":1761544800000,"close_timestamp":1761580800000,"orders":[{"amount":122.1,"safe_price":2.646,"ft_order_side":"buy","order_filled_timestamp":1761544800000,"ft_is_entry":true,"ft_order_tag":"","cost":323.39967659999996},{"amount":122.1,"safe_price":2.677783783783784,"ft_order_side":"sell","order_filled_timestamp":1761580800000,"ft_is_entry":false,"ft_order_tag":"roi","cost":327.2843574}],"funding_fees":0.0,"weekday":0},{"pair":"ADA/USDT","stake_amount":320.99328,"max_stake_amount":320.99328,"amount":464.4,"open_date":"2025-10-27 02:00:00+00:00","close_date":"2025-10-28 20:00:00+00:00","open_rate":0.6912,"close_rate":0.6546,"fee_open":0.001,"fee_close":0.001,"trade_duration":2520,"profit_ratio":-0.05484359390609391,"profit_abs":-17.62202952,"exit_reason":"exit_signal","initial_stop_loss_abs":0.6221,"initial_stop_loss_ratio":-0.1,"stop_loss_abs":0.6221,"stop_loss_ratio":-0.1,"min_rate":0.6396,"max_rate":0.6938,"is_open":false,"enter_tag":"","leverage":1.0,"is_short":false,"open_timestamp":1761530400000,"close_timestamp":1761681600000,"orders":[{"amount":464.4,"safe_price":0.6912,"ft_order_side":"buy","order_filled_timestamp":1761530400000,"ft_is_entry":true,"ft_order_tag":"","cost":321.31427328},{"amount":464.4,"safe_price":0.6546,"ft_order_side":"sell","order_filled_timestamp":1761681600000,"ft_is_entry":false,"ft_order_tag":"exit_signal","cost":304.3002362399999}],"funding_fees":0.0,"weekday":1},{"pair":"ETH/USDT","stake_amount":321.844168,"max_stake_amount":321.844168,"amount":0.0764,"open_date":"2025-10-27 05:00:00+00:00","close_date":"2025-10-28 22:00:00+00:00","open_rate":4212.62,"close_rate":3982.53,"fee_open":0.001,"fee_close":0.001,"trade_duration":2460,"profit_ratio":-0.05650808829115916,"profit_abs":-18.20498546,"exit_reason":"exit_signal","initial_stop_loss_abs":3791.358,"initial_stop_loss_ratio":-0.1,"stop_loss_abs":3791.358,"stop_loss_ratio":-0.1,"min_rate":3931.33,"max_rate":4253.72,"is_open":false,"enter_tag":"","leverage":1.0,"is_short":false,"open_timestamp":1761541200000,"close_timestamp":1761688800000,"orders":[{"amount":0.0764,"safe_price":4212.62,"ft_order_side":"buy","order_filled_timestamp":1761541200000,"ft_is_entry":true,"ft_order_tag":"","cost":322.16601216799995},{"amount":0.0764,"safe_price":3982.53,"ft_order_side":"sell","order_filled_timestamp":1761688800000,"ft_is_entry":false,"ft_order_tag":"exit_signal","cost":304.56955729199996}],"funding_fees":0.0,"weekday":1},{"pair":"BTC/USDT","stake_amount":323.393196,"max_stake_amount":323.393196,"amount":0.0028,"open_date":"2025-10-27 17:00:00+00:00","close_date":"2025-10-29 00:00:00+00:00","open_rate":115497.57,"close_rate":112898.44,"fee_open":0.001,"fee_close":0.001,"trade_duration":1860,"profit_ratio":-0.024456802938840023,"profit_abs":-7.91707283,"exit_reason":"exit_signal","initial_stop_loss_abs":103947.81300000001,"initial_stop_loss_ratio":-0.1,"stop_loss_abs":103947.81300000001,"stop_loss_ratio":-0.1,"min_rate":112211.0,"max_rate":116086.0,"is_open":false,"enter_tag":"","leverage":1.0,"is_short":false,"open_timestamp":1761584400000,"close_timestamp":1761696000000,"orders":[{"amount":0.0028,"safe_price":115497.57,"ft_order_side":"buy","order_filled_timestamp":1761584400000,"ft_is_entry":true,"ft_order_tag":"","cost":323.716589196},{"amount":0.0028,"safe_price":112898.44,"ft_order_side":"sell","order_filled_timestamp":1761696000000,"ft_is_entry":false,"ft_order_tag":"exit_signal","cost":316.431747632}],"funding_fees":0.0,"weekday":2}],"locks":[],"best_pair":{"key":"XRP/USDT","trades":6,"profit_mean":0.00999000999000999,"profit_mean_pct":1.0,"profit_total_abs":18.7554647,"profit_total":0.018755464700000002,"profit_total_pct":1.88,"duration_avg":"11:30:00","wins":6,"draws":0,"losses":0,"winrate":1.0,"cagr":0.5716969710387374,"expectancy":3.1259107833333335,"expectancy_ratio":100.0,"sortino":-100,"sharpe":490.42288506298735,"calmar":-100,"sqn":143.4991,"profit_factor":0.0,"max_drawdown_account":0.0,"max_drawdown_abs":0.0},"worst_pair":{"key":"ETH/USDT","trades":7,"profit_mean":-0.018189465824429447,"profit_mean_pct":-1.82,"profit_total_abs":-41.631808449999994,"profit_total":-0.041631808449999995,"profit_total_pct":-4.16,"duration_avg":"15:09:00","wins":4,"draws":0,"losses":3,"winrate":0.5714285714285714,"cagr":-0.6446784783809154,"expectancy":-5.947401207142857,"expectancy_ratio":-0.3272375366750203,"sortino":-33.16745262798363,"sharpe":-4.983218767028382,"calmar":-118.40465669960825,"sqn":-1.3691,"profit_factor":0.23644574775828575,"max_drawdown_account":0.044782843615281884,"max_drawdown_abs":44.930571609999994},"results_per_pair":[{"key":"XRP/USDT","trades":6,"profit_mean":0.00999000999000999,"profit_mean_pct":1.0,"profit_total_abs":18.7554647,"profit_total":0.018755464700000002,"profit_total_pct":1.88,"duration_avg":"11:30:00","wins":6,"draws":0,"losses":0,"winrate":1.0,"cagr":0.5716969710387374,"expectancy":3.1259107833333335,"expectancy_ratio":100.0,"sortino":-100,"sharpe":490.42288506298735,"calmar":-100,"sqn":143.4991,"profit_factor":0.0,"max_drawdown_account":0.0,"max_drawdown_abs":0.0},{"key":"SOL/USDT","trades":3,"profit_mean":0.00999000999000999,"profit_mean_pct":1.0,"profit_total_abs":9.3378281,"profit_total":0.009337828099999999,"profit_total_pct":0.93,"duration_avg":"18:20:00","wins":3,"draws":0,"losses":0,"winrate":1.0,"cagr":0.25378398814486536,"expectancy":3.1126093666666663,"expectancy_ratio":100.0,"sortino":-100,"sharpe":222.19320084891962,"calmar":-100,"sqn":82.2374,"profit_factor":0.0,"max_drawdown_account":0.0,"max_drawdown_abs":0.0},{"key":"BTC/USDT","trades":9,"profit_mean":-0.00556402651393973,"profit_mean_pct":-0.56,"profit_total_abs":-17.06697939,"profit_total":-0.01706697939,"profit_total_pct":-1.71,"duration_avg":"14:53:00","wins":6,"draws":0,"losses":3,"winrate":0.6666666666666666,"cagr":-0.34221771281005453,"expectancy":-1.8963310433333338,"expectancy_ratio":-0.15837981533881773,"sortino":-6.439556161785828,"sharpe":-2.9425380829062617,"calmar":-87.70976589680292,"sqn":-0.7261,"profit_factor":0.524860553983547,"max_drawdown_account":0.02478357114000005,"max_drawdown_abs":24.78357114},{"key":"ADA/USDT","trades":4,"profit_mean":-0.02380650181395883,"profit_mean_pct":-2.38,"profit_total_abs":-30.77242988,"profit_total":-0.03077242988,"profit_total_pct":-3.08,"duration_avg":"22:45:00","wins":2,"draws":0,"losses":2,"winrate":0.5,"cagr":-0.5325948670572351,"expectancy":-7.693107469999999,"expectancy_ratio":-0.41292905558885096,"sortino":-38.861510071381325,"sharpe":-3.5758132867484593,"calmar":-115.37559960045695,"sqn":-1.2157,"profit_factor":0.17414188882229806,"max_drawdown_account":0.03397058242290431,"max_drawdown_abs":34.08304598},{"key":"ETH/USDT","trades":7,"profit_mean":-0.018189465824429447,"profit_mean_pct":-1.82,"profit_total_abs":-41.631808449999994,"profit_total":-0.041631808449999995,"profit_total_pct":-4.16,"duration_avg":"15:09:00","wins":4,"draws":0,"losses":3,"winrate":0.5714285714285714,"cagr":-0.6446784783809154,"expectancy":-5.947401207142857,"expectancy_ratio":-0.3272375366750203,"sortino":-33.16745262798363,"sharpe":-4.983218767028382,"calmar":-118.40465669960825,"sqn":-1.3691,"profit_factor":0.23644574775828575,"max_drawdown_account":0.044782843615281884,"max_drawdown_abs":44.930571609999994},{"key":"TOTAL","trades":29,"profit_mean":-0.0063006350600761755,"profit_mean_pct":-0.63,"profit_total_abs":-61.377924920000005,"profit_total":-0.06137792492000001,"profit_total_pct":-6.14,"duration_avg":"15:41:00","wins":21,"draws":0,"losses":8,"winrate":0.7241379310344828,"cagr":-0.7859039816535524,"expectancy":-2.1164801696551723,"expectancy_ratio":-0.13258578301263646,"sortino":-20.139026732734216,"sharpe":-8.89731078808099,"calmar":-105.71353087265246,"sqn":-1.2746,"profit_factor":0.5193765365791926,"max_drawdown_account":0.07394976464071254,"max_drawdown_abs":74.1937074}],"results_per_enter_tag":[{"key":"","trades":29,"profit_mean":-0.0063006350600761755,"profit_mean_pct":-0.63,"profit_total_abs":-61.377924920000005,"profit_total":-0.06137792492000001,"profit_total_pct":-6.14,"duration_avg":"15:41:00","wins":21,"draws":0,"losses":8,"winrate":0.7241379310344828,"cagr":-0.7859039816535524,"expectancy":-2.1164801696551723,"expectancy_ratio":-0.13258578301263646,"sortino":-20.139026732734216,"sharpe":-8.89731078808099,"calmar":-105.71353087265246,"sqn":-1.2746,"profit_factor":0.5193765365791926,"max_drawdown_account":0.07394976464071254,"max_drawdown_abs":74.1937074},{"key":"TOTAL","trades":29,"profit_mean":-0.0063006350600761755,"profit_mean_pct":-0.63,"profit_total_abs":-61.377924920000005,"profit_total":-0.06137792492000001,"profit_total_pct":-6.14,"duration_avg":"15:41:00","wins":21,"draws":0,"losses":8,"winrate":0.7241379310344828,"cagr":-0.7859039816535524,"expectancy":-2.1164801696551723,"expectancy_ratio":-0.13258578301263646,"sortino":-20.139026732734216,"sharpe":-8.89731078808099,"calmar":-105.71353087265246,"sqn":-1.2746,"profit_factor":0.5193765365791926,"max_drawdown_account":0.07394976464071254,"max_drawdown_abs":74.1937074}],"exit_reason_summary":[{"key":"roi","trades":21,"profit_mean":0.009990009988931065,"profit_mean_pct":1.0,"profit_total_abs":66.32687850999999,"profit_total":0.06632687850999999,"profit_total_pct":6.63,"duration_avg":"11:51:00","wins":21,"draws":0,"losses":0,"winrate":1.0,"cagr":3.7716143962091007,"expectancy":3.1584227861904757,"expectancy_ratio":100.0,"sortino":-100,"sharpe":1182.0836018967088,"calmar":-100,"sqn":197.6463,"profit_factor":0.0,"max_drawdown_account":0.0,"max_drawdown_abs":0.0},{"key":"exit_signal","trades":8,"profit_mean":-0.049063578313720185,"profit_mean_pct":-4.91,"profit_total_abs":-127.70480343,"profit_total":-0.12770480342999999,"profit_total_pct":-12.77,"duration_avg":"1 day, 1:45:00","wins":0,"draws":0,"losses":8,"winrate":0.0,"cagr":-0.9640130779104816,"expectancy":-15.96310042875,"expectancy_ratio":-1.0,"sortino":-41.90188009007291,"sharpe":-41.90188009007291,"calmar":-127.36648783028537,"sqn":-10.8802,"profit_factor":0.0,"max_drawdown_account":0.12770480342999996,"max_drawdown_abs":127.70480343},{"key":"TOTAL","trades":29,"profit_mean":-0.0063006350600761755,"profit_mean_pct":-0.63,"profit_total_abs":-61.377924920000005,"profit_total":-0.06137792492000001,"profit_total_pct":-6.14,"duration_avg":"15:41:00","wins":21,"draws":0,"losses":8,"winrate":0.7241379310344828,"cagr":-0.7859039816535524,"expectancy":-2.1164801696551723,"expectancy_ratio":-0.13258578301263646,"sortino":-20.139026732734216,"sharpe":-8.89731078808099,"calmar":-105.71353087265246,"sqn":-1.2746,"profit_factor":0.5193765365791926,"max_drawdown_account":0.07394976464071254,"max_drawdown_abs":74.1937074}],"mix_tag_stats":[{"key":["","roi"],"trades":21,"profit_mean":0.009990009988931065,"profit_mean_pct":1.0,"profit_total_abs":66.32687850999999,"profit_total":0.06632687850999999,"profit_total_pct":6.63,"duration_avg":"11:51:00","wins":21,"draws":0,"losses":0,"winrate":1.0,"cagr":3.7716143962091007,"expectancy":3.1584227861904757,"expectancy_ratio":100.0,"sortino":-100,"sharpe":1182.0836018967088,"calmar":-100,"sqn":197.6463,"profit_factor":0.0,"max_drawdown_account":0.0,"max_drawdown_abs":0.0},{"key":["","exit_signal"],"trades":8,"profit_mean":-0.049063578313720185,"profit_mean_pct":-4.91,"profit_total_abs":-127.70480343,"profit_total":-0.12770480342999999,"profit_total_pct":-12.77,"duration_avg":"1 day, 1:45:00","wins":0,"draws":0,"losses":8,"winrate":0.0,"cagr":-0.9640130779104816,"expectancy":-15.96310042875,"expectancy_ratio":-1.0,"sortino":-41.90188009007291,"sharpe":-41.90188009007291,"calmar":-127.36648783028537,"sqn":-10.8802,"profit_factor":0.0,"max_drawdown_account":0.12770480342999996,"max_drawdown_abs":127.70480343},{"key":"TOTAL","trades":29,"profit_mean":-0.0063006350600761755,"profit_mean_pct":-0.63,"profit_total_abs":-61.377924920000005,"profit_total":-0.06137792492000001,"profit_total_pct":-6.14,"duration_avg":"15:41:00","wins":21,"draws":0,"losses":8,"winrate":0.7241379310344828,"cagr":-0.7859039816535524,"expectancy":-2.1164801696551723,"expectancy_ratio":-0.13258578301263646,"sortino":-20.139026732734216,"sharpe":-8.89731078808099,"calmar":-105.71353087265246,"sqn":-1.2746,"profit_factor":0.5193765365791926,"max_drawdown_account":0.07394976464071254,"max_drawdown_abs":74.1937074}],"left_open_trades":[{"key":"TOTAL","trades":0,"profit_mean":0.0,"profit_mean_pct":0.0,"profit_total_abs":0.0,"profit_total":0.0,"profit_total_pct":0.0,"duration_avg":"0:00","wins":0,"draws":0,"losses":0,"winrate":0.0,"cagr":0.0,"expectancy":0.0,"expectancy_ratio":100.0,"sortino":0,"sharpe":0,"calmar":0,"sqn":0.0,"profit_factor":0.0,"max_drawdown_account":0.0,"max_drawdown_abs":0.0}],"total_trades":29,"trade_count_long":29,"trade_count_short":0,"total_volume":18444.73927540899,"avg_stake_amount":318.43559611034476,"profit_mean":-0.0063006350600761755,"profit_median":0.00999000999000999,"profit_total":-0.06137792492000001,"profit_total_long":-0.06137792492000001,"profit_total_short":0.0,"profit_total_abs":-61.377924920000005,"profit_total_long_abs":-61.377924920000005,"profit_total_short_abs":0.0,"cagr":-0.7859039816535524,"expectancy":-2.1164801696551723,"expectancy_ratio":-0.13258578301263646,"sortino":-20.139026732734216,"sharpe":-8.89731078808099,"calmar":-105.71353087265246,"sqn":-1.2746,"profit_factor":0.5193765365791926,"backtest_start":"2025-10-18 00:00:00","backtest_start_ts":1760745600000,"backtest_end":"2025-11-02 00:00:00","backtest_end_ts":1762041600000,"backtest_days":15,"backtest_run_start_ts":1762103252,"backtest_run_end_ts":1762103253,"trades_per_day":1.93,"market_change":0.02061333879539347,"pairlist":["BTC/USDT","ETH/USDT","ADA/USDT","XRP/USDT","SOL/USDT"],"stake_amount":"unlimited","stake_currency":"USDT","stake_currency_decimals":3,"starting_balance":1000.0,"dry_run_wallet":1000.0,"final_balance":938.62207508,"rejected_signals":53,"timedout_entry_orders":0,"timedout_exit_orders":0,"canceled_trade_entries":0,"canceled_entry_orders":0,"replaced_entry_orders":0,"max_open_trades":3,"max_open_trades_setting":3,"timeframe":"1h","timeframe_detail":"","timerange":"20251018-20251102","enable_protections":false,"strategy_name":"ADXMomentum","freqaimodel":null,"freqai_identifier":null,"stoploss":-0.1,"trailing_stop":false,"trailing_stop_positive":null,"trailing_stop_positive_offset":0.0,"trailing_only_offset_is_reached":false,"use_custom_stoploss":false,"minimal_roi":{"0":0.01},"use_exit_signal":true,"exit_profit_only":false,"exit_profit_offset":0.0,"ignore_roi_if_entry_signal":false,"trading_mode":"spot","margin_mode":"","periodic_breakdown":{"day":[{"date":"20/10/2025","date_ts":1760918400000,"profit_abs":3.29876316,"wins":1,"draws":0,"losses":0,"trades":1,"profit_factor":0.0},{"date":"21/10/2025","date_ts":1761004800000,"profit_abs":-18.25591312,"wins":3,"draws":0,"losses":2,"trades":5,"profit_factor":0.3485364},{"date":"22/10/2025","date_ts":1761091200000,"profit_abs":-55.93779428,"wins":0,"draws":0,"losses":3,"trades":3,"profit_factor":0.0},{"date":"23/10/2025","date_ts":1761177600000,"profit_abs":0.0,"wins":0,"draws":0,"losses":0,"trades":0,"profit_factor":0.0},{"date":"24/10/2025","date_ts":1761264000000,"profit_abs":6.12844379,"wins":2,"draws":0,"losses":0,"trades":2,"profit_factor":0.0},{"date":"25/10/2025","date_ts":1761350400000,"profit_abs":12.3995676,"wins":4,"draws":0,"losses":0,"trades":4,"profit_factor":0.0},{"date":"26/10/2025","date_ts":1761436800000,"profit_abs":21.9780494,"wins":7,"draws":0,"losses":0,"trades":7,"profit_factor":0.0},{"date":"27/10/2025","date_ts":1761523200000,"profit_abs":12.75504634,"wins":4,"draws":0,"losses":0,"trades":4,"profit_factor":0.0},{"date":"28/10/2025","date_ts":1761609600000,"profit_abs":-35.82701498,"wins":0,"draws":0,"losses":2,"trades":2,"profit_factor":0.0},{"date":"29/10/2025","date_ts":1761696000000,"profit_abs":-7.91707283,"wins":0,"draws":0,"losses":1,"trades":1,"profit_factor":0.0}],"week":[{"date":"20/10/2025","date_ts":1760918400000,"profit_abs":3.29876316,"wins":1,"draws":0,"losses":0,"trades":1,"profit_factor":0.0},{"date":"27/10/2025","date_ts":1761523200000,"profit_abs":-20.93260027,"wins":20,"draws":0,"losses":5,"trades":25,"profit_factor":0.75068578},{"date":"03/11/2025","date_ts":1762128000000,"profit_abs":-43.74408781,"wins":0,"draws":0,"losses":3,"trades":3,"profit_factor":0.0}],"month":[{"date":"31/10/2025","date_ts":1761868800000,"profit_abs":-61.37792492,"wins":21,"draws":0,"losses":8,"trades":29,"profit_factor":0.51937654}],"year":[{"date":"31/12/2025","date_ts":1767139200000,"profit_abs":-61.37792492,"wins":21,"draws":0,"losses":8,"trades":29,"profit_factor":0.51937654}],"weekday":[{"date":"Monday","date_ts":0,"profit_abs":16.0538095,"wins":5,"draws":0,"losses":0,"trades":5,"profit_factor":0.0},{"date":"Tuesday","date_ts":1,"profit_abs":-54.0829281,"wins":3,"draws":0,"losses":4,"trades":7,"profit_factor":0.15296817},{"date":"Wednesday","date_ts":2,"profit_abs":-63.85486711,"wins":0,"draws":0,"losses":4,"trades":4,"profit_factor":0.0},{"date":"Friday","date_ts":4,"profit_abs":6.12844379,"wins":2,"draws":0,"losses":0,"trades":2,"profit_factor":0.0},{"date":"Saturday","date_ts":5,"profit_abs":12.3995676,"wins":4,"draws":0,"losses":0,"trades":4,"profit_factor":0.0},{"date":"Sunday","date_ts":6,"profit_abs":21.9780494,"wins":7,"draws":0,"losses":0,"trades":7,"profit_factor":0.0}]},"backtest_best_day":0.06993006991712003,"backtest_worst_day":-0.17205180694756755,"backtest_best_day_abs":21.9780494,"backtest_worst_day_abs":-55.93779428,"winning_days":5,"draw_days":1,"losing_days":4,"daily_profit":[["2025-10-20",3.29876316],["2025-10-21",-18.25591312],["2025-10-22",-55.93779428],["2025-10-23",0.0],["2025-10-24",6.12844379],["2025-10-25",12.3995676],["2025-10-26",21.9780494],["2025-10-27",12.75504634],["2025-10-28",-35.82701498],["2025-10-29",-7.91707283]],"wins":21,"losses":8,"draws":0,"winrate":0.7241379310344828,"holding_avg":"15:41:00","holding_avg_s":56460.0,"winner_holding_min":"0d 00:00","winner_holding_min_s":0.0,"winner_holding_max":"1d 20:00","winner_holding_max_s":158400.0,"winner_holding_avg":"0d 11:51","winner_holding_avg_s":42660.0,"loser_holding_min":"0d 09:00","loser_holding_min_s":32400.0,"loser_holding_max":"1d 18:00","loser_holding_max_s":151200.0,"loser_holding_avg":"1d 01:45","loser_holding_avg_s":92700.0,"max_consecutive_wins":17,"max_consecutive_losses":3,"max_drawdown_account":0.07394976464071254,"max_relative_drawdown":0.07394976464071254,"max_drawdown_abs":74.1937074,"drawdown_start":"2025-10-20 04:00:00","drawdown_start_ts":1760932800000.0,"drawdown_end":"2025-10-22 10:00:00","drawdown_end_ts":1761127200000.0,"drawdown_duration":"2 days 06:00:00","drawdown_duration_s":194400.0,"max_drawdown_low":-70.89494424,"max_drawdown_high":3.29876316,"csum_min":929.10505576,"csum_max":1003.29876316}},"strategy_comparison":[{"key":"ADXMomentum","trades":29,"profit_mean":-0.0063006350600761755,"profit_mean_pct":-0.63,"profit_total_abs":-61.377924920000005,"profit_total":-0.06137792492000001,"profit_total_pct":-6.14,"duration_avg":"15:41:00","wins":21,"draws":0,"losses":8,"winrate":0.7241379310344828,"cagr":-0.7859039816535524,"expectancy":-2.1164801696551723,"expectancy_ratio":-0.13258578301263646,"sortino":-20.139026732734216,"sharpe":-8.89731078808099,"calmar":-105.71353087265246,"sqn":-1.2746,"profit_factor":0.5193765365791926,"max_drawdown_account":0.07394976464071254,"max_drawdown_abs":"74.194"}]}