{"$schema":"https://schema.freqtrade.io/schema.json","max_open_trades":5,"stake_currency":"USDT","stake_amount":"unlimited","tradable_balance_ratio":1,"fiat_display_currency":"USD","dry_run":true,"dry_run_wallet":10000,"cancel_open_orders_on_exit":false,"trading_mode":"spot","margin_mode":"isolated","unfilledtimeout":{"entry":10,"exit":10,"exit_timeout_count":0,"unit":"minutes"},"entry_pricing":{"price_side":"same","use_order_book":true,"order_book_top":1,"price_last_balance":0.0,"check_depth_of_market":{"enabled":false,"bids_to_ask_delta":1}},"exit_pricing":{"price_side":"same","use_order_book":true,"order_book_top":1},"exchange":{"name":"binance","key":"REDACTED","secret":"REDACTED","ccxt_config":{"proxies":{"http":"http://127.0.0.1:7890","https":"http://127.0.0.1:7890"}},"ccxt_async_config":{"proxies":{"http":"http://127.0.0.1:7890","https":"http://127.0.0.1:7890"},"aiohttp_proxy":"http://127.0.0.1:7890","wss_proxy":"http://127.0.0.1:7890"},"pair_whitelist":["TRX/USDT","EDEN/USDT","AVNT/USDT","BONK/USDT","PEPE/USDT","ZEC/USDT","BNB/USDT","APT/USDT","LINEA/USDT","WIF/USDT","VIRTUAL/USDT","NEAR/USDT","PUMP/USDT","FET/USDT","ADA/USDT","AVAX/USDT","PLUME/USDT","LTC/USDT","FORM/USDT","CRV/USDT","1000CHEEMS/USDT","BTC/USDT","XPL/USDT","TUT/USDT","PAXG/USDT","SOMI/USDT","HEMI/USDT","SHIB/USDT","BIO/USDT","OMNI/USDT","DOT/USDT","FIL/USDT","S/USDT","SEI/USDT","LISTA/USDT","STO/USDT","WLFI/USDT","TRUMP/USDT","ARB/USDT","EIGEN/USDT","LINK/USDT","SUI/USDT","WLD/USDT","ASTER/USDT","TAO/USDT","XLM/USDT","ENA/USDT","SOL/USDT","FLOKI/USDT","TON/USDT","PENDLE/USDT","OPEN/USDT","PENGU/USDT","XRP/USDT","POL/USDT","MIRA/USDT","ETH/USDT","DOGE/USDT","ONDO/USDT","BMT/USDT","CFX/USDT","ICP/USDT","UNI/USDT","ZEN/USDT","AAVE/USDT","HBAR/USDT","CAKE/USDT"],"pair_blacklist":[]},"pairlists":[{"method":"StaticPairList"}],"telegram":{"enabled":false,"token":"REDACTED","chat_id":"REDACTED"},"api_server":{"enabled":true,"listen_ip_address":"127.0.0.1","listen_port":18080,"verbosity":"error","enable_openapi":false,"jwt_secret_key":"474bbea185b414b4198036ac29501fc20273b79bb47db9097c47ef6ad7797810","ws_token":"KBP8grSjlJQHB5fNa6DHIaeuEKU2E67YfQ","CORS_origins":[],"username":"freqtrader","password":"REDACTED"},"bot_name":"freqtrade","initial_state":"running","force_entry_enable":false,"internals":{"process_throttle_secs":5},"config_files":["user_data/config.json"]}