{"strategy":{"ADX_15M_USDT2":{"trades":[{"pair":"NEAR/USDT","stake_amount":329.8077,"max_stake_amount":329.8077,"amount":153.9,"open_date":"2025-10-18 13:30:00+00:00","close_date":"2025-10-18 23:30:00+00:00","open_rate":2.143,"close_rate":2.161,"fee_open":0.001,"fee_close":0.001,"trade_duration":600,"profit_ratio":0.0063846559413521615,"profit_abs":2.1078144,"exit_reason":"roi","initial_stop_loss_abs":1.459,"initial_stop_loss_ratio":-0.31941,"stop_loss_abs":1.459,"stop_loss_ratio":-0.31941,"min_rate":2.113,"max_rate":2.176,"is_open":false,"enter_tag":"","leverage":1.0,"is_short":false,"open_timestamp":1760794200000,"close_timestamp":1760830200000,"orders":[{"amount":153.9,"safe_price":2.143,"ft_order_side":"buy","order_filled_timestamp":1760794200000,"ft_is_entry":true,"ft_order_tag":"","cost":330.1375076999999},{"amount":153.9,"safe_price":2.161,"ft_order_side":"sell","order_filled_timestamp":1760830200000,"ft_is_entry":false,"ft_order_tag":"roi","cost":332.9104779}],"funding_fees":0.0,"weekday":5},{"pair":"AVAX/USDT","stake_amount":329.9751,"max_stake_amount":329.9751,"amount":16.59,"open_date":"2025-10-18 14:15:00+00:00","close_date":"2025-10-19 00:15:00+00:00","open_rate":19.89,"close_rate":20.12,"fee_open":0.001,"fee_close":0.001,"trade_duration":600,"profit_ratio":0.009542493705389633,"profit_abs":3.1519341,"exit_reason":"roi","initial_stop_loss_abs":13.5369351,"initial_stop_loss_ratio":-0.31941,"stop_loss_abs":13.5369351,"stop_loss_ratio":-0.31941,"min_rate":19.82,"max_rate":20.28,"is_open":false,"enter_tag":"","leverage":1.0,"is_short":false,"open_timestamp":1760796900000,"close_timestamp":1760832900000,"orders":[{"amount":16.59,"safe_price":19.89,"ft_order_side":"buy","order_filled_timestamp":1760796900000,"ft_is_entry":true,"ft_order_tag":"","cost":330.30507509999995},{"amount":16.59,"safe_price":20.12,"ft_order_side":"sell","order_filled_timestamp":1760832900000,"ft_is_entry":false,"ft_order_tag":"roi","cost":334.12459079999996}],"funding_fees":0.0,"weekday":6},{"pair":"DOT/USDT","stake_amount":329.99696,"max_stake_amount":329.99696,"amount":113.44,"open_date":"2025-10-18 14:15:00+00:00","close_date":"2025-10-19 00:15:00+00:00","open_rate":2.909,"close_rate":2.92,"fee_open":0.001,"fee_close":0.001,"trade_duration":600,"profit_ratio":0.0017758109885988884,"profit_abs":0.58659824,"exit_reason":"roi","initial_stop_loss_abs":1.98,"initial_stop_loss_ratio":-0.31941,"stop_loss_abs":1.98,"stop_loss_ratio":-0.31941,"min_rate":2.894,"max_rate":2.947,"is_open":false,"enter_tag":"","leverage":1.0,"is_short":false,"open_timestamp":1760796900000,"close_timestamp":1760832900000,"orders":[{"amount":113.44,"safe_price":2.909,"ft_order_side":"buy","order_filled_timestamp":1760796900000,"ft_is_entry":true,"ft_order_tag":"","cost":330.3269569599999},{"amount":113.44,"safe_price":2.92,"ft_order_side":"sell","order_filled_timestamp":1760832900000,"ft_is_entry":false,"ft_order_tag":"roi","cost":331.5760448}],"funding_fees":0.0,"weekday":6},{"pair":"LINK/USDT","stake_amount":331.848,"max_stake_amount":331.848,"amount":19.8,"open_date":"2025-10-19 00:15:00+00:00","close_date":"2025-10-19 10:15:00+00:00","open_rate":16.76,"close_rate":16.88,"fee_open":0.001,"fee_close":0.001,"trade_duration":600,"profit_ratio":0.00514759703303856,"profit_abs":1.709928,"exit_reason":"roi","initial_stop_loss_abs":11.406688400000002,"initial_stop_loss_ratio":-0.31941,"stop_loss_abs":11.406688400000002,"stop_loss_ratio":-0.31941,"min_rate":16.53,"max_rate":17.17,"is_open":false,"enter_tag":"","leverage":1.0,"is_short":false,"open_timestamp":1760832900000,"close_timestamp":1760868900000,"orders":[{"amount":19.8,"safe_price":16.76,"ft_order_side":"buy","order_filled_timestamp":1760832900000,"ft_is_entry":true,"ft_order_tag":"","cost":332.17984800000005},{"amount":19.8,"safe_price":16.88,"ft_order_side":"sell","order_filled_timestamp":1760868900000,"ft_is_entry":false,"ft_order_tag":"roi","cost":334.55822399999994}],"funding_fees":0.0,"weekday":6},{"pair":"ETH/USDT","stake_amount":331.86996,"max_stake_amount":331.86996,"amount":0.0855,"open_date":"2025-10-19 00:30:00+00:00","close_date":"2025-10-19 10:30:00+00:00","open_rate":3881.52,"close_rate":3919.28,"fee_open":0.001,"fee_close":0.001,"trade_duration":600,"profit_ratio":0.007710708879323238,"profit_abs":2.5615116,"exit_reason":"roi","initial_stop_loss_abs":2641.7236968,"initial_stop_loss_ratio":-0.31941,"stop_loss_abs":2641.7236968,"stop_loss_ratio":-0.31941,"min_rate":3827.04,"max_rate":3955.6,"is_open":false,"enter_tag":"","leverage":1.0,"is_short":false,"open_timestamp":1760833800000,"close_timestamp":1760869800000,"orders":[{"amount":0.0855,"safe_price":3881.52,"ft_order_side":"buy","order_filled_timestamp":1760833800000,"ft_is_entry":true,"ft_order_tag":"","cost":332.20182996},{"amount":0.0855,"safe_price":3919.28,"ft_order_side":"sell","order_filled_timestamp":1760869800000,"ft_is_entry":false,"ft_order_tag":"roi","cost":335.43353844}],"funding_fees":0.0,"weekday":6},{"pair":"BTC/USDT","stake_amount":331.19904,"max_stake_amount":331.19904,"amount":0.0031,"open_date":"2025-10-19 00:45:00+00:00","close_date":"2025-10-19 10:45:00+00:00","open_rate":106838.4,"close_rate":107511.99,"fee_open":0.001,"fee_close":0.001,"trade_duration":600,"profit_ratio":0.004294156678203443,"profit_abs":1.42364279,"exit_reason":"roi","initial_stop_loss_abs":72713.146656,"initial_stop_loss_ratio":-0.31941,"stop_loss_abs":72713.146656,"stop_loss_ratio":-0.31941,"min_rate":106103.36,"max_rate":108213.04,"is_open":false,"enter_tag":"","leverage":1.0,"is_short":false,"open_timestamp":1760834700000,"close_timestamp":1760870700000,"orders":[{"amount":0.0031,"safe_price":106838.4,"ft_order_side":"buy","order_filled_timestamp":1760834700000,"ft_is_entry":true,"ft_order_tag":"","cost":331.5302390399999},{"amount":0.0031,"safe_price":107511.99,"ft_order_side":"sell","order_filled_timestamp":1760870700000,"ft_is_entry":false,"ft_order_tag":"roi","cost":333.62045616899997}],"funding_fees":0.0,"weekday":6},{"pair":"SOL/USDT","stake_amount":333.7335,"max_stake_amount":333.7335,"amount":1.77,"open_date":"2025-10-19 23:30:00+00:00","close_date":"2025-10-20 09:30:00+00:00","open_rate":188.55,"close_rate":192.63,"fee_open":0.001,"fee_close":0.001,"trade_duration":600,"profit_ratio":0.019597586184698357,"profit_abs":6.5469114,"exit_reason":"roi","initial_stop_loss_abs":128.32524450000003,"initial_stop_loss_ratio":-0.31941,"stop_loss_abs":128.32524450000003,"stop_loss_ratio":-0.31941,"min_rate":183.82,"max_rate":194.5,"is_open":false,"enter_tag":"","leverage":1.0,"is_short":false,"open_timestamp":1760916600000,"close_timestamp":1760952600000,"orders":[{"amount":1.77,"safe_price":188.55,"ft_order_side":"buy","order_filled_timestamp":1760916600000,"ft_is_entry":true,"ft_order_tag":"","cost":334.0672335},{"amount":1.77,"safe_price":192.63,"ft_order_side":"sell","order_filled_timestamp":1760952600000,"ft_is_entry":false,"ft_order_tag":"roi","cost":341.2960551}],"funding_fees":0.0,"weekday":0},{"pair":"BTC/USDT","stake_amount":332.8456824,"max_stake_amount":332.8456824,"amount":0.00308,"open_date":"2025-10-20 00:15:00+00:00","close_date":"2025-10-20 10:15:00+00:00","open_rate":108066.78,"close_rate":110883.01,"fee_open":0.001,"fee_close":0.001,"trade_duration":600,"profit_ratio":0.024010019781411526,"profit_abs":7.99962305,"exit_reason":"roi","initial_stop_loss_abs":73549.1698002,"initial_stop_loss_ratio":-0.31941,"stop_loss_abs":73549.1698002,"stop_loss_ratio":-0.31941,"min_rate":107402.52,"max_rate":111679.25,"is_open":false,"enter_tag":"","leverage":1.0,"is_short":false,"open_timestamp":1760919300000,"close_timestamp":1760955300000,"orders":[{"amount":0.00308,"safe_price":108066.78,"ft_order_side":"buy","order_filled_timestamp":1760919300000,"ft_is_entry":true,"ft_order_tag":"","cost":333.17852808239996},{"amount":0.00308,"safe_price":110883.01,"ft_order_side":"sell","order_filled_timestamp":1760955300000,"ft_is_entry":false,"ft_order_tag":"roi","cost":341.86119047079995}],"funding_fees":0.0,"weekday":0},{"pair":"AVAX/USDT","stake_amount":333.744,"max_stake_amount":333.744,"amount":16.32,"open_date":"2025-10-20 00:15:00+00:00","close_date":"2025-10-20 10:15:00+00:00","open_rate":20.45,"close_rate":20.76,"fee_open":0.001,"fee_close":0.001,"trade_duration":600,"profit_ratio":0.013130634646527068,"profit_abs":4.3866528,"exit_reason":"roi","initial_stop_loss_abs":13.9180655,"initial_stop_loss_ratio":-0.31941,"stop_loss_abs":13.9180655,"stop_loss_ratio":-0.31941,"min_rate":20.17,"max_rate":21.21,"is_open":false,"enter_tag":"","leverage":1.0,"is_short":false,"open_timestamp":1760919300000,"close_timestamp":1760955300000,"orders":[{"amount":16.32,"safe_price":20.45,"ft_order_side":"buy","order_filled_timestamp":1760919300000,"ft_is_entry":true,"ft_order_tag":"","cost":334.07774399999994},{"amount":16.32,"safe_price":20.76,"ft_order_side":"sell","order_filled_timestamp":1760955300000,"ft_is_entry":false,"ft_order_tag":"roi","cost":339.1420032}],"funding_fees":0.0,"weekday":0},{"pair":"SOL/USDT","stake_amount":339.88248,"max_stake_amount":339.88248,"amount":1.778,"open_date":"2025-10-20 11:15:00+00:00","close_date":"2025-10-21 14:45:00+00:00","open_rate":191.16,"close_rate":191.54270270270266,"fee_open":0.001,"fee_close":0.001,"trade_duration":1650,"profit_ratio":0.0,"profit_abs":0.0,"exit_reason":"roi","initial_stop_loss_abs":130.1015844,"initial_stop_loss_ratio":-0.31941,"stop_loss_abs":130.1015844,"stop_loss_ratio":-0.31941,"min_rate":182.72,"max_rate":192.99,"is_open":false,"enter_tag":"","leverage":1.0,"is_short":false,"open_timestamp":1760958900000,"close_timestamp":1761057900000,"orders":[{"amount":1.778,"safe_price":191.16,"ft_order_side":"buy","order_filled_timestamp":1760958900000,"ft_is_entry":true,"ft_order_tag":"","cost":340.22236247999996},{"amount":1.778,"safe_price":191.54270270270266,"ft_order_side":"sell","order_filled_timestamp":1761057900000,"ft_is_entry":false,"ft_order_tag":"roi","cost":340.9034883308107}],"funding_fees":0.0,"weekday":1},{"pair":"AVAX/USDT","stake_amount":339.9824,"max_stake_amount":339.9824,"amount":16.48,"open_date":"2025-10-20 11:15:00+00:00","close_date":"2025-10-21 15:00:00+00:00","open_rate":20.63,"close_rate":20.6713013013013,"fee_open":0.001,"fee_close":0.001,"trade_duration":1665,"profit_ratio":0.0,"profit_abs":0.0,"exit_reason":"roi","initial_stop_loss_abs":14.0405717,"initial_stop_loss_ratio":-0.31941,"stop_loss_abs":14.0405717,"stop_loss_ratio":-0.31941,"min_rate":19.46,"max_rate":20.88,"is_open":false,"enter_tag":"","leverage":1.0,"is_short":false,"open_timestamp":1760958900000,"close_timestamp":1761058800000,"orders":[{"amount":16.48,"safe_price":20.63,"ft_order_side":"buy","order_filled_timestamp":1760958900000,"ft_is_entry":true,"ft_order_tag":"","cost":340.3223823999999},{"amount":16.48,"safe_price":20.6713013013013,"ft_order_side":"sell","order_filled_timestamp":1761058800000,"ft_is_entry":false,"ft_order_tag":"roi","cost":341.0037084908908}],"funding_fees":0.0,"weekday":1},{"pair":"ETH/USDT","stake_amount":339.67836,"max_stake_amount":339.67836,"amount":0.084,"open_date":"2025-10-20 14:30:00+00:00","close_date":"2025-10-21 15:15:00+00:00","open_rate":4043.79,"close_rate":4051.8856756756754,"fee_open":0.001,"fee_close":0.001,"trade_duration":1485,"profit_ratio":0.0,"profit_abs":0.0,"exit_reason":"roi","initial_stop_loss_abs":2752.1630361,"initial_stop_loss_ratio":-0.31941,"stop_loss_abs":2752.1630361,"stop_loss_ratio":-0.31941,"min_rate":3840.24,"max_rate":4069.73,"is_open":false,"enter_tag":"","leverage":1.0,"is_short":false,"open_timestamp":1760970600000,"close_timestamp":1761059700000,"orders":[{"amount":0.084,"safe_price":4043.79,"ft_order_side":"buy","order_filled_timestamp":1760970600000,"ft_is_entry":true,"ft_order_tag":"","cost":340.01803835999993},{"amount":0.084,"safe_price":4051.8856756756754,"ft_order_side":"sell","order_filled_timestamp":1761059700000,"ft_is_entry":false,"ft_order_tag":"roi","cost":340.69875515351345}],"funding_fees":0.0,"weekday":1},{"pair":"SOL/USDT","stake_amount":339.88752,"max_stake_amount":339.88752,"amount":1.764,"open_date":"2025-10-21 20:15:00+00:00","close_date":"2025-10-23 17:30:00+00:00","open_rate":192.68,"close_rate":193.06574574574572,"fee_open":0.001,"fee_close":0.001,"trade_duration":2715,"profit_ratio":0.0,"profit_abs":0.0,"exit_reason":"roi","initial_stop_loss_abs":131.1360812,"initial_stop_loss_ratio":-0.31941,"stop_loss_abs":131.1360812,"stop_loss_ratio":-0.31941,"min_rate":177.04,"max_rate":193.44,"is_open":false,"enter_tag":"","leverage":1.0,"is_short":false,"open_timestamp":1761077700000,"close_timestamp":1761240600000,"orders":[{"amount":1.764,"safe_price":192.68,"ft_order_side":"buy","order_filled_timestamp":1761077700000,"ft_is_entry":true,"ft_order_tag":"","cost":340.22740752},{"amount":1.764,"safe_price":193.06574574574572,"ft_order_side":"sell","order_filled_timestamp":1761240600000,"ft_is_entry":false,"ft_order_tag":"roi","cost":340.9085434709909}],"funding_fees":0.0,"weekday":3},{"pair":"ETH/USDT","stake_amount":340.016115,"max_stake_amount":340.016115,"amount":0.0885,"open_date":"2025-10-23 20:15:00+00:00","close_date":"2025-10-24 06:15:00+00:00","open_rate":3841.99,"close_rate":3963.61,"fee_open":0.001,"fee_close":0.001,"trade_duration":600,"profit_ratio":0.0295942205213182,"profit_abs":10.0725744,"exit_reason":"roi","initial_stop_loss_abs":2614.8199741,"initial_stop_loss_ratio":-0.31941,"stop_loss_abs":2614.8199741,"stop_loss_ratio":-0.31941,"min_rate":3818.72,"max_rate":3989.2,"is_open":false,"enter_tag":"","leverage":1.0,"is_short":false,"open_timestamp":1761250500000,"close_timestamp":1761286500000,"orders":[{"amount":0.0885,"safe_price":3841.99,"ft_order_side":"buy","order_filled_timestamp":1761250500000,"ft_is_entry":true,"ft_order_tag":"","cost":340.3561311149999},{"amount":0.0885,"safe_price":3963.61,"ft_order_side":"sell","order_filled_timestamp":1761286500000,"ft_is_entry":false,"ft_order_tag":"roi","cost":351.13026448499994}],"funding_fees":0.0,"weekday":4},{"pair":"SOL/USDT","stake_amount":343.30057,"max_stake_amount":343.30057,"amount":1.787,"open_date":"2025-10-24 10:00:00+00:00","close_date":"2025-10-24 20:00:00+00:00","open_rate":192.11,"close_rate":192.84,"fee_open":0.001,"fee_close":0.001,"trade_duration":600,"profit_ratio":0.001794312085291212,"profit_abs":0.61660435,"exit_reason":"roi","initial_stop_loss_abs":130.74814490000003,"initial_stop_loss_ratio":-0.31941,"stop_loss_abs":130.74814490000003,"stop_loss_ratio":-0.31941,"min_rate":188.83,"max_rate":197.0,"is_open":false,"enter_tag":"","leverage":1.0,"is_short":false,"open_timestamp":1761300000000,"close_timestamp":1761336000000,"orders":[{"amount":1.787,"safe_price":192.11,"ft_order_side":"buy","order_filled_timestamp":1761300000000,"ft_is_entry":true,"ft_order_tag":"","cost":343.64387056999993},{"amount":1.787,"safe_price":192.84,"ft_order_side":"sell","order_filled_timestamp":1761336000000,"ft_is_entry":false,"ft_order_tag":"roi","cost":344.94968507999994}],"funding_fees":0.0,"weekday":4},{"pair":"BTC/USDT","stake_amount":343.052851,"max_stake_amount":343.052851,"amount":0.0031,"open_date":"2025-10-24 20:15:00+00:00","close_date":"2025-10-25 06:15:00+00:00","open_rate":110662.21,"close_rate":111308.0,"fee_open":0.001,"fee_close":0.001,"trade_duration":600,"profit_ratio":0.003826025107655558,"profit_abs":1.31384135,"exit_reason":"roi","initial_stop_loss_abs":75315.5935039,"initial_stop_loss_ratio":-0.31941,"stop_loss_abs":75315.5935039,"stop_loss_ratio":-0.31941,"min_rate":110646.64,"max_rate":111497.1,"is_open":false,"enter_tag":"","leverage":1.0,"is_short":false,"open_timestamp":1761336900000,"close_timestamp":1761372900000,"orders":[{"amount":0.0031,"safe_price":110662.21,"ft_order_side":"buy","order_filled_timestamp":1761336900000,"ft_is_entry":true,"ft_order_tag":"","cost":343.395903851},{"amount":0.0031,"safe_price":111308.0,"ft_order_side":"sell","order_filled_timestamp":1761372900000,"ft_is_entry":false,"ft_order_tag":"roi","cost":345.39985479999996}],"funding_fees":0.0,"weekday":5},{"pair":"ATOM/USDT","stake_amount":343.9923,"max_stake_amount":343.9923,"amount":109.1,"open_date":"2025-10-25 09:45:00+00:00","close_date":"2025-10-25 19:45:00+00:00","open_rate":3.153,"close_rate":3.164,"fee_open":0.001,"fee_close":0.001,"trade_duration":600,"profit_ratio":0.0014837683724458223,"profit_abs":0.5109153,"exit_reason":"roi","initial_stop_loss_abs":2.146,"initial_stop_loss_ratio":-0.31941,"stop_loss_abs":2.146,"stop_loss_ratio":-0.31941,"min_rate":3.136,"max_rate":3.174,"is_open":false,"enter_tag":"","leverage":1.0,"is_short":false,"open_timestamp":1761385500000,"close_timestamp":1761421500000,"orders":[{"amount":109.1,"safe_price":3.153,"ft_order_side":"buy","order_filled_timestamp":1761385500000,"ft_is_entry":true,"ft_order_tag":"","cost":344.33629229999997},{"amount":109.1,"safe_price":3.164,"ft_order_side":"sell","order_filled_timestamp":1761421500000,"ft_is_entry":false,"ft_order_tag":"roi","cost":345.5375924}],"funding_fees":0.0,"weekday":5},{"pair":"ATOM/USDT","stake_amount":344.17305,"max_stake_amount":344.17305,"amount":108.95,"open_date":"2025-10-25 20:45:00+00:00","close_date":"2025-10-26 08:00:00+00:00","open_rate":3.159,"close_rate":3.165324324324324,"fee_open":0.001,"fee_close":0.001,"trade_duration":675,"profit_ratio":0.0,"profit_abs":0.0,"exit_reason":"roi","initial_stop_loss_abs":2.15,"initial_stop_loss_ratio":-0.31941,"stop_loss_abs":2.15,"stop_loss_ratio":-0.31941,"min_rate":3.117,"max_rate":3.182,"is_open":false,"enter_tag":"","leverage":1.0,"is_short":false,"open_timestamp":1761425100000,"close_timestamp":1761465600000,"orders":[{"amount":108.95,"safe_price":3.159,"ft_order_side":"buy","order_filled_timestamp":1761425100000,"ft_is_entry":true,"ft_order_tag":"","cost":344.5172230499999},{"amount":108.95,"safe_price":3.165324324324324,"ft_order_side":"sell","order_filled_timestamp":1761465600000,"ft_is_entry":false,"ft_order_tag":"roi","cost":345.2069472202702}],"funding_fees":0.0,"weekday":6},{"pair":"LINK/USDT","stake_amount":340.0167,"max_stake_amount":340.0167,"amount":18.57,"open_date":"2025-10-21 17:30:00+00:00","close_date":"2025-10-26 11:45:00+00:00","open_rate":18.31,"close_rate":18.346656656656656,"fee_open":0.001,"fee_close":0.001,"trade_duration":6855,"profit_ratio":0.0,"profit_abs":0.0,"exit_reason":"roi","initial_stop_loss_abs":12.461602899999999,"initial_stop_loss_ratio":-0.31941,"stop_loss_abs":12.461602899999999,"stop_loss_ratio":-0.31941,"min_rate":16.71,"max_rate":18.42,"is_open":false,"enter_tag":"","leverage":1.0,"is_short":false,"open_timestamp":1761067800000,"close_timestamp":1761479100000,"orders":[{"amount":18.57,"safe_price":18.31,"ft_order_side":"buy","order_filled_timestamp":1761067800000,"ft_is_entry":true,"ft_order_tag":"","cost":340.35671669999994},{"amount":18.57,"safe_price":18.346656656656656,"ft_order_side":"sell","order_filled_timestamp":1761479100000,"ft_is_entry":false,"ft_order_tag":"roi","cost":341.03811152822817}],"funding_fees":0.0,"weekday":6},{"pair":"AVAX/USDT","stake_amount":339.9384,"max_stake_amount":339.9384,"amount":16.68,"open_date":"2025-10-21 18:15:00+00:00","close_date":"2025-10-26 12:00:00+00:00","open_rate":20.38,"close_rate":20.420800800800798,"fee_open":0.001,"fee_close":0.001,"trade_duration":6825,"profit_ratio":0.0,"profit_abs":0.0,"exit_reason":"roi","initial_stop_loss_abs":13.8704242,"initial_stop_loss_ratio":-0.31941,"stop_loss_abs":13.8704242,"stop_loss_ratio":-0.31941,"min_rate":18.42,"max_rate":20.54,"is_open":false,"enter_tag":"","leverage":1.0,"is_short":false,"open_timestamp":1761070500000,"close_timestamp":1761480000000,"orders":[{"amount":16.68,"safe_price":20.38,"ft_order_side":"buy","order_filled_timestamp":1761070500000,"ft_is_entry":true,"ft_order_tag":"","cost":340.27833839999994},{"amount":16.68,"safe_price":20.420800800800798,"ft_order_side":"sell","order_filled_timestamp":1761480000000,"ft_is_entry":false,"ft_order_tag":"roi","cost":340.95957631471464}],"funding_fees":0.0,"weekday":6},{"pair":"SOL/USDT","stake_amount":344.08504,"max_stake_amount":344.08504,"amount":1.774,"open_date":"2025-10-26 08:15:00+00:00","close_date":"2025-10-26 18:15:00+00:00","open_rate":193.96,"close_rate":198.92,"fee_open":0.001,"fee_close":0.001,"trade_duration":600,"profit_ratio":0.023523187474517645,"profit_abs":8.10207088,"exit_reason":"roi","initial_stop_loss_abs":132.0072364,"initial_stop_loss_ratio":-0.31941,"stop_loss_abs":132.0072364,"stop_loss_ratio":-0.31941,"min_rate":193.73,"max_rate":199.96,"is_open":false,"enter_tag":"","leverage":1.0,"is_short":false,"open_timestamp":1761466500000,"close_timestamp":1761502500000,"orders":[{"amount":1.774,"safe_price":193.96,"ft_order_side":"buy","order_filled_timestamp":1761466500000,"ft_is_entry":true,"ft_order_tag":"","cost":344.42912504},{"amount":1.774,"safe_price":198.92,"ft_order_side":"sell","order_filled_timestamp":1761502500000,"ft_is_entry":false,"ft_order_tag":"roi","cost":353.23696407999995}],"funding_fees":0.0,"weekday":6},{"pair":"LINK/USDT","stake_amount":344.081,"max_stake_amount":344.081,"amount":19.01,"open_date":"2025-10-26 18:00:00+00:00","close_date":"2025-10-27 01:45:00+00:00","open_rate":18.1,"close_rate":18.902270270270268,"fee_open":0.001,"fee_close":0.001,"trade_duration":465,"profit_ratio":0.04223776223776224,"profit_abs":14.54774468,"exit_reason":"roi","initial_stop_loss_abs":12.318679000000001,"initial_stop_loss_ratio":-0.31941,"stop_loss_abs":12.318679000000001,"stop_loss_ratio":-0.31941,"min_rate":18.06,"max_rate":18.93,"is_open":false,"enter_tag":"","leverage":1.0,"is_short":false,"open_timestamp":1761501600000,"close_timestamp":1761529500000,"orders":[{"amount":19.01,"safe_price":18.1,"ft_order_side":"buy","order_filled_timestamp":1761501600000,"ft_is_entry":true,"ft_order_tag":"","cost":344.42508100000003},{"amount":19.01,"safe_price":18.902270270270268,"ft_order_side":"sell","order_filled_timestamp":1761529500000,"ft_is_entry":false,"ft_order_tag":"roi","cost":359.6914899956756}],"funding_fees":0.0,"weekday":0},{"pair":"NEAR/USDT","stake_amount":346.7254,"max_stake_amount":346.7254,"amount":148.3,"open_date":"2025-10-26 20:15:00+00:00","close_date":"2025-10-27 06:15:00+00:00","open_rate":2.338,"close_rate":2.397,"fee_open":0.001,"fee_close":0.001,"trade_duration":600,"profit_ratio":0.023186821732587345,"profit_abs":8.0474995,"exit_reason":"roi","initial_stop_loss_abs":1.592,"initial_stop_loss_ratio":-0.31941,"stop_loss_abs":1.592,"stop_loss_ratio":-0.31941,"min_rate":2.323,"max_rate":2.419,"is_open":false,"enter_tag":"","leverage":1.0,"is_short":false,"open_timestamp":1761509700000,"close_timestamp":1761545700000,"orders":[{"amount":148.3,"safe_price":2.338,"ft_order_side":"buy","order_filled_timestamp":1761509700000,"ft_is_entry":true,"ft_order_tag":"","cost":347.0721254},{"amount":148.3,"safe_price":2.397,"ft_order_side":"sell","order_filled_timestamp":1761545700000,"ft_is_entry":false,"ft_order_tag":"roi","cost":355.8305751}],"funding_fees":0.0,"weekday":0},{"pair":"SOL/USDT","stake_amount":346.8535,"max_stake_amount":346.8535,"amount":1.754,"open_date":"2025-10-26 20:30:00+00:00","close_date":"2025-10-27 06:30:00+00:00","open_rate":197.75,"close_rate":203.68,"fee_open":0.001,"fee_close":0.001,"trade_duration":600,"profit_ratio":0.027929440976217208,"profit_abs":9.69711178,"exit_reason":"roi","initial_stop_loss_abs":134.5866725,"initial_stop_loss_ratio":-0.31941,"stop_loss_abs":134.5866725,"stop_loss_ratio":-0.31941,"min_rate":196.86,"max_rate":205.33,"is_open":false,"enter_tag":"","leverage":1.0,"is_short":false,"open_timestamp":1761510600000,"close_timestamp":1761546600000,"orders":[{"amount":1.754,"safe_price":197.75,"ft_order_side":"buy","order_filled_timestamp":1761510600000,"ft_is_entry":true,"ft_order_tag":"","cost":347.20035349999995},{"amount":1.754,"safe_price":203.68,"ft_order_side":"sell","order_filled_timestamp":1761546600000,"ft_is_entry":false,"ft_order_tag":"roi","cost":357.61197472}],"funding_fees":0.0,"weekday":0},{"pair":"DOT/USDT","stake_amount":357.50456,"max_stake_amount":357.50456,"amount":111.86,"open_date":"2025-10-27 07:45:00+00:00","close_date":"2025-10-27 17:45:00+00:00","open_rate":3.196,"close_rate":3.202398398398398,"fee_open":0.001,"fee_close":0.001,"trade_duration":600,"profit_ratio":0.0,"profit_abs":0.0,"exit_reason":"roi","initial_stop_loss_abs":2.176,"initial_stop_loss_ratio":-0.31941,"stop_loss_abs":2.176,"stop_loss_ratio":-0.31941,"min_rate":3.119,"max_rate":3.216,"is_open":false,"enter_tag":"","leverage":1.0,"is_short":false,"open_timestamp":1761551100000,"close_timestamp":1761587100000,"orders":[{"amount":111.86,"safe_price":3.196,"ft_order_side":"buy","order_filled_timestamp":1761551100000,"ft_is_entry":true,"ft_order_tag":"","cost":357.86206455999996},{"amount":111.86,"safe_price":3.202398398398398,"ft_order_side":"sell","order_filled_timestamp":1761587100000,"ft_is_entry":false,"ft_order_tag":"roi","cost":358.57850512968963}],"funding_fees":0.0,"weekday":0},{"pair":"SOL/USDT","stake_amount":357.50772,"max_stake_amount":357.50772,"amount":1.773,"open_date":"2025-10-27 08:15:00+00:00","close_date":"2025-10-27 18:15:00+00:00","open_rate":201.64,"close_rate":202.04368368368364,"fee_open":0.001,"fee_close":0.001,"trade_duration":600,"profit_ratio":0.0,"profit_abs":0.0,"exit_reason":"roi","initial_stop_loss_abs":137.2341676,"initial_stop_loss_ratio":-0.31941,"stop_loss_abs":137.2341676,"stop_loss_ratio":-0.31941,"min_rate":198.02,"max_rate":203.25,"is_open":false,"enter_tag":"","leverage":1.0,"is_short":false,"open_timestamp":1761552900000,"close_timestamp":1761588900000,"orders":[{"amount":1.773,"safe_price":201.64,"ft_order_side":"buy","order_filled_timestamp":1761552900000,"ft_is_entry":true,"ft_order_tag":"","cost":357.8652277199999},{"amount":1.773,"safe_price":202.04368368368364,"ft_order_side":"sell","order_filled_timestamp":1761588900000,"ft_is_entry":false,"ft_order_tag":"roi","cost":358.5816746223422}],"funding_fees":0.0,"weekday":0},{"pair":"BTC/USDT","stake_amount":357.486234,"max_stake_amount":357.486234,"amount":0.0031,"open_date":"2025-10-27 19:15:00+00:00","close_date":"2025-10-28 14:00:00+00:00","open_rate":115318.14,"close_rate":115549.00714714713,"fee_open":0.001,"fee_close":0.001,"trade_duration":1125,"profit_ratio":0.0,"profit_abs":0.0,"exit_reason":"roi","initial_stop_loss_abs":78484.37290260001,"initial_stop_loss_ratio":-0.31941,"stop_loss_abs":78484.37290260001,"stop_loss_ratio":-0.31941,"min_rate":113483.3,"max_rate":115822.71,"is_open":false,"enter_tag":"","leverage":1.0,"is_short":false,"open_timestamp":1761592500000,"close_timestamp":1761660000000,"orders":[{"amount":0.0031,"safe_price":115318.14,"ft_order_side":"buy","order_filled_timestamp":1761592500000,"ft_is_entry":true,"ft_order_tag":"","cost":357.84372023399993},{"amount":0.0031,"safe_price":115549.00714714713,"ft_order_side":"sell","order_filled_timestamp":1761660000000,"ft_is_entry":false,"ft_order_tag":"roi","cost":358.56012407831224}],"funding_fees":0.0,"weekday":1},{"pair":"SOL/USDT","stake_amount":357.35012,"max_stake_amount":357.35012,"amount":1.796,"open_date":"2025-10-28 14:45:00+00:00","close_date":"2025-10-29 11:15:00+00:00","open_rate":198.97,"close_rate":199.3683383383383,"fee_open":0.001,"fee_close":0.001,"trade_duration":1230,"profit_ratio":0.0,"profit_abs":0.0,"exit_reason":"roi","initial_stop_loss_abs":135.4169923,"initial_stop_loss_ratio":-0.31941,"stop_loss_abs":135.4169923,"stop_loss_ratio":-0.31941,"min_rate":190.22,"max_rate":201.28,"is_open":false,"enter_tag":"","leverage":1.0,"is_short":false,"open_timestamp":1761662700000,"close_timestamp":1761736500000,"orders":[{"amount":1.796,"safe_price":198.97,"ft_order_side":"buy","order_filled_timestamp":1761662700000,"ft_is_entry":true,"ft_order_tag":"","cost":357.70747012},{"amount":1.796,"safe_price":199.3683383383383,"ft_order_side":"sell","order_filled_timestamp":1761736500000,"ft_is_entry":false,"ft_order_tag":"roi","cost":358.4236011913112}],"funding_fees":0.0,"weekday":2},{"pair":"BTC/USDT","stake_amount":356.6789328,"max_stake_amount":356.6789328,"amount":0.00316,"open_date":"2025-10-29 14:00:00+00:00","close_date":"2025-11-02 00:00:00+00:00","open_rate":112873.08,"close_rate":110098.1,"fee_open":0.001,"fee_close":0.001,"trade_duration":4920,"profit_ratio":-0.026533839815087806,"profit_abs":-9.47352573,"exit_reason":"force_exit","initial_stop_loss_abs":76820.2895172,"initial_stop_loss_ratio":-0.31941,"stop_loss_abs":76820.2895172,"stop_loss_ratio":-0.31941,"min_rate":106304.34,"max_rate":112916.0,"is_open":false,"enter_tag":"","leverage":1.0,"is_short":false,"open_timestamp":1761746400000,"close_timestamp":1762041600000,"orders":[{"amount":0.00316,"safe_price":112873.08,"ft_order_side":"buy","order_filled_timestamp":1761746400000,"ft_is_entry":true,"ft_order_tag":"","cost":357.03561173279996},{"amount":0.00316,"safe_price":110098.1,"ft_order_side":"sell","order_filled_timestamp":1762041600000,"ft_is_entry":false,"ft_order_tag":"force_exit","cost":348.257905996}],"funding_fees":0.0,"weekday":6},{"pair":"ETH/USDT","stake_amount":357.124845,"max_stake_amount":357.124845,"amount":0.0847,"open_date":"2025-10-27 19:15:00+00:00","close_date":"2025-11-02 00:00:00+00:00","open_rate":4216.35,"close_rate":3873.78,"fee_open":0.001,"fee_close":0.001,"trade_duration":7485,"profit_ratio":-0.08308366719272016,"profit_abs":-29.70091301,"exit_reason":"force_exit","initial_stop_loss_abs":2869.6056465,"initial_stop_loss_ratio":-0.31941,"stop_loss_abs":2869.6056465,"stop_loss_ratio":-0.31941,"min_rate":3680.0,"max_rate":4221.04,"is_open":false,"enter_tag":"","leverage":1.0,"is_short":false,"open_timestamp":1761592500000,"close_timestamp":1762041600000,"orders":[{"amount":0.0847,"safe_price":4216.35,"ft_order_side":"buy","order_filled_timestamp":1761592500000,"ft_is_entry":true,"ft_order_tag":"","cost":357.481969845},{"amount":0.0847,"safe_price":3873.78,"ft_order_side":"sell","order_filled_timestamp":1762041600000,"ft_is_entry":false,"ft_order_tag":"force_exit","cost":328.437275166}],"funding_fees":0.0,"weekday":6},{"pair":"ATOM/USDT","stake_amount":357.49534,"max_stake_amount":357.49534,"amount":110.27,"open_date":"2025-10-27 07:45:00+00:00","close_date":"2025-11-02 00:00:00+00:00","open_rate":3.242,"close_rate":3.029,"fee_open":0.001,"fee_close":0.001,"trade_duration":8175,"profit_ratio":-0.06756691796790501,"profit_abs":-24.17901317,"exit_reason":"force_exit","initial_stop_loss_abs":2.207,"initial_stop_loss_ratio":-0.31941,"stop_loss_abs":2.207,"stop_loss_ratio":-0.31941,"min_rate":2.854,"max_rate":3.262,"is_open":false,"enter_tag":"","leverage":1.0,"is_short":false,"open_timestamp":1761551100000,"close_timestamp":1762041600000,"orders":[{"amount":110.27,"safe_price":3.242,"ft_order_side":"buy","order_filled_timestamp":1761551100000,"ft_is_entry":true,"ft_order_tag":"","cost":357.85283533999996},{"amount":110.27,"safe_price":3.029,"ft_order_side":"sell","order_filled_timestamp":1762041600000,"ft_is_entry":false,"ft_order_tag":"force_exit","cost":334.3418378299999}],"funding_fees":0.0,"weekday":6}],"locks":[],"best_pair":{"key":"SOL/USDT","trades":8,"profit_mean":0.009105565840090552,"profit_mean_pct":0.91,"profit_total_abs":24.96269841,"profit_total":0.02496269841,"profit_total_pct":2.5,"duration_avg":"17:54:00","wins":4,"draws":4,"losses":0,"winrate":0.5,"cagr":0.8220605358621265,"expectancy":3.12033730125,"expectancy_ratio":100.0,"sortino":-100,"sharpe":8.042452518470077,"calmar":-100,"sqn":2.0883,"profit_factor":0.0,"max_drawdown_account":0.0,"max_drawdown_abs":0.0},"worst_pair":{"key":"ATOM/USDT","trades":3,"profit_mean":-0.02202771653181973,"profit_mean_pct":-2.2,"profit_total_abs":-23.66809787,"profit_total":-0.02366809787,"profit_total_pct":-2.37,"duration_avg":"2 days, 4:30:00","wins":1,"draws":1,"losses":1,"winrate":0.3333333333333333,"cagr":-0.44169435193837425,"expectancy":-7.889365956666666,"expectancy_ratio":-0.6596231575373817,"sortino":-100,"sharpe":-2.616680245772282,"calmar":-124.73886522112603,"sqn":-0.9685,"profit_factor":0.021130527387855338,"max_drawdown_account":0.02416666605056474,"max_drawdown_abs":24.17901317},"results_per_pair":[{"key":"SOL/USDT","trades":8,"profit_mean":0.009105565840090552,"profit_mean_pct":0.91,"profit_total_abs":24.96269841,"profit_total":0.02496269841,"profit_total_pct":2.5,"duration_avg":"17:54:00","wins":4,"draws":4,"losses":0,"winrate":0.5,"cagr":0.8220605358621265,"expectancy":3.12033730125,"expectancy_ratio":100.0,"sortino":-100,"sharpe":8.042452518470077,"calmar":-100,"sqn":2.0883,"profit_factor":0.0,"max_drawdown_account":0.0,"max_drawdown_abs":0.0},{"key":"LINK/USDT","trades":3,"profit_mean":0.0157951197569336,"profit_mean_pct":1.58,"profit_total_abs":16.25767268,"profit_total":0.016257672679999998,"profit_total_pct":1.63,"duration_avg":"1 day, 20:00:00","wins":2,"draws":1,"losses":0,"winrate":0.6666666666666666,"cagr":0.4805623890582684,"expectancy":5.419224226666666,"expectancy_ratio":100.0,"sortino":-100,"sharpe":3.1893571775992426,"calmar":-100,"sqn":1.1804,"profit_factor":0.0,"max_drawdown_account":0.0,"max_drawdown_abs":0.0},{"key":"NEAR/USDT","trades":2,"profit_mean":0.014785738836969754,"profit_mean_pct":1.48,"profit_total_abs":10.155313900000001,"profit_total":0.0101553139,"profit_total_pct":1.02,"duration_avg":"10:00:00","wins":2,"draws":0,"losses":0,"winrate":1.0,"cagr":0.2787286162897087,"expectancy":5.077656950000001,"expectancy_ratio":100.0,"sortino":-100,"sharpe":4.355270161568253,"calmar":-100,"sqn":1.7097,"profit_factor":0.0,"max_drawdown_account":0.0,"max_drawdown_abs":0.0},{"key":"AVAX/USDT","trades":4,"profit_mean":0.005668282087979175,"profit_mean_pct":0.57,"profit_total_abs":7.5385869,"profit_total":0.007538586900000001,"profit_total_pct":0.75,"duration_avg":"1 day, 16:22:00","wins":2,"draws":2,"losses":0,"winrate":0.5,"cagr":0.2005154042300279,"expectancy":1.884646725,"expectancy_ratio":100.0,"sortino":-100,"sharpe":4.963254676504827,"calmar":-100,"sqn":1.6874,"profit_factor":0.0,"max_drawdown_account":0.0,"max_drawdown_abs":0.0},{"key":"BTC/USDT","trades":5,"profit_mean":0.001119272350436544,"profit_mean_pct":0.11,"profit_total_abs":1.263581460000001,"profit_total":0.0012635814600000011,"profit_total_pct":0.13,"duration_avg":"1 day, 2:09:00","wins":3,"draws":1,"losses":1,"winrate":0.6,"cagr":0.031204709297042887,"expectancy":0.2527162920000001,"expectancy_ratio":-0.17332394514961635,"sortino":-100,"sharpe":0.28704587770271633,"calmar":17.17058095554876,"sqn":0.0901,"profit_factor":1.133380274251918,"max_drawdown_account":0.009372888026578763,"max_drawdown_abs":9.47352573},{"key":"DOT/USDT","trades":2,"profit_mean":0.0008879054942994442,"profit_mean_pct":0.09,"profit_total_abs":0.58659824,"profit_total":0.00058659824,"profit_total_pct":0.06,"duration_avg":"10:00:00","wins":1,"draws":1,"losses":0,"winrate":0.5,"cagr":0.014372003882423545,"expectancy":0.29329912,"expectancy_ratio":100.0,"sortino":-100,"sharpe":2.5473297566057065,"calmar":-100,"sqn":1.0,"profit_factor":0.0,"max_drawdown_account":0.0,"max_drawdown_abs":0.0},{"key":"ETH/USDT","trades":4,"profit_mean":-0.01144468444801968,"profit_mean_pct":-1.14,"profit_total_abs":-17.06682701,"profit_total":-0.01706682701,"profit_total_pct":-1.71,"duration_avg":"1 day, 18:22:00","wins":2,"draws":1,"losses":1,"winrate":0.5,"cagr":-0.34221523145672295,"expectancy":-4.2667067525,"expectancy_ratio":-0.39365574388448743,"sortino":-100,"sharpe":-1.435397006005399,"calmar":-74.11237004592994,"sqn":-0.488,"profit_factor":0.42537702446205033,"max_drawdown_account":0.029330350835138706,"max_drawdown_abs":29.70091301},{"key":"ATOM/USDT","trades":3,"profit_mean":-0.02202771653181973,"profit_mean_pct":-2.2,"profit_total_abs":-23.66809787,"profit_total":-0.02366809787,"profit_total_pct":-2.37,"duration_avg":"2 days, 4:30:00","wins":1,"draws":1,"losses":1,"winrate":0.3333333333333333,"cagr":-0.44169435193837425,"expectancy":-7.889365956666666,"expectancy_ratio":-0.6596231575373817,"sortino":-100,"sharpe":-2.616680245772282,"calmar":-124.73886522112603,"sqn":-0.9685,"profit_factor":0.021130527387855338,"max_drawdown_account":0.02416666605056474,"max_drawdown_abs":24.17901317},{"key":"TOTAL","trades":31,"profit_mean":0.002193057334536296,"profit_mean_pct":0.22,"profit_total_abs":20.029526709999995,"profit_total":0.020029526709999995,"profit_total_pct":2.0,"duration_avg":"1 day, 6:09:00","wins":17,"draws":11,"losses":3,"winrate":0.5483870967741935,"cagr":0.620230326593781,"expectancy":0.6461137648387094,"expectancy_ratio":-0.32424303989024283,"sortino":2.988351173691521,"sharpe":3.0039272620527866,"calmar":43.62521549726851,"sqn":0.4167,"profit_factor":1.3161552544674908,"max_drawdown_account":0.058477429644223075,"max_drawdown_abs":63.353451910000004}],"results_per_enter_tag":[{"key":"","trades":31,"profit_mean":0.002193057334536296,"profit_mean_pct":0.22,"profit_total_abs":20.029526709999995,"profit_total":0.020029526709999995,"profit_total_pct":2.0,"duration_avg":"1 day, 6:09:00","wins":17,"draws":11,"losses":3,"winrate":0.5483870967741935,"cagr":0.620230326593781,"expectancy":0.6461137648387094,"expectancy_ratio":-0.32424303989024283,"sortino":2.988351173691521,"sharpe":3.0039272620527866,"calmar":43.62521549726851,"sqn":0.4167,"profit_factor":1.3161552544674908,"max_drawdown_account":0.058477429644223075,"max_drawdown_abs":63.353451910000004},{"key":"TOTAL","trades":31,"profit_mean":0.002193057334536296,"profit_mean_pct":0.22,"profit_total_abs":20.029526709999995,"profit_total":0.020029526709999995,"profit_total_pct":2.0,"duration_avg":"1 day, 6:09:00","wins":17,"draws":11,"losses":3,"winrate":0.5483870967741935,"cagr":0.620230326593781,"expectancy":0.6461137648387094,"expectancy_ratio":-0.32424303989024283,"sortino":2.988351173691521,"sharpe":3.0039272620527866,"calmar":43.62521549726851,"sqn":0.4167,"profit_factor":1.3161552544674908,"max_drawdown_account":0.058477429644223075,"max_drawdown_abs":63.353451910000004}],"exit_reason_summary":[{"key":"roi","trades":28,"profit_mean":0.008756042940940647,"profit_mean_pct":0.88,"profit_total_abs":83.38297862,"profit_total":0.08338297862,"profit_total_pct":8.34,"duration_avg":"21:08:00","wins":17,"draws":11,"losses":0,"winrate":0.6071428571428571,"cagr":6.02040543531697,"expectancy":2.9779635221428573,"expectancy_ratio":100.0,"sortino":-100,"sharpe":26.672172943254505,"calmar":-100,"sqn":3.8862,"profit_factor":0.0,"max_drawdown_account":0.0,"max_drawdown_abs":0.0},{"key":"force_exit","trades":3,"profit_mean":-0.05906147499190432,"profit_mean_pct":-5.91,"profit_total_abs":-63.353451910000004,"profit_total":-0.06335345191,"profit_total_pct":-6.34,"duration_avg":"4 days, 18:20:00","wins":0,"draws":0,"losses":3,"winrate":0.0,"cagr":-0.7966037546968703,"expectancy":-21.117817303333336,"expectancy_ratio":-1.0,"sortino":-9.452163554026278,"sharpe":-9.452163554026278,"calmar":-127.36648783028537,"sqn":-3.4984,"profit_factor":0.0,"max_drawdown_account":0.06335345190999998,"max_drawdown_abs":63.353451910000004},{"key":"TOTAL","trades":31,"profit_mean":0.002193057334536296,"profit_mean_pct":0.22,"profit_total_abs":20.029526709999995,"profit_total":0.020029526709999995,"profit_total_pct":2.0,"duration_avg":"1 day, 6:09:00","wins":17,"draws":11,"losses":3,"winrate":0.5483870967741935,"cagr":0.620230326593781,"expectancy":0.6461137648387094,"expectancy_ratio":-0.32424303989024283,"sortino":2.988351173691521,"sharpe":3.0039272620527866,"calmar":43.62521549726851,"sqn":0.4167,"profit_factor":1.3161552544674908,"max_drawdown_account":0.058477429644223075,"max_drawdown_abs":63.353451910000004}],"mix_tag_stats":[{"key":["","roi"],"trades":28,"profit_mean":0.008756042940940647,"profit_mean_pct":0.88,"profit_total_abs":83.38297862,"profit_total":0.08338297862,"profit_total_pct":8.34,"duration_avg":"21:08:00","wins":17,"draws":11,"losses":0,"winrate":0.6071428571428571,"cagr":6.02040543531697,"expectancy":2.9779635221428573,"expectancy_ratio":100.0,"sortino":-100,"sharpe":26.672172943254505,"calmar":-100,"sqn":3.8862,"profit_factor":0.0,"max_drawdown_account":0.0,"max_drawdown_abs":0.0},{"key":["","force_exit"],"trades":3,"profit_mean":-0.05906147499190432,"profit_mean_pct":-5.91,"profit_total_abs":-63.353451910000004,"profit_total":-0.06335345191,"profit_total_pct":-6.34,"duration_avg":"4 days, 18:20:00","wins":0,"draws":0,"losses":3,"winrate":0.0,"cagr":-0.7966037546968703,"expectancy":-21.117817303333336,"expectancy_ratio":-1.0,"sortino":-9.452163554026278,"sharpe":-9.452163554026278,"calmar":-127.36648783028537,"sqn":-3.4984,"profit_factor":0.0,"max_drawdown_account":0.06335345190999998,"max_drawdown_abs":63.353451910000004},{"key":"TOTAL","trades":31,"profit_mean":0.002193057334536296,"profit_mean_pct":0.22,"profit_total_abs":20.029526709999995,"profit_total":0.020029526709999995,"profit_total_pct":2.0,"duration_avg":"1 day, 6:09:00","wins":17,"draws":11,"losses":3,"winrate":0.5483870967741935,"cagr":0.620230326593781,"expectancy":0.6461137648387094,"expectancy_ratio":-0.32424303989024283,"sortino":2.988351173691521,"sharpe":3.0039272620527866,"calmar":43.62521549726851,"sqn":0.4167,"profit_factor":1.3161552544674908,"max_drawdown_account":0.058477429644223075,"max_drawdown_abs":63.353451910000004}],"left_open_trades":[{"key":"BTC/USDT","trades":1,"profit_mean":-0.026533839815087806,"profit_mean_pct":-2.65,"profit_total_abs":-9.47352573,"profit_total":-0.00947352573,"profit_total_pct":-0.95,"duration_avg":"3 days, 10:00:00","wins":0,"draws":0,"losses":1,"winrate":0.0,"cagr":-0.20675355914295923,"expectancy":-9.47352573,"expectancy_ratio":-1.0,"sortino":-100,"sharpe":-100,"calmar":-100,"sqn":-100.0,"profit_factor":0.0,"max_drawdown_account":0.0,"max_drawdown_abs":0.0},{"key":"ATOM/USDT","trades":1,"profit_mean":-0.06756691796790501,"profit_mean_pct":-6.76,"profit_total_abs":-24.17901317,"profit_total":-0.02417901317,"profit_total_pct":-2.42,"duration_avg":"5 days, 16:15:00","wins":0,"draws":0,"losses":1,"winrate":0.0,"cagr":-0.4487603879605081,"expectancy":-24.17901317,"expectancy_ratio":-1.0,"sortino":-100,"sharpe":-100,"calmar":-100,"sqn":-100.0,"profit_factor":0.0,"max_drawdown_account":0.0,"max_drawdown_abs":0.0},{"key":"ETH/USDT","trades":1,"profit_mean":-0.08308366719272016,"profit_mean_pct":-8.31,"profit_total_abs":-29.70091301,"profit_total":-0.02970091301,"profit_total_pct":-2.97,"duration_avg":"5 days, 4:45:00","wins":0,"draws":0,"losses":1,"winrate":0.0,"cagr":-0.5198574959744513,"expectancy":-29.70091301,"expectancy_ratio":-1.0,"sortino":-100,"sharpe":-100,"calmar":-100,"sqn":-100.0,"profit_factor":0.0,"max_drawdown_account":0.0,"max_drawdown_abs":0.0},{"key":"TOTAL","trades":3,"profit_mean":-0.05906147499190432,"profit_mean_pct":-5.91,"profit_total_abs":-63.353451910000004,"profit_total":-0.06335345191,"profit_total_pct":-6.34,"duration_avg":"4 days, 18:20:00","wins":0,"draws":0,"losses":3,"winrate":0.0,"cagr":-0.7966037546968703,"expectancy":-21.117817303333336,"expectancy_ratio":-1.0,"sortino":-9.452163554026278,"sharpe":-9.452163554026278,"calmar":-127.36648783028537,"sqn":-3.4984,"profit_factor":0.0,"max_drawdown_account":0.06335345190999998,"max_drawdown_abs":63.353451910000004}],"total_trades":31,"trade_count_long":31,"trade_count_short":0,"total_volume":21306.266249643748,"avg_stake_amount":342.63978645806446,"profit_mean":0.002193057334536296,"profit_median":0.0017758109885988884,"profit_total":0.020029526709999995,"profit_total_long":0.020029526709999995,"profit_total_short":0.0,"profit_total_abs":20.029526709999995,"profit_total_long_abs":20.029526709999995,"profit_total_short_abs":0.0,"cagr":0.620230326593781,"expectancy":0.6461137648387094,"expectancy_ratio":-0.32424303989024283,"sortino":2.988351173691521,"sharpe":3.0039272620527866,"calmar":43.62521549726851,"sqn":0.4167,"profit_factor":1.3161552544674908,"backtest_start":"2025-10-18 00:00:00","backtest_start_ts":1760745600000,"backtest_end":"2025-11-02 00:00:00","backtest_end_ts":1762041600000,"backtest_days":15,"backtest_run_start_ts":1762152884,"backtest_run_end_ts":1762152884,"trades_per_day":2.07,"market_change":0.004111830473487684,"pairlist":["BTC/USDT","ETH/USDT","SOL/USDT","AVAX/USDT","LINK/USDT","DOT/USDT","NEAR/USDT","ATOM/USDT"],"stake_amount":"unlimited","stake_currency":"USDT","stake_currency_decimals":3,"starting_balance":1000.0,"dry_run_wallet":1000.0,"final_balance":1020.02952671,"rejected_signals":196,"timedout_entry_orders":0,"timedout_exit_orders":0,"canceled_trade_entries":0,"canceled_entry_orders":0,"replaced_entry_orders":0,"max_open_trades":3,"max_open_trades_setting":3,"timeframe":"15m","timeframe_detail":"","timerange":"20251018-20251102","enable_protections":false,"strategy_name":"ADX_15M_USDT2","freqaimodel":null,"freqai_identifier":null,"stoploss":-0.31941,"trailing_stop":false,"trailing_stop_positive":null,"trailing_stop_positive_offset":0.0,"trailing_only_offset_is_reached":false,"use_custom_stoploss":false,"minimal_roi":{"0":0.10313,"102":0.07627,"275":0.04228,"588":0},"use_exit_signal":true,"exit_profit_only":false,"exit_profit_offset":0.0,"ignore_roi_if_entry_signal":false,"trading_mode":"spot","margin_mode":"","periodic_breakdown":{"day":[{"date":"18/10/2025","date_ts":1760745600000,"profit_abs":2.1078144,"wins":1,"draws":0,"losses":0,"trades":1,"profit_factor":0.0},{"date":"19/10/2025","date_ts":1760832000000,"profit_abs":9.43361473,"wins":5,"draws":0,"losses":0,"trades":5,"profit_factor":0.0},{"date":"20/10/2025","date_ts":1760918400000,"profit_abs":18.93318725,"wins":3,"draws":0,"losses":0,"trades":3,"profit_factor":0.0},{"date":"21/10/2025","date_ts":1761004800000,"profit_abs":0.0,"wins":0,"draws":3,"losses":0,"trades":3,"profit_factor":0.0},{"date":"22/10/2025","date_ts":1761091200000,"profit_abs":0.0,"wins":0,"draws":0,"losses":0,"trades":0,"profit_factor":0.0},{"date":"23/10/2025","date_ts":1761177600000,"profit_abs":0.0,"wins":0,"draws":1,"losses":0,"trades":1,"profit_factor":0.0},{"date":"24/10/2025","date_ts":1761264000000,"profit_abs":10.68917875,"wins":2,"draws":0,"losses":0,"trades":2,"profit_factor":0.0},{"date":"25/10/2025","date_ts":1761350400000,"profit_abs":1.82475665,"wins":2,"draws":0,"losses":0,"trades":2,"profit_factor":0.0},{"date":"26/10/2025","date_ts":1761436800000,"profit_abs":8.10207088,"wins":1,"draws":3,"losses":0,"trades":4,"profit_factor":0.0},{"date":"27/10/2025","date_ts":1761523200000,"profit_abs":32.29235596,"wins":3,"draws":2,"losses":0,"trades":5,"profit_factor":0.0},{"date":"28/10/2025","date_ts":1761609600000,"profit_abs":0.0,"wins":0,"draws":1,"losses":0,"trades":1,"profit_factor":0.0},{"date":"29/10/2025","date_ts":1761696000000,"profit_abs":0.0,"wins":0,"draws":1,"losses":0,"trades":1,"profit_factor":0.0},{"date":"30/10/2025","date_ts":1761782400000,"profit_abs":0.0,"wins":0,"draws":0,"losses":0,"trades":0,"profit_factor":0.0},{"date":"31/10/2025","date_ts":1761868800000,"profit_abs":0.0,"wins":0,"draws":0,"losses":0,"trades":0,"profit_factor":0.0},{"date":"01/11/2025","date_ts":1761955200000,"profit_abs":0.0,"wins":0,"draws":0,"losses":0,"trades":0,"profit_factor":0.0},{"date":"02/11/2025","date_ts":1762041600000,"profit_abs":-63.35345191,"wins":0,"draws":0,"losses":3,"trades":3,"profit_factor":0.0}],"week":[{"date":"20/10/2025","date_ts":1760918400000,"profit_abs":30.47461638,"wins":9,"draws":0,"losses":0,"trades":9,"profit_factor":0.0},{"date":"27/10/2025","date_ts":1761523200000,"profit_abs":52.90836224,"wins":8,"draws":9,"losses":0,"trades":17,"profit_factor":0.0},{"date":"03/11/2025","date_ts":1762128000000,"profit_abs":-63.35345191,"wins":0,"draws":2,"losses":3,"trades":5,"profit_factor":0.0}],"month":[{"date":"31/10/2025","date_ts":1761868800000,"profit_abs":83.38297862,"wins":17,"draws":11,"losses":0,"trades":28,"profit_factor":0.0},{"date":"30/11/2025","date_ts":1764460800000,"profit_abs":-63.35345191,"wins":0,"draws":0,"losses":3,"trades":3,"profit_factor":0.0}],"year":[{"date":"31/12/2025","date_ts":1767139200000,"profit_abs":20.02952671,"wins":17,"draws":11,"losses":3,"trades":31,"profit_factor":1.31615525}],"weekday":[{"date":"Monday","date_ts":0,"profit_abs":51.22554321,"wins":6,"draws":2,"losses":0,"trades":8,"profit_factor":0.0},{"date":"Tuesday","date_ts":1,"profit_abs":0.0,"wins":0,"draws":4,"losses":0,"trades":4,"profit_factor":0.0},{"date":"Wednesday","date_ts":2,"profit_abs":0.0,"wins":0,"draws":1,"losses":0,"trades":1,"profit_factor":0.0},{"date":"Thursday","date_ts":3,"profit_abs":0.0,"wins":0,"draws":1,"losses":0,"trades":1,"profit_factor":0.0},{"date":"Friday","date_ts":4,"profit_abs":10.68917875,"wins":2,"draws":0,"losses":0,"trades":2,"profit_factor":0.0},{"date":"Saturday","date_ts":5,"profit_abs":3.93257105,"wins":3,"draws":0,"losses":0,"trades":3,"profit_factor":0.0},{"date":"Sunday","date_ts":6,"profit_abs":-45.8177663,"wins":6,"draws":3,"losses":3,"trades":12,"profit_factor":0.27679132}]},"backtest_best_day":0.09335402494656679,"backtest_worst_day":-0.17718442497571296,"backtest_best_day_abs":32.29235596,"backtest_worst_day_abs":-63.35345191,"winning_days":7,"draw_days":8,"losing_days":1,"daily_profit":[["2025-10-18",2.1078144],["2025-10-19",9.43361473],["2025-10-20",18.93318725],["2025-10-21",0.0],["2025-10-22",0.0],["2025-10-23",0.0],["2025-10-24",10.68917875],["2025-10-25",1.82475665],["2025-10-26",8.10207088],["2025-10-27",32.29235596],["2025-10-28",0.0],["2025-10-29",0.0],["2025-10-30",0.0],["2025-10-31",0.0],["2025-11-01",0.0],["2025-11-02",-63.35345191]],"wins":17,"losses":3,"draws":11,"winrate":0.5483870967741935,"holding_avg":"1 day, 6:09:00","holding_avg_s":108540.0,"winner_holding_min":"0d 07:45","winner_holding_min_s":27900.0,"winner_holding_max":"0d 10:00","winner_holding_max_s":36000.0,"winner_holding_avg":"0d 09:52","winner_holding_avg_s":35520.0,"loser_holding_min":"3d 10:00","loser_holding_min_s":295200.0,"loser_holding_max":"5d 16:15","loser_holding_max_s":490500.0,"loser_holding_avg":"4d 18:20","loser_holding_avg_s":411600.0,"max_consecutive_wins":9,"max_consecutive_losses":7,"max_drawdown_account":0.058477429644223075,"max_relative_drawdown":0.058477429644223075,"max_drawdown_abs":63.353451910000004,"drawdown_start":"2025-10-27 06:30:00","drawdown_start_ts":1761546600000.0,"drawdown_end":"2025-11-02 00:00:00","drawdown_end_ts":1762041600000.0,"drawdown_duration":"5 days 17:30:00","drawdown_duration_s":495000.0,"max_drawdown_low":20.029526709999995,"max_drawdown_high":83.38297862,"csum_min":1002.1078144,"csum_max":1083.38297862}},"strategy_comparison":[{"key":"ADX_15M_USDT2","trades":31,"profit_mean":0.002193057334536296,"profit_mean_pct":0.22,"profit_total_abs":20.029526709999995,"profit_total":0.020029526709999995,"profit_total_pct":2.0,"duration_avg":"1 day, 6:09:00","wins":17,"draws":11,"losses":3,"winrate":0.5483870967741935,"cagr":0.620230326593781,"expectancy":0.6461137648387094,"expectancy_ratio":-0.32424303989024283,"sortino":2.988351173691521,"sharpe":3.0039272620527866,"calmar":43.62521549726851,"sqn":0.4167,"profit_factor":1.3161552544674908,"max_drawdown_account":0.058477429644223075,"max_drawdown_abs":"63.353"}]}