{"strategy":{"KamaFama":{"trades":[{"pair":"EDEN/USDT","stake_amount":4949.998438,"max_stake_amount":4949.998438,"amount":29220.77,"open_date":"2025-10-15 00:05:00+00:00","close_date":"2025-10-15 01:50:00+00:00","open_rate":0.1694,"close_rate":0.1714,"fee_open":0.002,"fee_close":0.002,"trade_duration":105,"profit_ratio":0.00776722823578607,"profit_abs":38.52466317,"exit_reason":"custom_exit_condition_met","initial_stop_loss_abs":0.1271,"initial_stop_loss_ratio":-0.25,"stop_loss_abs":0.1271,"stop_loss_ratio":-0.25,"min_rate":0.1668,"max_rate":0.1727,"is_open":false,"enter_tag":"buy","leverage":1.0,"is_short":false,"open_timestamp":1760486700000,"close_timestamp":1760493000000,"orders":[{"amount":29220.77,"safe_price":0.1694,"ft_order_side":"buy","order_filled_timestamp":1760486700000,"ft_is_entry":true,"ft_order_tag":"buy","cost":4959.898434876},{"amount":29220.77,"safe_price":0.1714,"ft_order_side":"sell","order_filled_timestamp":1760493000000,"ft_is_entry":false,"ft_order_tag":"custom_exit_condition_met","cost":5018.456857956}],"funding_fees":0.0,"weekday":2},{"pair":"AVNT/USDT","stake_amount":4969.0688072,"max_stake_amount":4969.0688072,"amount":8150.29,"open_date":"2025-10-15 01:50:00+00:00","close_date":"2025-10-15 08:00:00+00:00","open_rate":0.60968,"close_rate":0.63546,"fee_open":0.002,"fee_close":0.002,"trade_duration":370,"profit_ratio":0.038123660827124185,"profit_abs":189.81797202,"exit_reason":"custom_exit_condition_met","initial_stop_loss_abs":0.45726,"initial_stop_loss_ratio":-0.25,"stop_loss_abs":0.45726,"stop_loss_ratio":-0.25,"min_rate":0.60488,"max_rate":0.6385,"is_open":false,"enter_tag":"buy","leverage":1.0,"is_short":false,"open_timestamp":1760493000000,"close_timestamp":1760515200000,"orders":[{"amount":8150.29,"safe_price":0.60968,"ft_order_side":"buy","order_filled_timestamp":1760493000000,"ft_is_entry":true,"ft_order_tag":"buy","cost":4979.0069448144},{"amount":8150.29,"safe_price":0.63546,"ft_order_side":"sell","order_filled_timestamp":1760515200000,"ft_is_entry":false,"ft_order_tag":"custom_exit_condition_met","cost":5189.541649966801}],"funding_fees":0.0,"weekday":2},{"pair":"EDEN/USDT","stake_amount":5063.028341,"max_stake_amount":5063.028341,"amount":30263.17,"open_date":"2025-10-15 08:00:00+00:00","close_date":"2025-10-15 14:05:00+00:00","open_rate":0.1673,"close_rate":0.1632,"fee_open":0.002,"fee_close":0.002,"trade_duration":365,"profit_ratio":-0.028401058015469355,"profit_abs":-144.08295237,"exit_reason":"custom_exit_condition_met","initial_stop_loss_abs":0.1255,"initial_stop_loss_ratio":-0.25,"stop_loss_abs":0.1255,"stop_loss_ratio":-0.25,"min_rate":0.1559,"max_rate":0.1696,"is_open":false,"enter_tag":"buy","leverage":1.0,"is_short":false,"open_timestamp":1760515200000,"close_timestamp":1760537100000,"orders":[{"amount":30263.17,"safe_price":0.1673,"ft_order_side":"buy","order_filled_timestamp":1760515200000,"ft_is_entry":true,"ft_order_tag":"buy","cost":5073.154397682},{"amount":30263.17,"safe_price":0.1632,"ft_order_side":"sell","order_filled_timestamp":1760537100000,"ft_is_entry":false,"ft_order_tag":"custom_exit_condition_met","cost":4948.827242687999}],"funding_fees":0.0,"weekday":2},{"pair":"BONK/USDT","stake_amount":4991.70853906,"max_stake_amount":4991.70853906,"amount":321423602.0,"open_date":"2025-10-15 14:05:00+00:00","close_date":"2025-10-17 09:40:00+00:00","open_rate":1.553e-05,"close_rate":1.373e-05,"fee_open":0.002,"fee_close":0.002,"trade_duration":2615,"profit_ratio":-0.11943402313229219,"profit_abs":-597.37219279,"exit_reason":"custom_exit_condition_met","initial_stop_loss_abs":1.165e-05,"initial_stop_loss_ratio":-0.25,"stop_loss_abs":1.165e-05,"stop_loss_ratio":-0.25,"min_rate":1.316e-05,"max_rate":1.579e-05,"is_open":false,"enter_tag":"buy","leverage":1.0,"is_short":false,"open_timestamp":1760537100000,"close_timestamp":1760694000000,"orders":[{"amount":321423602.0,"safe_price":1.553e-05,"ft_order_side":"buy","order_filled_timestamp":1760537100000,"ft_is_entry":true,"ft_order_tag":"buy","cost":5001.691956138119},{"amount":321423602.0,"safe_price":1.373e-05,"ft_order_side":"sell","order_filled_timestamp":1760694000000,"ft_is_entry":false,"ft_order_tag":"custom_exit_condition_met","cost":4421.97234757092}],"funding_fees":0.0,"weekday":4},{"pair":"EDEN/USDT","stake_amount":4442.017875,"max_stake_amount":4442.017875,"amount":29320.25,"open_date":"2025-10-17 09:40:00+00:00","close_date":"2025-10-17 11:20:00+00:00","open_rate":0.1515,"close_rate":0.1489,"fee_open":0.002,"fee_close":0.002,"trade_duration":100,"profit_ratio":-0.02108522229468456,"profit_abs":-93.8482562,"exit_reason":"custom_exit_condition_met","initial_stop_loss_abs":0.1137,"initial_stop_loss_ratio":-0.25,"stop_loss_abs":0.1137,"stop_loss_ratio":-0.25,"min_rate":0.1411,"max_rate":0.1515,"is_open":false,"enter_tag":"buy","leverage":1.0,"is_short":false,"open_timestamp":1760694000000,"close_timestamp":1760700000000,"orders":[{"amount":29320.25,"safe_price":0.1515,"ft_order_side":"buy","order_filled_timestamp":1760694000000,"ft_is_entry":true,"ft_order_tag":"buy","cost":4450.90191075},{"amount":29320.25,"safe_price":0.1489,"ft_order_side":"sell","order_filled_timestamp":1760700000000,"ft_is_entry":false,"ft_order_tag":"custom_exit_condition_met","cost":4374.51679545}],"funding_fees":0.0,"weekday":4},{"pair":"BTC/USDT","stake_amount":4349.02614055,"max_stake_amount":4349.02614055,"amount":0.040985,"open_date":"2025-10-17 11:20:00+00:00","close_date":"2025-10-21 14:55:00+00:00","open_rate":106112.63,"close_rate":112074.02275999999,"fee_open":0.002,"fee_close":0.002,"trade_duration":5975,"profit_ratio":0.05196357371871347,"profit_abs":226.44292234,"exit_reason":"trailing_stop_loss","initial_stop_loss_abs":79584.4725,"initial_stop_loss_ratio":-0.25,"stop_loss_abs":112074.02275999999,"stop_loss_ratio":-0.002,"min_rate":104533.31,"max_rate":112298.62,"is_open":false,"enter_tag":"buy","leverage":1.0,"is_short":false,"open_timestamp":1760700000000,"close_timestamp":1761058500000,"orders":[{"amount":0.040985,"safe_price":106112.63,"ft_order_side":"buy","order_filled_timestamp":1760700000000,"ft_is_entry":true,"ft_order_tag":"buy","cost":4357.7241928311005},{"amount":0.040985,"safe_price":112074.02275999999,"ft_order_side":"sell","order_filled_timestamp":1761058500000,"ft_is_entry":false,"ft_order_tag":"trailing_stop_loss","cost":4602.540530464237}],"funding_fees":0.0,"weekday":1},{"pair":"AVNT/USDT","stake_amount":4573.281762,"max_stake_amount":4573.281762,"amount":7730.1,"open_date":"2025-10-21 14:55:00+00:00","close_date":"2025-10-21 15:00:00+00:00","open_rate":0.59162,"close_rate":0.60452,"fee_open":0.002,"fee_close":0.002,"trade_duration":5,"profit_ratio":0.01772547666868567,"profit_abs":81.22572637,"exit_reason":"custom_exit_condition_met","initial_stop_loss_abs":0.44372,"initial_stop_loss_ratio":-0.25,"stop_loss_abs":0.44372,"stop_loss_ratio":-0.25,"min_rate":0.59162,"max_rate":0.60814,"is_open":false,"enter_tag":"buy","leverage":1.0,"is_short":false,"open_timestamp":1761058500000,"close_timestamp":1761058800000,"orders":[{"amount":7730.1,"safe_price":0.59162,"ft_order_side":"buy","order_filled_timestamp":1761058500000,"ft_is_entry":true,"ft_order_tag":"buy","cost":4582.428325524001},{"amount":7730.1,"safe_price":0.60452,"ft_order_side":"sell","order_filled_timestamp":1761058800000,"ft_is_entry":false,"ft_order_tag":"custom_exit_condition_met","cost":4682.346052104}],"funding_fees":0.0,"weekday":1},{"pair":"BNB/USDT","stake_amount":4653.68904,"max_stake_amount":4653.68904,"amount":4.2264,"open_date":"2025-10-21 15:00:00+00:00","close_date":"2025-10-23 15:10:00+00:00","open_rate":1101.1,"close_rate":1122.4,"fee_open":0.002,"fee_close":0.002,"trade_duration":2890,"profit_ratio":0.01527505338066035,"profit_abs":71.2275192,"exit_reason":"custom_exit_condition_met","initial_stop_loss_abs":825.8249999999999,"initial_stop_loss_ratio":-0.25,"stop_loss_abs":825.8249999999999,"stop_loss_ratio":-0.25,"min_rate":1052.1,"max_rate":1145.5,"is_open":false,"enter_tag":"buy","leverage":1.0,"is_short":false,"open_timestamp":1761058800000,"close_timestamp":1761232200000,"orders":[{"amount":4.2264,"safe_price":1101.1,"ft_order_side":"buy","order_filled_timestamp":1761058800000,"ft_is_entry":true,"ft_order_tag":"buy","cost":4662.996418079999},{"amount":4.2264,"safe_price":1122.4,"ft_order_side":"sell","order_filled_timestamp":1761232200000,"ft_is_entry":false,"ft_order_tag":"custom_exit_condition_met","cost":4753.19878272}],"funding_fees":0.0,"weekday":3},{"pair":"EDEN/USDT","stake_amount":4724.215544,"max_stake_amount":4724.215544,"amount":35600.72,"open_date":"2025-10-23 15:10:00+00:00","close_date":"2025-10-23 15:35:00+00:00","open_rate":0.1327,"close_rate":0.1367,"fee_open":0.002,"fee_close":0.002,"trade_duration":25,"profit_ratio":0.026030832080282857,"profit_abs":123.22121206,"exit_reason":"custom_exit_condition_met","initial_stop_loss_abs":0.0996,"initial_stop_loss_ratio":-0.25,"stop_loss_abs":0.0996,"stop_loss_ratio":-0.25,"min_rate":0.1327,"max_rate":0.1372,"is_open":false,"enter_tag":"buy","leverage":1.0,"is_short":false,"open_timestamp":1761232200000,"close_timestamp":1761233700000,"orders":[{"amount":35600.72,"safe_price":0.1327,"ft_order_side":"buy","order_filled_timestamp":1761232200000,"ft_is_entry":true,"ft_order_tag":"buy","cost":4733.663975088},{"amount":35600.72,"safe_price":0.1367,"ft_order_side":"sell","order_filled_timestamp":1761233700000,"ft_is_entry":false,"ft_order_tag":"custom_exit_condition_met","cost":4876.3516608479995}],"funding_fees":0.0,"weekday":3},{"pair":"AVNT/USDT","stake_amount":4846.20466,"max_stake_amount":4846.20466,"amount":7301.8,"open_date":"2025-10-23 15:35:00+00:00","close_date":"2025-10-23 20:30:00+00:00","open_rate":0.6637,"close_rate":0.6649,"fee_open":0.002,"fee_close":0.002,"trade_duration":295,"profit_ratio":-0.0021911879119567105,"profit_abs":-10.64018296,"exit_reason":"custom_exit_condition_met","initial_stop_loss_abs":0.49778,"initial_stop_loss_ratio":-0.25,"stop_loss_abs":0.49778,"stop_loss_ratio":-0.25,"min_rate":0.64008,"max_rate":0.66938,"is_open":false,"enter_tag":"buy","leverage":1.0,"is_short":false,"open_timestamp":1761233700000,"close_timestamp":1761251400000,"orders":[{"amount":7301.8,"safe_price":0.6637,"ft_order_side":"buy","order_filled_timestamp":1761233700000,"ft_is_entry":true,"ft_order_tag":"buy","cost":4855.897069319999},{"amount":7301.8,"safe_price":0.6649,"ft_order_side":"sell","order_filled_timestamp":1761251400000,"ft_is_entry":false,"ft_order_tag":"custom_exit_condition_met","cost":4864.67675364}],"funding_fees":0.0,"weekday":3},{"pair":"EDEN/USDT","stake_amount":4835.670302,"max_stake_amount":4835.670302,"amount":35219.74,"open_date":"2025-10-23 20:30:00+00:00","close_date":"2025-10-24 04:05:00+00:00","open_rate":0.1373,"close_rate":0.1428,"fee_open":0.002,"fee_close":0.002,"trade_duration":455,"profit_ratio":0.035906337361280447,"profit_abs":173.97847165,"exit_reason":"custom_exit_condition_met","initial_stop_loss_abs":0.103,"initial_stop_loss_ratio":-0.25,"stop_loss_abs":0.103,"stop_loss_ratio":-0.25,"min_rate":0.1359,"max_rate":0.1428,"is_open":false,"enter_tag":"buy","leverage":1.0,"is_short":false,"open_timestamp":1761251400000,"close_timestamp":1761278700000,"orders":[{"amount":35219.74,"safe_price":0.1373,"ft_order_side":"buy","order_filled_timestamp":1761251400000,"ft_is_entry":true,"ft_order_tag":"buy","cost":4845.341642603999},{"amount":35219.74,"safe_price":0.1428,"ft_order_side":"sell","order_filled_timestamp":1761278700000,"ft_is_entry":false,"ft_order_tag":"custom_exit_condition_met","cost":5039.437629744}],"funding_fees":0.0,"weekday":4},{"pair":"BONK/USDT","stake_amount":4978.95497637,"max_stake_amount":4978.95497637,"amount":346482601.0,"open_date":"2025-10-24 04:05:00+00:00","close_date":"2025-10-24 04:35:00+00:00","open_rate":1.437e-05,"close_rate":1.469e-05,"fee_open":0.002,"fee_close":0.002,"trade_duration":30,"profit_ratio":0.018187702535106983,"profit_abs":90.73686355,"exit_reason":"custom_exit_condition_met","initial_stop_loss_abs":1.078e-05,"initial_stop_loss_ratio":-0.25,"stop_loss_abs":1.078e-05,"stop_loss_ratio":-0.25,"min_rate":1.437e-05,"max_rate":1.473e-05,"is_open":false,"enter_tag":"buy","leverage":1.0,"is_short":false,"open_timestamp":1761278700000,"close_timestamp":1761280500000,"orders":[{"amount":346482601.0,"safe_price":1.437e-05,"ft_order_side":"buy","order_filled_timestamp":1761278700000,"ft_is_entry":true,"ft_order_tag":"buy","cost":4988.91288632274},{"amount":346482601.0,"safe_price":1.469e-05,"ft_order_side":"sell","order_filled_timestamp":1761280500000,"ft_is_entry":false,"ft_order_tag":"custom_exit_condition_met","cost":5100.00906750738}],"funding_fees":0.0,"weekday":4},{"pair":"PEPE/USDT","stake_amount":5023.86972047,"max_stake_amount":5023.86972047,"amount":710087593.0,"open_date":"2025-10-24 04:35:00+00:00","close_date":"2025-10-26 22:00:00+00:00","open_rate":7.075e-06,"close_rate":7.454e-06,"fee_open":0.002,"fee_close":0.002,"trade_duration":3925,"profit_ratio":0.04936304070312448,"profit_abs":248.48947247,"exit_reason":"trailing_stop_loss","initial_stop_loss_abs":5.307e-06,"initial_stop_loss_ratio":-0.25,"stop_loss_abs":7.454e-06,"stop_loss_ratio":-0.002,"min_rate":6.973e-06,"max_rate":7.468e-06,"is_open":false,"enter_tag":"buy","leverage":1.0,"is_short":false,"open_timestamp":1761280500000,"close_timestamp":1761516000000,"orders":[{"amount":710087593.0,"safe_price":7.075e-06,"ft_order_side":"buy","order_filled_timestamp":1761280500000,"ft_is_entry":true,"ft_order_tag":"buy","cost":5033.91745991595},{"amount":710087593.0,"safe_price":7.454e-06,"ft_order_side":"sell","order_filled_timestamp":1761516000000,"ft_is_entry":false,"ft_order_tag":"trailing_stop_loss","cost":5303.578904058444}],"funding_fees":0.0,"weekday":6},{"pair":"EDEN/USDT","stake_amount":5146.871457,"max_stake_amount":5146.871457,"amount":26932.87,"open_date":"2025-10-26 22:00:00+00:00","close_date":"2025-10-26 22:20:00+00:00","open_rate":0.1911,"close_rate":0.1974,"fee_open":0.002,"fee_close":0.002,"trade_duration":20,"profit_ratio":0.028843412076945008,"profit_abs":148.75024101,"exit_reason":"custom_exit_condition_met","initial_stop_loss_abs":0.1434,"initial_stop_loss_ratio":-0.25,"stop_loss_abs":0.1434,"stop_loss_ratio":-0.25,"min_rate":0.1911,"max_rate":0.1974,"is_open":false,"enter_tag":"buy","leverage":1.0,"is_short":false,"open_timestamp":1761516000000,"close_timestamp":1761517200000,"orders":[{"amount":26932.87,"safe_price":0.1911,"ft_order_side":"buy","order_filled_timestamp":1761516000000,"ft_is_entry":true,"ft_order_tag":"buy","cost":5157.1651999139995},{"amount":26932.87,"safe_price":0.1974,"ft_order_side":"sell","order_filled_timestamp":1761517200000,"ft_is_entry":false,"ft_order_tag":"custom_exit_condition_met","cost":5327.181635076}],"funding_fees":0.0,"weekday":6},{"pair":"AVNT/USDT","stake_amount":5220.498025,"max_stake_amount":5220.498025,"amount":6627.1,"open_date":"2025-10-26 22:20:00+00:00","close_date":"2025-10-26 23:40:00+00:00","open_rate":0.78775,"close_rate":0.79964,"fee_open":0.002,"fee_close":0.002,"trade_duration":80,"profit_ratio":0.011041351127891104,"profit_abs":57.75663446,"exit_reason":"custom_exit_condition_met","initial_stop_loss_abs":0.59082,"initial_stop_loss_ratio":-0.25,"stop_loss_abs":0.59082,"stop_loss_ratio":-0.25,"min_rate":0.7779,"max_rate":0.80276,"is_open":false,"enter_tag":"buy","leverage":1.0,"is_short":false,"open_timestamp":1761517200000,"close_timestamp":1761522000000,"orders":[{"amount":6627.1,"safe_price":0.78775,"ft_order_side":"buy","order_filled_timestamp":1761517200000,"ft_is_entry":true,"ft_order_tag":"buy","cost":5230.93902105},{"amount":6627.1,"safe_price":0.79964,"ft_order_side":"sell","order_filled_timestamp":1761522000000,"ft_is_entry":false,"ft_order_tag":"custom_exit_condition_met","cost":5309.892832488001}],"funding_fees":0.0,"weekday":6},{"pair":"BONK/USDT","stake_amount":5249.09290541,"max_stake_amount":5249.09290541,"amount":340629001.0,"open_date":"2025-10-26 23:40:00+00:00","close_date":"2025-10-29 17:45:00+00:00","open_rate":1.541e-05,"close_rate":1.483e-05,"fee_open":0.002,"fee_close":0.002,"trade_duration":3965,"profit_ratio":-0.041479662349447166,"profit_abs":-218.16606256,"exit_reason":"custom_exit_condition_met","initial_stop_loss_abs":1.156e-05,"initial_stop_loss_ratio":-0.25,"stop_loss_abs":1.156e-05,"stop_loss_ratio":-0.25,"min_rate":1.411e-05,"max_rate":1.58e-05,"is_open":false,"enter_tag":"buy","leverage":1.0,"is_short":false,"open_timestamp":1761522000000,"close_timestamp":1761759900000,"orders":[{"amount":340629001.0,"safe_price":1.541e-05,"ft_order_side":"buy","order_filled_timestamp":1761522000000,"ft_is_entry":true,"ft_order_tag":"buy","cost":5259.59109122082},{"amount":340629001.0,"safe_price":1.483e-05,"ft_order_side":"sell","order_filled_timestamp":1761759900000,"ft_is_entry":false,"ft_order_tag":"custom_exit_condition_met","cost":5061.63114099966}],"funding_fees":0.0,"weekday":2},{"pair":"EDEN/USDT","stake_amount":5141.10002,"max_stake_amount":5141.10002,"amount":34047.02,"open_date":"2025-10-29 17:45:00+00:00","close_date":"2025-10-29 18:15:00+00:00","open_rate":0.151,"close_rate":0.1529,"fee_open":0.002,"fee_close":0.002,"trade_duration":30,"profit_ratio":0.008540534823614462,"profit_abs":43.99555924,"exit_reason":"custom_exit_condition_met","initial_stop_loss_abs":0.1133,"initial_stop_loss_ratio":-0.25,"stop_loss_abs":0.1133,"stop_loss_ratio":-0.25,"min_rate":0.1501,"max_rate":0.1529,"is_open":false,"enter_tag":"buy","leverage":1.0,"is_short":false,"open_timestamp":1761759900000,"close_timestamp":1761761700000,"orders":[{"amount":34047.02,"safe_price":0.151,"ft_order_side":"buy","order_filled_timestamp":1761759900000,"ft_is_entry":true,"ft_order_tag":"buy","cost":5151.382220039999},{"amount":34047.02,"safe_price":0.1529,"ft_order_side":"sell","order_filled_timestamp":1761761700000,"ft_is_entry":false,"ft_order_tag":"custom_exit_condition_met","cost":5216.200936716}],"funding_fees":0.0,"weekday":2},{"pair":"BONK/USDT","stake_amount":5162.87850858,"max_stake_amount":5162.87850858,"amount":348372369.0,"open_date":"2025-10-29 18:15:00+00:00","close_date":"2025-10-29 18:20:00+00:00","open_rate":1.482e-05,"close_rate":1.499e-05,"fee_open":0.002,"fee_close":0.002,"trade_duration":5,"profit_ratio":0.007433176831180318,"profit_abs":38.45334209,"exit_reason":"custom_exit_condition_met","initial_stop_loss_abs":1.112e-05,"initial_stop_loss_ratio":-0.25,"stop_loss_abs":1.112e-05,"stop_loss_ratio":-0.25,"min_rate":1.482e-05,"max_rate":1.499e-05,"is_open":false,"enter_tag":"buy","leverage":1.0,"is_short":false,"open_timestamp":1761761700000,"close_timestamp":1761762000000,"orders":[{"amount":348372369.0,"safe_price":1.482e-05,"ft_order_side":"buy","order_filled_timestamp":1761761700000,"ft_is_entry":true,"ft_order_tag":"buy","cost":5173.20426559716},{"amount":348372369.0,"safe_price":1.499e-05,"ft_order_side":"sell","order_filled_timestamp":1761762000000,"ft_is_entry":false,"ft_order_tag":"custom_exit_condition_met","cost":5232.54601493262}],"funding_fees":0.0,"weekday":2},{"pair":"EDEN/USDT","stake_amount":5181.911448,"max_stake_amount":5181.911448,"amount":33957.48,"open_date":"2025-10-29 18:20:00+00:00","close_date":"2025-10-29 18:35:00+00:00","open_rate":0.1526,"close_rate":0.1547,"fee_open":0.002,"fee_close":0.002,"trade_duration":15,"profit_ratio":0.009714515921898684,"profit_abs":50.44044079,"exit_reason":"custom_exit_condition_met","initial_stop_loss_abs":0.1145,"initial_stop_loss_ratio":-0.25,"stop_loss_abs":0.1145,"stop_loss_ratio":-0.25,"min_rate":0.149,"max_rate":0.1547,"is_open":false,"enter_tag":"buy","leverage":1.0,"is_short":false,"open_timestamp":1761762000000,"close_timestamp":1761762900000,"orders":[{"amount":33957.48,"safe_price":0.1526,"ft_order_side":"buy","order_filled_timestamp":1761762000000,"ft_is_entry":true,"ft_order_tag":"buy","cost":5192.275270896001},{"amount":33957.48,"safe_price":0.1547,"ft_order_side":"sell","order_filled_timestamp":1761762900000,"ft_is_entry":false,"ft_order_tag":"custom_exit_condition_met","cost":5263.728600312001}],"funding_fees":0.0,"weekday":2},{"pair":"PEPE/USDT","stake_amount":5206.88093555,"max_stake_amount":5206.88093555,"amount":725798848.0,"open_date":"2025-10-29 18:35:00+00:00","close_date":"2025-11-04 08:35:00+00:00","open_rate":7.174e-06,"close_rate":5.685e-06,"fee_open":0.002,"fee_close":0.002,"trade_duration":8040,"profit_ratio":-0.2107185127922714,"profit_abs":-1099.38057944,"exit_reason":"custom_exit_condition_met","initial_stop_loss_abs":5.381e-06,"initial_stop_loss_ratio":-0.25,"stop_loss_abs":5.381e-06,"stop_loss_ratio":-0.25,"min_rate":5.476e-06,"max_rate":7.236e-06,"is_open":false,"enter_tag":"buy","leverage":1.0,"is_short":false,"open_timestamp":1761762900000,"close_timestamp":1762245300000,"orders":[{"amount":725798848.0,"safe_price":7.174e-06,"ft_order_side":"buy","order_filled_timestamp":1761762900000,"ft_is_entry":true,"ft_order_tag":"buy","cost":5217.294697423104},{"amount":725798848.0,"safe_price":5.685e-06,"ft_order_side":"sell","order_filled_timestamp":1762245300000,"ft_is_entry":false,"ft_order_tag":"custom_exit_condition_met","cost":4134.41878378176}],"funding_fees":0.0,"weekday":1},{"pair":"BNB/USDT","stake_amount":4375.318,"max_stake_amount":4375.318,"amount":4.57,"open_date":"2025-11-04 08:35:00+00:00","close_date":"2025-11-04 22:20:00+00:00","open_rate":957.4,"close_rate":929.3,"fee_open":0.002,"fee_close":0.002,"trade_duration":825,"profit_ratio":-0.03322517280041963,"profit_abs":-145.661438,"exit_reason":"custom_exit_condition_met","initial_stop_loss_abs":718.05,"initial_stop_loss_ratio":-0.25,"stop_loss_abs":718.05,"stop_loss_ratio":-0.25,"min_rate":880.6,"max_rate":966.9,"is_open":false,"enter_tag":"buy","leverage":1.0,"is_short":false,"open_timestamp":1762245300000,"close_timestamp":1762294800000,"orders":[{"amount":4.57,"safe_price":957.4,"ft_order_side":"buy","order_filled_timestamp":1762245300000,"ft_is_entry":true,"ft_order_tag":"buy","cost":4384.068636},{"amount":4.57,"safe_price":929.3,"ft_order_side":"sell","order_filled_timestamp":1762294800000,"ft_is_entry":false,"ft_order_tag":"custom_exit_condition_met","cost":4255.394802}],"funding_fees":0.0,"weekday":1},{"pair":"EDEN/USDT","stake_amount":4231.17,"max_stake_amount":4231.17,"amount":42311.7,"open_date":"2025-11-04 22:20:00+00:00","close_date":"2025-11-04 22:35:00+00:00","open_rate":0.1,"close_rate":0.1013,"fee_open":0.002,"fee_close":0.002,"trade_duration":15,"profit_ratio":0.008956087824351297,"profit_abs":37.97051958,"exit_reason":"custom_exit_condition_met","initial_stop_loss_abs":0.0751,"initial_stop_loss_ratio":-0.25,"stop_loss_abs":0.0751,"stop_loss_ratio":-0.25,"min_rate":0.0996,"max_rate":0.1014,"is_open":false,"enter_tag":"buy","leverage":1.0,"is_short":false,"open_timestamp":1762294800000,"close_timestamp":1762295700000,"orders":[{"amount":42311.7,"safe_price":0.1,"ft_order_side":"buy","order_filled_timestamp":1762294800000,"ft_is_entry":true,"ft_order_tag":"buy","cost":4239.63234},{"amount":42311.7,"safe_price":0.1013,"ft_order_side":"sell","order_filled_timestamp":1762295700000,"ft_is_entry":false,"ft_order_tag":"custom_exit_condition_met","cost":4294.747560419999}],"funding_fees":0.0,"weekday":1},{"pair":"TRX/USDT","stake_amount":4949.99999286,"max_stake_amount":4949.99999286,"amount":15620.0694,"open_date":"2025-10-15 00:05:00+00:00","close_date":"2025-11-08 00:00:00+00:00","open_rate":0.3169,"close_rate":0.2922,"fee_open":0.002,"fee_close":0.002,"trade_duration":34555,"profit_ratio":-0.08162343662250388,"profit_abs":-404.84408272,"exit_reason":"force_exit","initial_stop_loss_abs":0.2377,"initial_stop_loss_ratio":-0.25,"stop_loss_abs":0.2377,"stop_loss_ratio":-0.25,"min_rate":0.2763,"max_rate":0.3253,"is_open":false,"enter_tag":"buy","leverage":1.0,"is_short":false,"open_timestamp":1760486700000,"close_timestamp":1762560000000,"orders":[{"amount":15620.0694,"safe_price":0.3169,"ft_order_side":"buy","order_filled_timestamp":1760486700000,"ft_is_entry":true,"ft_order_tag":"buy","cost":4959.89999284572},{"amount":15620.0694,"safe_price":0.2922,"ft_order_side":"sell","order_filled_timestamp":1762560000000,"ft_is_entry":false,"ft_order_tag":"force_exit","cost":4573.312647237361}],"funding_fees":0.0,"weekday":5},{"pair":"BTC/USDT","stake_amount":4268.67869876,"max_stake_amount":4268.67869876,"amount":0.042014,"open_date":"2025-11-04 22:35:00+00:00","close_date":"2025-11-08 00:00:00+00:00","open_rate":101601.34,"close_rate":103338.95,"fee_open":0.002,"fee_close":0.002,"trade_duration":4405,"profit_ratio":0.013041946704958696,"profit_abs":55.78322385,"exit_reason":"force_exit","initial_stop_loss_abs":76201.005,"initial_stop_loss_ratio":-0.25,"stop_loss_abs":76201.005,"stop_loss_ratio":-0.25,"min_rate":98965.01,"max_rate":104534.75,"is_open":false,"enter_tag":"buy","leverage":1.0,"is_short":false,"open_timestamp":1762295700000,"close_timestamp":1762560000000,"orders":[{"amount":0.042014,"safe_price":101601.34,"ft_order_side":"buy","order_filled_timestamp":1762295700000,"ft_is_entry":true,"ft_order_tag":"buy","cost":4277.21605615752},{"amount":0.042014,"safe_price":103338.95,"ft_order_side":"sell","order_filled_timestamp":1762560000000,"ft_is_entry":false,"ft_order_tag":"force_exit","cost":4350.3660105906}],"funding_fees":0.0,"weekday":5}],"locks":[],"best_pair":{"key":"EDEN/USDT","trades":9,"profit_mean":0.00847474089044499,"profit_mean_pct":0.85,"profit_total_abs":378.94989893,"profit_total":0.037894989893000004,"profit_total_pct":3.79,"duration_avg":"2:06:00","wins":7,"draws":0,"losses":2,"winrate":0.7777777777777778,"cagr":0.7606236364433163,"expectancy":42.10554432555557,"expectancy_ratio":0.3539304034860815,"sortino":12.01000537731422,"sharpe":3.0404054864289387,"calmar":127.27276106067261,"sqn":1.2003,"profit_factor":2.592686815687367,"max_drawdown_account":0.0237018104306638,"max_drawdown_abs":237.93120856999997},"worst_pair":{"key":"PEPE/USDT","trades":2,"profit_mean":-0.08067773604457347,"profit_mean_pct":-8.07,"profit_total_abs":-850.89110697,"profit_total":-0.085089110697,"profit_total_pct":-8.51,"duration_avg":"4 days, 3:42:00","wins":1,"draws":0,"losses":1,"winrate":0.5,"cagr":-0.7413956266120059,"expectancy":-425.445553485,"expectancy_ratio":-0.38698660085637726,"sortino":-100,"sharpe":-1.0050580512863578,"calmar":-63.14238379408375,"sqn":-0.6313,"profit_factor":0.22602679828724553,"max_drawdown_account":0.10727245048094276,"max_drawdown_abs":1099.38057944},"results_per_pair":[{"key":"EDEN/USDT","trades":9,"profit_mean":0.00847474089044499,"profit_mean_pct":0.85,"profit_total_abs":378.94989893,"profit_total":0.037894989893000004,"profit_total_pct":3.79,"duration_avg":"2:06:00","wins":7,"draws":0,"losses":2,"winrate":0.7777777777777778,"cagr":0.7606236364433163,"expectancy":42.10554432555557,"expectancy_ratio":0.3539304034860815,"sortino":12.01000537731422,"sharpe":3.0404054864289387,"calmar":127.27276106067261,"sqn":1.2003,"profit_factor":2.592686815687367,"max_drawdown_account":0.0237018104306638,"max_drawdown_abs":237.93120856999997},{"key":"AVNT/USDT","trades":4,"profit_mean":0.016174825177936062,"profit_mean_pct":1.62,"profit_total_abs":318.16014989,"profit_total":0.031816014989000004,"profit_total_pct":3.18,"duration_avg":"3:08:00","wins":3,"draws":0,"losses":1,"winrate":0.75,"cagr":0.6101553162411986,"expectancy":79.5400374725,"expectancy_ratio":7.475438887800854,"sortino":-100,"sharpe":3.514646978533894,"calmar":2444.817548692683,"sqn":1.9118,"profit_factor":30.901755551203415,"max_drawdown_account":0.0010359398005158726,"max_drawdown_abs":10.640182960000004},{"key":"BTC/USDT","trades":2,"profit_mean":0.03250276021183608,"profit_mean_pct":3.25,"profit_total_abs":282.22614619,"profit_total":0.028222614619,"profit_total_pct":2.82,"duration_avg":"3 days, 14:30:00","wins":2,"draws":0,"losses":0,"winrate":1.0,"cagr":0.5269521524069738,"expectancy":141.113073095,"expectancy_ratio":100.0,"sortino":-100,"sharpe":2.632882377338437,"calmar":-100,"sqn":1.6537,"profit_factor":0.0,"max_drawdown_account":0.0,"max_drawdown_abs":0.0},{"key":"APT/USDT","trades":0,"profit_mean":0.0,"profit_mean_pct":0.0,"profit_total_abs":0.0,"profit_total":0.0,"profit_total_pct":0.0,"duration_avg":"0:00","wins":0,"draws":0,"losses":0,"winrate":0.0,"cagr":0.0,"expectancy":0.0,"expectancy_ratio":100.0,"sortino":0,"sharpe":0,"calmar":0,"sqn":0.0,"profit_factor":0.0,"max_drawdown_account":0.0,"max_drawdown_abs":0.0},{"key":"LINEA/USDT","trades":0,"profit_mean":0.0,"profit_mean_pct":0.0,"profit_total_abs":0.0,"profit_total":0.0,"profit_total_pct":0.0,"duration_avg":"0:00","wins":0,"draws":0,"losses":0,"winrate":0.0,"cagr":0.0,"expectancy":0.0,"expectancy_ratio":100.0,"sortino":0,"sharpe":0,"calmar":0,"sqn":0.0,"profit_factor":0.0,"max_drawdown_account":0.0,"max_drawdown_abs":0.0},{"key":"WIF/USDT","trades":0,"profit_mean":0.0,"profit_mean_pct":0.0,"profit_total_abs":0.0,"profit_total":0.0,"profit_total_pct":0.0,"duration_avg":"0:00","wins":0,"draws":0,"losses":0,"winrate":0.0,"cagr":0.0,"expectancy":0.0,"expectancy_ratio":100.0,"sortino":0,"sharpe":0,"calmar":0,"sqn":0.0,"profit_factor":0.0,"max_drawdown_account":0.0,"max_drawdown_abs":0.0},{"key":"VIRTUAL/USDT","trades":0,"profit_mean":0.0,"profit_mean_pct":0.0,"profit_total_abs":0.0,"profit_total":0.0,"profit_total_pct":0.0,"duration_avg":"0:00","wins":0,"draws":0,"losses":0,"winrate":0.0,"cagr":0.0,"expectancy":0.0,"expectancy_ratio":100.0,"sortino":0,"sharpe":0,"calmar":0,"sqn":0.0,"profit_factor":0.0,"max_drawdown_account":0.0,"max_drawdown_abs":0.0},{"key":"NEAR/USDT","trades":0,"profit_mean":0.0,"profit_mean_pct":0.0,"profit_total_abs":0.0,"profit_total":0.0,"profit_total_pct":0.0,"duration_avg":"0:00","wins":0,"draws":0,"losses":0,"winrate":0.0,"cagr":0.0,"expectancy":0.0,"expectancy_ratio":100.0,"sortino":0,"sharpe":0,"calmar":0,"sqn":0.0,"profit_factor":0.0,"max_drawdown_account":0.0,"max_drawdown_abs":0.0},{"key":"PUMP/USDT","trades":0,"profit_mean":0.0,"profit_mean_pct":0.0,"profit_total_abs":0.0,"profit_total":0.0,"profit_total_pct":0.0,"duration_avg":"0:00","wins":0,"draws":0,"losses":0,"winrate":0.0,"cagr":0.0,"expectancy":0.0,"expectancy_ratio":100.0,"sortino":0,"sharpe":0,"calmar":0,"sqn":0.0,"profit_factor":0.0,"max_drawdown_account":0.0,"max_drawdown_abs":0.0},{"key":"FET/USDT","trades":0,"profit_mean":0.0,"profit_mean_pct":0.0,"profit_total_abs":0.0,"profit_total":0.0,"profit_total_pct":0.0,"duration_avg":"0:00","wins":0,"draws":0,"losses":0,"winrate":0.0,"cagr":0.0,"expectancy":0.0,"expectancy_ratio":100.0,"sortino":0,"sharpe":0,"calmar":0,"sqn":0.0,"profit_factor":0.0,"max_drawdown_account":0.0,"max_drawdown_abs":0.0},{"key":"ADA/USDT","trades":0,"profit_mean":0.0,"profit_mean_pct":0.0,"profit_total_abs":0.0,"profit_total":0.0,"profit_total_pct":0.0,"duration_avg":"0:00","wins":0,"draws":0,"losses":0,"winrate":0.0,"cagr":0.0,"expectancy":0.0,"expectancy_ratio":100.0,"sortino":0,"sharpe":0,"calmar":0,"sqn":0.0,"profit_factor":0.0,"max_drawdown_account":0.0,"max_drawdown_abs":0.0},{"key":"AVAX/USDT","trades":0,"profit_mean":0.0,"profit_mean_pct":0.0,"profit_total_abs":0.0,"profit_total":0.0,"profit_total_pct":0.0,"duration_avg":"0:00","wins":0,"draws":0,"losses":0,"winrate":0.0,"cagr":0.0,"expectancy":0.0,"expectancy_ratio":100.0,"sortino":0,"sharpe":0,"calmar":0,"sqn":0.0,"profit_factor":0.0,"max_drawdown_account":0.0,"max_drawdown_abs":0.0},{"key":"PLUME/USDT","trades":0,"profit_mean":0.0,"profit_mean_pct":0.0,"profit_total_abs":0.0,"profit_total":0.0,"profit_total_pct":0.0,"duration_avg":"0:00","wins":0,"draws":0,"losses":0,"winrate":0.0,"cagr":0.0,"expectancy":0.0,"expectancy_ratio":100.0,"sortino":0,"sharpe":0,"calmar":0,"sqn":0.0,"profit_factor":0.0,"max_drawdown_account":0.0,"max_drawdown_abs":0.0},{"key":"LTC/USDT","trades":0,"profit_mean":0.0,"profit_mean_pct":0.0,"profit_total_abs":0.0,"profit_total":0.0,"profit_total_pct":0.0,"duration_avg":"0:00","wins":0,"draws":0,"losses":0,"winrate":0.0,"cagr":0.0,"expectancy":0.0,"expectancy_ratio":100.0,"sortino":0,"sharpe":0,"calmar":0,"sqn":0.0,"profit_factor":0.0,"max_drawdown_account":0.0,"max_drawdown_abs":0.0},{"key":"FORM/USDT","trades":0,"profit_mean":0.0,"profit_mean_pct":0.0,"profit_total_abs":0.0,"profit_total":0.0,"profit_total_pct":0.0,"duration_avg":"0:00","wins":0,"draws":0,"losses":0,"winrate":0.0,"cagr":0.0,"expectancy":0.0,"expectancy_ratio":100.0,"sortino":0,"sharpe":0,"calmar":0,"sqn":0.0,"profit_factor":0.0,"max_drawdown_account":0.0,"max_drawdown_abs":0.0},{"key":"CRV/USDT","trades":0,"profit_mean":0.0,"profit_mean_pct":0.0,"profit_total_abs":0.0,"profit_total":0.0,"profit_total_pct":0.0,"duration_avg":"0:00","wins":0,"draws":0,"losses":0,"winrate":0.0,"cagr":0.0,"expectancy":0.0,"expectancy_ratio":100.0,"sortino":0,"sharpe":0,"calmar":0,"sqn":0.0,"profit_factor":0.0,"max_drawdown_account":0.0,"max_drawdown_abs":0.0},{"key":"XPL/USDT","trades":0,"profit_mean":0.0,"profit_mean_pct":0.0,"profit_total_abs":0.0,"profit_total":0.0,"profit_total_pct":0.0,"duration_avg":"0:00","wins":0,"draws":0,"losses":0,"winrate":0.0,"cagr":0.0,"expectancy":0.0,"expectancy_ratio":100.0,"sortino":0,"sharpe":0,"calmar":0,"sqn":0.0,"profit_factor":0.0,"max_drawdown_account":0.0,"max_drawdown_abs":0.0},{"key":"TUT/USDT","trades":0,"profit_mean":0.0,"profit_mean_pct":0.0,"profit_total_abs":0.0,"profit_total":0.0,"profit_total_pct":0.0,"duration_avg":"0:00","wins":0,"draws":0,"losses":0,"winrate":0.0,"cagr":0.0,"expectancy":0.0,"expectancy_ratio":100.0,"sortino":0,"sharpe":0,"calmar":0,"sqn":0.0,"profit_factor":0.0,"max_drawdown_account":0.0,"max_drawdown_abs":0.0},{"key":"PAXG/USDT","trades":0,"profit_mean":0.0,"profit_mean_pct":0.0,"profit_total_abs":0.0,"profit_total":0.0,"profit_total_pct":0.0,"duration_avg":"0:00","wins":0,"draws":0,"losses":0,"winrate":0.0,"cagr":0.0,"expectancy":0.0,"expectancy_ratio":100.0,"sortino":0,"sharpe":0,"calmar":0,"sqn":0.0,"profit_factor":0.0,"max_drawdown_account":0.0,"max_drawdown_abs":0.0},{"key":"SOMI/USDT","trades":0,"profit_mean":0.0,"profit_mean_pct":0.0,"profit_total_abs":0.0,"profit_total":0.0,"profit_total_pct":0.0,"duration_avg":"0:00","wins":0,"draws":0,"losses":0,"winrate":0.0,"cagr":0.0,"expectancy":0.0,"expectancy_ratio":100.0,"sortino":0,"sharpe":0,"calmar":0,"sqn":0.0,"profit_factor":0.0,"max_drawdown_account":0.0,"max_drawdown_abs":0.0},{"key":"SHIB/USDT","trades":0,"profit_mean":0.0,"profit_mean_pct":0.0,"profit_total_abs":0.0,"profit_total":0.0,"profit_total_pct":0.0,"duration_avg":"0:00","wins":0,"draws":0,"losses":0,"winrate":0.0,"cagr":0.0,"expectancy":0.0,"expectancy_ratio":100.0,"sortino":0,"sharpe":0,"calmar":0,"sqn":0.0,"profit_factor":0.0,"max_drawdown_account":0.0,"max_drawdown_abs":0.0},{"key":"BIO/USDT","trades":0,"profit_mean":0.0,"profit_mean_pct":0.0,"profit_total_abs":0.0,"profit_total":0.0,"profit_total_pct":0.0,"duration_avg":"0:00","wins":0,"draws":0,"losses":0,"winrate":0.0,"cagr":0.0,"expectancy":0.0,"expectancy_ratio":100.0,"sortino":0,"sharpe":0,"calmar":0,"sqn":0.0,"profit_factor":0.0,"max_drawdown_account":0.0,"max_drawdown_abs":0.0},{"key":"DOT/USDT","trades":0,"profit_mean":0.0,"profit_mean_pct":0.0,"profit_total_abs":0.0,"profit_total":0.0,"profit_total_pct":0.0,"duration_avg":"0:00","wins":0,"draws":0,"losses":0,"winrate":0.0,"cagr":0.0,"expectancy":0.0,"expectancy_ratio":100.0,"sortino":0,"sharpe":0,"calmar":0,"sqn":0.0,"profit_factor":0.0,"max_drawdown_account":0.0,"max_drawdown_abs":0.0},{"key":"FIL/USDT","trades":0,"profit_mean":0.0,"profit_mean_pct":0.0,"profit_total_abs":0.0,"profit_total":0.0,"profit_total_pct":0.0,"duration_avg":"0:00","wins":0,"draws":0,"losses":0,"winrate":0.0,"cagr":0.0,"expectancy":0.0,"expectancy_ratio":100.0,"sortino":0,"sharpe":0,"calmar":0,"sqn":0.0,"profit_factor":0.0,"max_drawdown_account":0.0,"max_drawdown_abs":0.0},{"key":"S/USDT","trades":0,"profit_mean":0.0,"profit_mean_pct":0.0,"profit_total_abs":0.0,"profit_total":0.0,"profit_total_pct":0.0,"duration_avg":"0:00","wins":0,"draws":0,"losses":0,"winrate":0.0,"cagr":0.0,"expectancy":0.0,"expectancy_ratio":100.0,"sortino":0,"sharpe":0,"calmar":0,"sqn":0.0,"profit_factor":0.0,"max_drawdown_account":0.0,"max_drawdown_abs":0.0},{"key":"SEI/USDT","trades":0,"profit_mean":0.0,"profit_mean_pct":0.0,"profit_total_abs":0.0,"profit_total":0.0,"profit_total_pct":0.0,"duration_avg":"0:00","wins":0,"draws":0,"losses":0,"winrate":0.0,"cagr":0.0,"expectancy":0.0,"expectancy_ratio":100.0,"sortino":0,"sharpe":0,"calmar":0,"sqn":0.0,"profit_factor":0.0,"max_drawdown_account":0.0,"max_drawdown_abs":0.0},{"key":"LISTA/USDT","trades":0,"profit_mean":0.0,"profit_mean_pct":0.0,"profit_total_abs":0.0,"profit_total":0.0,"profit_total_pct":0.0,"duration_avg":"0:00","wins":0,"draws":0,"losses":0,"winrate":0.0,"cagr":0.0,"expectancy":0.0,"expectancy_ratio":100.0,"sortino":0,"sharpe":0,"calmar":0,"sqn":0.0,"profit_factor":0.0,"max_drawdown_account":0.0,"max_drawdown_abs":0.0},{"key":"STO/USDT","trades":0,"profit_mean":0.0,"profit_mean_pct":0.0,"profit_total_abs":0.0,"profit_total":0.0,"profit_total_pct":0.0,"duration_avg":"0:00","wins":0,"draws":0,"losses":0,"winrate":0.0,"cagr":0.0,"expectancy":0.0,"expectancy_ratio":100.0,"sortino":0,"sharpe":0,"calmar":0,"sqn":0.0,"profit_factor":0.0,"max_drawdown_account":0.0,"max_drawdown_abs":0.0},{"key":"WLFI/USDT","trades":0,"profit_mean":0.0,"profit_mean_pct":0.0,"profit_total_abs":0.0,"profit_total":0.0,"profit_total_pct":0.0,"duration_avg":"0:00","wins":0,"draws":0,"losses":0,"winrate":0.0,"cagr":0.0,"expectancy":0.0,"expectancy_ratio":100.0,"sortino":0,"sharpe":0,"calmar":0,"sqn":0.0,"profit_factor":0.0,"max_drawdown_account":0.0,"max_drawdown_abs":0.0},{"key":"TRUMP/USDT","trades":0,"profit_mean":0.0,"profit_mean_pct":0.0,"profit_total_abs":0.0,"profit_total":0.0,"profit_total_pct":0.0,"duration_avg":"0:00","wins":0,"draws":0,"losses":0,"winrate":0.0,"cagr":0.0,"expectancy":0.0,"expectancy_ratio":100.0,"sortino":0,"sharpe":0,"calmar":0,"sqn":0.0,"profit_factor":0.0,"max_drawdown_account":0.0,"max_drawdown_abs":0.0},{"key":"ARB/USDT","trades":0,"profit_mean":0.0,"profit_mean_pct":0.0,"profit_total_abs":0.0,"profit_total":0.0,"profit_total_pct":0.0,"duration_avg":"0:00","wins":0,"draws":0,"losses":0,"winrate":0.0,"cagr":0.0,"expectancy":0.0,"expectancy_ratio":100.0,"sortino":0,"sharpe":0,"calmar":0,"sqn":0.0,"profit_factor":0.0,"max_drawdown_account":0.0,"max_drawdown_abs":0.0},{"key":"EIGEN/USDT","trades":0,"profit_mean":0.0,"profit_mean_pct":0.0,"profit_total_abs":0.0,"profit_total":0.0,"profit_total_pct":0.0,"duration_avg":"0:00","wins":0,"draws":0,"losses":0,"winrate":0.0,"cagr":0.0,"expectancy":0.0,"expectancy_ratio":100.0,"sortino":0,"sharpe":0,"calmar":0,"sqn":0.0,"profit_factor":0.0,"max_drawdown_account":0.0,"max_drawdown_abs":0.0},{"key":"LINK/USDT","trades":0,"profit_mean":0.0,"profit_mean_pct":0.0,"profit_total_abs":0.0,"profit_total":0.0,"profit_total_pct":0.0,"duration_avg":"0:00","wins":0,"draws":0,"losses":0,"winrate":0.0,"cagr":0.0,"expectancy":0.0,"expectancy_ratio":100.0,"sortino":0,"sharpe":0,"calmar":0,"sqn":0.0,"profit_factor":0.0,"max_drawdown_account":0.0,"max_drawdown_abs":0.0},{"key":"SUI/USDT","trades":0,"profit_mean":0.0,"profit_mean_pct":0.0,"profit_total_abs":0.0,"profit_total":0.0,"profit_total_pct":0.0,"duration_avg":"0:00","wins":0,"draws":0,"losses":0,"winrate":0.0,"cagr":0.0,"expectancy":0.0,"expectancy_ratio":100.0,"sortino":0,"sharpe":0,"calmar":0,"sqn":0.0,"profit_factor":0.0,"max_drawdown_account":0.0,"max_drawdown_abs":0.0},{"key":"WLD/USDT","trades":0,"profit_mean":0.0,"profit_mean_pct":0.0,"profit_total_abs":0.0,"profit_total":0.0,"profit_total_pct":0.0,"duration_avg":"0:00","wins":0,"draws":0,"losses":0,"winrate":0.0,"cagr":0.0,"expectancy":0.0,"expectancy_ratio":100.0,"sortino":0,"sharpe":0,"calmar":0,"sqn":0.0,"profit_factor":0.0,"max_drawdown_account":0.0,"max_drawdown_abs":0.0},{"key":"ASTER/USDT","trades":0,"profit_mean":0.0,"profit_mean_pct":0.0,"profit_total_abs":0.0,"profit_total":0.0,"profit_total_pct":0.0,"duration_avg":"0:00","wins":0,"draws":0,"losses":0,"winrate":0.0,"cagr":0.0,"expectancy":0.0,"expectancy_ratio":100.0,"sortino":0,"sharpe":0,"calmar":0,"sqn":0.0,"profit_factor":0.0,"max_drawdown_account":0.0,"max_drawdown_abs":0.0},{"key":"TAO/USDT","trades":0,"profit_mean":0.0,"profit_mean_pct":0.0,"profit_total_abs":0.0,"profit_total":0.0,"profit_total_pct":0.0,"duration_avg":"0:00","wins":0,"draws":0,"losses":0,"winrate":0.0,"cagr":0.0,"expectancy":0.0,"expectancy_ratio":100.0,"sortino":0,"sharpe":0,"calmar":0,"sqn":0.0,"profit_factor":0.0,"max_drawdown_account":0.0,"max_drawdown_abs":0.0},{"key":"XLM/USDT","trades":0,"profit_mean":0.0,"profit_mean_pct":0.0,"profit_total_abs":0.0,"profit_total":0.0,"profit_total_pct":0.0,"duration_avg":"0:00","wins":0,"draws":0,"losses":0,"winrate":0.0,"cagr":0.0,"expectancy":0.0,"expectancy_ratio":100.0,"sortino":0,"sharpe":0,"calmar":0,"sqn":0.0,"profit_factor":0.0,"max_drawdown_account":0.0,"max_drawdown_abs":0.0},{"key":"ENA/USDT","trades":0,"profit_mean":0.0,"profit_mean_pct":0.0,"profit_total_abs":0.0,"profit_total":0.0,"profit_total_pct":0.0,"duration_avg":"0:00","wins":0,"draws":0,"losses":0,"winrate":0.0,"cagr":0.0,"expectancy":0.0,"expectancy_ratio":100.0,"sortino":0,"sharpe":0,"calmar":0,"sqn":0.0,"profit_factor":0.0,"max_drawdown_account":0.0,"max_drawdown_abs":0.0},{"key":"SOL/USDT","trades":0,"profit_mean":0.0,"profit_mean_pct":0.0,"profit_total_abs":0.0,"profit_total":0.0,"profit_total_pct":0.0,"duration_avg":"0:00","wins":0,"draws":0,"losses":0,"winrate":0.0,"cagr":0.0,"expectancy":0.0,"expectancy_ratio":100.0,"sortino":0,"sharpe":0,"calmar":0,"sqn":0.0,"profit_factor":0.0,"max_drawdown_account":0.0,"max_drawdown_abs":0.0},{"key":"FLOKI/USDT","trades":0,"profit_mean":0.0,"profit_mean_pct":0.0,"profit_total_abs":0.0,"profit_total":0.0,"profit_total_pct":0.0,"duration_avg":"0:00","wins":0,"draws":0,"losses":0,"winrate":0.0,"cagr":0.0,"expectancy":0.0,"expectancy_ratio":100.0,"sortino":0,"sharpe":0,"calmar":0,"sqn":0.0,"profit_factor":0.0,"max_drawdown_account":0.0,"max_drawdown_abs":0.0},{"key":"TON/USDT","trades":0,"profit_mean":0.0,"profit_mean_pct":0.0,"profit_total_abs":0.0,"profit_total":0.0,"profit_total_pct":0.0,"duration_avg":"0:00","wins":0,"draws":0,"losses":0,"winrate":0.0,"cagr":0.0,"expectancy":0.0,"expectancy_ratio":100.0,"sortino":0,"sharpe":0,"calmar":0,"sqn":0.0,"profit_factor":0.0,"max_drawdown_account":0.0,"max_drawdown_abs":0.0},{"key":"PENDLE/USDT","trades":0,"profit_mean":0.0,"profit_mean_pct":0.0,"profit_total_abs":0.0,"profit_total":0.0,"profit_total_pct":0.0,"duration_avg":"0:00","wins":0,"draws":0,"losses":0,"winrate":0.0,"cagr":0.0,"expectancy":0.0,"expectancy_ratio":100.0,"sortino":0,"sharpe":0,"calmar":0,"sqn":0.0,"profit_factor":0.0,"max_drawdown_account":0.0,"max_drawdown_abs":0.0},{"key":"OPEN/USDT","trades":0,"profit_mean":0.0,"profit_mean_pct":0.0,"profit_total_abs":0.0,"profit_total":0.0,"profit_total_pct":0.0,"duration_avg":"0:00","wins":0,"draws":0,"losses":0,"winrate":0.0,"cagr":0.0,"expectancy":0.0,"expectancy_ratio":100.0,"sortino":0,"sharpe":0,"calmar":0,"sqn":0.0,"profit_factor":0.0,"max_drawdown_account":0.0,"max_drawdown_abs":0.0},{"key":"POL/USDT","trades":0,"profit_mean":0.0,"profit_mean_pct":0.0,"profit_total_abs":0.0,"profit_total":0.0,"profit_total_pct":0.0,"duration_avg":"0:00","wins":0,"draws":0,"losses":0,"winrate":0.0,"cagr":0.0,"expectancy":0.0,"expectancy_ratio":100.0,"sortino":0,"sharpe":0,"calmar":0,"sqn":0.0,"profit_factor":0.0,"max_drawdown_account":0.0,"max_drawdown_abs":0.0},{"key":"MIRA/USDT","trades":0,"profit_mean":0.0,"profit_mean_pct":0.0,"profit_total_abs":0.0,"profit_total":0.0,"profit_total_pct":0.0,"duration_avg":"0:00","wins":0,"draws":0,"losses":0,"winrate":0.0,"cagr":0.0,"expectancy":0.0,"expectancy_ratio":100.0,"sortino":0,"sharpe":0,"calmar":0,"sqn":0.0,"profit_factor":0.0,"max_drawdown_account":0.0,"max_drawdown_abs":0.0},{"key":"ETH/USDT","trades":0,"profit_mean":0.0,"profit_mean_pct":0.0,"profit_total_abs":0.0,"profit_total":0.0,"profit_total_pct":0.0,"duration_avg":"0:00","wins":0,"draws":0,"losses":0,"winrate":0.0,"cagr":0.0,"expectancy":0.0,"expectancy_ratio":100.0,"sortino":0,"sharpe":0,"calmar":0,"sqn":0.0,"profit_factor":0.0,"max_drawdown_account":0.0,"max_drawdown_abs":0.0},{"key":"DOGE/USDT","trades":0,"profit_mean":0.0,"profit_mean_pct":0.0,"profit_total_abs":0.0,"profit_total":0.0,"profit_total_pct":0.0,"duration_avg":"0:00","wins":0,"draws":0,"losses":0,"winrate":0.0,"cagr":0.0,"expectancy":0.0,"expectancy_ratio":100.0,"sortino":0,"sharpe":0,"calmar":0,"sqn":0.0,"profit_factor":0.0,"max_drawdown_account":0.0,"max_drawdown_abs":0.0},{"key":"ONDO/USDT","trades":0,"profit_mean":0.0,"profit_mean_pct":0.0,"profit_total_abs":0.0,"profit_total":0.0,"profit_total_pct":0.0,"duration_avg":"0:00","wins":0,"draws":0,"losses":0,"winrate":0.0,"cagr":0.0,"expectancy":0.0,"expectancy_ratio":100.0,"sortino":0,"sharpe":0,"calmar":0,"sqn":0.0,"profit_factor":0.0,"max_drawdown_account":0.0,"max_drawdown_abs":0.0},{"key":"BMT/USDT","trades":0,"profit_mean":0.0,"profit_mean_pct":0.0,"profit_total_abs":0.0,"profit_total":0.0,"profit_total_pct":0.0,"duration_avg":"0:00","wins":0,"draws":0,"losses":0,"winrate":0.0,"cagr":0.0,"expectancy":0.0,"expectancy_ratio":100.0,"sortino":0,"sharpe":0,"calmar":0,"sqn":0.0,"profit_factor":0.0,"max_drawdown_account":0.0,"max_drawdown_abs":0.0},{"key":"CFX/USDT","trades":0,"profit_mean":0.0,"profit_mean_pct":0.0,"profit_total_abs":0.0,"profit_total":0.0,"profit_total_pct":0.0,"duration_avg":"0:00","wins":0,"draws":0,"losses":0,"winrate":0.0,"cagr":0.0,"expectancy":0.0,"expectancy_ratio":100.0,"sortino":0,"sharpe":0,"calmar":0,"sqn":0.0,"profit_factor":0.0,"max_drawdown_account":0.0,"max_drawdown_abs":0.0},{"key":"ICP/USDT","trades":0,"profit_mean":0.0,"profit_mean_pct":0.0,"profit_total_abs":0.0,"profit_total":0.0,"profit_total_pct":0.0,"duration_avg":"0:00","wins":0,"draws":0,"losses":0,"winrate":0.0,"cagr":0.0,"expectancy":0.0,"expectancy_ratio":100.0,"sortino":0,"sharpe":0,"calmar":0,"sqn":0.0,"profit_factor":0.0,"max_drawdown_account":0.0,"max_drawdown_abs":0.0},{"key":"UNI/USDT","trades":0,"profit_mean":0.0,"profit_mean_pct":0.0,"profit_total_abs":0.0,"profit_total":0.0,"profit_total_pct":0.0,"duration_avg":"0:00","wins":0,"draws":0,"losses":0,"winrate":0.0,"cagr":0.0,"expectancy":0.0,"expectancy_ratio":100.0,"sortino":0,"sharpe":0,"calmar":0,"sqn":0.0,"profit_factor":0.0,"max_drawdown_account":0.0,"max_drawdown_abs":0.0},{"key":"ZEN/USDT","trades":0,"profit_mean":0.0,"profit_mean_pct":0.0,"profit_total_abs":0.0,"profit_total":0.0,"profit_total_pct":0.0,"duration_avg":"0:00","wins":0,"draws":0,"losses":0,"winrate":0.0,"cagr":0.0,"expectancy":0.0,"expectancy_ratio":100.0,"sortino":0,"sharpe":0,"calmar":0,"sqn":0.0,"profit_factor":0.0,"max_drawdown_account":0.0,"max_drawdown_abs":0.0},{"key":"AAVE/USDT","trades":0,"profit_mean":0.0,"profit_mean_pct":0.0,"profit_total_abs":0.0,"profit_total":0.0,"profit_total_pct":0.0,"duration_avg":"0:00","wins":0,"draws":0,"losses":0,"winrate":0.0,"cagr":0.0,"expectancy":0.0,"expectancy_ratio":100.0,"sortino":0,"sharpe":0,"calmar":0,"sqn":0.0,"profit_factor":0.0,"max_drawdown_account":0.0,"max_drawdown_abs":0.0},{"key":"HBAR/USDT","trades":0,"profit_mean":0.0,"profit_mean_pct":0.0,"profit_total_abs":0.0,"profit_total":0.0,"profit_total_pct":0.0,"duration_avg":"0:00","wins":0,"draws":0,"losses":0,"winrate":0.0,"cagr":0.0,"expectancy":0.0,"expectancy_ratio":100.0,"sortino":0,"sharpe":0,"calmar":0,"sqn":0.0,"profit_factor":0.0,"max_drawdown_account":0.0,"max_drawdown_abs":0.0},{"key":"CAKE/USDT","trades":0,"profit_mean":0.0,"profit_mean_pct":0.0,"profit_total_abs":0.0,"profit_total":0.0,"profit_total_pct":0.0,"duration_avg":"0:00","wins":0,"draws":0,"losses":0,"winrate":0.0,"cagr":0.0,"expectancy":0.0,"expectancy_ratio":100.0,"sortino":0,"sharpe":0,"calmar":0,"sqn":0.0,"profit_factor":0.0,"max_drawdown_account":0.0,"max_drawdown_abs":0.0},{"key":"BNB/USDT","trades":2,"profit_mean":-0.00897505970987964,"profit_mean_pct":-0.9,"profit_total_abs":-74.4339188,"profit_total":-0.00744339188,"profit_total_pct":-0.74,"duration_avg":"1 day, 6:58:00","wins":1,"draws":0,"losses":1,"winrate":0.5,"cagr":-0.1074073748844524,"expectancy":-37.2169594,"expectancy_ratio":-0.2555031716767755,"sortino":-100,"sharpe":-0.546384826098966,"calmar":-40.9679175708439,"sqn":-0.3432,"profit_factor":0.4889936566464489,"max_drawdown_account":0.014463126537684425,"max_drawdown_abs":145.661438},{"key":"TRX/USDT","trades":1,"profit_mean":-0.08162343662250388,"profit_mean_pct":-8.16,"profit_total_abs":-404.84408272,"profit_total":-0.040484408272,"profit_total_pct":-4.05,"duration_avg":"23 days, 23:55:00","wins":0,"draws":0,"losses":1,"winrate":0.0,"cagr":-0.46661428005005157,"expectancy":-404.84408272,"expectancy_ratio":-1.0,"sortino":-100,"sharpe":-100,"calmar":-100,"sqn":-100.0,"profit_factor":0.0,"max_drawdown_account":0.0,"max_drawdown_abs":0.0},{"key":"BONK/USDT","trades":4,"profit_mean":-0.03382320152886301,"profit_mean_pct":-3.38,"profit_total_abs":-686.3480497099999,"profit_total":-0.068634804971,"profit_total_pct":-6.86,"duration_avg":"1 day, 3:34:00","wins":2,"draws":0,"losses":2,"winrate":0.5,"cagr":-0.6608695912533804,"expectancy":-171.58701242749999,"expectancy_ratio":-0.4207945152833106,"sortino":-2.881603617131245,"sharpe":-2.0071292042195243,"calmar":-75.38077112375588,"sqn":-1.0918,"profit_factor":0.15841096943337887,"max_drawdown_account":0.07248013917999997,"max_drawdown_abs":724.8013917999999},{"key":"PEPE/USDT","trades":2,"profit_mean":-0.08067773604457347,"profit_mean_pct":-8.07,"profit_total_abs":-850.89110697,"profit_total":-0.085089110697,"profit_total_pct":-8.51,"duration_avg":"4 days, 3:42:00","wins":1,"draws":0,"losses":1,"winrate":0.5,"cagr":-0.7413956266120059,"expectancy":-425.445553485,"expectancy_ratio":-0.38698660085637726,"sortino":-100,"sharpe":-1.0050580512863578,"calmar":-63.14238379408375,"sqn":-0.6313,"profit_factor":0.22602679828724553,"max_drawdown_account":0.10727245048094276,"max_drawdown_abs":1099.38057944},{"key":"TOTAL","trades":24,"profit_mean":-0.007926847712393367,"profit_mean_pct":-0.79,"profit_total_abs":-1037.18096319,"profit_total":-0.103718096319,"profit_total_pct":-10.37,"duration_avg":"2 days, 0:00:00","wins":16,"draws":0,"losses":8,"winrate":0.6666666666666666,"cagr":-0.810869291445673,"expectancy":-43.21587346625,"expectancy_ratio":-0.1273867094696315,"sortino":-2.45184014498503,"sharpe":-2.8354405614803775,"calmar":-51.58669869989859,"sqn":-0.7118,"profit_factor":0.6178398715911055,"max_drawdown_account":0.16004864123797194,"max_drawdown_abs":1697.19230102}],"results_per_enter_tag":[{"key":"buy","trades":24,"profit_mean":-0.007926847712393367,"profit_mean_pct":-0.79,"profit_total_abs":-1037.18096319,"profit_total":-0.103718096319,"profit_total_pct":-10.37,"duration_avg":"2 days, 0:00:00","wins":16,"draws":0,"losses":8,"winrate":0.6666666666666666,"cagr":-0.810869291445673,"expectancy":-43.21587346625,"expectancy_ratio":-0.1273867094696315,"sortino":-2.45184014498503,"sharpe":-2.8354405614803775,"calmar":-51.58669869989859,"sqn":-0.7118,"profit_factor":0.6178398715911055,"max_drawdown_account":0.16004864123797194,"max_drawdown_abs":1697.19230102},{"key":"TOTAL","trades":24,"profit_mean":-0.007926847712393367,"profit_mean_pct":-0.79,"profit_total_abs":-1037.18096319,"profit_total":-0.103718096319,"profit_total_pct":-10.37,"duration_avg":"2 days, 0:00:00","wins":16,"draws":0,"losses":8,"winrate":0.6666666666666666,"cagr":-0.810869291445673,"expectancy":-43.21587346625,"expectancy_ratio":-0.1273867094696315,"sortino":-2.45184014498503,"sharpe":-2.8354405614803775,"calmar":-51.58669869989859,"sqn":-0.7118,"profit_factor":0.6178398715911055,"max_drawdown_account":0.16004864123797194,"max_drawdown_abs":1697.19230102}],"exit_reason_summary":[{"key":"trailing_stop_loss","trades":2,"profit_mean":0.050663307210918974,"profit_mean_pct":5.07,"profit_total_abs":474.93239481,"profit_total":0.047493239481,"profit_total_pct":4.75,"duration_avg":"3 days, 10:30:00","wins":2,"draws":0,"losses":0,"winrate":1.0,"cagr":1.02519386608917,"expectancy":237.466197405,"expectancy_ratio":100.0,"sortino":-100,"sharpe":34.29701627186972,"calmar":-100,"sqn":21.5423,"profit_factor":0.0,"max_drawdown_account":0.0,"max_drawdown_abs":0.0},{"key":"force_exit","trades":2,"profit_mean":-0.03429074495877259,"profit_mean_pct":-3.43,"profit_total_abs":-349.06085887,"profit_total":-0.034906085887,"profit_total_pct":-3.49,"duration_avg":"13 days, 12:40:00","wins":1,"draws":0,"losses":1,"winrate":0.5,"cagr":-0.4174556653237099,"expectancy":-174.530429435,"expectancy_ratio":-0.43110529926087493,"sortino":-100,"sharpe":-1.206470366584166,"calmar":-68.63545981485228,"sqn":-0.7578,"profit_factor":0.13778940147825017,"max_drawdown_account":0.04048440827199993,"max_drawdown_abs":404.84408272},{"key":"custom_exit_condition_met","trades":20,"profit_mean":-0.011149473480086677,"profit_mean_pct":-1.11,"profit_total_abs":-1163.0524991300001,"profit_total":-0.11630524991300001,"profit_total_pct":-11.63,"duration_avg":"16:52:00","wins":13,"draws":0,"losses":7,"winrate":0.65,"cagr":-0.8474728702950575,"expectancy":-58.15262495649999,"expectancy_ratio":-0.17628481532215579,"sortino":-2.578821122361412,"sharpe":-3.146045006642342,"calmar":-66.25160973732649,"sqn":-0.8613,"profit_factor":0.49632909907955464,"max_drawdown_account":0.13974557803552196,"max_drawdown_abs":1429.3656539},{"key":"TOTAL","trades":24,"profit_mean":-0.007926847712393367,"profit_mean_pct":-0.79,"profit_total_abs":-1037.18096319,"profit_total":-0.103718096319,"profit_total_pct":-10.37,"duration_avg":"2 days, 0:00:00","wins":16,"draws":0,"losses":8,"winrate":0.6666666666666666,"cagr":-0.810869291445673,"expectancy":-43.21587346625,"expectancy_ratio":-0.1273867094696315,"sortino":-2.45184014498503,"sharpe":-2.8354405614803775,"calmar":-51.58669869989859,"sqn":-0.7118,"profit_factor":0.6178398715911055,"max_drawdown_account":0.16004864123797194,"max_drawdown_abs":1697.19230102}],"mix_tag_stats":[{"key":["buy","trailing_stop_loss"],"trades":2,"profit_mean":0.050663307210918974,"profit_mean_pct":5.07,"profit_total_abs":474.93239481,"profit_total":0.047493239481,"profit_total_pct":4.75,"duration_avg":"3 days, 10:30:00","wins":2,"draws":0,"losses":0,"winrate":1.0,"cagr":1.02519386608917,"expectancy":237.466197405,"expectancy_ratio":100.0,"sortino":-100,"sharpe":34.29701627186972,"calmar":-100,"sqn":21.5423,"profit_factor":0.0,"max_drawdown_account":0.0,"max_drawdown_abs":0.0},{"key":["buy","force_exit"],"trades":2,"profit_mean":-0.03429074495877259,"profit_mean_pct":-3.43,"profit_total_abs":-349.06085887,"profit_total":-0.034906085887,"profit_total_pct":-3.49,"duration_avg":"13 days, 12:40:00","wins":1,"draws":0,"losses":1,"winrate":0.5,"cagr":-0.4174556653237099,"expectancy":-174.530429435,"expectancy_ratio":-0.43110529926087493,"sortino":-100,"sharpe":-1.206470366584166,"calmar":-68.63545981485228,"sqn":-0.7578,"profit_factor":0.13778940147825017,"max_drawdown_account":0.04048440827199993,"max_drawdown_abs":404.84408272},{"key":["buy","custom_exit_condition_met"],"trades":20,"profit_mean":-0.011149473480086677,"profit_mean_pct":-1.11,"profit_total_abs":-1163.0524991300001,"profit_total":-0.11630524991300001,"profit_total_pct":-11.63,"duration_avg":"16:52:00","wins":13,"draws":0,"losses":7,"winrate":0.65,"cagr":-0.8474728702950575,"expectancy":-58.15262495649999,"expectancy_ratio":-0.17628481532215579,"sortino":-2.578821122361412,"sharpe":-3.146045006642342,"calmar":-66.25160973732649,"sqn":-0.8613,"profit_factor":0.49632909907955464,"max_drawdown_account":0.13974557803552196,"max_drawdown_abs":1429.3656539},{"key":"TOTAL","trades":24,"profit_mean":-0.007926847712393367,"profit_mean_pct":-0.79,"profit_total_abs":-1037.18096319,"profit_total":-0.103718096319,"profit_total_pct":-10.37,"duration_avg":"2 days, 0:00:00","wins":16,"draws":0,"losses":8,"winrate":0.6666666666666666,"cagr":-0.810869291445673,"expectancy":-43.21587346625,"expectancy_ratio":-0.1273867094696315,"sortino":-2.45184014498503,"sharpe":-2.8354405614803775,"calmar":-51.58669869989859,"sqn":-0.7118,"profit_factor":0.6178398715911055,"max_drawdown_account":0.16004864123797194,"max_drawdown_abs":1697.19230102}],"left_open_trades":[{"key":"BTC/USDT","trades":1,"profit_mean":0.013041946704958696,"profit_mean_pct":1.3,"profit_total_abs":55.78322385,"profit_total":0.005578322385,"profit_total_pct":0.56,"duration_avg":"3 days, 1:25:00","wins":1,"draws":0,"losses":0,"winrate":1.0,"cagr":0.0882830148534639,"expectancy":55.78322385,"expectancy_ratio":100.0,"sortino":-100,"sharpe":-100,"calmar":-100,"sqn":-100.0,"profit_factor":0.0,"max_drawdown_account":0.0,"max_drawdown_abs":0.0},{"key":"TRX/USDT","trades":1,"profit_mean":-0.08162343662250388,"profit_mean_pct":-8.16,"profit_total_abs":-404.84408272,"profit_total":-0.040484408272,"profit_total_pct":-4.05,"duration_avg":"23 days, 23:55:00","wins":0,"draws":0,"losses":1,"winrate":0.0,"cagr":-0.46661428005005157,"expectancy":-404.84408272,"expectancy_ratio":-1.0,"sortino":-100,"sharpe":-100,"calmar":-100,"sqn":-100.0,"profit_factor":0.0,"max_drawdown_account":0.0,"max_drawdown_abs":0.0},{"key":"TOTAL","trades":2,"profit_mean":-0.03429074495877259,"profit_mean_pct":-3.43,"profit_total_abs":-349.06085887,"profit_total":-0.034906085887,"profit_total_pct":-3.49,"duration_avg":"13 days, 12:40:00","wins":1,"draws":0,"losses":1,"winrate":0.5,"cagr":-0.4174556653237099,"expectancy":-174.530429435,"expectancy_ratio":-0.43110529926087493,"sortino":-100,"sharpe":-1.206470366584166,"calmar":-68.63545981485228,"sqn":-0.7578,"profit_factor":0.13778940147825017,"max_drawdown_account":0.04048440827199993,"max_drawdown_abs":404.84408272}],"total_trades":24,"trade_count_long":24,"trade_count_short":0,"total_volume":232963.0796443624,"avg_stake_amount":4855.63058903375,"profit_mean":-0.007926847712393367,"profit_median":0.00933530187312499,"profit_total":-0.103718096319,"profit_total_long":-0.103718096319,"profit_total_short":0.0,"profit_total_abs":-1037.18096319,"profit_total_long_abs":-1037.18096319,"profit_total_short_abs":0.0,"cagr":-0.810869291445673,"expectancy":-43.21587346625,"expectancy_ratio":-0.1273867094696315,"sortino":-2.45184014498503,"sharpe":-2.8354405614803775,"calmar":-51.58669869989859,"sqn":-0.7118,"profit_factor":0.6178398715911055,"backtest_start":"2025-10-15 00:00:00","backtest_start_ts":1760486400000,"backtest_end":"2025-11-08 00:00:00","backtest_end_ts":1762560000000,"backtest_days":24,"backtest_run_start_ts":1762693712,"backtest_run_end_ts":1762693732,"trades_per_day":1.0,"market_change":-0.08414019148588012,"pairlist":["TRX/USDT","EDEN/USDT","AVNT/USDT","BONK/USDT","PEPE/USDT","BNB/USDT","APT/USDT","LINEA/USDT","WIF/USDT","VIRTUAL/USDT","NEAR/USDT","PUMP/USDT","FET/USDT","ADA/USDT","AVAX/USDT","PLUME/USDT","LTC/USDT","FORM/USDT","CRV/USDT","BTC/USDT","XPL/USDT","TUT/USDT","PAXG/USDT","SOMI/USDT","SHIB/USDT","BIO/USDT","DOT/USDT","FIL/USDT","S/USDT","SEI/USDT","LISTA/USDT","STO/USDT","WLFI/USDT","TRUMP/USDT","ARB/USDT","EIGEN/USDT","LINK/USDT","SUI/USDT","WLD/USDT","ASTER/USDT","TAO/USDT","XLM/USDT","ENA/USDT","SOL/USDT","FLOKI/USDT","TON/USDT","PENDLE/USDT","OPEN/USDT","POL/USDT","MIRA/USDT","ETH/USDT","DOGE/USDT","ONDO/USDT","BMT/USDT","CFX/USDT","ICP/USDT","UNI/USDT","ZEN/USDT","AAVE/USDT","HBAR/USDT","CAKE/USDT"],"stake_amount":"unlimited","stake_currency":"USDT","stake_currency_decimals":3,"starting_balance":10000,"dry_run_wallet":10000,"final_balance":8962.81903681,"rejected_signals":391186,"timedout_entry_orders":0,"timedout_exit_orders":0,"canceled_trade_entries":0,"canceled_entry_orders":0,"replaced_entry_orders":0,"max_open_trades":2,"max_open_trades_setting":2,"timeframe":"5m","timeframe_detail":"","timerange":"20251015-20251108","enable_protections":false,"strategy_name":"KamaFama","freqaimodel":null,"freqai_identifier":null,"stoploss":-0.25,"trailing_stop":false,"trailing_stop_positive":0.002,"trailing_stop_positive_offset":0.05,"trailing_only_offset_is_reached":true,"use_custom_stoploss":true,"minimal_roi":{"0":1},"use_exit_signal":true,"exit_profit_only":false,"exit_profit_offset":0.0,"ignore_roi_if_entry_signal":false,"trading_mode":"spot","margin_mode":"isolated","periodic_breakdown":{"day":[{"date":"15/10/2025","date_ts":1760486400000,"profit_abs":84.25968282,"wins":2,"draws":0,"losses":1,"trades":3,"profit_factor":1.58479981},{"date":"16/10/2025","date_ts":1760572800000,"profit_abs":0.0,"wins":0,"draws":0,"losses":0,"trades":0,"profit_factor":0.0},{"date":"17/10/2025","date_ts":1760659200000,"profit_abs":-691.22044899,"wins":0,"draws":0,"losses":2,"trades":2,"profit_factor":0.0},{"date":"18/10/2025","date_ts":1760745600000,"profit_abs":0.0,"wins":0,"draws":0,"losses":0,"trades":0,"profit_factor":0.0},{"date":"19/10/2025","date_ts":1760832000000,"profit_abs":0.0,"wins":0,"draws":0,"losses":0,"trades":0,"profit_factor":0.0},{"date":"20/10/2025","date_ts":1760918400000,"profit_abs":0.0,"wins":0,"draws":0,"losses":0,"trades":0,"profit_factor":0.0},{"date":"21/10/2025","date_ts":1761004800000,"profit_abs":307.66864871,"wins":2,"draws":0,"losses":0,"trades":2,"profit_factor":0.0},{"date":"22/10/2025","date_ts":1761091200000,"profit_abs":0.0,"wins":0,"draws":0,"losses":0,"trades":0,"profit_factor":0.0},{"date":"23/10/2025","date_ts":1761177600000,"profit_abs":183.8085483,"wins":2,"draws":0,"losses":1,"trades":3,"profit_factor":18.27494245},{"date":"24/10/2025","date_ts":1761264000000,"profit_abs":264.7153352,"wins":2,"draws":0,"losses":0,"trades":2,"profit_factor":0.0},{"date":"25/10/2025","date_ts":1761350400000,"profit_abs":0.0,"wins":0,"draws":0,"losses":0,"trades":0,"profit_factor":0.0},{"date":"26/10/2025","date_ts":1761436800000,"profit_abs":454.99634794,"wins":3,"draws":0,"losses":0,"trades":3,"profit_factor":0.0},{"date":"27/10/2025","date_ts":1761523200000,"profit_abs":0.0,"wins":0,"draws":0,"losses":0,"trades":0,"profit_factor":0.0},{"date":"28/10/2025","date_ts":1761609600000,"profit_abs":0.0,"wins":0,"draws":0,"losses":0,"trades":0,"profit_factor":0.0},{"date":"29/10/2025","date_ts":1761696000000,"profit_abs":-85.27672044,"wins":3,"draws":0,"losses":1,"trades":4,"profit_factor":0.60912014},{"date":"30/10/2025","date_ts":1761782400000,"profit_abs":0.0,"wins":0,"draws":0,"losses":0,"trades":0,"profit_factor":0.0},{"date":"31/10/2025","date_ts":1761868800000,"profit_abs":0.0,"wins":0,"draws":0,"losses":0,"trades":0,"profit_factor":0.0},{"date":"01/11/2025","date_ts":1761955200000,"profit_abs":0.0,"wins":0,"draws":0,"losses":0,"trades":0,"profit_factor":0.0},{"date":"02/11/2025","date_ts":1762041600000,"profit_abs":0.0,"wins":0,"draws":0,"losses":0,"trades":0,"profit_factor":0.0},{"date":"03/11/2025","date_ts":1762128000000,"profit_abs":0.0,"wins":0,"draws":0,"losses":0,"trades":0,"profit_factor":0.0},{"date":"04/11/2025","date_ts":1762214400000,"profit_abs":-1207.07149786,"wins":1,"draws":0,"losses":2,"trades":3,"profit_factor":0.03049738},{"date":"05/11/2025","date_ts":1762300800000,"profit_abs":0.0,"wins":0,"draws":0,"losses":0,"trades":0,"profit_factor":0.0},{"date":"06/11/2025","date_ts":1762387200000,"profit_abs":0.0,"wins":0,"draws":0,"losses":0,"trades":0,"profit_factor":0.0},{"date":"07/11/2025","date_ts":1762473600000,"profit_abs":0.0,"wins":0,"draws":0,"losses":0,"trades":0,"profit_factor":0.0},{"date":"08/11/2025","date_ts":1762560000000,"profit_abs":-349.06085887,"wins":1,"draws":0,"losses":1,"trades":2,"profit_factor":0.1377894}],"week":[{"date":"20/10/2025","date_ts":1760918400000,"profit_abs":-606.96076617,"wins":2,"draws":0,"losses":3,"trades":5,"profit_factor":0.27336491},{"date":"27/10/2025","date_ts":1761523200000,"profit_abs":1211.18888015,"wins":9,"draws":0,"losses":1,"trades":10,"profit_factor":114.83158398},{"date":"03/11/2025","date_ts":1762128000000,"profit_abs":-85.27672044,"wins":3,"draws":0,"losses":1,"trades":4,"profit_factor":0.60912014},{"date":"10/11/2025","date_ts":1762732800000,"profit_abs":-1556.13235673,"wins":2,"draws":0,"losses":3,"trades":5,"profit_factor":0.05682437}],"month":[{"date":"31/10/2025","date_ts":1761868800000,"profit_abs":518.95139354,"wins":14,"draws":0,"losses":5,"trades":19,"profit_factor":1.48768602},{"date":"30/11/2025","date_ts":1764460800000,"profit_abs":-1556.13235673,"wins":2,"draws":0,"losses":3,"trades":5,"profit_factor":0.05682437}],"year":[{"date":"31/12/2025","date_ts":1767139200000,"profit_abs":-1037.18096319,"wins":16,"draws":0,"losses":8,"trades":24,"profit_factor":0.61783987}],"weekday":[{"date":"Tuesday","date_ts":1,"profit_abs":-899.40284915,"wins":3,"draws":0,"losses":2,"trades":5,"profit_factor":0.27761245},{"date":"Wednesday","date_ts":2,"profit_abs":-1.01703762,"wins":5,"draws":0,"losses":2,"trades":7,"profit_factor":0.99719244},{"date":"Thursday","date_ts":3,"profit_abs":183.8085483,"wins":2,"draws":0,"losses":1,"trades":3,"profit_factor":18.27494245},{"date":"Friday","date_ts":4,"profit_abs":-426.50511379,"wins":2,"draws":0,"losses":2,"trades":4,"profit_factor":0.38296803},{"date":"Saturday","date_ts":5,"profit_abs":-349.06085887,"wins":1,"draws":0,"losses":1,"trades":2,"profit_factor":0.1377894},{"date":"Sunday","date_ts":6,"profit_abs":454.99634794,"wins":3,"draws":0,"losses":0,"trades":3,"profit_factor":0.0}]},"backtest_best_day":0.0892478039079606,"backtest_worst_day":-0.23498759776833975,"backtest_best_day_abs":454.99634794,"backtest_worst_day_abs":-1207.07149786,"winning_days":5,"draw_days":16,"losing_days":4,"daily_profit":[["2025-10-15",84.25968282],["2025-10-16",0.0],["2025-10-17",-691.22044899],["2025-10-18",0.0],["2025-10-19",0.0],["2025-10-20",0.0],["2025-10-21",307.66864871],["2025-10-22",0.0],["2025-10-23",183.8085483],["2025-10-24",264.7153352],["2025-10-25",0.0],["2025-10-26",454.99634794],["2025-10-27",0.0],["2025-10-28",0.0],["2025-10-29",-85.27672044],["2025-10-30",0.0],["2025-10-31",0.0],["2025-11-01",0.0],["2025-11-02",0.0],["2025-11-03",0.0],["2025-11-04",-1207.07149786],["2025-11-05",0.0],["2025-11-06",0.0],["2025-11-07",0.0],["2025-11-08",-349.06085887]],"wins":16,"losses":8,"draws":0,"winrate":0.6666666666666666,"holding_avg":"2 days, 0:00:00","holding_avg_s":172800.0,"winner_holding_min":"0d 00:05","winner_holding_min_s":300.0,"winner_holding_max":"4d 03:35","winner_holding_max_s":358500.0,"winner_holding_avg":"0d 19:07","winner_holding_avg_s":68820.0,"loser_holding_min":"0d 01:40","loser_holding_min_s":6000.0,"loser_holding_max":"23d 23:55","loser_holding_max_s":2073300.0,"loser_holding_avg":"4d 09:45","loser_holding_avg_s":380700.0,"max_consecutive_wins":5,"max_consecutive_losses":3,"max_drawdown_account":0.16004864123797194,"max_relative_drawdown":0.16004864123797194,"max_drawdown_abs":1697.19230102,"drawdown_start":"2025-10-26 23:40:00","drawdown_start_ts":1761522000000.0,"drawdown_end":"2025-11-08 00:00:00","drawdown_end_ts":1762560000000.0,"drawdown_duration":"12 days 00:20:00","drawdown_duration_s":1038000.0,"max_drawdown_low":-1092.96418704,"max_drawdown_high":604.22811398,"csum_min":8907.035812959999,"csum_max":10604.22811398}},"strategy_comparison":[{"key":"KamaFama","trades":24,"profit_mean":-0.007926847712393367,"profit_mean_pct":-0.79,"profit_total_abs":-1037.18096319,"profit_total":-0.103718096319,"profit_total_pct":-10.37,"duration_avg":"2 days, 0:00:00","wins":16,"draws":0,"losses":8,"winrate":0.6666666666666666,"cagr":-0.810869291445673,"expectancy":-43.21587346625,"expectancy_ratio":-0.1273867094696315,"sortino":-2.45184014498503,"sharpe":-2.8354405614803775,"calmar":-51.58669869989859,"sqn":-0.7118,"profit_factor":0.6178398715911055,"max_drawdown_account":0.16004864123797194,"max_drawdown_abs":"1697.192"}]}