{"strategy":{"KamaFama":{"trades":[{"pair":"EDEN/USDT","stake_amount":4949.998438,"max_stake_amount":4949.998438,"amount":29220.77,"open_date":"2025-10-15 00:05:00+00:00","close_date":"2025-10-15 01:50:00+00:00","open_rate":0.1694,"close_rate":0.1714,"fee_open":0.002,"fee_close":0.002,"trade_duration":105,"profit_ratio":0.00776722823578607,"profit_abs":38.52466317,"exit_reason":"custom_exit_condition_met","initial_stop_loss_abs":0.1271,"initial_stop_loss_ratio":-0.25,"stop_loss_abs":0.1271,"stop_loss_ratio":-0.25,"min_rate":0.1668,"max_rate":0.1727,"is_open":false,"enter_tag":"buy","leverage":1.0,"is_short":false,"open_timestamp":1760486700000,"close_timestamp":1760493000000,"orders":[{"amount":29220.77,"safe_price":0.1694,"ft_order_side":"buy","order_filled_timestamp":1760486700000,"ft_is_entry":true,"ft_order_tag":"buy","cost":4959.898434876},{"amount":29220.77,"safe_price":0.1714,"ft_order_side":"sell","order_filled_timestamp":1760493000000,"ft_is_entry":false,"ft_order_tag":"custom_exit_condition_met","cost":5018.456857956}],"funding_fees":0.0,"weekday":2},{"pair":"AVNT/USDT","stake_amount":4969.0688072,"max_stake_amount":4969.0688072,"amount":8150.29,"open_date":"2025-10-15 01:50:00+00:00","close_date":"2025-10-15 08:00:00+00:00","open_rate":0.60968,"close_rate":0.63546,"fee_open":0.002,"fee_close":0.002,"trade_duration":370,"profit_ratio":0.038123660827124185,"profit_abs":189.81797202,"exit_reason":"custom_exit_condition_met","initial_stop_loss_abs":0.45726,"initial_stop_loss_ratio":-0.25,"stop_loss_abs":0.45726,"stop_loss_ratio":-0.25,"min_rate":0.60488,"max_rate":0.6385,"is_open":false,"enter_tag":"buy","leverage":1.0,"is_short":false,"open_timestamp":1760493000000,"close_timestamp":1760515200000,"orders":[{"amount":8150.29,"safe_price":0.60968,"ft_order_side":"buy","order_filled_timestamp":1760493000000,"ft_is_entry":true,"ft_order_tag":"buy","cost":4979.0069448144},{"amount":8150.29,"safe_price":0.63546,"ft_order_side":"sell","order_filled_timestamp":1760515200000,"ft_is_entry":false,"ft_order_tag":"custom_exit_condition_met","cost":5189.541649966801}],"funding_fees":0.0,"weekday":2},{"pair":"EDEN/USDT","stake_amount":5063.028341,"max_stake_amount":5063.028341,"amount":30263.17,"open_date":"2025-10-15 08:00:00+00:00","close_date":"2025-10-15 14:05:00+00:00","open_rate":0.1673,"close_rate":0.1632,"fee_open":0.002,"fee_close":0.002,"trade_duration":365,"profit_ratio":-0.028401058015469355,"profit_abs":-144.08295237,"exit_reason":"custom_exit_condition_met","initial_stop_loss_abs":0.1255,"initial_stop_loss_ratio":-0.25,"stop_loss_abs":0.1255,"stop_loss_ratio":-0.25,"min_rate":0.1559,"max_rate":0.1696,"is_open":false,"enter_tag":"buy","leverage":1.0,"is_short":false,"open_timestamp":1760515200000,"close_timestamp":1760537100000,"orders":[{"amount":30263.17,"safe_price":0.1673,"ft_order_side":"buy","order_filled_timestamp":1760515200000,"ft_is_entry":true,"ft_order_tag":"buy","cost":5073.154397682},{"amount":30263.17,"safe_price":0.1632,"ft_order_side":"sell","order_filled_timestamp":1760537100000,"ft_is_entry":false,"ft_order_tag":"custom_exit_condition_met","cost":4948.827242687999}],"funding_fees":0.0,"weekday":2},{"pair":"BONK/USDT","stake_amount":4991.70853906,"max_stake_amount":4991.70853906,"amount":321423602.0,"open_date":"2025-10-15 14:05:00+00:00","close_date":"2025-10-17 09:40:00+00:00","open_rate":1.553e-05,"close_rate":1.373e-05,"fee_open":0.002,"fee_close":0.002,"trade_duration":2615,"profit_ratio":-0.11943402313229219,"profit_abs":-597.37219279,"exit_reason":"custom_exit_condition_met","initial_stop_loss_abs":1.165e-05,"initial_stop_loss_ratio":-0.25,"stop_loss_abs":1.165e-05,"stop_loss_ratio":-0.25,"min_rate":1.316e-05,"max_rate":1.579e-05,"is_open":false,"enter_tag":"buy","leverage":1.0,"is_short":false,"open_timestamp":1760537100000,"close_timestamp":1760694000000,"orders":[{"amount":321423602.0,"safe_price":1.553e-05,"ft_order_side":"buy","order_filled_timestamp":1760537100000,"ft_is_entry":true,"ft_order_tag":"buy","cost":5001.691956138119},{"amount":321423602.0,"safe_price":1.373e-05,"ft_order_side":"sell","order_filled_timestamp":1760694000000,"ft_is_entry":false,"ft_order_tag":"custom_exit_condition_met","cost":4421.97234757092}],"funding_fees":0.0,"weekday":4},{"pair":"EDEN/USDT","stake_amount":4442.017875,"max_stake_amount":4442.017875,"amount":29320.25,"open_date":"2025-10-17 09:40:00+00:00","close_date":"2025-10-17 11:20:00+00:00","open_rate":0.1515,"close_rate":0.1489,"fee_open":0.002,"fee_close":0.002,"trade_duration":100,"profit_ratio":-0.02108522229468456,"profit_abs":-93.8482562,"exit_reason":"custom_exit_condition_met","initial_stop_loss_abs":0.1137,"initial_stop_loss_ratio":-0.25,"stop_loss_abs":0.1137,"stop_loss_ratio":-0.25,"min_rate":0.1411,"max_rate":0.1515,"is_open":false,"enter_tag":"buy","leverage":1.0,"is_short":false,"open_timestamp":1760694000000,"close_timestamp":1760700000000,"orders":[{"amount":29320.25,"safe_price":0.1515,"ft_order_side":"buy","order_filled_timestamp":1760694000000,"ft_is_entry":true,"ft_order_tag":"buy","cost":4450.90191075},{"amount":29320.25,"safe_price":0.1489,"ft_order_side":"sell","order_filled_timestamp":1760700000000,"ft_is_entry":false,"ft_order_tag":"custom_exit_condition_met","cost":4374.51679545}],"funding_fees":0.0,"weekday":4},{"pair":"BTC/USDT","stake_amount":4349.02614055,"max_stake_amount":4349.02614055,"amount":0.040985,"open_date":"2025-10-17 11:20:00+00:00","close_date":"2025-10-21 14:55:00+00:00","open_rate":106112.63,"close_rate":112074.02275999999,"fee_open":0.002,"fee_close":0.002,"trade_duration":5975,"profit_ratio":0.05196357371871347,"profit_abs":226.44292234,"exit_reason":"trailing_stop_loss","initial_stop_loss_abs":79584.4725,"initial_stop_loss_ratio":-0.25,"stop_loss_abs":112074.02275999999,"stop_loss_ratio":-0.002,"min_rate":104533.31,"max_rate":112298.62,"is_open":false,"enter_tag":"buy","leverage":1.0,"is_short":false,"open_timestamp":1760700000000,"close_timestamp":1761058500000,"orders":[{"amount":0.040985,"safe_price":106112.63,"ft_order_side":"buy","order_filled_timestamp":1760700000000,"ft_is_entry":true,"ft_order_tag":"buy","cost":4357.7241928311005},{"amount":0.040985,"safe_price":112074.02275999999,"ft_order_side":"sell","order_filled_timestamp":1761058500000,"ft_is_entry":false,"ft_order_tag":"trailing_stop_loss","cost":4602.540530464237}],"funding_fees":0.0,"weekday":1},{"pair":"AVNT/USDT","stake_amount":4573.281762,"max_stake_amount":4573.281762,"amount":7730.1,"open_date":"2025-10-21 14:55:00+00:00","close_date":"2025-10-21 15:00:00+00:00","open_rate":0.59162,"close_rate":0.60452,"fee_open":0.002,"fee_close":0.002,"trade_duration":5,"profit_ratio":0.01772547666868567,"profit_abs":81.22572637,"exit_reason":"custom_exit_condition_met","initial_stop_loss_abs":0.44372,"initial_stop_loss_ratio":-0.25,"stop_loss_abs":0.44372,"stop_loss_ratio":-0.25,"min_rate":0.59162,"max_rate":0.60814,"is_open":false,"enter_tag":"buy","leverage":1.0,"is_short":false,"open_timestamp":1761058500000,"close_timestamp":1761058800000,"orders":[{"amount":7730.1,"safe_price":0.59162,"ft_order_side":"buy","order_filled_timestamp":1761058500000,"ft_is_entry":true,"ft_order_tag":"buy","cost":4582.428325524001},{"amount":7730.1,"safe_price":0.60452,"ft_order_side":"sell","order_filled_timestamp":1761058800000,"ft_is_entry":false,"ft_order_tag":"custom_exit_condition_met","cost":4682.346052104}],"funding_fees":0.0,"weekday":1},{"pair":"BNB/USDT","stake_amount":4653.68904,"max_stake_amount":4653.68904,"amount":4.2264,"open_date":"2025-10-21 15:00:00+00:00","close_date":"2025-10-23 15:10:00+00:00","open_rate":1101.1,"close_rate":1122.4,"fee_open":0.002,"fee_close":0.002,"trade_duration":2890,"profit_ratio":0.01527505338066035,"profit_abs":71.2275192,"exit_reason":"custom_exit_condition_met","initial_stop_loss_abs":825.8249999999999,"initial_stop_loss_ratio":-0.25,"stop_loss_abs":825.8249999999999,"stop_loss_ratio":-0.25,"min_rate":1052.1,"max_rate":1145.5,"is_open":false,"enter_tag":"buy","leverage":1.0,"is_short":false,"open_timestamp":1761058800000,"close_timestamp":1761232200000,"orders":[{"amount":4.2264,"safe_price":1101.1,"ft_order_side":"buy","order_filled_timestamp":1761058800000,"ft_is_entry":true,"ft_order_tag":"buy","cost":4662.996418079999},{"amount":4.2264,"safe_price":1122.4,"ft_order_side":"sell","order_filled_timestamp":1761232200000,"ft_is_entry":false,"ft_order_tag":"custom_exit_condition_met","cost":4753.19878272}],"funding_fees":0.0,"weekday":3},{"pair":"EDEN/USDT","stake_amount":4724.215544,"max_stake_amount":4724.215544,"amount":35600.72,"open_date":"2025-10-23 15:10:00+00:00","close_date":"2025-10-23 15:35:00+00:00","open_rate":0.1327,"close_rate":0.1367,"fee_open":0.002,"fee_close":0.002,"trade_duration":25,"profit_ratio":0.026030832080282857,"profit_abs":123.22121206,"exit_reason":"custom_exit_condition_met","initial_stop_loss_abs":0.0996,"initial_stop_loss_ratio":-0.25,"stop_loss_abs":0.0996,"stop_loss_ratio":-0.25,"min_rate":0.1327,"max_rate":0.1372,"is_open":false,"enter_tag":"buy","leverage":1.0,"is_short":false,"open_timestamp":1761232200000,"close_timestamp":1761233700000,"orders":[{"amount":35600.72,"safe_price":0.1327,"ft_order_side":"buy","order_filled_timestamp":1761232200000,"ft_is_entry":true,"ft_order_tag":"buy","cost":4733.663975088},{"amount":35600.72,"safe_price":0.1367,"ft_order_side":"sell","order_filled_timestamp":1761233700000,"ft_is_entry":false,"ft_order_tag":"custom_exit_condition_met","cost":4876.3516608479995}],"funding_fees":0.0,"weekday":3},{"pair":"AVNT/USDT","stake_amount":4846.20466,"max_stake_amount":4846.20466,"amount":7301.8,"open_date":"2025-10-23 15:35:00+00:00","close_date":"2025-10-23 20:30:00+00:00","open_rate":0.6637,"close_rate":0.6649,"fee_open":0.002,"fee_close":0.002,"trade_duration":295,"profit_ratio":-0.0021911879119567105,"profit_abs":-10.64018296,"exit_reason":"custom_exit_condition_met","initial_stop_loss_abs":0.49778,"initial_stop_loss_ratio":-0.25,"stop_loss_abs":0.49778,"stop_loss_ratio":-0.25,"min_rate":0.64008,"max_rate":0.66938,"is_open":false,"enter_tag":"buy","leverage":1.0,"is_short":false,"open_timestamp":1761233700000,"close_timestamp":1761251400000,"orders":[{"amount":7301.8,"safe_price":0.6637,"ft_order_side":"buy","order_filled_timestamp":1761233700000,"ft_is_entry":true,"ft_order_tag":"buy","cost":4855.897069319999},{"amount":7301.8,"safe_price":0.6649,"ft_order_side":"sell","order_filled_timestamp":1761251400000,"ft_is_entry":false,"ft_order_tag":"custom_exit_condition_met","cost":4864.67675364}],"funding_fees":0.0,"weekday":3},{"pair":"EDEN/USDT","stake_amount":4835.670302,"max_stake_amount":4835.670302,"amount":35219.74,"open_date":"2025-10-23 20:30:00+00:00","close_date":"2025-10-24 04:05:00+00:00","open_rate":0.1373,"close_rate":0.1428,"fee_open":0.002,"fee_close":0.002,"trade_duration":455,"profit_ratio":0.035906337361280447,"profit_abs":173.97847165,"exit_reason":"custom_exit_condition_met","initial_stop_loss_abs":0.103,"initial_stop_loss_ratio":-0.25,"stop_loss_abs":0.103,"stop_loss_ratio":-0.25,"min_rate":0.1359,"max_rate":0.1428,"is_open":false,"enter_tag":"buy","leverage":1.0,"is_short":false,"open_timestamp":1761251400000,"close_timestamp":1761278700000,"orders":[{"amount":35219.74,"safe_price":0.1373,"ft_order_side":"buy","order_filled_timestamp":1761251400000,"ft_is_entry":true,"ft_order_tag":"buy","cost":4845.341642603999},{"amount":35219.74,"safe_price":0.1428,"ft_order_side":"sell","order_filled_timestamp":1761278700000,"ft_is_entry":false,"ft_order_tag":"custom_exit_condition_met","cost":5039.437629744}],"funding_fees":0.0,"weekday":4},{"pair":"BONK/USDT","stake_amount":4978.95497637,"max_stake_amount":4978.95497637,"amount":346482601.0,"open_date":"2025-10-24 04:05:00+00:00","close_date":"2025-10-24 04:35:00+00:00","open_rate":1.437e-05,"close_rate":1.469e-05,"fee_open":0.002,"fee_close":0.002,"trade_duration":30,"profit_ratio":0.018187702535106983,"profit_abs":90.73686355,"exit_reason":"custom_exit_condition_met","initial_stop_loss_abs":1.078e-05,"initial_stop_loss_ratio":-0.25,"stop_loss_abs":1.078e-05,"stop_loss_ratio":-0.25,"min_rate":1.437e-05,"max_rate":1.473e-05,"is_open":false,"enter_tag":"buy","leverage":1.0,"is_short":false,"open_timestamp":1761278700000,"close_timestamp":1761280500000,"orders":[{"amount":346482601.0,"safe_price":1.437e-05,"ft_order_side":"buy","order_filled_timestamp":1761278700000,"ft_is_entry":true,"ft_order_tag":"buy","cost":4988.91288632274},{"amount":346482601.0,"safe_price":1.469e-05,"ft_order_side":"sell","order_filled_timestamp":1761280500000,"ft_is_entry":false,"ft_order_tag":"custom_exit_condition_met","cost":5100.00906750738}],"funding_fees":0.0,"weekday":4},{"pair":"EDEN/USDT","stake_amount":5023.869138,"max_stake_amount":5023.869138,"amount":34362.99,"open_date":"2025-10-24 04:35:00+00:00","close_date":"2025-10-24 04:55:00+00:00","open_rate":0.1462,"close_rate":0.1467,"fee_open":0.002,"fee_close":0.002,"trade_duration":20,"profit_ratio":-0.0005856959128377843,"profit_abs":-2.94834454,"exit_reason":"custom_exit_condition_met","initial_stop_loss_abs":0.1097,"initial_stop_loss_ratio":-0.25,"stop_loss_abs":0.1097,"stop_loss_ratio":-0.25,"min_rate":0.1451,"max_rate":0.1473,"is_open":false,"enter_tag":"buy","leverage":1.0,"is_short":false,"open_timestamp":1761280500000,"close_timestamp":1761281700000,"orders":[{"amount":34362.99,"safe_price":0.1462,"ft_order_side":"buy","order_filled_timestamp":1761280500000,"ft_is_entry":true,"ft_order_tag":"buy","cost":5033.916876276},{"amount":34362.99,"safe_price":0.1467,"ft_order_side":"sell","order_filled_timestamp":1761281700000,"ft_is_entry":false,"ft_order_tag":"custom_exit_condition_met","cost":5051.132734266}],"funding_fees":0.0,"weekday":4},{"pair":"PEPE/USDT","stake_amount":5022.41028672,"max_stake_amount":5022.41028672,"amount":706983430.0,"open_date":"2025-10-24 04:55:00+00:00","close_date":"2025-10-26 22:05:00+00:00","open_rate":7.104e-06,"close_rate":7.392e-06,"fee_open":0.002,"fee_close":0.002,"trade_duration":3910,"profit_ratio":0.036386686087793586,"profit_abs":183.11436424,"exit_reason":"custom_exit_condition_met","initial_stop_loss_abs":5.329e-06,"initial_stop_loss_ratio":-0.25,"stop_loss_abs":5.329e-06,"stop_loss_ratio":-0.25,"min_rate":6.973e-06,"max_rate":7.468e-06,"is_open":false,"enter_tag":"buy","leverage":1.0,"is_short":false,"open_timestamp":1761281700000,"close_timestamp":1761516300000,"orders":[{"amount":706983430.0,"safe_price":7.104e-06,"ft_order_side":"buy","order_filled_timestamp":1761281700000,"ft_is_entry":true,"ft_order_tag":"buy","cost":5032.45510729344},{"amount":706983430.0,"safe_price":7.392e-06,"ft_order_side":"sell","order_filled_timestamp":1761516300000,"ft_is_entry":false,"ft_order_tag":"custom_exit_condition_met","cost":5236.47355758912}],"funding_fees":0.0,"weekday":6},{"pair":"EDEN/USDT","stake_amount":5113.051754,"max_stake_amount":5113.051754,"amount":26451.38,"open_date":"2025-10-26 22:05:00+00:00","close_date":"2025-10-26 22:20:00+00:00","open_rate":0.1933,"close_rate":0.1974,"fee_open":0.002,"fee_close":0.002,"trade_duration":15,"profit_ratio":0.017133864707602954,"profit_abs":87.78154967,"exit_reason":"custom_exit_condition_met","initial_stop_loss_abs":0.145,"initial_stop_loss_ratio":-0.25,"stop_loss_abs":0.145,"stop_loss_ratio":-0.25,"min_rate":0.193,"max_rate":0.1974,"is_open":false,"enter_tag":"buy","leverage":1.0,"is_short":false,"open_timestamp":1761516300000,"close_timestamp":1761517200000,"orders":[{"amount":26451.38,"safe_price":0.1933,"ft_order_side":"buy","order_filled_timestamp":1761516300000,"ft_is_entry":true,"ft_order_tag":"buy","cost":5123.277857508},{"amount":26451.38,"safe_price":0.1974,"ft_order_side":"sell","order_filled_timestamp":1761517200000,"ft_is_entry":false,"ft_order_tag":"custom_exit_condition_met","cost":5231.945416824}],"funding_fees":0.0,"weekday":6},{"pair":"AVNT/USDT","stake_amount":5156.501215,"max_stake_amount":5156.501215,"amount":6545.86,"open_date":"2025-10-26 22:20:00+00:00","close_date":"2025-10-26 23:40:00+00:00","open_rate":0.78775,"close_rate":0.79964,"fee_open":0.002,"fee_close":0.002,"trade_duration":80,"profit_ratio":0.011041351128428278,"profit_abs":57.04860999,"exit_reason":"custom_exit_condition_met","initial_stop_loss_abs":0.59082,"initial_stop_loss_ratio":-0.25,"stop_loss_abs":0.59082,"stop_loss_ratio":-0.25,"min_rate":0.7779,"max_rate":0.80276,"is_open":false,"enter_tag":"buy","leverage":1.0,"is_short":false,"open_timestamp":1761517200000,"close_timestamp":1761522000000,"orders":[{"amount":6545.86,"safe_price":0.78775,"ft_order_side":"buy","order_filled_timestamp":1761517200000,"ft_is_entry":true,"ft_order_tag":"buy","cost":5166.814217429999},{"amount":6545.86,"safe_price":0.79964,"ft_order_side":"sell","order_filled_timestamp":1761522000000,"ft_is_entry":false,"ft_order_tag":"custom_exit_condition_met","cost":5244.8001533808}],"funding_fees":0.0,"weekday":6},{"pair":"BONK/USDT","stake_amount":5184.74282576,"max_stake_amount":5184.74282576,"amount":336453136.0,"open_date":"2025-10-26 23:40:00+00:00","close_date":"2025-10-29 17:45:00+00:00","open_rate":1.541e-05,"close_rate":1.483e-05,"fee_open":0.002,"fee_close":0.002,"trade_duration":3965,"profit_ratio":-0.04147966235044698,"profit_abs":-215.49150455,"exit_reason":"custom_exit_condition_met","initial_stop_loss_abs":1.156e-05,"initial_stop_loss_ratio":-0.25,"stop_loss_abs":1.156e-05,"stop_loss_ratio":-0.25,"min_rate":1.411e-05,"max_rate":1.58e-05,"is_open":false,"enter_tag":"buy","leverage":1.0,"is_short":false,"open_timestamp":1761522000000,"close_timestamp":1761759900000,"orders":[{"amount":336453136.0,"safe_price":1.541e-05,"ft_order_side":"buy","order_filled_timestamp":1761522000000,"ft_is_entry":true,"ft_order_tag":"buy","cost":5195.11231141152},{"amount":336453136.0,"safe_price":1.483e-05,"ft_order_side":"sell","order_filled_timestamp":1761759900000,"ft_is_entry":false,"ft_order_tag":"custom_exit_condition_met","cost":4999.579206893761}],"funding_fees":0.0,"weekday":2},{"pair":"EDEN/USDT","stake_amount":5078.07413,"max_stake_amount":5078.07413,"amount":33629.63,"open_date":"2025-10-29 17:45:00+00:00","close_date":"2025-10-29 18:15:00+00:00","open_rate":0.151,"close_rate":0.1529,"fee_open":0.002,"fee_close":0.002,"trade_duration":30,"profit_ratio":0.008540534825177082,"profit_abs":43.45620789,"exit_reason":"custom_exit_condition_met","initial_stop_loss_abs":0.1133,"initial_stop_loss_ratio":-0.25,"stop_loss_abs":0.1133,"stop_loss_ratio":-0.25,"min_rate":0.1501,"max_rate":0.1529,"is_open":false,"enter_tag":"buy","leverage":1.0,"is_short":false,"open_timestamp":1761759900000,"close_timestamp":1761761700000,"orders":[{"amount":33629.63,"safe_price":0.151,"ft_order_side":"buy","order_filled_timestamp":1761759900000,"ft_is_entry":true,"ft_order_tag":"buy","cost":5088.230278259999},{"amount":33629.63,"safe_price":0.1529,"ft_order_side":"sell","order_filled_timestamp":1761761700000,"ft_is_entry":false,"ft_order_tag":"custom_exit_condition_met","cost":5152.2543678540005}],"funding_fees":0.0,"weekday":2},{"pair":"BONK/USDT","stake_amount":5099.58535632,"max_stake_amount":5099.58535632,"amount":344101576.0,"open_date":"2025-10-29 18:15:00+00:00","close_date":"2025-10-29 18:20:00+00:00","open_rate":1.482e-05,"close_rate":1.499e-05,"fee_open":0.002,"fee_close":0.002,"trade_duration":5,"profit_ratio":0.007433176831442031,"profit_abs":37.98193196,"exit_reason":"custom_exit_condition_met","initial_stop_loss_abs":1.112e-05,"initial_stop_loss_ratio":-0.25,"stop_loss_abs":1.112e-05,"stop_loss_ratio":-0.25,"min_rate":1.482e-05,"max_rate":1.499e-05,"is_open":false,"enter_tag":"buy","leverage":1.0,"is_short":false,"open_timestamp":1761761700000,"close_timestamp":1761762000000,"orders":[{"amount":344101576.0,"safe_price":1.482e-05,"ft_order_side":"buy","order_filled_timestamp":1761761700000,"ft_is_entry":true,"ft_order_tag":"buy","cost":5109.78452703264},{"amount":344101576.0,"safe_price":1.499e-05,"ft_order_side":"sell","order_filled_timestamp":1761762000000,"ft_is_entry":false,"ft_order_tag":"custom_exit_condition_met","cost":5168.398789488479}],"funding_fees":0.0,"weekday":2},{"pair":"EDEN/USDT","stake_amount":5118.385594,"max_stake_amount":5118.385594,"amount":33541.19,"open_date":"2025-10-29 18:20:00+00:00","close_date":"2025-10-29 18:35:00+00:00","open_rate":0.1526,"close_rate":0.1547,"fee_open":0.002,"fee_close":0.002,"trade_duration":15,"profit_ratio":0.00971451592306381,"profit_abs":49.82208363,"exit_reason":"custom_exit_condition_met","initial_stop_loss_abs":0.1145,"initial_stop_loss_ratio":-0.25,"stop_loss_abs":0.1145,"stop_loss_ratio":-0.25,"min_rate":0.149,"max_rate":0.1547,"is_open":false,"enter_tag":"buy","leverage":1.0,"is_short":false,"open_timestamp":1761762000000,"close_timestamp":1761762900000,"orders":[{"amount":33541.19,"safe_price":0.1526,"ft_order_side":"buy","order_filled_timestamp":1761762000000,"ft_is_entry":true,"ft_order_tag":"buy","cost":5128.622365188001},{"amount":33541.19,"safe_price":0.1547,"ft_order_side":"sell","order_filled_timestamp":1761762900000,"ft_is_entry":false,"ft_order_tag":"custom_exit_condition_met","cost":5199.199737186001}],"funding_fees":0.0,"weekday":2},{"pair":"PEPE/USDT","stake_amount":5143.04834792,"max_stake_amount":5143.04834792,"amount":716901080.0,"open_date":"2025-10-29 18:35:00+00:00","close_date":"2025-11-04 08:35:00+00:00","open_rate":7.174e-06,"close_rate":5.685e-06,"fee_open":0.002,"fee_close":0.002,"trade_duration":8040,"profit_ratio":-0.2107185127940885,"profit_abs":-1085.9029701,"exit_reason":"custom_exit_condition_met","initial_stop_loss_abs":5.381e-06,"initial_stop_loss_ratio":-0.25,"stop_loss_abs":5.381e-06,"stop_loss_ratio":-0.25,"min_rate":5.476e-06,"max_rate":7.236e-06,"is_open":false,"enter_tag":"buy","leverage":1.0,"is_short":false,"open_timestamp":1761762900000,"close_timestamp":1762245300000,"orders":[{"amount":716901080.0,"safe_price":7.174e-06,"ft_order_side":"buy","order_filled_timestamp":1761762900000,"ft_is_entry":true,"ft_order_tag":"buy","cost":5153.33444461584},{"amount":716901080.0,"safe_price":5.685e-06,"ft_order_side":"sell","order_filled_timestamp":1762245300000,"ft_is_entry":false,"ft_order_tag":"custom_exit_condition_met","cost":4083.7338050795997}],"funding_fees":0.0,"weekday":1},{"pair":"BNB/USDT","stake_amount":4261.00444,"max_stake_amount":4261.00444,"amount":4.4506,"open_date":"2025-11-04 08:35:00+00:00","close_date":"2025-11-04 22:20:00+00:00","open_rate":957.4,"close_rate":929.3,"fee_open":0.002,"fee_close":0.002,"trade_duration":825,"profit_ratio":-0.03322517280041963,"profit_abs":-141.85575404,"exit_reason":"custom_exit_condition_met","initial_stop_loss_abs":718.05,"initial_stop_loss_ratio":-0.25,"stop_loss_abs":718.05,"stop_loss_ratio":-0.25,"min_rate":880.6,"max_rate":966.9,"is_open":false,"enter_tag":"buy","leverage":1.0,"is_short":false,"open_timestamp":1762245300000,"close_timestamp":1762294800000,"orders":[{"amount":4.4506,"safe_price":957.4,"ft_order_side":"buy","order_filled_timestamp":1762245300000,"ft_is_entry":true,"ft_order_tag":"buy","cost":4269.526448879999},{"amount":4.4506,"safe_price":929.3,"ft_order_side":"sell","order_filled_timestamp":1762294800000,"ft_is_entry":false,"ft_order_tag":"custom_exit_condition_met","cost":4144.21446516}],"funding_fees":0.0,"weekday":1},{"pair":"EDEN/USDT","stake_amount":4120.615,"max_stake_amount":4120.615,"amount":41206.15,"open_date":"2025-11-04 22:20:00+00:00","close_date":"2025-11-04 22:35:00+00:00","open_rate":0.1,"close_rate":0.1013,"fee_open":0.002,"fee_close":0.002,"trade_duration":15,"profit_ratio":0.008956087824351295,"profit_abs":36.97839901,"exit_reason":"custom_exit_condition_met","initial_stop_loss_abs":0.0751,"initial_stop_loss_ratio":-0.25,"stop_loss_abs":0.0751,"stop_loss_ratio":-0.25,"min_rate":0.0996,"max_rate":0.1014,"is_open":false,"enter_tag":"buy","leverage":1.0,"is_short":false,"open_timestamp":1762294800000,"close_timestamp":1762295700000,"orders":[{"amount":41206.15,"safe_price":0.1,"ft_order_side":"buy","order_filled_timestamp":1762294800000,"ft_is_entry":true,"ft_order_tag":"buy","cost":4128.85623},{"amount":41206.15,"safe_price":0.1013,"ft_order_side":"sell","order_filled_timestamp":1762295700000,"ft_is_entry":false,"ft_order_tag":"custom_exit_condition_met","cost":4182.53136099}],"funding_fees":0.0,"weekday":1},{"pair":"TRX/USDT","stake_amount":4949.99999286,"max_stake_amount":4949.99999286,"amount":15620.0694,"open_date":"2025-10-15 00:05:00+00:00","close_date":"2025-11-08 00:00:00+00:00","open_rate":0.3169,"close_rate":0.2922,"fee_open":0.002,"fee_close":0.002,"trade_duration":34555,"profit_ratio":-0.08162343662250388,"profit_abs":-404.84408272,"exit_reason":"force_exit","initial_stop_loss_abs":0.2377,"initial_stop_loss_ratio":-0.25,"stop_loss_abs":0.2377,"stop_loss_ratio":-0.25,"min_rate":0.2763,"max_rate":0.3253,"is_open":false,"enter_tag":"buy","leverage":1.0,"is_short":false,"open_timestamp":1760486700000,"close_timestamp":1762560000000,"orders":[{"amount":15620.0694,"safe_price":0.3169,"ft_order_side":"buy","order_filled_timestamp":1760486700000,"ft_is_entry":true,"ft_order_tag":"buy","cost":4959.89999284572},{"amount":15620.0694,"safe_price":0.2922,"ft_order_side":"sell","order_filled_timestamp":1762560000000,"ft_is_entry":false,"ft_order_tag":"force_exit","cost":4573.312647237361}],"funding_fees":0.0,"weekday":5},{"pair":"BTC/USDT","stake_amount":4157.22202878,"max_stake_amount":4157.22202878,"amount":0.040917,"open_date":"2025-11-04 22:35:00+00:00","close_date":"2025-11-08 00:00:00+00:00","open_rate":101601.34,"close_rate":103338.95,"fee_open":0.002,"fee_close":0.002,"trade_duration":4405,"profit_ratio":0.013041946705844756,"profit_abs":54.32670468,"exit_reason":"force_exit","initial_stop_loss_abs":76201.005,"initial_stop_loss_ratio":-0.25,"stop_loss_abs":76201.005,"stop_loss_ratio":-0.25,"min_rate":98965.01,"max_rate":104534.75,"is_open":false,"enter_tag":"buy","leverage":1.0,"is_short":false,"open_timestamp":1762295700000,"close_timestamp":1762560000000,"orders":[{"amount":0.040917,"safe_price":101601.34,"ft_order_side":"buy","order_filled_timestamp":1762295700000,"ft_is_entry":true,"ft_order_tag":"buy","cost":4165.53647283756},{"amount":0.040917,"safe_price":103338.95,"ft_order_side":"sell","order_filled_timestamp":1762560000000,"ft_is_entry":false,"ft_order_tag":"force_exit","cost":4236.7764567843}],"funding_fees":0.0,"weekday":5}],"locks":[],"best_pair":{"key":"AVNT/USDT","trades":4,"profit_mean":0.016174825178070357,"profit_mean_pct":1.62,"profit_total_abs":317.45212542,"profit_total":0.031745212542,"profit_total_pct":3.17,"duration_avg":"3:08:00","wins":3,"draws":0,"losses":1,"winrate":0.75,"cagr":0.60847580197345,"expectancy":79.363031355,"expectancy_ratio":7.458803260559723,"sortino":-100,"sharpe":3.504192881342753,"calmar":2439.376921858184,"sqn":1.9061,"profit_factor":30.83521304223889,"max_drawdown_account":0.0010359398005158726,"max_drawdown_abs":10.640182960000004},"worst_pair":{"key":"PEPE/USDT","trades":2,"profit_mean":-0.08716591335314747,"profit_mean_pct":-8.72,"profit_total_abs":-902.78860586,"profit_total":-0.090278860586,"profit_total_pct":-9.03,"duration_avg":"4 days, 3:35:00","wins":1,"draws":0,"losses":1,"winrate":0.5,"cagr":-0.7628279399043005,"expectancy":-451.39430293,"expectancy_ratio":-0.4156856693084019,"sortino":-100,"sharpe":-1.132618630081501,"calmar":-67.39239023816845,"sqn":-0.7114,"profit_factor":0.16862866138319627,"max_drawdown_account":0.1066376092085699,"max_drawdown_abs":1085.9029701},"results_per_pair":[{"key":"AVNT/USDT","trades":4,"profit_mean":0.016174825178070357,"profit_mean_pct":1.62,"profit_total_abs":317.45212542,"profit_total":0.031745212542,"profit_total_pct":3.17,"duration_avg":"3:08:00","wins":3,"draws":0,"losses":1,"winrate":0.75,"cagr":0.60847580197345,"expectancy":79.363031355,"expectancy_ratio":7.458803260559723,"sortino":-100,"sharpe":3.504192881342753,"calmar":2439.376921858184,"sqn":1.9061,"profit_factor":30.83521304223889,"max_drawdown_account":0.0010359398005158726,"max_drawdown_abs":10.640182960000004},{"key":"EDEN/USDT","trades":10,"profit_mean":0.0063977424734552825,"profit_mean_pct":0.64,"profit_total_abs":312.88303397,"profit_total":0.031288303397,"profit_total_pct":3.13,"duration_avg":"1:54:00","wins":7,"draws":0,"losses":3,"winrate":0.7,"cagr":0.5976766978142729,"expectancy":31.28830339699999,"expectancy_ratio":0.3896757071287642,"sortino":4.264143526226628,"sharpe":2.7817701499457543,"calmar":105.08377950447213,"sqn":1.0484,"profit_factor":2.2989190237625476,"max_drawdown_account":0.0237018104306638,"max_drawdown_abs":237.93120856999997},{"key":"BTC/USDT","trades":2,"profit_mean":0.032502760212279116,"profit_mean_pct":3.25,"profit_total_abs":280.76962702,"profit_total":0.028076962701999997,"profit_total_pct":2.81,"duration_avg":"3 days, 14:30:00","wins":2,"draws":0,"losses":0,"winrate":1.0,"cagr":0.5236659136591841,"expectancy":140.38481351,"expectancy_ratio":100.0,"sortino":-100,"sharpe":2.5971289754924842,"calmar":-100,"sqn":1.6313,"profit_factor":0.0,"max_drawdown_account":0.0,"max_drawdown_abs":0.0},{"key":"APT/USDT","trades":0,"profit_mean":0.0,"profit_mean_pct":0.0,"profit_total_abs":0.0,"profit_total":0.0,"profit_total_pct":0.0,"duration_avg":"0:00","wins":0,"draws":0,"losses":0,"winrate":0.0,"cagr":0.0,"expectancy":0.0,"expectancy_ratio":100.0,"sortino":0,"sharpe":0,"calmar":0,"sqn":0.0,"profit_factor":0.0,"max_drawdown_account":0.0,"max_drawdown_abs":0.0},{"key":"LINEA/USDT","trades":0,"profit_mean":0.0,"profit_mean_pct":0.0,"profit_total_abs":0.0,"profit_total":0.0,"profit_total_pct":0.0,"duration_avg":"0:00","wins":0,"draws":0,"losses":0,"winrate":0.0,"cagr":0.0,"expectancy":0.0,"expectancy_ratio":100.0,"sortino":0,"sharpe":0,"calmar":0,"sqn":0.0,"profit_factor":0.0,"max_drawdown_account":0.0,"max_drawdown_abs":0.0},{"key":"WIF/USDT","trades":0,"profit_mean":0.0,"profit_mean_pct":0.0,"profit_total_abs":0.0,"profit_total":0.0,"profit_total_pct":0.0,"duration_avg":"0:00","wins":0,"draws":0,"losses":0,"winrate":0.0,"cagr":0.0,"expectancy":0.0,"expectancy_ratio":100.0,"sortino":0,"sharpe":0,"calmar":0,"sqn":0.0,"profit_factor":0.0,"max_drawdown_account":0.0,"max_drawdown_abs":0.0},{"key":"VIRTUAL/USDT","trades":0,"profit_mean":0.0,"profit_mean_pct":0.0,"profit_total_abs":0.0,"profit_total":0.0,"profit_total_pct":0.0,"duration_avg":"0:00","wins":0,"draws":0,"losses":0,"winrate":0.0,"cagr":0.0,"expectancy":0.0,"expectancy_ratio":100.0,"sortino":0,"sharpe":0,"calmar":0,"sqn":0.0,"profit_factor":0.0,"max_drawdown_account":0.0,"max_drawdown_abs":0.0},{"key":"NEAR/USDT","trades":0,"profit_mean":0.0,"profit_mean_pct":0.0,"profit_total_abs":0.0,"profit_total":0.0,"profit_total_pct":0.0,"duration_avg":"0:00","wins":0,"draws":0,"losses":0,"winrate":0.0,"cagr":0.0,"expectancy":0.0,"expectancy_ratio":100.0,"sortino":0,"sharpe":0,"calmar":0,"sqn":0.0,"profit_factor":0.0,"max_drawdown_account":0.0,"max_drawdown_abs":0.0},{"key":"PUMP/USDT","trades":0,"profit_mean":0.0,"profit_mean_pct":0.0,"profit_total_abs":0.0,"profit_total":0.0,"profit_total_pct":0.0,"duration_avg":"0:00","wins":0,"draws":0,"losses":0,"winrate":0.0,"cagr":0.0,"expectancy":0.0,"expectancy_ratio":100.0,"sortino":0,"sharpe":0,"calmar":0,"sqn":0.0,"profit_factor":0.0,"max_drawdown_account":0.0,"max_drawdown_abs":0.0},{"key":"FET/USDT","trades":0,"profit_mean":0.0,"profit_mean_pct":0.0,"profit_total_abs":0.0,"profit_total":0.0,"profit_total_pct":0.0,"duration_avg":"0:00","wins":0,"draws":0,"losses":0,"winrate":0.0,"cagr":0.0,"expectancy":0.0,"expectancy_ratio":100.0,"sortino":0,"sharpe":0,"calmar":0,"sqn":0.0,"profit_factor":0.0,"max_drawdown_account":0.0,"max_drawdown_abs":0.0},{"key":"ADA/USDT","trades":0,"profit_mean":0.0,"profit_mean_pct":0.0,"profit_total_abs":0.0,"profit_total":0.0,"profit_total_pct":0.0,"duration_avg":"0:00","wins":0,"draws":0,"losses":0,"winrate":0.0,"cagr":0.0,"expectancy":0.0,"expectancy_ratio":100.0,"sortino":0,"sharpe":0,"calmar":0,"sqn":0.0,"profit_factor":0.0,"max_drawdown_account":0.0,"max_drawdown_abs":0.0},{"key":"AVAX/USDT","trades":0,"profit_mean":0.0,"profit_mean_pct":0.0,"profit_total_abs":0.0,"profit_total":0.0,"profit_total_pct":0.0,"duration_avg":"0:00","wins":0,"draws":0,"losses":0,"winrate":0.0,"cagr":0.0,"expectancy":0.0,"expectancy_ratio":100.0,"sortino":0,"sharpe":0,"calmar":0,"sqn":0.0,"profit_factor":0.0,"max_drawdown_account":0.0,"max_drawdown_abs":0.0},{"key":"PLUME/USDT","trades":0,"profit_mean":0.0,"profit_mean_pct":0.0,"profit_total_abs":0.0,"profit_total":0.0,"profit_total_pct":0.0,"duration_avg":"0:00","wins":0,"draws":0,"losses":0,"winrate":0.0,"cagr":0.0,"expectancy":0.0,"expectancy_ratio":100.0,"sortino":0,"sharpe":0,"calmar":0,"sqn":0.0,"profit_factor":0.0,"max_drawdown_account":0.0,"max_drawdown_abs":0.0},{"key":"LTC/USDT","trades":0,"profit_mean":0.0,"profit_mean_pct":0.0,"profit_total_abs":0.0,"profit_total":0.0,"profit_total_pct":0.0,"duration_avg":"0:00","wins":0,"draws":0,"losses":0,"winrate":0.0,"cagr":0.0,"expectancy":0.0,"expectancy_ratio":100.0,"sortino":0,"sharpe":0,"calmar":0,"sqn":0.0,"profit_factor":0.0,"max_drawdown_account":0.0,"max_drawdown_abs":0.0},{"key":"FORM/USDT","trades":0,"profit_mean":0.0,"profit_mean_pct":0.0,"profit_total_abs":0.0,"profit_total":0.0,"profit_total_pct":0.0,"duration_avg":"0:00","wins":0,"draws":0,"losses":0,"winrate":0.0,"cagr":0.0,"expectancy":0.0,"expectancy_ratio":100.0,"sortino":0,"sharpe":0,"calmar":0,"sqn":0.0,"profit_factor":0.0,"max_drawdown_account":0.0,"max_drawdown_abs":0.0},{"key":"CRV/USDT","trades":0,"profit_mean":0.0,"profit_mean_pct":0.0,"profit_total_abs":0.0,"profit_total":0.0,"profit_total_pct":0.0,"duration_avg":"0:00","wins":0,"draws":0,"losses":0,"winrate":0.0,"cagr":0.0,"expectancy":0.0,"expectancy_ratio":100.0,"sortino":0,"sharpe":0,"calmar":0,"sqn":0.0,"profit_factor":0.0,"max_drawdown_account":0.0,"max_drawdown_abs":0.0},{"key":"XPL/USDT","trades":0,"profit_mean":0.0,"profit_mean_pct":0.0,"profit_total_abs":0.0,"profit_total":0.0,"profit_total_pct":0.0,"duration_avg":"0:00","wins":0,"draws":0,"losses":0,"winrate":0.0,"cagr":0.0,"expectancy":0.0,"expectancy_ratio":100.0,"sortino":0,"sharpe":0,"calmar":0,"sqn":0.0,"profit_factor":0.0,"max_drawdown_account":0.0,"max_drawdown_abs":0.0},{"key":"TUT/USDT","trades":0,"profit_mean":0.0,"profit_mean_pct":0.0,"profit_total_abs":0.0,"profit_total":0.0,"profit_total_pct":0.0,"duration_avg":"0:00","wins":0,"draws":0,"losses":0,"winrate":0.0,"cagr":0.0,"expectancy":0.0,"expectancy_ratio":100.0,"sortino":0,"sharpe":0,"calmar":0,"sqn":0.0,"profit_factor":0.0,"max_drawdown_account":0.0,"max_drawdown_abs":0.0},{"key":"PAXG/USDT","trades":0,"profit_mean":0.0,"profit_mean_pct":0.0,"profit_total_abs":0.0,"profit_total":0.0,"profit_total_pct":0.0,"duration_avg":"0:00","wins":0,"draws":0,"losses":0,"winrate":0.0,"cagr":0.0,"expectancy":0.0,"expectancy_ratio":100.0,"sortino":0,"sharpe":0,"calmar":0,"sqn":0.0,"profit_factor":0.0,"max_drawdown_account":0.0,"max_drawdown_abs":0.0},{"key":"SOMI/USDT","trades":0,"profit_mean":0.0,"profit_mean_pct":0.0,"profit_total_abs":0.0,"profit_total":0.0,"profit_total_pct":0.0,"duration_avg":"0:00","wins":0,"draws":0,"losses":0,"winrate":0.0,"cagr":0.0,"expectancy":0.0,"expectancy_ratio":100.0,"sortino":0,"sharpe":0,"calmar":0,"sqn":0.0,"profit_factor":0.0,"max_drawdown_account":0.0,"max_drawdown_abs":0.0},{"key":"SHIB/USDT","trades":0,"profit_mean":0.0,"profit_mean_pct":0.0,"profit_total_abs":0.0,"profit_total":0.0,"profit_total_pct":0.0,"duration_avg":"0:00","wins":0,"draws":0,"losses":0,"winrate":0.0,"cagr":0.0,"expectancy":0.0,"expectancy_ratio":100.0,"sortino":0,"sharpe":0,"calmar":0,"sqn":0.0,"profit_factor":0.0,"max_drawdown_account":0.0,"max_drawdown_abs":0.0},{"key":"BIO/USDT","trades":0,"profit_mean":0.0,"profit_mean_pct":0.0,"profit_total_abs":0.0,"profit_total":0.0,"profit_total_pct":0.0,"duration_avg":"0:00","wins":0,"draws":0,"losses":0,"winrate":0.0,"cagr":0.0,"expectancy":0.0,"expectancy_ratio":100.0,"sortino":0,"sharpe":0,"calmar":0,"sqn":0.0,"profit_factor":0.0,"max_drawdown_account":0.0,"max_drawdown_abs":0.0},{"key":"DOT/USDT","trades":0,"profit_mean":0.0,"profit_mean_pct":0.0,"profit_total_abs":0.0,"profit_total":0.0,"profit_total_pct":0.0,"duration_avg":"0:00","wins":0,"draws":0,"losses":0,"winrate":0.0,"cagr":0.0,"expectancy":0.0,"expectancy_ratio":100.0,"sortino":0,"sharpe":0,"calmar":0,"sqn":0.0,"profit_factor":0.0,"max_drawdown_account":0.0,"max_drawdown_abs":0.0},{"key":"FIL/USDT","trades":0,"profit_mean":0.0,"profit_mean_pct":0.0,"profit_total_abs":0.0,"profit_total":0.0,"profit_total_pct":0.0,"duration_avg":"0:00","wins":0,"draws":0,"losses":0,"winrate":0.0,"cagr":0.0,"expectancy":0.0,"expectancy_ratio":100.0,"sortino":0,"sharpe":0,"calmar":0,"sqn":0.0,"profit_factor":0.0,"max_drawdown_account":0.0,"max_drawdown_abs":0.0},{"key":"S/USDT","trades":0,"profit_mean":0.0,"profit_mean_pct":0.0,"profit_total_abs":0.0,"profit_total":0.0,"profit_total_pct":0.0,"duration_avg":"0:00","wins":0,"draws":0,"losses":0,"winrate":0.0,"cagr":0.0,"expectancy":0.0,"expectancy_ratio":100.0,"sortino":0,"sharpe":0,"calmar":0,"sqn":0.0,"profit_factor":0.0,"max_drawdown_account":0.0,"max_drawdown_abs":0.0},{"key":"SEI/USDT","trades":0,"profit_mean":0.0,"profit_mean_pct":0.0,"profit_total_abs":0.0,"profit_total":0.0,"profit_total_pct":0.0,"duration_avg":"0:00","wins":0,"draws":0,"losses":0,"winrate":0.0,"cagr":0.0,"expectancy":0.0,"expectancy_ratio":100.0,"sortino":0,"sharpe":0,"calmar":0,"sqn":0.0,"profit_factor":0.0,"max_drawdown_account":0.0,"max_drawdown_abs":0.0},{"key":"LISTA/USDT","trades":0,"profit_mean":0.0,"profit_mean_pct":0.0,"profit_total_abs":0.0,"profit_total":0.0,"profit_total_pct":0.0,"duration_avg":"0:00","wins":0,"draws":0,"losses":0,"winrate":0.0,"cagr":0.0,"expectancy":0.0,"expectancy_ratio":100.0,"sortino":0,"sharpe":0,"calmar":0,"sqn":0.0,"profit_factor":0.0,"max_drawdown_account":0.0,"max_drawdown_abs":0.0},{"key":"STO/USDT","trades":0,"profit_mean":0.0,"profit_mean_pct":0.0,"profit_total_abs":0.0,"profit_total":0.0,"profit_total_pct":0.0,"duration_avg":"0:00","wins":0,"draws":0,"losses":0,"winrate":0.0,"cagr":0.0,"expectancy":0.0,"expectancy_ratio":100.0,"sortino":0,"sharpe":0,"calmar":0,"sqn":0.0,"profit_factor":0.0,"max_drawdown_account":0.0,"max_drawdown_abs":0.0},{"key":"WLFI/USDT","trades":0,"profit_mean":0.0,"profit_mean_pct":0.0,"profit_total_abs":0.0,"profit_total":0.0,"profit_total_pct":0.0,"duration_avg":"0:00","wins":0,"draws":0,"losses":0,"winrate":0.0,"cagr":0.0,"expectancy":0.0,"expectancy_ratio":100.0,"sortino":0,"sharpe":0,"calmar":0,"sqn":0.0,"profit_factor":0.0,"max_drawdown_account":0.0,"max_drawdown_abs":0.0},{"key":"TRUMP/USDT","trades":0,"profit_mean":0.0,"profit_mean_pct":0.0,"profit_total_abs":0.0,"profit_total":0.0,"profit_total_pct":0.0,"duration_avg":"0:00","wins":0,"draws":0,"losses":0,"winrate":0.0,"cagr":0.0,"expectancy":0.0,"expectancy_ratio":100.0,"sortino":0,"sharpe":0,"calmar":0,"sqn":0.0,"profit_factor":0.0,"max_drawdown_account":0.0,"max_drawdown_abs":0.0},{"key":"ARB/USDT","trades":0,"profit_mean":0.0,"profit_mean_pct":0.0,"profit_total_abs":0.0,"profit_total":0.0,"profit_total_pct":0.0,"duration_avg":"0:00","wins":0,"draws":0,"losses":0,"winrate":0.0,"cagr":0.0,"expectancy":0.0,"expectancy_ratio":100.0,"sortino":0,"sharpe":0,"calmar":0,"sqn":0.0,"profit_factor":0.0,"max_drawdown_account":0.0,"max_drawdown_abs":0.0},{"key":"EIGEN/USDT","trades":0,"profit_mean":0.0,"profit_mean_pct":0.0,"profit_total_abs":0.0,"profit_total":0.0,"profit_total_pct":0.0,"duration_avg":"0:00","wins":0,"draws":0,"losses":0,"winrate":0.0,"cagr":0.0,"expectancy":0.0,"expectancy_ratio":100.0,"sortino":0,"sharpe":0,"calmar":0,"sqn":0.0,"profit_factor":0.0,"max_drawdown_account":0.0,"max_drawdown_abs":0.0},{"key":"LINK/USDT","trades":0,"profit_mean":0.0,"profit_mean_pct":0.0,"profit_total_abs":0.0,"profit_total":0.0,"profit_total_pct":0.0,"duration_avg":"0:00","wins":0,"draws":0,"losses":0,"winrate":0.0,"cagr":0.0,"expectancy":0.0,"expectancy_ratio":100.0,"sortino":0,"sharpe":0,"calmar":0,"sqn":0.0,"profit_factor":0.0,"max_drawdown_account":0.0,"max_drawdown_abs":0.0},{"key":"SUI/USDT","trades":0,"profit_mean":0.0,"profit_mean_pct":0.0,"profit_total_abs":0.0,"profit_total":0.0,"profit_total_pct":0.0,"duration_avg":"0:00","wins":0,"draws":0,"losses":0,"winrate":0.0,"cagr":0.0,"expectancy":0.0,"expectancy_ratio":100.0,"sortino":0,"sharpe":0,"calmar":0,"sqn":0.0,"profit_factor":0.0,"max_drawdown_account":0.0,"max_drawdown_abs":0.0},{"key":"WLD/USDT","trades":0,"profit_mean":0.0,"profit_mean_pct":0.0,"profit_total_abs":0.0,"profit_total":0.0,"profit_total_pct":0.0,"duration_avg":"0:00","wins":0,"draws":0,"losses":0,"winrate":0.0,"cagr":0.0,"expectancy":0.0,"expectancy_ratio":100.0,"sortino":0,"sharpe":0,"calmar":0,"sqn":0.0,"profit_factor":0.0,"max_drawdown_account":0.0,"max_drawdown_abs":0.0},{"key":"ASTER/USDT","trades":0,"profit_mean":0.0,"profit_mean_pct":0.0,"profit_total_abs":0.0,"profit_total":0.0,"profit_total_pct":0.0,"duration_avg":"0:00","wins":0,"draws":0,"losses":0,"winrate":0.0,"cagr":0.0,"expectancy":0.0,"expectancy_ratio":100.0,"sortino":0,"sharpe":0,"calmar":0,"sqn":0.0,"profit_factor":0.0,"max_drawdown_account":0.0,"max_drawdown_abs":0.0},{"key":"TAO/USDT","trades":0,"profit_mean":0.0,"profit_mean_pct":0.0,"profit_total_abs":0.0,"profit_total":0.0,"profit_total_pct":0.0,"duration_avg":"0:00","wins":0,"draws":0,"losses":0,"winrate":0.0,"cagr":0.0,"expectancy":0.0,"expectancy_ratio":100.0,"sortino":0,"sharpe":0,"calmar":0,"sqn":0.0,"profit_factor":0.0,"max_drawdown_account":0.0,"max_drawdown_abs":0.0},{"key":"XLM/USDT","trades":0,"profit_mean":0.0,"profit_mean_pct":0.0,"profit_total_abs":0.0,"profit_total":0.0,"profit_total_pct":0.0,"duration_avg":"0:00","wins":0,"draws":0,"losses":0,"winrate":0.0,"cagr":0.0,"expectancy":0.0,"expectancy_ratio":100.0,"sortino":0,"sharpe":0,"calmar":0,"sqn":0.0,"profit_factor":0.0,"max_drawdown_account":0.0,"max_drawdown_abs":0.0},{"key":"ENA/USDT","trades":0,"profit_mean":0.0,"profit_mean_pct":0.0,"profit_total_abs":0.0,"profit_total":0.0,"profit_total_pct":0.0,"duration_avg":"0:00","wins":0,"draws":0,"losses":0,"winrate":0.0,"cagr":0.0,"expectancy":0.0,"expectancy_ratio":100.0,"sortino":0,"sharpe":0,"calmar":0,"sqn":0.0,"profit_factor":0.0,"max_drawdown_account":0.0,"max_drawdown_abs":0.0},{"key":"SOL/USDT","trades":0,"profit_mean":0.0,"profit_mean_pct":0.0,"profit_total_abs":0.0,"profit_total":0.0,"profit_total_pct":0.0,"duration_avg":"0:00","wins":0,"draws":0,"losses":0,"winrate":0.0,"cagr":0.0,"expectancy":0.0,"expectancy_ratio":100.0,"sortino":0,"sharpe":0,"calmar":0,"sqn":0.0,"profit_factor":0.0,"max_drawdown_account":0.0,"max_drawdown_abs":0.0},{"key":"FLOKI/USDT","trades":0,"profit_mean":0.0,"profit_mean_pct":0.0,"profit_total_abs":0.0,"profit_total":0.0,"profit_total_pct":0.0,"duration_avg":"0:00","wins":0,"draws":0,"losses":0,"winrate":0.0,"cagr":0.0,"expectancy":0.0,"expectancy_ratio":100.0,"sortino":0,"sharpe":0,"calmar":0,"sqn":0.0,"profit_factor":0.0,"max_drawdown_account":0.0,"max_drawdown_abs":0.0},{"key":"TON/USDT","trades":0,"profit_mean":0.0,"profit_mean_pct":0.0,"profit_total_abs":0.0,"profit_total":0.0,"profit_total_pct":0.0,"duration_avg":"0:00","wins":0,"draws":0,"losses":0,"winrate":0.0,"cagr":0.0,"expectancy":0.0,"expectancy_ratio":100.0,"sortino":0,"sharpe":0,"calmar":0,"sqn":0.0,"profit_factor":0.0,"max_drawdown_account":0.0,"max_drawdown_abs":0.0},{"key":"PENDLE/USDT","trades":0,"profit_mean":0.0,"profit_mean_pct":0.0,"profit_total_abs":0.0,"profit_total":0.0,"profit_total_pct":0.0,"duration_avg":"0:00","wins":0,"draws":0,"losses":0,"winrate":0.0,"cagr":0.0,"expectancy":0.0,"expectancy_ratio":100.0,"sortino":0,"sharpe":0,"calmar":0,"sqn":0.0,"profit_factor":0.0,"max_drawdown_account":0.0,"max_drawdown_abs":0.0},{"key":"OPEN/USDT","trades":0,"profit_mean":0.0,"profit_mean_pct":0.0,"profit_total_abs":0.0,"profit_total":0.0,"profit_total_pct":0.0,"duration_avg":"0:00","wins":0,"draws":0,"losses":0,"winrate":0.0,"cagr":0.0,"expectancy":0.0,"expectancy_ratio":100.0,"sortino":0,"sharpe":0,"calmar":0,"sqn":0.0,"profit_factor":0.0,"max_drawdown_account":0.0,"max_drawdown_abs":0.0},{"key":"POL/USDT","trades":0,"profit_mean":0.0,"profit_mean_pct":0.0,"profit_total_abs":0.0,"profit_total":0.0,"profit_total_pct":0.0,"duration_avg":"0:00","wins":0,"draws":0,"losses":0,"winrate":0.0,"cagr":0.0,"expectancy":0.0,"expectancy_ratio":100.0,"sortino":0,"sharpe":0,"calmar":0,"sqn":0.0,"profit_factor":0.0,"max_drawdown_account":0.0,"max_drawdown_abs":0.0},{"key":"MIRA/USDT","trades":0,"profit_mean":0.0,"profit_mean_pct":0.0,"profit_total_abs":0.0,"profit_total":0.0,"profit_total_pct":0.0,"duration_avg":"0:00","wins":0,"draws":0,"losses":0,"winrate":0.0,"cagr":0.0,"expectancy":0.0,"expectancy_ratio":100.0,"sortino":0,"sharpe":0,"calmar":0,"sqn":0.0,"profit_factor":0.0,"max_drawdown_account":0.0,"max_drawdown_abs":0.0},{"key":"ETH/USDT","trades":0,"profit_mean":0.0,"profit_mean_pct":0.0,"profit_total_abs":0.0,"profit_total":0.0,"profit_total_pct":0.0,"duration_avg":"0:00","wins":0,"draws":0,"losses":0,"winrate":0.0,"cagr":0.0,"expectancy":0.0,"expectancy_ratio":100.0,"sortino":0,"sharpe":0,"calmar":0,"sqn":0.0,"profit_factor":0.0,"max_drawdown_account":0.0,"max_drawdown_abs":0.0},{"key":"DOGE/USDT","trades":0,"profit_mean":0.0,"profit_mean_pct":0.0,"profit_total_abs":0.0,"profit_total":0.0,"profit_total_pct":0.0,"duration_avg":"0:00","wins":0,"draws":0,"losses":0,"winrate":0.0,"cagr":0.0,"expectancy":0.0,"expectancy_ratio":100.0,"sortino":0,"sharpe":0,"calmar":0,"sqn":0.0,"profit_factor":0.0,"max_drawdown_account":0.0,"max_drawdown_abs":0.0},{"key":"ONDO/USDT","trades":0,"profit_mean":0.0,"profit_mean_pct":0.0,"profit_total_abs":0.0,"profit_total":0.0,"profit_total_pct":0.0,"duration_avg":"0:00","wins":0,"draws":0,"losses":0,"winrate":0.0,"cagr":0.0,"expectancy":0.0,"expectancy_ratio":100.0,"sortino":0,"sharpe":0,"calmar":0,"sqn":0.0,"profit_factor":0.0,"max_drawdown_account":0.0,"max_drawdown_abs":0.0},{"key":"BMT/USDT","trades":0,"profit_mean":0.0,"profit_mean_pct":0.0,"profit_total_abs":0.0,"profit_total":0.0,"profit_total_pct":0.0,"duration_avg":"0:00","wins":0,"draws":0,"losses":0,"winrate":0.0,"cagr":0.0,"expectancy":0.0,"expectancy_ratio":100.0,"sortino":0,"sharpe":0,"calmar":0,"sqn":0.0,"profit_factor":0.0,"max_drawdown_account":0.0,"max_drawdown_abs":0.0},{"key":"CFX/USDT","trades":0,"profit_mean":0.0,"profit_mean_pct":0.0,"profit_total_abs":0.0,"profit_total":0.0,"profit_total_pct":0.0,"duration_avg":"0:00","wins":0,"draws":0,"losses":0,"winrate":0.0,"cagr":0.0,"expectancy":0.0,"expectancy_ratio":100.0,"sortino":0,"sharpe":0,"calmar":0,"sqn":0.0,"profit_factor":0.0,"max_drawdown_account":0.0,"max_drawdown_abs":0.0},{"key":"ICP/USDT","trades":0,"profit_mean":0.0,"profit_mean_pct":0.0,"profit_total_abs":0.0,"profit_total":0.0,"profit_total_pct":0.0,"duration_avg":"0:00","wins":0,"draws":0,"losses":0,"winrate":0.0,"cagr":0.0,"expectancy":0.0,"expectancy_ratio":100.0,"sortino":0,"sharpe":0,"calmar":0,"sqn":0.0,"profit_factor":0.0,"max_drawdown_account":0.0,"max_drawdown_abs":0.0},{"key":"UNI/USDT","trades":0,"profit_mean":0.0,"profit_mean_pct":0.0,"profit_total_abs":0.0,"profit_total":0.0,"profit_total_pct":0.0,"duration_avg":"0:00","wins":0,"draws":0,"losses":0,"winrate":0.0,"cagr":0.0,"expectancy":0.0,"expectancy_ratio":100.0,"sortino":0,"sharpe":0,"calmar":0,"sqn":0.0,"profit_factor":0.0,"max_drawdown_account":0.0,"max_drawdown_abs":0.0},{"key":"ZEN/USDT","trades":0,"profit_mean":0.0,"profit_mean_pct":0.0,"profit_total_abs":0.0,"profit_total":0.0,"profit_total_pct":0.0,"duration_avg":"0:00","wins":0,"draws":0,"losses":0,"winrate":0.0,"cagr":0.0,"expectancy":0.0,"expectancy_ratio":100.0,"sortino":0,"sharpe":0,"calmar":0,"sqn":0.0,"profit_factor":0.0,"max_drawdown_account":0.0,"max_drawdown_abs":0.0},{"key":"AAVE/USDT","trades":0,"profit_mean":0.0,"profit_mean_pct":0.0,"profit_total_abs":0.0,"profit_total":0.0,"profit_total_pct":0.0,"duration_avg":"0:00","wins":0,"draws":0,"losses":0,"winrate":0.0,"cagr":0.0,"expectancy":0.0,"expectancy_ratio":100.0,"sortino":0,"sharpe":0,"calmar":0,"sqn":0.0,"profit_factor":0.0,"max_drawdown_account":0.0,"max_drawdown_abs":0.0},{"key":"HBAR/USDT","trades":0,"profit_mean":0.0,"profit_mean_pct":0.0,"profit_total_abs":0.0,"profit_total":0.0,"profit_total_pct":0.0,"duration_avg":"0:00","wins":0,"draws":0,"losses":0,"winrate":0.0,"cagr":0.0,"expectancy":0.0,"expectancy_ratio":100.0,"sortino":0,"sharpe":0,"calmar":0,"sqn":0.0,"profit_factor":0.0,"max_drawdown_account":0.0,"max_drawdown_abs":0.0},{"key":"CAKE/USDT","trades":0,"profit_mean":0.0,"profit_mean_pct":0.0,"profit_total_abs":0.0,"profit_total":0.0,"profit_total_pct":0.0,"duration_avg":"0:00","wins":0,"draws":0,"losses":0,"winrate":0.0,"cagr":0.0,"expectancy":0.0,"expectancy_ratio":100.0,"sortino":0,"sharpe":0,"calmar":0,"sqn":0.0,"profit_factor":0.0,"max_drawdown_account":0.0,"max_drawdown_abs":0.0},{"key":"BNB/USDT","trades":2,"profit_mean":-0.00897505970987964,"profit_mean_pct":-0.9,"profit_total_abs":-70.62823483999999,"profit_total":-0.007062823483999999,"profit_total_pct":-0.71,"duration_avg":"1 day, 6:58:00","wins":1,"draws":0,"losses":1,"winrate":0.5,"cagr":-0.10218827377482642,"expectancy":-35.314117419999995,"expectancy_ratio":-0.2489438490457161,"sortino":-100,"sharpe":-0.5277086087308333,"calmar":-39.916181942255314,"sqn":-0.3315,"profit_factor":0.5021123019085677,"max_drawdown_account":0.014085249664905588,"max_drawdown_abs":141.85575404},{"key":"TRX/USDT","trades":1,"profit_mean":-0.08162343662250388,"profit_mean_pct":-8.16,"profit_total_abs":-404.84408272,"profit_total":-0.040484408272,"profit_total_pct":-4.05,"duration_avg":"23 days, 23:55:00","wins":0,"draws":0,"losses":1,"winrate":0.0,"cagr":-0.46661428005005157,"expectancy":-404.84408272,"expectancy_ratio":-1.0,"sortino":-100,"sharpe":-100,"calmar":-100,"sqn":-100.0,"profit_factor":0.0,"max_drawdown_account":0.0,"max_drawdown_abs":0.0},{"key":"BONK/USDT","trades":4,"profit_mean":-0.03382320152904753,"profit_mean_pct":-3.38,"profit_total_abs":-684.14490183,"profit_total":-0.068414490183,"profit_total_pct":-6.84,"duration_avg":"1 day, 3:34:00","wins":2,"draws":0,"losses":2,"winrate":0.5,"cagr":-0.6596475046695942,"expectancy":-171.0362254575,"expectancy_ratio":-0.4208238749428612,"sortino":-2.852236837200298,"sharpe":-2.002176551018323,"calmar":-75.41709540808188,"sqn":-1.0891,"profit_factor":0.15835225011427745,"max_drawdown_account":0.07221268337900001,"max_drawdown_abs":722.12683379},{"key":"PEPE/USDT","trades":2,"profit_mean":-0.08716591335314747,"profit_mean_pct":-8.72,"profit_total_abs":-902.78860586,"profit_total":-0.090278860586,"profit_total_pct":-9.03,"duration_avg":"4 days, 3:35:00","wins":1,"draws":0,"losses":1,"winrate":0.5,"cagr":-0.7628279399043005,"expectancy":-451.39430293,"expectancy_ratio":-0.4156856693084019,"sortino":-100,"sharpe":-1.132618630081501,"calmar":-67.39239023816845,"sqn":-0.7114,"profit_factor":0.16862866138319627,"max_drawdown_account":0.1066376092085699,"max_drawdown_abs":1085.9029701},{"key":"TOTAL","trades":25,"profit_mean":-0.00862063771973423,"profit_mean_pct":-0.86,"profit_total_abs":-1151.30103884,"profit_total":-0.11513010388400001,"profit_total_pct":-11.51,"duration_avg":"1 day, 22:04:00","wins":16,"draws":0,"losses":9,"winrate":0.64,"cagr":-0.8443588188720746,"expectancy":-46.05204155360001,"expectancy_ratio":-0.1536783420670721,"sortino":-2.7661023800101034,"sharpe":-3.279904151349901,"calmar":-57.144460063802825,"sqn":-0.8074,"profit_factor":0.573115716480355,"max_drawdown_account":0.16037990558127452,"max_drawdown_abs":1679.85568892}],"results_per_enter_tag":[{"key":"buy","trades":25,"profit_mean":-0.00862063771973423,"profit_mean_pct":-0.86,"profit_total_abs":-1151.30103884,"profit_total":-0.11513010388400001,"profit_total_pct":-11.51,"duration_avg":"1 day, 22:04:00","wins":16,"draws":0,"losses":9,"winrate":0.64,"cagr":-0.8443588188720746,"expectancy":-46.05204155360001,"expectancy_ratio":-0.1536783420670721,"sortino":-2.7661023800101034,"sharpe":-3.279904151349901,"calmar":-57.144460063802825,"sqn":-0.8074,"profit_factor":0.573115716480355,"max_drawdown_account":0.16037990558127452,"max_drawdown_abs":1679.85568892},{"key":"TOTAL","trades":25,"profit_mean":-0.00862063771973423,"profit_mean_pct":-0.86,"profit_total_abs":-1151.30103884,"profit_total":-0.11513010388400001,"profit_total_pct":-11.51,"duration_avg":"1 day, 22:04:00","wins":16,"draws":0,"losses":9,"winrate":0.64,"cagr":-0.8443588188720746,"expectancy":-46.05204155360001,"expectancy_ratio":-0.1536783420670721,"sortino":-2.7661023800101034,"sharpe":-3.279904151349901,"calmar":-57.144460063802825,"sqn":-0.8074,"profit_factor":0.573115716480355,"max_drawdown_account":0.16037990558127452,"max_drawdown_abs":1679.85568892}],"exit_reason_summary":[{"key":"trailing_stop_loss","trades":1,"profit_mean":0.05196357371871347,"profit_mean_pct":5.2,"profit_total_abs":226.44292234,"profit_total":0.022644292234,"profit_total_pct":2.26,"duration_avg":"4 days, 3:35:00","wins":1,"draws":0,"losses":0,"winrate":1.0,"cagr":0.4057074258605071,"expectancy":226.44292234,"expectancy_ratio":100.0,"sortino":-100,"sharpe":-100,"calmar":-100,"sqn":-100.0,"profit_factor":0.0,"max_drawdown_account":0.0,"max_drawdown_abs":0.0},{"key":"force_exit","trades":2,"profit_mean":-0.03429074495832956,"profit_mean_pct":-3.43,"profit_total_abs":-350.51737804000004,"profit_total":-0.035051737804000005,"profit_total_pct":-3.51,"duration_avg":"13 days, 12:40:00","wins":1,"draws":0,"losses":1,"winrate":0.5,"cagr":-0.4187913122228978,"expectancy":-175.25868902000002,"expectancy_ratio":-0.4329041636041724,"sortino":-100,"sharpe":-1.2153475512136638,"calmar":-68.92185360671348,"sqn":-0.7634,"profit_factor":0.13419167279165511,"max_drawdown_account":0.04048440827199993,"max_drawdown_abs":404.84408272},{"key":"custom_exit_condition_met","trades":22,"profit_mean":-0.00904081939979137,"profit_mean_pct":-0.9,"profit_total_abs":-1027.2265831399998,"profit_total":-0.10272265831399997,"profit_total_pct":-10.27,"duration_avg":"18:19:00","wins":14,"draws":0,"losses":8,"winrate":0.6363636363636364,"cagr":-0.807649385959837,"expectancy":-46.69211741545453,"expectancy_ratio":-0.16296412423341955,"sortino":-2.3416503619963733,"sharpe":-2.9085703311244067,"calmar":-63.87058882766387,"sqn":-0.7611,"profit_factor":0.5518486583580965,"max_drawdown_account":0.12802669086614374,"max_drawdown_abs":1311.99000521},{"key":"TOTAL","trades":25,"profit_mean":-0.00862063771973423,"profit_mean_pct":-0.86,"profit_total_abs":-1151.30103884,"profit_total":-0.11513010388400001,"profit_total_pct":-11.51,"duration_avg":"1 day, 22:04:00","wins":16,"draws":0,"losses":9,"winrate":0.64,"cagr":-0.8443588188720746,"expectancy":-46.05204155360001,"expectancy_ratio":-0.1536783420670721,"sortino":-2.7661023800101034,"sharpe":-3.279904151349901,"calmar":-57.144460063802825,"sqn":-0.8074,"profit_factor":0.573115716480355,"max_drawdown_account":0.16037990558127452,"max_drawdown_abs":1679.85568892}],"mix_tag_stats":[{"key":["buy","trailing_stop_loss"],"trades":1,"profit_mean":0.05196357371871347,"profit_mean_pct":5.2,"profit_total_abs":226.44292234,"profit_total":0.022644292234,"profit_total_pct":2.26,"duration_avg":"4 days, 3:35:00","wins":1,"draws":0,"losses":0,"winrate":1.0,"cagr":0.4057074258605071,"expectancy":226.44292234,"expectancy_ratio":100.0,"sortino":-100,"sharpe":-100,"calmar":-100,"sqn":-100.0,"profit_factor":0.0,"max_drawdown_account":0.0,"max_drawdown_abs":0.0},{"key":["buy","force_exit"],"trades":2,"profit_mean":-0.03429074495832956,"profit_mean_pct":-3.43,"profit_total_abs":-350.51737804000004,"profit_total":-0.035051737804000005,"profit_total_pct":-3.51,"duration_avg":"13 days, 12:40:00","wins":1,"draws":0,"losses":1,"winrate":0.5,"cagr":-0.4187913122228978,"expectancy":-175.25868902000002,"expectancy_ratio":-0.4329041636041724,"sortino":-100,"sharpe":-1.2153475512136638,"calmar":-68.92185360671348,"sqn":-0.7634,"profit_factor":0.13419167279165511,"max_drawdown_account":0.04048440827199993,"max_drawdown_abs":404.84408272},{"key":["buy","custom_exit_condition_met"],"trades":22,"profit_mean":-0.00904081939979137,"profit_mean_pct":-0.9,"profit_total_abs":-1027.2265831399998,"profit_total":-0.10272265831399997,"profit_total_pct":-10.27,"duration_avg":"18:19:00","wins":14,"draws":0,"losses":8,"winrate":0.6363636363636364,"cagr":-0.807649385959837,"expectancy":-46.69211741545453,"expectancy_ratio":-0.16296412423341955,"sortino":-2.3416503619963733,"sharpe":-2.9085703311244067,"calmar":-63.87058882766387,"sqn":-0.7611,"profit_factor":0.5518486583580965,"max_drawdown_account":0.12802669086614374,"max_drawdown_abs":1311.99000521},{"key":"TOTAL","trades":25,"profit_mean":-0.00862063771973423,"profit_mean_pct":-0.86,"profit_total_abs":-1151.30103884,"profit_total":-0.11513010388400001,"profit_total_pct":-11.51,"duration_avg":"1 day, 22:04:00","wins":16,"draws":0,"losses":9,"winrate":0.64,"cagr":-0.8443588188720746,"expectancy":-46.05204155360001,"expectancy_ratio":-0.1536783420670721,"sortino":-2.7661023800101034,"sharpe":-3.279904151349901,"calmar":-57.144460063802825,"sqn":-0.8074,"profit_factor":0.573115716480355,"max_drawdown_account":0.16037990558127452,"max_drawdown_abs":1679.85568892}],"left_open_trades":[{"key":"BTC/USDT","trades":1,"profit_mean":0.013041946705844756,"profit_mean_pct":1.3,"profit_total_abs":54.32670468,"profit_total":0.0054326704679999996,"profit_total_pct":0.54,"duration_avg":"3 days, 1:25:00","wins":1,"draws":0,"losses":0,"winrate":1.0,"cagr":0.08588817242210123,"expectancy":54.32670468,"expectancy_ratio":100.0,"sortino":-100,"sharpe":-100,"calmar":-100,"sqn":-100.0,"profit_factor":0.0,"max_drawdown_account":0.0,"max_drawdown_abs":0.0},{"key":"TRX/USDT","trades":1,"profit_mean":-0.08162343662250388,"profit_mean_pct":-8.16,"profit_total_abs":-404.84408272,"profit_total":-0.040484408272,"profit_total_pct":-4.05,"duration_avg":"23 days, 23:55:00","wins":0,"draws":0,"losses":1,"winrate":0.0,"cagr":-0.46661428005005157,"expectancy":-404.84408272,"expectancy_ratio":-1.0,"sortino":-100,"sharpe":-100,"calmar":-100,"sqn":-100.0,"profit_factor":0.0,"max_drawdown_account":0.0,"max_drawdown_abs":0.0},{"key":"TOTAL","trades":2,"profit_mean":-0.03429074495832956,"profit_mean_pct":-3.43,"profit_total_abs":-350.51737804000004,"profit_total":-0.035051737804000005,"profit_total_pct":-3.51,"duration_avg":"13 days, 12:40:00","wins":1,"draws":0,"losses":1,"winrate":0.5,"cagr":-0.4187913122228978,"expectancy":-175.25868902000002,"expectancy_ratio":-0.4329041636041724,"sortino":-100,"sharpe":-1.2153475512136638,"calmar":-68.92185360671348,"sqn":-0.7634,"profit_factor":0.13419167279165511,"max_drawdown_account":0.04048440827199993,"max_drawdown_abs":404.84408272}],"total_trades":25,"trade_count_long":25,"trade_count_short":0,"total_volume":241423.21335300183,"avg_stake_amount":4832.2149813815995,"profit_mean":-0.00862063771973423,"profit_median":0.008956087824351295,"profit_total":-0.11513010388400001,"profit_total_long":-0.11513010388400001,"profit_total_short":0.0,"profit_total_abs":-1151.30103884,"profit_total_long_abs":-1151.30103884,"profit_total_short_abs":0.0,"cagr":-0.8443588188720746,"expectancy":-46.05204155360001,"expectancy_ratio":-0.1536783420670721,"sortino":-2.7661023800101034,"sharpe":-3.279904151349901,"calmar":-57.144460063802825,"sqn":-0.8074,"profit_factor":0.573115716480355,"backtest_start":"2025-10-15 00:00:00","backtest_start_ts":1760486400000,"backtest_end":"2025-11-08 00:00:00","backtest_end_ts":1762560000000,"backtest_days":24,"backtest_run_start_ts":1762693911,"backtest_run_end_ts":1762693930,"trades_per_day":1.04,"market_change":-0.08414019148588012,"pairlist":["TRX/USDT","EDEN/USDT","AVNT/USDT","BONK/USDT","PEPE/USDT","BNB/USDT","APT/USDT","LINEA/USDT","WIF/USDT","VIRTUAL/USDT","NEAR/USDT","PUMP/USDT","FET/USDT","ADA/USDT","AVAX/USDT","PLUME/USDT","LTC/USDT","FORM/USDT","CRV/USDT","BTC/USDT","XPL/USDT","TUT/USDT","PAXG/USDT","SOMI/USDT","SHIB/USDT","BIO/USDT","DOT/USDT","FIL/USDT","S/USDT","SEI/USDT","LISTA/USDT","STO/USDT","WLFI/USDT","TRUMP/USDT","ARB/USDT","EIGEN/USDT","LINK/USDT","SUI/USDT","WLD/USDT","ASTER/USDT","TAO/USDT","XLM/USDT","ENA/USDT","SOL/USDT","FLOKI/USDT","TON/USDT","PENDLE/USDT","OPEN/USDT","POL/USDT","MIRA/USDT","ETH/USDT","DOGE/USDT","ONDO/USDT","BMT/USDT","CFX/USDT","ICP/USDT","UNI/USDT","ZEN/USDT","AAVE/USDT","HBAR/USDT","CAKE/USDT"],"stake_amount":"unlimited","stake_currency":"USDT","stake_currency_decimals":3,"starting_balance":10000,"dry_run_wallet":10000,"final_balance":8848.69896116,"rejected_signals":393909,"timedout_entry_orders":0,"timedout_exit_orders":0,"canceled_trade_entries":0,"canceled_entry_orders":0,"replaced_entry_orders":0,"max_open_trades":2,"max_open_trades_setting":2,"timeframe":"5m","timeframe_detail":"","timerange":"20251015-20251108","enable_protections":false,"strategy_name":"KamaFama","freqaimodel":null,"freqai_identifier":null,"stoploss":-0.25,"trailing_stop":false,"trailing_stop_positive":0.002,"trailing_stop_positive_offset":0.05,"trailing_only_offset_is_reached":true,"use_custom_stoploss":true,"minimal_roi":{"0":1},"use_exit_signal":true,"exit_profit_only":false,"exit_profit_offset":0.0,"ignore_roi_if_entry_signal":false,"trading_mode":"spot","margin_mode":"isolated","periodic_breakdown":{"day":[{"date":"15/10/2025","date_ts":1760486400000,"profit_abs":84.25968282,"wins":2,"draws":0,"losses":1,"trades":3,"profit_factor":1.58479981},{"date":"16/10/2025","date_ts":1760572800000,"profit_abs":0.0,"wins":0,"draws":0,"losses":0,"trades":0,"profit_factor":0.0},{"date":"17/10/2025","date_ts":1760659200000,"profit_abs":-691.22044899,"wins":0,"draws":0,"losses":2,"trades":2,"profit_factor":0.0},{"date":"18/10/2025","date_ts":1760745600000,"profit_abs":0.0,"wins":0,"draws":0,"losses":0,"trades":0,"profit_factor":0.0},{"date":"19/10/2025","date_ts":1760832000000,"profit_abs":0.0,"wins":0,"draws":0,"losses":0,"trades":0,"profit_factor":0.0},{"date":"20/10/2025","date_ts":1760918400000,"profit_abs":0.0,"wins":0,"draws":0,"losses":0,"trades":0,"profit_factor":0.0},{"date":"21/10/2025","date_ts":1761004800000,"profit_abs":307.66864871,"wins":2,"draws":0,"losses":0,"trades":2,"profit_factor":0.0},{"date":"22/10/2025","date_ts":1761091200000,"profit_abs":0.0,"wins":0,"draws":0,"losses":0,"trades":0,"profit_factor":0.0},{"date":"23/10/2025","date_ts":1761177600000,"profit_abs":183.8085483,"wins":2,"draws":0,"losses":1,"trades":3,"profit_factor":18.27494245},{"date":"24/10/2025","date_ts":1761264000000,"profit_abs":261.76699066,"wins":2,"draws":0,"losses":1,"trades":3,"profit_factor":89.7843965},{"date":"25/10/2025","date_ts":1761350400000,"profit_abs":0.0,"wins":0,"draws":0,"losses":0,"trades":0,"profit_factor":0.0},{"date":"26/10/2025","date_ts":1761436800000,"profit_abs":327.9445239,"wins":3,"draws":0,"losses":0,"trades":3,"profit_factor":0.0},{"date":"27/10/2025","date_ts":1761523200000,"profit_abs":0.0,"wins":0,"draws":0,"losses":0,"trades":0,"profit_factor":0.0},{"date":"28/10/2025","date_ts":1761609600000,"profit_abs":0.0,"wins":0,"draws":0,"losses":0,"trades":0,"profit_factor":0.0},{"date":"29/10/2025","date_ts":1761696000000,"profit_abs":-84.23128107,"wins":3,"draws":0,"losses":1,"trades":4,"profit_factor":0.60912018},{"date":"30/10/2025","date_ts":1761782400000,"profit_abs":0.0,"wins":0,"draws":0,"losses":0,"trades":0,"profit_factor":0.0},{"date":"31/10/2025","date_ts":1761868800000,"profit_abs":0.0,"wins":0,"draws":0,"losses":0,"trades":0,"profit_factor":0.0},{"date":"01/11/2025","date_ts":1761955200000,"profit_abs":0.0,"wins":0,"draws":0,"losses":0,"trades":0,"profit_factor":0.0},{"date":"02/11/2025","date_ts":1762041600000,"profit_abs":0.0,"wins":0,"draws":0,"losses":0,"trades":0,"profit_factor":0.0},{"date":"03/11/2025","date_ts":1762128000000,"profit_abs":0.0,"wins":0,"draws":0,"losses":0,"trades":0,"profit_factor":0.0},{"date":"04/11/2025","date_ts":1762214400000,"profit_abs":-1190.78032513,"wins":1,"draws":0,"losses":2,"trades":3,"profit_factor":0.03011862},{"date":"05/11/2025","date_ts":1762300800000,"profit_abs":0.0,"wins":0,"draws":0,"losses":0,"trades":0,"profit_factor":0.0},{"date":"06/11/2025","date_ts":1762387200000,"profit_abs":0.0,"wins":0,"draws":0,"losses":0,"trades":0,"profit_factor":0.0},{"date":"07/11/2025","date_ts":1762473600000,"profit_abs":0.0,"wins":0,"draws":0,"losses":0,"trades":0,"profit_factor":0.0},{"date":"08/11/2025","date_ts":1762560000000,"profit_abs":-350.51737804,"wins":1,"draws":0,"losses":1,"trades":2,"profit_factor":0.13419167}],"week":[{"date":"20/10/2025","date_ts":1760918400000,"profit_abs":-606.96076617,"wins":2,"draws":0,"losses":3,"trades":5,"profit_factor":0.27336491},{"date":"27/10/2025","date_ts":1761523200000,"profit_abs":1081.18871157,"wins":9,"draws":0,"losses":2,"trades":11,"profit_factor":80.5662894},{"date":"03/11/2025","date_ts":1762128000000,"profit_abs":-84.23128107,"wins":3,"draws":0,"losses":1,"trades":4,"profit_factor":0.60912018},{"date":"10/11/2025","date_ts":1762732800000,"profit_abs":-1541.29770317,"wins":2,"draws":0,"losses":3,"trades":5,"profit_factor":0.0559261}],"month":[{"date":"31/10/2025","date_ts":1761868800000,"profit_abs":389.99666433,"wins":14,"draws":0,"losses":6,"trades":20,"profit_factor":1.36640618},{"date":"30/11/2025","date_ts":1764460800000,"profit_abs":-1541.29770317,"wins":2,"draws":0,"losses":3,"trades":5,"profit_factor":0.0559261}],"year":[{"date":"31/12/2025","date_ts":1767139200000,"profit_abs":-1151.30103884,"wins":16,"draws":0,"losses":9,"trades":25,"profit_factor":0.57311572}],"weekday":[{"date":"Tuesday","date_ts":1,"profit_abs":-883.11167642,"wins":3,"draws":0,"losses":2,"trades":5,"profit_factor":0.28071236},{"date":"Wednesday","date_ts":2,"profit_abs":0.02840175,"wins":5,"draws":0,"losses":2,"trades":7,"profit_factor":1.00007899},{"date":"Thursday","date_ts":3,"profit_abs":183.8085483,"wins":2,"draws":0,"losses":1,"trades":3,"profit_factor":18.27494245},{"date":"Friday","date_ts":4,"profit_abs":-429.45345833,"wins":2,"draws":0,"losses":3,"trades":5,"profit_factor":0.38134145},{"date":"Saturday","date_ts":5,"profit_abs":-350.51737804,"wins":1,"draws":0,"losses":1,"trades":2,"profit_factor":0.13419167},{"date":"Sunday","date_ts":6,"profit_abs":327.9445239,"wins":3,"draws":0,"losses":0,"trades":3,"profit_factor":0.0}]},"backtest_best_day":0.06968905038739914,"backtest_worst_day":-0.23498759777015685,"backtest_best_day_abs":327.9445239,"backtest_worst_day_abs":-1190.78032513,"winning_days":5,"draw_days":16,"losing_days":4,"daily_profit":[["2025-10-15",84.25968282],["2025-10-16",0.0],["2025-10-17",-691.22044899],["2025-10-18",0.0],["2025-10-19",0.0],["2025-10-20",0.0],["2025-10-21",307.66864871],["2025-10-22",0.0],["2025-10-23",183.8085483],["2025-10-24",261.76699066],["2025-10-25",0.0],["2025-10-26",327.9445239],["2025-10-27",0.0],["2025-10-28",0.0],["2025-10-29",-84.23128107],["2025-10-30",0.0],["2025-10-31",0.0],["2025-11-01",0.0],["2025-11-02",0.0],["2025-11-03",0.0],["2025-11-04",-1190.78032513],["2025-11-05",0.0],["2025-11-06",0.0],["2025-11-07",0.0],["2025-11-08",-350.51737804]],"wins":16,"losses":9,"draws":0,"winrate":0.64,"holding_avg":"1 day, 22:04:00","holding_avg_s":165840.0,"winner_holding_min":"0d 00:05","winner_holding_min_s":300.0,"winner_holding_max":"4d 03:35","winner_holding_max_s":358500.0,"winner_holding_avg":"0d 19:06","winner_holding_avg_s":68760.0,"loser_holding_min":"0d 00:20","loser_holding_min_s":1200.0,"loser_holding_max":"23d 23:55","loser_holding_max_s":2073300.0,"loser_holding_avg":"3d 22:02","loser_holding_avg_s":338520.0,"max_consecutive_wins":4,"max_consecutive_losses":3,"max_drawdown_account":0.16037990558127452,"max_relative_drawdown":0.16037990558127452,"max_drawdown_abs":1679.85568892,"drawdown_start":"2025-10-26 23:40:00","drawdown_start_ts":1761522000000.0,"drawdown_end":"2025-11-08 00:00:00","drawdown_end_ts":1762560000000.0,"drawdown_duration":"12 days 00:20:00","drawdown_duration_s":1038000.0,"max_drawdown_low":-1205.62774352,"max_drawdown_high":474.22794539999995,"csum_min":8794.372256480001,"csum_max":10474.2279454}},"strategy_comparison":[{"key":"KamaFama","trades":25,"profit_mean":-0.00862063771973423,"profit_mean_pct":-0.86,"profit_total_abs":-1151.30103884,"profit_total":-0.11513010388400001,"profit_total_pct":-11.51,"duration_avg":"1 day, 22:04:00","wins":16,"draws":0,"losses":9,"winrate":0.64,"cagr":-0.8443588188720746,"expectancy":-46.05204155360001,"expectancy_ratio":-0.1536783420670721,"sortino":-2.7661023800101034,"sharpe":-3.279904151349901,"calmar":-57.144460063802825,"sqn":-0.8074,"profit_factor":0.573115716480355,"max_drawdown_account":0.16037990558127452,"max_drawdown_abs":"1679.856"}]}