{"strategy":{"ADX_15M_USDT":{"trades":[{"pair":"AVAX/USDT","stake_amount":329.9649,"max_stake_amount":329.9649,"amount":16.49,"open_date":"2025-10-18 14:45:00+00:00","close_date":"2025-10-18 23:45:00+00:00","open_rate":20.01,"close_rate":20.18,"fee_open":0.001,"fee_close":0.001,"trade_duration":540,"profit_ratio":0.006480775596217876,"profit_abs":2.1405669,"exit_reason":"roi","initial_stop_loss_abs":17.498745000000003,"initial_stop_loss_ratio":-0.1255,"stop_loss_abs":17.498745000000003,"stop_loss_ratio":-0.1255,"min_rate":19.82,"max_rate":20.28,"is_open":false,"enter_tag":"","leverage":1.0,"is_short":false,"open_timestamp":1760798700000,"close_timestamp":1760831100000,"orders":[{"amount":16.49,"safe_price":20.01,"ft_order_side":"buy","order_filled_timestamp":1760798700000,"ft_is_entry":true,"ft_order_tag":"","cost":330.29486489999994},{"amount":16.49,"safe_price":20.18,"ft_order_side":"sell","order_filled_timestamp":1760831100000,"ft_is_entry":false,"ft_order_tag":"roi","cost":333.10096819999995}],"funding_fees":0.0,"weekday":5},{"pair":"DOT/USDT","stake_amount":329.9856,"max_stake_amount":329.9856,"amount":112.7,"open_date":"2025-10-18 14:45:00+00:00","close_date":"2025-10-18 23:45:00+00:00","open_rate":2.928,"close_rate":2.9338618618618617,"fee_open":0.001,"fee_close":0.001,"trade_duration":540,"profit_ratio":0.0,"profit_abs":0.0,"exit_reason":"roi","initial_stop_loss_abs":2.561,"initial_stop_loss_ratio":-0.1255,"stop_loss_abs":2.561,"stop_loss_ratio":-0.1255,"min_rate":2.894,"max_rate":2.947,"is_open":false,"enter_tag":"","leverage":1.0,"is_short":false,"open_timestamp":1760798700000,"close_timestamp":1760831100000,"orders":[{"amount":112.7,"safe_price":2.928,"ft_order_side":"buy","order_filled_timestamp":1760798700000,"ft_is_entry":true,"ft_order_tag":"","cost":330.31558559999996},{"amount":112.7,"safe_price":2.9338618618618617,"ft_order_side":"sell","order_filled_timestamp":1760831100000,"ft_is_entry":false,"ft_order_tag":"roi","cost":330.9768780636636}],"funding_fees":0.0,"weekday":5},{"pair":"NEAR/USDT","stake_amount":329.9281,"max_stake_amount":329.9281,"amount":154.1,"open_date":"2025-10-18 14:45:00+00:00","close_date":"2025-10-18 23:45:00+00:00","open_rate":2.141,"close_rate":2.164,"fee_open":0.001,"fee_close":0.001,"trade_duration":540,"profit_ratio":0.008723177803047023,"profit_abs":2.8808995,"exit_reason":"roi","initial_stop_loss_abs":1.873,"initial_stop_loss_ratio":-0.1255,"stop_loss_abs":1.873,"stop_loss_ratio":-0.1255,"min_rate":2.113,"max_rate":2.176,"is_open":false,"enter_tag":"","leverage":1.0,"is_short":false,"open_timestamp":1760798700000,"close_timestamp":1760831100000,"orders":[{"amount":154.1,"safe_price":2.141,"ft_order_side":"buy","order_filled_timestamp":1760798700000,"ft_is_entry":true,"ft_order_tag":"","cost":330.25802809999993},{"amount":154.1,"safe_price":2.164,"ft_order_side":"sell","order_filled_timestamp":1760831100000,"ft_is_entry":false,"ft_order_tag":"roi","cost":333.80587239999994}],"funding_fees":0.0,"weekday":5},{"pair":"ETH/USDT","stake_amount":331.46855,"max_stake_amount":331.46855,"amount":0.085,"open_date":"2025-10-19 03:45:00+00:00","close_date":"2025-10-19 12:45:00+00:00","open_rate":3899.63,"close_rate":3915.78,"fee_open":0.001,"fee_close":0.001,"trade_duration":540,"profit_ratio":0.0021351419843071615,"profit_abs":0.70844015,"exit_reason":"roi","initial_stop_loss_abs":3410.2264350000005,"initial_stop_loss_ratio":-0.1255,"stop_loss_abs":3410.2264350000005,"stop_loss_ratio":-0.1255,"min_rate":3827.04,"max_rate":3955.6,"is_open":false,"enter_tag":"","leverage":1.0,"is_short":false,"open_timestamp":1760845500000,"close_timestamp":1760877900000,"orders":[{"amount":0.085,"safe_price":3899.63,"ft_order_side":"buy","order_filled_timestamp":1760845500000,"ft_is_entry":true,"ft_order_tag":"","cost":331.80001855},{"amount":0.085,"safe_price":3915.78,"ft_order_side":"sell","order_filled_timestamp":1760877900000,"ft_is_entry":false,"ft_order_tag":"roi","cost":333.17414130000003}],"funding_fees":0.0,"weekday":6},{"pair":"SOL/USDT","stake_amount":331.54368,"max_stake_amount":331.54368,"amount":1.776,"open_date":"2025-10-19 03:45:00+00:00","close_date":"2025-10-19 12:45:00+00:00","open_rate":186.68,"close_rate":188.59,"fee_open":0.001,"fee_close":0.001,"trade_duration":540,"profit_ratio":0.00821296766229271,"profit_abs":2.72568048,"exit_reason":"roi","initial_stop_loss_abs":163.25166000000002,"initial_stop_loss_ratio":-0.1255,"stop_loss_abs":163.25166000000002,"stop_loss_ratio":-0.1255,"min_rate":183.19,"max_rate":190.05,"is_open":false,"enter_tag":"","leverage":1.0,"is_short":false,"open_timestamp":1760845500000,"close_timestamp":1760877900000,"orders":[{"amount":1.776,"safe_price":186.68,"ft_order_side":"buy","order_filled_timestamp":1760845500000,"ft_is_entry":true,"ft_order_tag":"","cost":331.87522368},{"amount":1.776,"safe_price":188.59,"ft_order_side":"sell","order_filled_timestamp":1760877900000,"ft_is_entry":false,"ft_order_tag":"roi","cost":335.27077583999994}],"funding_fees":0.0,"weekday":6},{"pair":"AVAX/USDT","stake_amount":331.502,"max_stake_amount":331.502,"amount":16.6,"open_date":"2025-10-19 08:30:00+00:00","close_date":"2025-10-19 13:45:00+00:00","open_rate":19.97,"close_rate":20.71862512512512,"fee_open":0.001,"fee_close":0.001,"trade_duration":315,"profit_ratio":0.03541458541458541,"profit_abs":11.7517459,"exit_reason":"roi","initial_stop_loss_abs":17.463765,"initial_stop_loss_ratio":-0.1255,"stop_loss_abs":17.463765,"stop_loss_ratio":-0.1255,"min_rate":19.75,"max_rate":20.78,"is_open":false,"enter_tag":"","leverage":1.0,"is_short":false,"open_timestamp":1760862600000,"close_timestamp":1760881500000,"orders":[{"amount":16.6,"safe_price":19.97,"ft_order_side":"buy","order_filled_timestamp":1760862600000,"ft_is_entry":true,"ft_order_tag":"","cost":331.83350199999995},{"amount":16.6,"safe_price":20.71862512512512,"ft_order_side":"sell","order_filled_timestamp":1760881500000,"ft_is_entry":false,"ft_order_tag":"roi","cost":344.273106254154}],"funding_fees":0.0,"weekday":6},{"pair":"BTC/USDT","stake_amount":336.0284463,"max_stake_amount":336.0284463,"amount":0.00309,"open_date":"2025-10-20 02:45:00+00:00","close_date":"2025-10-20 11:45:00+00:00","open_rate":108747.07,"close_rate":110741.38,"fee_open":0.001,"fee_close":0.001,"trade_duration":540,"profit_ratio":0.016304333548114464,"profit_abs":5.48419859,"exit_reason":"roi","initial_stop_loss_abs":95099.31271500001,"initial_stop_loss_ratio":-0.1255,"stop_loss_abs":95099.31271500001,"stop_loss_ratio":-0.1255,"min_rate":108571.59,"max_rate":111679.25,"is_open":false,"enter_tag":"","leverage":1.0,"is_short":false,"open_timestamp":1760928300000,"close_timestamp":1760960700000,"orders":[{"amount":0.00309,"safe_price":108747.07,"ft_order_side":"buy","order_filled_timestamp":1760928300000,"ft_is_entry":true,"ft_order_tag":"","cost":336.36447474629995},{"amount":0.00309,"safe_price":110741.38,"ft_order_side":"sell","order_filled_timestamp":1760960700000,"ft_is_entry":false,"ft_order_tag":"roi","cost":342.53305506419997}],"funding_fees":0.0,"weekday":0},{"pair":"NEAR/USDT","stake_amount":336.5256,"max_stake_amount":336.5256,"amount":149.7,"open_date":"2025-10-20 03:30:00+00:00","close_date":"2025-10-20 12:30:00+00:00","open_rate":2.248,"close_rate":2.313,"fee_open":0.001,"fee_close":0.001,"trade_duration":540,"profit_ratio":0.026858817339244383,"profit_abs":9.0477183,"exit_reason":"roi","initial_stop_loss_abs":1.966,"initial_stop_loss_ratio":-0.1255,"stop_loss_abs":1.966,"stop_loss_ratio":-0.1255,"min_rate":2.239,"max_rate":2.339,"is_open":false,"enter_tag":"","leverage":1.0,"is_short":false,"open_timestamp":1760931000000,"close_timestamp":1760963400000,"orders":[{"amount":149.7,"safe_price":2.248,"ft_order_side":"buy","order_filled_timestamp":1760931000000,"ft_is_entry":true,"ft_order_tag":"","cost":336.86212559999996},{"amount":149.7,"safe_price":2.313,"ft_order_side":"sell","order_filled_timestamp":1760963400000,"ft_is_entry":false,"ft_order_tag":"roi","cost":346.60235609999995}],"funding_fees":0.0,"weekday":0},{"pair":"ETH/USDT","stake_amount":336.649626,"max_stake_amount":336.649626,"amount":0.0846,"open_date":"2025-10-20 03:45:00+00:00","close_date":"2025-10-20 12:45:00+00:00","open_rate":3979.31,"close_rate":4028.76,"fee_open":0.001,"fee_close":0.001,"trade_duration":540,"profit_ratio":0.010403946788299106,"profit_abs":3.50598728,"exit_reason":"roi","initial_stop_loss_abs":3479.9065950000004,"initial_stop_loss_ratio":-0.1255,"stop_loss_abs":3479.9065950000004,"stop_loss_ratio":-0.1255,"min_rate":3975.56,"max_rate":4085.3,"is_open":false,"enter_tag":"","leverage":1.0,"is_short":false,"open_timestamp":1760931900000,"close_timestamp":1760964300000,"orders":[{"amount":0.0846,"safe_price":3979.31,"ft_order_side":"buy","order_filled_timestamp":1760931900000,"ft_is_entry":true,"ft_order_tag":"","cost":336.9862756259999},{"amount":0.0846,"safe_price":4028.76,"ft_order_side":"sell","order_filled_timestamp":1760964300000,"ft_is_entry":false,"ft_order_tag":"roi","cost":341.173929096}],"funding_fees":0.0,"weekday":0},{"pair":"BTC/USDT","stake_amount":341.6427291,"max_stake_amount":341.6427291,"amount":0.00309,"open_date":"2025-10-20 17:15:00+00:00","close_date":"2025-10-21 14:45:00+00:00","open_rate":110563.99,"close_rate":110785.33932932933,"fee_open":0.001,"fee_close":0.001,"trade_duration":1290,"profit_ratio":0.0,"profit_abs":0.0,"exit_reason":"roi","initial_stop_loss_abs":96688.20925500001,"initial_stop_loss_ratio":-0.1255,"stop_loss_abs":96688.20925500001,"stop_loss_ratio":-0.1255,"min_rate":107473.72,"max_rate":112290.31,"is_open":false,"enter_tag":"","leverage":1.0,"is_short":false,"open_timestamp":1760980500000,"close_timestamp":1761057900000,"orders":[{"amount":0.00309,"safe_price":110563.99,"ft_order_side":"buy","order_filled_timestamp":1760980500000,"ft_is_entry":true,"ft_order_tag":"","cost":341.9843718291},{"amount":0.00309,"safe_price":110785.33932932933,"ft_order_side":"sell","order_filled_timestamp":1761057900000,"ft_is_entry":false,"ft_order_tag":"roi","cost":342.6690252261552}],"funding_fees":0.0,"weekday":1},{"pair":"DOT/USDT","stake_amount":342.59445,"max_stake_amount":342.59445,"amount":110.55,"open_date":"2025-10-20 20:00:00+00:00","close_date":"2025-10-21 14:45:00+00:00","open_rate":3.099,"close_rate":3.1052042042042043,"fee_open":0.001,"fee_close":0.001,"trade_duration":1125,"profit_ratio":0.0,"profit_abs":0.0,"exit_reason":"roi","initial_stop_loss_abs":2.711,"initial_stop_loss_ratio":-0.1255,"stop_loss_abs":2.711,"stop_loss_ratio":-0.1255,"min_rate":2.95,"max_rate":3.135,"is_open":false,"enter_tag":"","leverage":1.0,"is_short":false,"open_timestamp":1760990400000,"close_timestamp":1761057900000,"orders":[{"amount":110.55,"safe_price":3.099,"ft_order_side":"buy","order_filled_timestamp":1760990400000,"ft_is_entry":true,"ft_order_tag":"","cost":342.93704445},{"amount":110.55,"safe_price":3.1052042042042043,"ft_order_side":"sell","order_filled_timestamp":1761057900000,"ft_is_entry":false,"ft_order_tag":"roi","cost":343.62360509954954}],"funding_fees":0.0,"weekday":1},{"pair":"LINK/USDT","stake_amount":342.5045,"max_stake_amount":342.5045,"amount":18.17,"open_date":"2025-10-20 18:45:00+00:00","close_date":"2025-10-21 15:15:00+00:00","open_rate":18.85,"close_rate":18.887737737737737,"fee_open":0.001,"fee_close":0.001,"trade_duration":1230,"profit_ratio":0.0,"profit_abs":0.0,"exit_reason":"roi","initial_stop_loss_abs":16.484325000000002,"initial_stop_loss_ratio":-0.1255,"stop_loss_abs":16.484325000000002,"stop_loss_ratio":-0.1255,"min_rate":17.66,"max_rate":18.97,"is_open":false,"enter_tag":"","leverage":1.0,"is_short":false,"open_timestamp":1760985900000,"close_timestamp":1761059700000,"orders":[{"amount":18.17,"safe_price":18.85,"ft_order_side":"buy","order_filled_timestamp":1760985900000,"ft_is_entry":true,"ft_order_tag":"","cost":342.8470045},{"amount":18.17,"safe_price":18.887737737737737,"ft_order_side":"sell","order_filled_timestamp":1761059700000,"ft_is_entry":false,"ft_order_tag":"roi","cost":343.53338488938937}],"funding_fees":0.0,"weekday":1},{"pair":"BTC/USDT","stake_amount":342.5531008,"max_stake_amount":342.5531008,"amount":0.00316,"open_date":"2025-10-22 15:15:00+00:00","close_date":"2025-10-23 03:15:00+00:00","open_rate":108402.88,"close_rate":108619.90278278278,"fee_open":0.001,"fee_close":0.001,"trade_duration":720,"profit_ratio":0.0,"profit_abs":0.0,"exit_reason":"roi","initial_stop_loss_abs":94798.31856000001,"initial_stop_loss_ratio":-0.1255,"stop_loss_abs":94798.31856000001,"stop_loss_ratio":-0.1255,"min_rate":106666.69,"max_rate":108796.42,"is_open":false,"enter_tag":"","leverage":1.0,"is_short":false,"open_timestamp":1761146100000,"close_timestamp":1761189300000,"orders":[{"amount":0.00316,"safe_price":108402.88,"ft_order_side":"buy","order_filled_timestamp":1761146100000,"ft_is_entry":true,"ft_order_tag":"","cost":342.8956539008},{"amount":0.00316,"safe_price":108619.90278278278,"ft_order_side":"sell","order_filled_timestamp":1761189300000,"ft_is_entry":false,"ft_order_tag":"roi","cost":343.5821316863872}],"funding_fees":0.0,"weekday":3},{"pair":"SOL/USDT","stake_amount":342.4608,"max_stake_amount":342.4608,"amount":1.84,"open_date":"2025-10-22 12:30:00+00:00","close_date":"2025-10-23 06:15:00+00:00","open_rate":186.12,"close_rate":186.49261261261262,"fee_open":0.001,"fee_close":0.001,"trade_duration":1065,"profit_ratio":0.0,"profit_abs":0.0,"exit_reason":"roi","initial_stop_loss_abs":162.76194,"initial_stop_loss_ratio":-0.1255,"stop_loss_abs":162.76194,"stop_loss_ratio":-0.1255,"min_rate":177.04,"max_rate":187.04,"is_open":false,"enter_tag":"","leverage":1.0,"is_short":false,"open_timestamp":1761136200000,"close_timestamp":1761200100000,"orders":[{"amount":1.84,"safe_price":186.12,"ft_order_side":"buy","order_filled_timestamp":1761136200000,"ft_is_entry":true,"ft_order_tag":"","cost":342.8032608},{"amount":1.84,"safe_price":186.49261261261262,"ft_order_side":"sell","order_filled_timestamp":1761200100000,"ft_is_entry":false,"ft_order_tag":"roi","cost":343.4895536144144}],"funding_fees":0.0,"weekday":3},{"pair":"LINK/USDT","stake_amount":342.6141,"max_stake_amount":342.6141,"amount":19.77,"open_date":"2025-10-23 03:30:00+00:00","close_date":"2025-10-23 14:30:00+00:00","open_rate":17.33,"close_rate":17.36469469469469,"fee_open":0.001,"fee_close":0.001,"trade_duration":660,"profit_ratio":0.0,"profit_abs":0.0,"exit_reason":"roi","initial_stop_loss_abs":15.155085,"initial_stop_loss_ratio":-0.1255,"stop_loss_abs":15.155085,"stop_loss_ratio":-0.1255,"min_rate":17.09,"max_rate":17.71,"is_open":false,"enter_tag":"","leverage":1.0,"is_short":false,"open_timestamp":1761190200000,"close_timestamp":1761229800000,"orders":[{"amount":19.77,"safe_price":17.33,"ft_order_side":"buy","order_filled_timestamp":1761190200000,"ft_is_entry":true,"ft_order_tag":"","cost":342.9567140999999},{"amount":19.77,"safe_price":17.36469469469469,"ft_order_side":"sell","order_filled_timestamp":1761229800000,"ft_is_entry":false,"ft_order_tag":"roi","cost":343.6433141282281}],"funding_fees":0.0,"weekday":3},{"pair":"NEAR/USDT","stake_amount":342.608,"max_stake_amount":342.608,"amount":156.8,"open_date":"2025-10-23 06:30:00+00:00","close_date":"2025-10-23 15:30:00+00:00","open_rate":2.185,"close_rate":2.195,"fee_open":0.001,"fee_close":0.001,"trade_duration":540,"profit_ratio":0.0025695128669957048,"profit_abs":0.881216,"exit_reason":"roi","initial_stop_loss_abs":1.911,"initial_stop_loss_ratio":-0.1255,"stop_loss_abs":1.911,"stop_loss_ratio":-0.1255,"min_rate":2.153,"max_rate":2.214,"is_open":false,"enter_tag":"","leverage":1.0,"is_short":false,"open_timestamp":1761201000000,"close_timestamp":1761233400000,"orders":[{"amount":156.8,"safe_price":2.185,"ft_order_side":"buy","order_filled_timestamp":1761201000000,"ft_is_entry":true,"ft_order_tag":"","cost":342.95060800000005},{"amount":156.8,"safe_price":2.195,"ft_order_side":"sell","order_filled_timestamp":1761233400000,"ft_is_entry":false,"ft_order_tag":"roi","cost":344.52017599999994}],"funding_fees":0.0,"weekday":3},{"pair":"BTC/USDT","stake_amount":341.8011168,"max_stake_amount":341.8011168,"amount":0.00312,"open_date":"2025-10-23 14:45:00+00:00","close_date":"2025-10-23 23:45:00+00:00","open_rate":109551.64,"close_rate":110066.57,"fee_open":0.001,"fee_close":0.001,"trade_duration":540,"profit_ratio":0.002692947104122299,"profit_abs":0.92137278,"exit_reason":"roi","initial_stop_loss_abs":95802.90918,"initial_stop_loss_ratio":-0.1255,"stop_loss_abs":95802.90918,"stop_loss_ratio":-0.1255,"min_rate":109341.28,"max_rate":111293.61,"is_open":false,"enter_tag":"","leverage":1.0,"is_short":false,"open_timestamp":1761230700000,"close_timestamp":1761263100000,"orders":[{"amount":0.00312,"safe_price":109551.64,"ft_order_side":"buy","order_filled_timestamp":1761230700000,"ft_is_entry":true,"ft_order_tag":"","cost":342.14291791679995},{"amount":0.00312,"safe_price":110066.57,"ft_order_side":"sell","order_filled_timestamp":1761263100000,"ft_is_entry":false,"ft_order_tag":"roi","cost":343.7511060984}],"funding_fees":0.0,"weekday":3},{"pair":"ETH/USDT","stake_amount":342.810468,"max_stake_amount":342.810468,"amount":0.0891,"open_date":"2025-10-23 22:45:00+00:00","close_date":"2025-10-24 07:45:00+00:00","open_rate":3847.48,"close_rate":3948.92,"fee_open":0.001,"fee_close":0.001,"trade_duration":540,"profit_ratio":0.024314629302829373,"profit_abs":8.34364476,"exit_reason":"roi","initial_stop_loss_abs":3364.6212600000003,"initial_stop_loss_ratio":-0.1255,"stop_loss_abs":3364.6212600000003,"stop_loss_ratio":-0.1255,"min_rate":3845.1,"max_rate":3989.2,"is_open":false,"enter_tag":"","leverage":1.0,"is_short":false,"open_timestamp":1761259500000,"close_timestamp":1761291900000,"orders":[{"amount":0.0891,"safe_price":3847.48,"ft_order_side":"buy","order_filled_timestamp":1761259500000,"ft_is_entry":true,"ft_order_tag":"","cost":343.153278468},{"amount":0.0891,"safe_price":3948.92,"ft_order_side":"sell","order_filled_timestamp":1761291900000,"ft_is_entry":false,"ft_order_tag":"roi","cost":352.200620772}],"funding_fees":0.0,"weekday":4},{"pair":"DOT/USDT","stake_amount":343.1918,"max_stake_amount":343.1918,"amount":114.55,"open_date":"2025-10-23 23:45:00+00:00","close_date":"2025-10-24 08:45:00+00:00","open_rate":2.996,"close_rate":3.072,"fee_open":0.001,"fee_close":0.001,"trade_duration":540,"profit_ratio":0.023318470581487935,"profit_abs":8.0107106,"exit_reason":"roi","initial_stop_loss_abs":2.621,"initial_stop_loss_ratio":-0.1255,"stop_loss_abs":2.621,"stop_loss_ratio":-0.1255,"min_rate":2.992,"max_rate":3.076,"is_open":false,"enter_tag":"","leverage":1.0,"is_short":false,"open_timestamp":1761263100000,"close_timestamp":1761295500000,"orders":[{"amount":114.55,"safe_price":2.996,"ft_order_side":"buy","order_filled_timestamp":1761263100000,"ft_is_entry":true,"ft_order_tag":"","cost":343.53499179999994},{"amount":114.55,"safe_price":3.072,"ft_order_side":"sell","order_filled_timestamp":1761295500000,"ft_is_entry":false,"ft_order_tag":"roi","cost":352.2494976}],"funding_fees":0.0,"weekday":4},{"pair":"SOL/USDT","stake_amount":348.53416,"max_stake_amount":348.53416,"amount":1.807,"open_date":"2025-10-24 12:15:00+00:00","close_date":"2025-10-24 21:15:00+00:00","open_rate":192.88,"close_rate":193.46,"fee_open":0.001,"fee_close":0.001,"trade_duration":540,"profit_ratio":0.0010030409242354492,"profit_abs":0.34994362,"exit_reason":"roi","initial_stop_loss_abs":168.67356,"initial_stop_loss_ratio":-0.1255,"stop_loss_abs":168.67356,"stop_loss_ratio":-0.1255,"min_rate":188.83,"max_rate":197.0,"is_open":false,"enter_tag":"","leverage":1.0,"is_short":false,"open_timestamp":1761308100000,"close_timestamp":1761340500000,"orders":[{"amount":1.807,"safe_price":192.88,"ft_order_side":"buy","order_filled_timestamp":1761308100000,"ft_is_entry":true,"ft_order_tag":"","cost":348.88269415999997},{"amount":1.807,"safe_price":193.46,"ft_order_side":"sell","order_filled_timestamp":1761340500000,"ft_is_entry":false,"ft_order_tag":"roi","cost":349.93180221999995}],"funding_fees":0.0,"weekday":4},{"pair":"DOT/USDT","stake_amount":348.58245,"max_stake_amount":348.58245,"amount":113.73,"open_date":"2025-10-24 12:15:00+00:00","close_date":"2025-10-24 21:15:00+00:00","open_rate":3.065,"close_rate":3.075,"fee_open":0.001,"fee_close":0.001,"trade_duration":540,"profit_ratio":0.001258121975903379,"profit_abs":0.4389978,"exit_reason":"roi","initial_stop_loss_abs":2.681,"initial_stop_loss_ratio":-0.1255,"stop_loss_abs":2.681,"stop_loss_ratio":-0.1255,"min_rate":3.013,"max_rate":3.125,"is_open":false,"enter_tag":"","leverage":1.0,"is_short":false,"open_timestamp":1761308100000,"close_timestamp":1761340500000,"orders":[{"amount":113.73,"safe_price":3.065,"ft_order_side":"buy","order_filled_timestamp":1761308100000,"ft_is_entry":true,"ft_order_tag":"","cost":348.93103245},{"amount":113.73,"safe_price":3.075,"ft_order_side":"sell","order_filled_timestamp":1761340500000,"ft_is_entry":false,"ft_order_tag":"roi","cost":350.06946975}],"funding_fees":0.0,"weekday":4},{"pair":"NEAR/USDT","stake_amount":348.8038,"max_stake_amount":348.8038,"amount":155.3,"open_date":"2025-10-25 04:30:00+00:00","close_date":"2025-10-25 13:30:00+00:00","open_rate":2.246,"close_rate":2.263,"fee_open":0.001,"fee_close":0.001,"trade_duration":540,"profit_ratio":0.005555886677881335,"profit_abs":1.9398523,"exit_reason":"roi","initial_stop_loss_abs":1.965,"initial_stop_loss_ratio":-0.1255,"stop_loss_abs":1.965,"stop_loss_ratio":-0.1255,"min_rate":2.224,"max_rate":2.271,"is_open":false,"enter_tag":"","leverage":1.0,"is_short":false,"open_timestamp":1761366600000,"close_timestamp":1761399000000,"orders":[{"amount":155.3,"safe_price":2.246,"ft_order_side":"buy","order_filled_timestamp":1761366600000,"ft_is_entry":true,"ft_order_tag":"","cost":349.1526038},{"amount":155.3,"safe_price":2.263,"ft_order_side":"sell","order_filled_timestamp":1761399000000,"ft_is_entry":false,"ft_order_tag":"roi","cost":351.7953438999999}],"funding_fees":0.0,"weekday":5},{"pair":"BTC/USDT","stake_amount":348.5951425,"max_stake_amount":348.5951425,"amount":0.00313,"open_date":"2025-10-25 17:00:00+00:00","close_date":"2025-10-26 02:00:00+00:00","open_rate":111372.25,"close_rate":111644.41,"fee_open":0.001,"fee_close":0.001,"trade_duration":540,"profit_ratio":0.0004408121808954495,"profit_abs":0.15381865,"exit_reason":"roi","initial_stop_loss_abs":97395.032625,"initial_stop_loss_ratio":-0.1255,"stop_loss_abs":97395.032625,"stop_loss_ratio":-0.1255,"min_rate":111300.0,"max_rate":111899.56,"is_open":false,"enter_tag":"","leverage":1.0,"is_short":false,"open_timestamp":1761411600000,"close_timestamp":1761444000000,"orders":[{"amount":0.00313,"safe_price":111372.25,"ft_order_side":"buy","order_filled_timestamp":1761411600000,"ft_is_entry":true,"ft_order_tag":"","cost":348.94373764249997},{"amount":0.00313,"safe_price":111644.41,"ft_order_side":"sell","order_filled_timestamp":1761444000000,"ft_is_entry":false,"ft_order_tag":"roi","cost":349.7964503033}],"funding_fees":0.0,"weekday":6},{"pair":"ATOM/USDT","stake_amount":348.86346,"max_stake_amount":348.86346,"amount":109.74,"open_date":"2025-10-25 01:30:00+00:00","close_date":"2025-10-26 08:45:00+00:00","open_rate":3.179,"close_rate":3.185364364364364,"fee_open":0.001,"fee_close":0.001,"trade_duration":1875,"profit_ratio":0.0,"profit_abs":0.0,"exit_reason":"roi","initial_stop_loss_abs":2.781,"initial_stop_loss_ratio":-0.1255,"stop_loss_abs":2.781,"stop_loss_ratio":-0.1255,"min_rate":3.117,"max_rate":3.197,"is_open":false,"enter_tag":"","leverage":1.0,"is_short":false,"open_timestamp":1761355800000,"close_timestamp":1761468300000,"orders":[{"amount":109.74,"safe_price":3.179,"ft_order_side":"buy","order_filled_timestamp":1761355800000,"ft_is_entry":true,"ft_order_tag":"","cost":349.21232345999994},{"amount":109.74,"safe_price":3.185364364364364,"ft_order_side":"sell","order_filled_timestamp":1761468300000,"ft_is_entry":false,"ft_order_tag":"roi","cost":349.91144723069056}],"funding_fees":0.0,"weekday":6},{"pair":"AVAX/USDT","stake_amount":342.4631,"max_stake_amount":342.4631,"amount":16.73,"open_date":"2025-10-21 19:00:00+00:00","close_date":"2025-10-26 13:15:00+00:00","open_rate":20.47,"close_rate":20.510980980980975,"fee_open":0.001,"fee_close":0.001,"trade_duration":6855,"profit_ratio":0.0,"profit_abs":0.0,"exit_reason":"roi","initial_stop_loss_abs":17.901015,"initial_stop_loss_ratio":-0.1255,"stop_loss_abs":17.901015,"stop_loss_ratio":-0.1255,"min_rate":18.42,"max_rate":20.57,"is_open":false,"enter_tag":"","leverage":1.0,"is_short":false,"open_timestamp":1761073200000,"close_timestamp":1761484500000,"orders":[{"amount":16.73,"safe_price":20.47,"ft_order_side":"buy","order_filled_timestamp":1761073200000,"ft_is_entry":true,"ft_order_tag":"","cost":342.8055631},{"amount":16.73,"safe_price":20.510980980980975,"ft_order_side":"sell","order_filled_timestamp":1761484500000,"ft_is_entry":false,"ft_order_tag":"roi","cost":343.4918605236235}],"funding_fees":0.0,"weekday":6},{"pair":"NEAR/USDT","stake_amount":349.5273,"max_stake_amount":349.5273,"amount":153.1,"open_date":"2025-10-26 04:30:00+00:00","close_date":"2025-10-26 13:30:00+00:00","open_rate":2.283,"close_rate":2.359,"fee_open":0.001,"fee_close":0.001,"trade_duration":540,"profit_ratio":0.031225016770351856,"profit_abs":10.9249098,"exit_reason":"roi","initial_stop_loss_abs":1.997,"initial_stop_loss_ratio":-0.1255,"stop_loss_abs":1.997,"stop_loss_ratio":-0.1255,"min_rate":2.273,"max_rate":2.368,"is_open":false,"enter_tag":"","leverage":1.0,"is_short":false,"open_timestamp":1761453000000,"close_timestamp":1761485400000,"orders":[{"amount":153.1,"safe_price":2.283,"ft_order_side":"buy","order_filled_timestamp":1761453000000,"ft_is_entry":true,"ft_order_tag":"","cost":349.87682729999995},{"amount":153.1,"safe_price":2.359,"ft_order_side":"sell","order_filled_timestamp":1761485400000,"ft_is_entry":false,"ft_order_tag":"roi","cost":361.52406289999993}],"funding_fees":0.0,"weekday":6},{"pair":"AVAX/USDT","stake_amount":353.16,"max_stake_amount":353.16,"amount":17.44,"open_date":"2025-10-26 21:45:00+00:00","close_date":"2025-10-27 02:00:00+00:00","open_rate":20.25,"close_rate":21.009121621621617,"fee_open":0.001,"fee_close":0.001,"trade_duration":255,"profit_ratio":0.03541458541458541,"profit_abs":12.519522,"exit_reason":"roi","initial_stop_loss_abs":17.708625,"initial_stop_loss_ratio":-0.1255,"stop_loss_abs":17.708625,"stop_loss_ratio":-0.1255,"min_rate":20.24,"max_rate":21.04,"is_open":false,"enter_tag":"","leverage":1.0,"is_short":false,"open_timestamp":1761515100000,"close_timestamp":1761530400000,"orders":[{"amount":17.44,"safe_price":20.25,"ft_order_side":"buy","order_filled_timestamp":1761515100000,"ft_is_entry":true,"ft_order_tag":"","cost":353.51315999999997},{"amount":17.44,"safe_price":21.009121621621617,"ft_order_side":"sell","order_filled_timestamp":1761530400000,"ft_is_entry":false,"ft_order_tag":"roi","cost":366.7654801621621}],"funding_fees":0.0,"weekday":0},{"pair":"BTC/USDT","stake_amount":352.8473514,"max_stake_amount":352.8473514,"amount":0.00311,"open_date":"2025-10-26 21:45:00+00:00","close_date":"2025-10-27 06:45:00+00:00","open_rate":113455.74,"close_rate":115689.68,"fee_open":0.001,"fee_close":0.001,"trade_duration":540,"profit_ratio":0.017652626363295006,"profit_abs":6.23491114,"exit_reason":"roi","initial_stop_loss_abs":99217.04463,"initial_stop_loss_ratio":-0.1255,"stop_loss_abs":99217.04463,"stop_loss_ratio":-0.1255,"min_rate":113380.6,"max_rate":116129.5,"is_open":false,"enter_tag":"","leverage":1.0,"is_short":false,"open_timestamp":1761515100000,"close_timestamp":1761547500000,"orders":[{"amount":0.00311,"safe_price":113455.74,"ft_order_side":"buy","order_filled_timestamp":1761515100000,"ft_is_entry":true,"ft_order_tag":"","cost":353.20019875139997},{"amount":0.00311,"safe_price":115689.68,"ft_order_side":"sell","order_filled_timestamp":1761547500000,"ft_is_entry":false,"ft_order_tag":"roi","cost":360.15469970479995}],"funding_fees":0.0,"weekday":0},{"pair":"SOL/USDT","stake_amount":353.12264,"max_stake_amount":353.12264,"amount":1.768,"open_date":"2025-10-26 22:15:00+00:00","close_date":"2025-10-27 07:15:00+00:00","open_rate":199.73,"close_rate":204.26,"fee_open":0.001,"fee_close":0.001,"trade_duration":540,"profit_ratio":0.020637300915676723,"profit_abs":7.29478568,"exit_reason":"roi","initial_stop_loss_abs":174.663885,"initial_stop_loss_ratio":-0.1255,"stop_loss_abs":174.663885,"stop_loss_ratio":-0.1255,"min_rate":198.53,"max_rate":205.33,"is_open":false,"enter_tag":"","leverage":1.0,"is_short":false,"open_timestamp":1761516900000,"close_timestamp":1761549300000,"orders":[{"amount":1.768,"safe_price":199.73,"ft_order_side":"buy","order_filled_timestamp":1761516900000,"ft_is_entry":true,"ft_order_tag":"","cost":353.47576263999997},{"amount":1.768,"safe_price":204.26,"ft_order_side":"sell","order_filled_timestamp":1761549300000,"ft_is_entry":false,"ft_order_tag":"roi","cost":361.49281167999993}],"funding_fees":0.0,"weekday":0},{"pair":"BTC/USDT","stake_amount":361.52547,"max_stake_amount":361.52547,"amount":0.00314,"open_date":"2025-10-27 13:15:00+00:00","close_date":"2025-10-28 13:45:00+00:00","open_rate":115135.5,"close_rate":115366.0015015015,"fee_open":0.001,"fee_close":0.001,"trade_duration":1470,"profit_ratio":0.0,"profit_abs":0.0,"exit_reason":"roi","initial_stop_loss_abs":100685.99475000001,"initial_stop_loss_ratio":-0.1255,"stop_loss_abs":100685.99475000001,"stop_loss_ratio":-0.1255,"min_rate":113483.3,"max_rate":115790.0,"is_open":false,"enter_tag":"","leverage":1.0,"is_short":false,"open_timestamp":1761570900000,"close_timestamp":1761659100000,"orders":[{"amount":0.00314,"safe_price":115135.5,"ft_order_side":"buy","order_filled_timestamp":1761570900000,"ft_is_entry":true,"ft_order_tag":"","cost":361.88699546999993},{"amount":0.00314,"safe_price":115366.0015015015,"ft_order_side":"sell","order_filled_timestamp":1761659100000,"ft_is_entry":false,"ft_order_tag":"roi","cost":362.61149395942937}],"funding_fees":0.0,"weekday":1},{"pair":"BTC/USDT","stake_amount":360.9990821,"max_stake_amount":360.9990821,"amount":0.00313,"open_date":"2025-10-28 15:15:00+00:00","close_date":"2025-11-02 00:00:00+00:00","open_rate":115335.17,"close_rate":110098.1,"fee_open":0.001,"fee_close":0.001,"trade_duration":6285,"profit_ratio":-0.04731467622009969,"profit_abs":-17.09763524,"exit_reason":"force_exit","initial_stop_loss_abs":100860.606165,"initial_stop_loss_ratio":-0.1255,"stop_loss_abs":100860.606165,"stop_loss_ratio":-0.1255,"min_rate":106304.34,"max_rate":115591.41,"is_open":false,"enter_tag":"","leverage":1.0,"is_short":false,"open_timestamp":1761664500000,"close_timestamp":1762041600000,"orders":[{"amount":0.00313,"safe_price":115335.17,"ft_order_side":"buy","order_filled_timestamp":1761664500000,"ft_is_entry":true,"ft_order_tag":"","cost":361.3600811821},{"amount":0.00313,"safe_price":110098.1,"ft_order_side":"sell","order_filled_timestamp":1762041600000,"ft_is_entry":false,"ft_order_tag":"force_exit","cost":344.95166005299996}],"funding_fees":0.0,"weekday":6},{"pair":"ETH/USDT","stake_amount":361.359675,"max_stake_amount":361.359675,"amount":0.0863,"open_date":"2025-10-27 16:15:00+00:00","close_date":"2025-11-02 00:00:00+00:00","open_rate":4187.25,"close_rate":3873.78,"fee_open":0.001,"fee_close":0.001,"trade_duration":7665,"profit_ratio":-0.07671140251749861,"profit_abs":-27.74812789,"exit_reason":"force_exit","initial_stop_loss_abs":3661.750125,"initial_stop_loss_ratio":-0.1255,"stop_loss_abs":3661.750125,"stop_loss_ratio":-0.1255,"min_rate":3680.0,"max_rate":4233.48,"is_open":false,"enter_tag":"","leverage":1.0,"is_short":false,"open_timestamp":1761581700000,"close_timestamp":1762041600000,"orders":[{"amount":0.0863,"safe_price":4187.25,"ft_order_side":"buy","order_filled_timestamp":1761581700000,"ft_is_entry":true,"ft_order_tag":"","cost":361.72103467499994},{"amount":0.0863,"safe_price":3873.78,"ft_order_side":"sell","order_filled_timestamp":1762041600000,"ft_is_entry":false,"ft_order_tag":"force_exit","cost":334.641521214}],"funding_fees":0.0,"weekday":6},{"pair":"ATOM/USDT","stake_amount":361.7607,"max_stake_amount":361.7607,"amount":111.14,"open_date":"2025-10-27 08:15:00+00:00","close_date":"2025-11-02 00:00:00+00:00","open_rate":3.255,"close_rate":3.029,"fee_open":0.001,"fee_close":0.001,"trade_duration":8145,"profit_ratio":-0.07129092106050632,"profit_abs":-25.81604376,"exit_reason":"force_exit","initial_stop_loss_abs":2.847,"initial_stop_loss_ratio":-0.1255,"stop_loss_abs":2.847,"stop_loss_ratio":-0.1255,"min_rate":2.854,"max_rate":3.262,"is_open":false,"enter_tag":"","leverage":1.0,"is_short":false,"open_timestamp":1761552900000,"close_timestamp":1762041600000,"orders":[{"amount":111.14,"safe_price":3.255,"ft_order_side":"buy","order_filled_timestamp":1761552900000,"ft_is_entry":true,"ft_order_tag":"","cost":362.1224606999999},{"amount":111.14,"safe_price":3.029,"ft_order_side":"sell","order_filled_timestamp":1762041600000,"ft_is_entry":false,"ft_order_tag":"force_exit","cost":336.97970305999996}],"funding_fees":0.0,"weekday":6}],"locks":[],"best_pair":{"key":"AVAX/USDT","trades":4,"profit_mean":0.019327486606347175,"profit_mean_pct":1.93,"profit_total_abs":26.4118348,"profit_total":0.026411834800000002,"profit_total_pct":2.64,"duration_avg":"1 day, 9:11:00","wins":3,"draws":1,"losses":0,"winrate":0.75,"cagr":0.8857907704931485,"expectancy":6.6029587,"expectancy_ratio":100.0,"sortino":-100,"sharpe":6.017007586888256,"calmar":-100,"sqn":2.0456,"profit_factor":0.0,"max_drawdown_account":0.0,"max_drawdown_abs":0.0},"worst_pair":{"key":"ATOM/USDT","trades":2,"profit_mean":-0.03564546053025316,"profit_mean_pct":-3.56,"profit_total_abs":-25.81604376,"profit_total":-0.02581604376,"profit_total_pct":-2.58,"duration_avg":"3 days, 11:30:00","wins":0,"draws":1,"losses":1,"winrate":0.0,"cagr":-0.4708278152065427,"expectancy":-12.90802188,"expectancy_ratio":-1.0,"sortino":-100,"sharpe":-2.5473297566057065,"calmar":-127.36648783028555,"sqn":-1.0,"profit_factor":0.0,"max_drawdown_account":0.025816043759999956,"max_drawdown_abs":25.81604376},"results_per_pair":[{"key":"AVAX/USDT","trades":4,"profit_mean":0.019327486606347175,"profit_mean_pct":1.93,"profit_total_abs":26.4118348,"profit_total":0.026411834800000002,"profit_total_pct":2.64,"duration_avg":"1 day, 9:11:00","wins":3,"draws":1,"losses":0,"winrate":0.75,"cagr":0.8857907704931485,"expectancy":6.6029587,"expectancy_ratio":100.0,"sortino":-100,"sharpe":6.017007586888256,"calmar":-100,"sqn":2.0456,"profit_factor":0.0,"max_drawdown_account":0.0,"max_drawdown_abs":0.0},{"key":"NEAR/USDT","trades":5,"profit_mean":0.014986482291504061,"profit_mean_pct":1.5,"profit_total_abs":25.6745959,"profit_total":0.0256745959,"profit_total_pct":2.57,"duration_avg":"9:00:00","wins":5,"draws":0,"losses":0,"winrate":1.0,"cagr":0.8531059112563009,"expectancy":5.13491918,"expectancy_ratio":100.0,"sortino":-100,"sharpe":8.064229590486294,"calmar":-100,"sqn":2.5326,"profit_factor":0.0,"max_drawdown_account":0.0,"max_drawdown_abs":0.0},{"key":"SOL/USDT","trades":4,"profit_mean":0.007463327375551221,"profit_mean_pct":0.75,"profit_total_abs":10.37040978,"profit_total":0.01037040978,"profit_total_pct":1.04,"duration_avg":"11:11:00","wins":3,"draws":1,"losses":0,"winrate":0.75,"cagr":0.28537068224024575,"expectancy":2.592602445,"expectancy_ratio":100.0,"sortino":-100,"sharpe":4.538513134840735,"calmar":-100,"sqn":1.543,"profit_factor":0.0,"max_drawdown_account":0.0,"max_drawdown_abs":0.0},{"key":"DOT/USDT","trades":4,"profit_mean":0.006144148139347829,"profit_mean_pct":0.61,"profit_total_abs":8.449708399999999,"profit_total":0.008449708399999999,"profit_total_pct":0.84,"duration_avg":"11:26:00","wins":2,"draws":2,"losses":0,"winrate":0.5,"cagr":0.22721302252029485,"expectancy":2.1124270999999997,"expectancy_ratio":100.0,"sortino":-100,"sharpe":3.1559583501887127,"calmar":-100,"sqn":1.0729,"profit_factor":0.0,"max_drawdown_account":0.0,"max_drawdown_abs":0.0},{"key":"LINK/USDT","trades":2,"profit_mean":0.0,"profit_mean_pct":0.0,"profit_total_abs":0.0,"profit_total":0.0,"profit_total_pct":0.0,"duration_avg":"15:45:00","wins":0,"draws":2,"losses":0,"winrate":0.0,"cagr":0.0,"expectancy":0.0,"expectancy_ratio":100.0,"sortino":-100,"sharpe":-100,"calmar":-100,"sqn":-100.0,"profit_factor":0.0,"max_drawdown_account":0.0,"max_drawdown_abs":0.0},{"key":"BTC/USDT","trades":8,"profit_mean":-0.0012779946279590586,"profit_mean_pct":-0.13,"profit_total_abs":-4.303334079999999,"profit_total":-0.0043033340799999995,"profit_total_pct":-0.43,"duration_avg":"1 day, 0:51:00","wins":4,"draws":3,"losses":1,"winrate":0.5,"cagr":-0.09962183606168384,"expectancy":-0.5379167599999999,"expectancy_ratio":-0.406461471276539,"sortino":-100,"sharpe":-0.8172445984048097,"calmar":-32.46724493834674,"sqn":-0.2122,"profit_factor":0.7483082297876885,"max_drawdown_account":0.016881646372237023,"max_drawdown_abs":17.09763524},{"key":"ETH/USDT","trades":4,"profit_mean":-0.009964421110515743,"profit_mean_pct":-1.0,"profit_total_abs":-15.190055699999998,"profit_total":-0.015190055699999998,"profit_total_pct":-1.52,"duration_avg":"1 day, 14:41:00","wins":3,"draws":0,"losses":1,"winrate":0.75,"cagr":-0.3109633078394063,"expectancy":-3.7975139249999996,"expectancy_ratio":-0.13685658146215207,"sortino":-100,"sharpe":-1.3726101074897832,"calmar":-70.59936458696937,"sqn":-0.4667,"profit_factor":0.4525736741513916,"max_drawdown_account":0.02740398664738828,"max_drawdown_abs":27.74812789},{"key":"ATOM/USDT","trades":2,"profit_mean":-0.03564546053025316,"profit_mean_pct":-3.56,"profit_total_abs":-25.81604376,"profit_total":-0.02581604376,"profit_total_pct":-2.58,"duration_avg":"3 days, 11:30:00","wins":0,"draws":1,"losses":1,"winrate":0.0,"cagr":-0.4708278152065427,"expectancy":-12.90802188,"expectancy_ratio":-1.0,"sortino":-100,"sharpe":-2.5473297566057065,"calmar":-127.36648783028555,"sqn":-1.0,"profit_factor":0.0,"max_drawdown_account":0.025816043759999956,"max_drawdown_abs":25.81604376},{"key":"TOTAL","trades":33,"profit_mean":0.0025848393156443464,"profit_mean_pct":0.26,"profit_total_abs":25.597115340000002,"profit_total":0.02559711534,"profit_total_pct":2.56,"duration_avg":"1 day, 0:51:00","wins":20,"draws":10,"losses":3,"winrate":0.6060606060606061,"cagr":0.8497025950934962,"expectancy":0.7756701618181814,"expectancy_ratio":-0.27009864464408284,"sortino":7.037043013218115,"sharpe":3.7458946315835515,"calmar":50.57950805429911,"sqn":0.5042,"profit_factor":1.3622482422484228,"max_drawdown_account":0.06445722397976963,"max_drawdown_abs":70.66180689000001}],"results_per_enter_tag":[{"key":"","trades":33,"profit_mean":0.0025848393156443464,"profit_mean_pct":0.26,"profit_total_abs":25.597115340000002,"profit_total":0.02559711534,"profit_total_pct":2.56,"duration_avg":"1 day, 0:51:00","wins":20,"draws":10,"losses":3,"winrate":0.6060606060606061,"cagr":0.8497025950934962,"expectancy":0.7756701618181814,"expectancy_ratio":-0.27009864464408284,"sortino":7.037043013218115,"sharpe":3.7458946315835515,"calmar":50.57950805429911,"sqn":0.5042,"profit_factor":1.3622482422484228,"max_drawdown_account":0.06445722397976963,"max_drawdown_abs":70.66180689000001},{"key":"TOTAL","trades":33,"profit_mean":0.0025848393156443464,"profit_mean_pct":0.26,"profit_total_abs":25.597115340000002,"profit_total":0.02559711534,"profit_total_pct":2.56,"duration_avg":"1 day, 0:51:00","wins":20,"draws":10,"losses":3,"winrate":0.6060606060606061,"cagr":0.8497025950934962,"expectancy":0.7756701618181814,"expectancy_ratio":-0.27009864464408284,"sortino":7.037043013218115,"sharpe":3.7458946315835515,"calmar":50.57950805429911,"sqn":0.5042,"profit_factor":1.3622482422484228,"max_drawdown_account":0.06445722397976963,"max_drawdown_abs":70.66180689000001}],"exit_reason_summary":[{"key":"roi","trades":30,"profit_mean":0.009353889907145602,"profit_mean_pct":0.94,"profit_total_abs":96.25892222999998,"profit_total":0.09625892222999999,"profit_total_pct":9.63,"duration_avg":"15:04:00","wins":20,"draws":10,"losses":0,"winrate":0.6666666666666666,"cagr":8.358791348294353,"expectancy":3.208630740999999,"expectancy_ratio":100.0,"sortino":-100,"sharpe":30.587318981696374,"calmar":-100,"sqn":4.3109,"profit_factor":0.0,"max_drawdown_account":0.0,"max_drawdown_abs":0.0},{"key":"force_exit","trades":3,"profit_mean":-0.06510566659936821,"profit_mean_pct":-6.51,"profit_total_abs":-70.66180689,"profit_total":-0.07066180689,"profit_total_pct":-7.07,"duration_avg":"5 days, 2:45:00","wins":0,"draws":0,"losses":3,"winrate":0.0,"cagr":-0.8319021649181627,"expectancy":-23.553935629999998,"expectancy_ratio":-1.0,"sortino":-19.426023904326478,"sharpe":-19.426023904326478,"calmar":-127.36648783028535,"sqn":-7.1899,"profit_factor":0.0,"max_drawdown_account":0.07066180688999998,"max_drawdown_abs":70.66180689},{"key":"TOTAL","trades":33,"profit_mean":0.0025848393156443464,"profit_mean_pct":0.26,"profit_total_abs":25.597115340000002,"profit_total":0.02559711534,"profit_total_pct":2.56,"duration_avg":"1 day, 0:51:00","wins":20,"draws":10,"losses":3,"winrate":0.6060606060606061,"cagr":0.8497025950934962,"expectancy":0.7756701618181814,"expectancy_ratio":-0.27009864464408284,"sortino":7.037043013218115,"sharpe":3.7458946315835515,"calmar":50.57950805429911,"sqn":0.5042,"profit_factor":1.3622482422484228,"max_drawdown_account":0.06445722397976963,"max_drawdown_abs":70.66180689000001}],"mix_tag_stats":[{"key":["","roi"],"trades":30,"profit_mean":0.009353889907145602,"profit_mean_pct":0.94,"profit_total_abs":96.25892222999998,"profit_total":0.09625892222999999,"profit_total_pct":9.63,"duration_avg":"15:04:00","wins":20,"draws":10,"losses":0,"winrate":0.6666666666666666,"cagr":8.358791348294353,"expectancy":3.208630740999999,"expectancy_ratio":100.0,"sortino":-100,"sharpe":30.587318981696374,"calmar":-100,"sqn":4.3109,"profit_factor":0.0,"max_drawdown_account":0.0,"max_drawdown_abs":0.0},{"key":["","force_exit"],"trades":3,"profit_mean":-0.06510566659936821,"profit_mean_pct":-6.51,"profit_total_abs":-70.66180689,"profit_total":-0.07066180689,"profit_total_pct":-7.07,"duration_avg":"5 days, 2:45:00","wins":0,"draws":0,"losses":3,"winrate":0.0,"cagr":-0.8319021649181627,"expectancy":-23.553935629999998,"expectancy_ratio":-1.0,"sortino":-19.426023904326478,"sharpe":-19.426023904326478,"calmar":-127.36648783028535,"sqn":-7.1899,"profit_factor":0.0,"max_drawdown_account":0.07066180688999998,"max_drawdown_abs":70.66180689},{"key":"TOTAL","trades":33,"profit_mean":0.0025848393156443464,"profit_mean_pct":0.26,"profit_total_abs":25.597115340000002,"profit_total":0.02559711534,"profit_total_pct":2.56,"duration_avg":"1 day, 0:51:00","wins":20,"draws":10,"losses":3,"winrate":0.6060606060606061,"cagr":0.8497025950934962,"expectancy":0.7756701618181814,"expectancy_ratio":-0.27009864464408284,"sortino":7.037043013218115,"sharpe":3.7458946315835515,"calmar":50.57950805429911,"sqn":0.5042,"profit_factor":1.3622482422484228,"max_drawdown_account":0.06445722397976963,"max_drawdown_abs":70.66180689000001}],"left_open_trades":[{"key":"BTC/USDT","trades":1,"profit_mean":-0.04731467622009969,"profit_mean_pct":-4.73,"profit_total_abs":-17.09763524,"profit_total":-0.01709763524,"profit_total_pct":-1.71,"duration_avg":"4 days, 8:45:00","wins":0,"draws":0,"losses":1,"winrate":0.0,"cagr":-0.3427167296506567,"expectancy":-17.09763524,"expectancy_ratio":-1.0,"sortino":-100,"sharpe":-100,"calmar":-100,"sqn":-100.0,"profit_factor":0.0,"max_drawdown_account":0.0,"max_drawdown_abs":0.0},{"key":"ATOM/USDT","trades":1,"profit_mean":-0.07129092106050632,"profit_mean_pct":-7.13,"profit_total_abs":-25.81604376,"profit_total":-0.02581604376,"profit_total_pct":-2.58,"duration_avg":"5 days, 15:45:00","wins":0,"draws":0,"losses":1,"winrate":0.0,"cagr":-0.4708278152065427,"expectancy":-25.81604376,"expectancy_ratio":-1.0,"sortino":-100,"sharpe":-100,"calmar":-100,"sqn":-100.0,"profit_factor":0.0,"max_drawdown_account":0.0,"max_drawdown_abs":0.0},{"key":"ETH/USDT","trades":1,"profit_mean":-0.07671140251749861,"profit_mean_pct":-7.67,"profit_total_abs":-27.74812789,"profit_total":-0.027748127889999998,"profit_total_pct":-2.77,"duration_avg":"5 days, 7:45:00","wins":0,"draws":0,"losses":1,"winrate":0.0,"cagr":-0.49578335723096,"expectancy":-27.74812789,"expectancy_ratio":-1.0,"sortino":-100,"sharpe":-100,"calmar":-100,"sqn":-100.0,"profit_factor":0.0,"max_drawdown_account":0.0,"max_drawdown_abs":0.0},{"key":"TOTAL","trades":3,"profit_mean":-0.06510566659936821,"profit_mean_pct":-6.51,"profit_total_abs":-70.66180689,"profit_total":-0.07066180689,"profit_total_pct":-7.07,"duration_avg":"5 days, 2:45:00","wins":0,"draws":0,"losses":3,"winrate":0.0,"cagr":-0.8319021649181627,"expectancy":-23.553935629999998,"expectancy_ratio":-1.0,"sortino":-19.426023904326478,"sharpe":-19.426023904326478,"calmar":-127.36648783028535,"sqn":-7.1899,"profit_factor":0.0,"max_drawdown_account":0.07066180688999998,"max_drawdown_abs":70.66180689}],"total_trades":33,"trade_count_long":33,"trade_count_short":0,"total_volume":22788.171723991545,"avg_stake_amount":344.1976332727273,"profit_mean":0.0025848393156443464,"profit_median":0.0021351419843071615,"profit_total":0.02559711534,"profit_total_long":0.02559711534,"profit_total_short":0.0,"profit_total_abs":25.597115340000002,"profit_total_long_abs":25.597115340000002,"profit_total_short_abs":0.0,"cagr":0.8497025950934962,"expectancy":0.7756701618181814,"expectancy_ratio":-0.27009864464408284,"sortino":7.037043013218115,"sharpe":3.7458946315835515,"calmar":50.57950805429911,"sqn":0.5042,"profit_factor":1.3622482422484228,"backtest_start":"2025-10-18 00:00:00","backtest_start_ts":1760745600000,"backtest_end":"2025-11-02 00:00:00","backtest_end_ts":1762041600000,"backtest_days":15,"backtest_run_start_ts":1762153674,"backtest_run_end_ts":1762153675,"trades_per_day":2.2,"market_change":0.004111830473487684,"pairlist":["BTC/USDT","ETH/USDT","SOL/USDT","AVAX/USDT","LINK/USDT","DOT/USDT","NEAR/USDT","ATOM/USDT"],"stake_amount":"unlimited","stake_currency":"USDT","stake_currency_decimals":3,"starting_balance":1000.0,"dry_run_wallet":1000.0,"final_balance":1025.59711534,"rejected_signals":89,"timedout_entry_orders":0,"timedout_exit_orders":0,"canceled_trade_entries":0,"canceled_entry_orders":0,"replaced_entry_orders":0,"max_open_trades":3,"max_open_trades_setting":3,"timeframe":"15m","timeframe_detail":"","timerange":"20251018-20251102","enable_protections":false,"strategy_name":"ADX_15M_USDT","freqaimodel":null,"freqai_identifier":null,"stoploss":-0.1255,"trailing_stop":false,"trailing_stop_positive":null,"trailing_stop_positive_offset":0.0,"trailing_only_offset_is_reached":false,"use_custom_stoploss":false,"minimal_roi":{"0":0.26552,"30":0.10255,"210":0.03545,"540":0},"use_exit_signal":true,"exit_profit_only":false,"exit_profit_offset":0.0,"ignore_roi_if_entry_signal":false,"trading_mode":"spot","margin_mode":"","periodic_breakdown":{"day":[{"date":"18/10/2025","date_ts":1760745600000,"profit_abs":5.0214664,"wins":2,"draws":1,"losses":0,"trades":3,"profit_factor":0.0},{"date":"19/10/2025","date_ts":1760832000000,"profit_abs":15.18586653,"wins":3,"draws":0,"losses":0,"trades":3,"profit_factor":0.0},{"date":"20/10/2025","date_ts":1760918400000,"profit_abs":18.03790417,"wins":3,"draws":0,"losses":0,"trades":3,"profit_factor":0.0},{"date":"21/10/2025","date_ts":1761004800000,"profit_abs":0.0,"wins":0,"draws":3,"losses":0,"trades":3,"profit_factor":0.0},{"date":"22/10/2025","date_ts":1761091200000,"profit_abs":0.0,"wins":0,"draws":0,"losses":0,"trades":0,"profit_factor":0.0},{"date":"23/10/2025","date_ts":1761177600000,"profit_abs":1.80258878,"wins":2,"draws":3,"losses":0,"trades":5,"profit_factor":0.0},{"date":"24/10/2025","date_ts":1761264000000,"profit_abs":17.14329678,"wins":4,"draws":0,"losses":0,"trades":4,"profit_factor":0.0},{"date":"25/10/2025","date_ts":1761350400000,"profit_abs":1.9398523,"wins":1,"draws":0,"losses":0,"trades":1,"profit_factor":0.0},{"date":"26/10/2025","date_ts":1761436800000,"profit_abs":11.07872845,"wins":2,"draws":2,"losses":0,"trades":4,"profit_factor":0.0},{"date":"27/10/2025","date_ts":1761523200000,"profit_abs":26.04921882,"wins":3,"draws":0,"losses":0,"trades":3,"profit_factor":0.0},{"date":"28/10/2025","date_ts":1761609600000,"profit_abs":0.0,"wins":0,"draws":1,"losses":0,"trades":1,"profit_factor":0.0},{"date":"29/10/2025","date_ts":1761696000000,"profit_abs":0.0,"wins":0,"draws":0,"losses":0,"trades":0,"profit_factor":0.0},{"date":"30/10/2025","date_ts":1761782400000,"profit_abs":0.0,"wins":0,"draws":0,"losses":0,"trades":0,"profit_factor":0.0},{"date":"31/10/2025","date_ts":1761868800000,"profit_abs":0.0,"wins":0,"draws":0,"losses":0,"trades":0,"profit_factor":0.0},{"date":"01/11/2025","date_ts":1761955200000,"profit_abs":0.0,"wins":0,"draws":0,"losses":0,"trades":0,"profit_factor":0.0},{"date":"02/11/2025","date_ts":1762041600000,"profit_abs":-70.66180689,"wins":0,"draws":0,"losses":3,"trades":3,"profit_factor":0.0}],"week":[{"date":"20/10/2025","date_ts":1760918400000,"profit_abs":38.2452371,"wins":8,"draws":1,"losses":0,"trades":9,"profit_factor":0.0},{"date":"27/10/2025","date_ts":1761523200000,"profit_abs":58.01368513,"wins":12,"draws":8,"losses":0,"trades":20,"profit_factor":0.0},{"date":"03/11/2025","date_ts":1762128000000,"profit_abs":-70.66180689,"wins":0,"draws":1,"losses":3,"trades":4,"profit_factor":0.0}],"month":[{"date":"31/10/2025","date_ts":1761868800000,"profit_abs":96.25892223,"wins":20,"draws":10,"losses":0,"trades":30,"profit_factor":0.0},{"date":"30/11/2025","date_ts":1764460800000,"profit_abs":-70.66180689,"wins":0,"draws":0,"losses":3,"trades":3,"profit_factor":0.0}],"year":[{"date":"31/12/2025","date_ts":1767139200000,"profit_abs":25.59711534,"wins":20,"draws":10,"losses":3,"trades":33,"profit_factor":1.36224824}],"weekday":[{"date":"Monday","date_ts":0,"profit_abs":44.08712299,"wins":6,"draws":0,"losses":0,"trades":6,"profit_factor":0.0},{"date":"Tuesday","date_ts":1,"profit_abs":0.0,"wins":0,"draws":4,"losses":0,"trades":4,"profit_factor":0.0},{"date":"Thursday","date_ts":3,"profit_abs":1.80258878,"wins":2,"draws":3,"losses":0,"trades":5,"profit_factor":0.0},{"date":"Friday","date_ts":4,"profit_abs":17.14329678,"wins":4,"draws":0,"losses":0,"trades":4,"profit_factor":0.0},{"date":"Saturday","date_ts":5,"profit_abs":6.9613187,"wins":3,"draws":1,"losses":0,"trades":4,"profit_factor":0.0},{"date":"Sunday","date_ts":6,"profit_abs":-44.39721191,"wins":5,"draws":2,"losses":3,"trades":10,"profit_factor":0.37169436}]},"backtest_best_day":0.07370451269355714,"backtest_worst_day":-0.19531699979810463,"backtest_best_day_abs":26.04921882,"backtest_worst_day_abs":-70.66180689,"winning_days":8,"draw_days":7,"losing_days":1,"daily_profit":[["2025-10-18",5.0214664],["2025-10-19",15.18586653],["2025-10-20",18.03790417],["2025-10-21",0.0],["2025-10-22",0.0],["2025-10-23",1.80258878],["2025-10-24",17.14329678],["2025-10-25",1.9398523],["2025-10-26",11.07872845],["2025-10-27",26.04921882],["2025-10-28",0.0],["2025-10-29",0.0],["2025-10-30",0.0],["2025-10-31",0.0],["2025-11-01",0.0],["2025-11-02",-70.66180689]],"wins":20,"losses":3,"draws":10,"winrate":0.6060606060606061,"holding_avg":"1 day, 0:51:00","holding_avg_s":89460.0,"winner_holding_min":"0d 04:15","winner_holding_min_s":15300.0,"winner_holding_max":"0d 09:00","winner_holding_max_s":32400.0,"winner_holding_avg":"0d 08:34","winner_holding_avg_s":30840.0,"loser_holding_min":"4d 08:45","loser_holding_min_s":377100.0,"loser_holding_max":"5d 15:45","loser_holding_max_s":488700.0,"loser_holding_avg":"5d 02:45","loser_holding_avg_s":441900.0,"max_consecutive_wins":8,"max_consecutive_losses":6,"max_drawdown_account":0.06445722397976963,"max_relative_drawdown":0.06445722397976963,"max_drawdown_abs":70.66180689000001,"drawdown_start":"2025-10-27 07:15:00","drawdown_start_ts":1761549300000.0,"drawdown_end":"2025-11-02 00:00:00","drawdown_end_ts":1762041600000.0,"drawdown_duration":"5 days 16:45:00","drawdown_duration_s":492300.0,"max_drawdown_low":25.59711533999998,"max_drawdown_high":96.25892222999998,"csum_min":1002.1405669,"csum_max":1096.25892223}},"strategy_comparison":[{"key":"ADX_15M_USDT","trades":33,"profit_mean":0.0025848393156443464,"profit_mean_pct":0.26,"profit_total_abs":25.597115340000002,"profit_total":0.02559711534,"profit_total_pct":2.56,"duration_avg":"1 day, 0:51:00","wins":20,"draws":10,"losses":3,"winrate":0.6060606060606061,"cagr":0.8497025950934962,"expectancy":0.7756701618181814,"expectancy_ratio":-0.27009864464408284,"sortino":7.037043013218115,"sharpe":3.7458946315835515,"calmar":50.57950805429911,"sqn":0.5042,"profit_factor":1.3622482422484228,"max_drawdown_account":0.06445722397976963,"max_drawdown_abs":"70.662"}]}