{"strategy":{"KamaFama":{"trades":[{"pair":"FET/USDT","stake_amount":4949.931,"max_stake_amount":4949.931,"amount":15610.0,"open_date":"2025-10-15 00:05:00+00:00","close_date":"2025-10-15 05:10:00+00:00","open_rate":0.3171,"close_rate":0.321,"fee_open":0.002,"fee_close":0.002,"trade_duration":305,"profit_ratio":0.008257845708771671,"profit_abs":40.957518,"exit_reason":"custom_exit_condition_met","initial_stop_loss_abs":0.2379,"initial_stop_loss_ratio":-0.25,"stop_loss_abs":0.2379,"stop_loss_ratio":-0.25,"min_rate":0.3072,"max_rate":0.3217,"is_open":false,"enter_tag":"buy","leverage":1.0,"is_short":false,"open_timestamp":1760486700000,"close_timestamp":1760505000000,"orders":[{"amount":15610.0,"safe_price":0.3171,"ft_order_side":"buy","order_filled_timestamp":1760486700000,"ft_is_entry":true,"ft_order_tag":"buy","cost":4959.830862},{"amount":15610.0,"safe_price":0.321,"ft_order_side":"sell","order_filled_timestamp":1760505000000,"ft_is_entry":false,"ft_order_tag":"custom_exit_condition_met","cost":5020.831620000001}],"funding_fees":0.0,"weekday":2},{"pair":"PAXG/USDT","stake_amount":4949.5995,"max_stake_amount":4949.5995,"amount":1.1827,"open_date":"2025-10-15 00:15:00+00:00","close_date":"2025-10-16 22:10:00+00:00","open_rate":4185.0,"close_rate":4789.0,"fee_open":0.002,"fee_close":0.002,"trade_duration":2755,"profit_ratio":0.1397568065780029,"profit_abs":693.1237004,"exit_reason":"trailing_stop_loss","initial_stop_loss_abs":3139.0,"initial_stop_loss_ratio":-0.25,"stop_loss_abs":4789.0,"stop_loss_ratio":-0.002,"min_rate":4173.0,"max_rate":4798.0,"is_open":false,"enter_tag":"buy","leverage":1.0,"is_short":false,"open_timestamp":1760487300000,"close_timestamp":1760652600000,"orders":[{"amount":1.1827,"safe_price":4185.0,"ft_order_side":"buy","order_filled_timestamp":1760487300000,"ft_is_entry":true,"ft_order_tag":"buy","cost":4959.498699000001},{"amount":1.1827,"safe_price":4789.0,"ft_order_side":"sell","order_filled_timestamp":1760652600000,"ft_is_entry":false,"ft_order_tag":"trailing_stop_loss","cost":5675.278200600001}],"funding_fees":0.0,"weekday":3},{"pair":"ADA/USDT","stake_amount":4970.2734774,"max_stake_amount":4970.2734774,"amount":7111.566,"open_date":"2025-10-15 05:10:00+00:00","close_date":"2025-10-17 11:15:00+00:00","open_rate":0.6989,"close_rate":0.616,"fee_open":0.002,"fee_close":0.002,"trade_duration":3245,"profit_ratio":-0.12213346950461641,"profit_abs":-608.25081767,"exit_reason":"sell","initial_stop_loss_abs":0.5242,"initial_stop_loss_ratio":-0.25,"stop_loss_abs":0.5242,"stop_loss_ratio":-0.25,"min_rate":0.5923,"max_rate":0.716,"is_open":false,"enter_tag":"buy","leverage":1.0,"is_short":false,"open_timestamp":1760505000000,"close_timestamp":1760699700000,"orders":[{"amount":7111.566,"safe_price":0.6989,"ft_order_side":"buy","order_filled_timestamp":1760505000000,"ft_is_entry":true,"ft_order_tag":"buy","cost":4980.2140243548},{"amount":7111.566,"safe_price":0.616,"ft_order_side":"sell","order_filled_timestamp":1760699700000,"ft_is_entry":false,"ft_order_tag":"sell","cost":4389.486105311999}],"funding_fees":0.0,"weekday":4},{"pair":"TRX/USDT","stake_amount":5313.3701723,"max_stake_amount":5313.3701723,"amount":16846.4495,"open_date":"2025-10-16 22:10:00+00:00","close_date":"2025-11-08 00:00:00+00:00","open_rate":0.3154,"close_rate":0.2922,"fee_open":0.002,"fee_close":0.002,"trade_duration":31790,"profit_ratio":-0.07725576114688042,"profit_abs":-411.30943383,"exit_reason":"force_exit","initial_stop_loss_abs":0.2366,"initial_stop_loss_ratio":-0.25,"stop_loss_abs":0.2366,"stop_loss_ratio":-0.25,"min_rate":0.2763,"max_rate":0.3253,"is_open":false,"enter_tag":"buy","leverage":1.0,"is_short":false,"open_timestamp":1760652600000,"close_timestamp":1762560000000,"orders":[{"amount":16846.4495,"safe_price":0.3154,"ft_order_side":"buy","order_filled_timestamp":1760652600000,"ft_is_entry":true,"ft_order_tag":"buy","cost":5323.996912644599},{"amount":16846.4495,"safe_price":0.2922,"ft_order_side":"sell","order_filled_timestamp":1762560000000,"ft_is_entry":false,"ft_order_tag":"force_exit","cost":4932.3776089878}],"funding_fees":0.0,"weekday":5},{"pair":"PAXG/USDT","stake_amount":4711.1658,"max_stake_amount":4711.1658,"amount":1.0761,"open_date":"2025-10-17 11:15:00+00:00","close_date":"2025-11-08 00:00:00+00:00","open_rate":4378.0,"close_rate":3990.0,"fee_open":0.002,"fee_close":0.002,"trade_duration":31005,"profit_ratio":-0.09226316667715277,"profit_abs":-435.5364096,"exit_reason":"force_exit","initial_stop_loss_abs":3284.0,"initial_stop_loss_ratio":-0.25,"stop_loss_abs":3284.0,"stop_loss_ratio":-0.25,"min_rate":3896.0,"max_rate":4390.0,"is_open":false,"enter_tag":"buy","leverage":1.0,"is_short":false,"open_timestamp":1760699700000,"close_timestamp":1762560000000,"orders":[{"amount":1.0761,"safe_price":4378.0,"ft_order_side":"buy","order_filled_timestamp":1760699700000,"ft_is_entry":true,"ft_order_tag":"buy","cost":4720.5881316},{"amount":1.0761,"safe_price":3990.0,"ft_order_side":"sell","order_filled_timestamp":1762560000000,"ft_is_entry":false,"ft_order_tag":"force_exit","cost":4302.226278}],"funding_fees":0.0,"weekday":5}],"locks":[],"best_pair":{"key":"PAXG/USDT","trades":2,"profit_mean":0.023746819950425067,"profit_mean_pct":2.37,"profit_total_abs":257.58729079999995,"profit_total":0.025758729079999994,"profit_total_pct":2.58,"duration_avg":"11 days, 17:20:00","wins":1,"draws":0,"losses":1,"winrate":0.5,"cagr":0.4722426997461755,"expectancy":128.79364539999997,"expectancy_ratio":0.295712694877301,"sortino":-100,"sharpe":0.3633510683180161,"calmar":50.34307581341375,"sqn":0.2282,"profit_factor":1.591425389754602,"max_drawdown_account":0.04073051259883089,"max_drawdown_abs":435.5364096},"worst_pair":{"key":"ADA/USDT","trades":1,"profit_mean":-0.12213346950461641,"profit_mean_pct":-12.21,"profit_total_abs":-608.25081767,"profit_total":-0.060825081766999994,"profit_total_pct":-6.08,"duration_avg":"2 days, 6:05:00","wins":0,"draws":0,"losses":1,"winrate":0.0,"cagr":-0.6149479230870518,"expectancy":-608.25081767,"expectancy_ratio":-1.0,"sortino":-100,"sharpe":-100,"calmar":-100,"sqn":-100.0,"profit_factor":0.0,"max_drawdown_account":0.0,"max_drawdown_abs":0.0},"results_per_pair":[{"key":"PAXG/USDT","trades":2,"profit_mean":0.023746819950425067,"profit_mean_pct":2.37,"profit_total_abs":257.58729079999995,"profit_total":0.025758729079999994,"profit_total_pct":2.58,"duration_avg":"11 days, 17:20:00","wins":1,"draws":0,"losses":1,"winrate":0.5,"cagr":0.4722426997461755,"expectancy":128.79364539999997,"expectancy_ratio":0.295712694877301,"sortino":-100,"sharpe":0.3633510683180161,"calmar":50.34307581341375,"sqn":0.2282,"profit_factor":1.591425389754602,"max_drawdown_account":0.04073051259883089,"max_drawdown_abs":435.5364096},{"key":"FET/USDT","trades":1,"profit_mean":0.008257845708771671,"profit_mean_pct":0.83,"profit_total_abs":40.957518,"profit_total":0.0040957518,"profit_total_pct":0.41,"duration_avg":"5:05:00","wins":1,"draws":0,"losses":0,"winrate":1.0,"cagr":0.06413508726835682,"expectancy":40.957518,"expectancy_ratio":100.0,"sortino":-100,"sharpe":-100,"calmar":-100,"sqn":-100.0,"profit_factor":0.0,"max_drawdown_account":0.0,"max_drawdown_abs":0.0},{"key":"EDEN/USDT","trades":0,"profit_mean":0.0,"profit_mean_pct":0.0,"profit_total_abs":0.0,"profit_total":0.0,"profit_total_pct":0.0,"duration_avg":"0:00","wins":0,"draws":0,"losses":0,"winrate":0.0,"cagr":0.0,"expectancy":0.0,"expectancy_ratio":100.0,"sortino":0,"sharpe":0,"calmar":0,"sqn":0.0,"profit_factor":0.0,"max_drawdown_account":0.0,"max_drawdown_abs":0.0},{"key":"AVNT/USDT","trades":0,"profit_mean":0.0,"profit_mean_pct":0.0,"profit_total_abs":0.0,"profit_total":0.0,"profit_total_pct":0.0,"duration_avg":"0:00","wins":0,"draws":0,"losses":0,"winrate":0.0,"cagr":0.0,"expectancy":0.0,"expectancy_ratio":100.0,"sortino":0,"sharpe":0,"calmar":0,"sqn":0.0,"profit_factor":0.0,"max_drawdown_account":0.0,"max_drawdown_abs":0.0},{"key":"BONK/USDT","trades":0,"profit_mean":0.0,"profit_mean_pct":0.0,"profit_total_abs":0.0,"profit_total":0.0,"profit_total_pct":0.0,"duration_avg":"0:00","wins":0,"draws":0,"losses":0,"winrate":0.0,"cagr":0.0,"expectancy":0.0,"expectancy_ratio":100.0,"sortino":0,"sharpe":0,"calmar":0,"sqn":0.0,"profit_factor":0.0,"max_drawdown_account":0.0,"max_drawdown_abs":0.0},{"key":"PEPE/USDT","trades":0,"profit_mean":0.0,"profit_mean_pct":0.0,"profit_total_abs":0.0,"profit_total":0.0,"profit_total_pct":0.0,"duration_avg":"0:00","wins":0,"draws":0,"losses":0,"winrate":0.0,"cagr":0.0,"expectancy":0.0,"expectancy_ratio":100.0,"sortino":0,"sharpe":0,"calmar":0,"sqn":0.0,"profit_factor":0.0,"max_drawdown_account":0.0,"max_drawdown_abs":0.0},{"key":"BNB/USDT","trades":0,"profit_mean":0.0,"profit_mean_pct":0.0,"profit_total_abs":0.0,"profit_total":0.0,"profit_total_pct":0.0,"duration_avg":"0:00","wins":0,"draws":0,"losses":0,"winrate":0.0,"cagr":0.0,"expectancy":0.0,"expectancy_ratio":100.0,"sortino":0,"sharpe":0,"calmar":0,"sqn":0.0,"profit_factor":0.0,"max_drawdown_account":0.0,"max_drawdown_abs":0.0},{"key":"APT/USDT","trades":0,"profit_mean":0.0,"profit_mean_pct":0.0,"profit_total_abs":0.0,"profit_total":0.0,"profit_total_pct":0.0,"duration_avg":"0:00","wins":0,"draws":0,"losses":0,"winrate":0.0,"cagr":0.0,"expectancy":0.0,"expectancy_ratio":100.0,"sortino":0,"sharpe":0,"calmar":0,"sqn":0.0,"profit_factor":0.0,"max_drawdown_account":0.0,"max_drawdown_abs":0.0},{"key":"LINEA/USDT","trades":0,"profit_mean":0.0,"profit_mean_pct":0.0,"profit_total_abs":0.0,"profit_total":0.0,"profit_total_pct":0.0,"duration_avg":"0:00","wins":0,"draws":0,"losses":0,"winrate":0.0,"cagr":0.0,"expectancy":0.0,"expectancy_ratio":100.0,"sortino":0,"sharpe":0,"calmar":0,"sqn":0.0,"profit_factor":0.0,"max_drawdown_account":0.0,"max_drawdown_abs":0.0},{"key":"WIF/USDT","trades":0,"profit_mean":0.0,"profit_mean_pct":0.0,"profit_total_abs":0.0,"profit_total":0.0,"profit_total_pct":0.0,"duration_avg":"0:00","wins":0,"draws":0,"losses":0,"winrate":0.0,"cagr":0.0,"expectancy":0.0,"expectancy_ratio":100.0,"sortino":0,"sharpe":0,"calmar":0,"sqn":0.0,"profit_factor":0.0,"max_drawdown_account":0.0,"max_drawdown_abs":0.0},{"key":"VIRTUAL/USDT","trades":0,"profit_mean":0.0,"profit_mean_pct":0.0,"profit_total_abs":0.0,"profit_total":0.0,"profit_total_pct":0.0,"duration_avg":"0:00","wins":0,"draws":0,"losses":0,"winrate":0.0,"cagr":0.0,"expectancy":0.0,"expectancy_ratio":100.0,"sortino":0,"sharpe":0,"calmar":0,"sqn":0.0,"profit_factor":0.0,"max_drawdown_account":0.0,"max_drawdown_abs":0.0},{"key":"NEAR/USDT","trades":0,"profit_mean":0.0,"profit_mean_pct":0.0,"profit_total_abs":0.0,"profit_total":0.0,"profit_total_pct":0.0,"duration_avg":"0:00","wins":0,"draws":0,"losses":0,"winrate":0.0,"cagr":0.0,"expectancy":0.0,"expectancy_ratio":100.0,"sortino":0,"sharpe":0,"calmar":0,"sqn":0.0,"profit_factor":0.0,"max_drawdown_account":0.0,"max_drawdown_abs":0.0},{"key":"PUMP/USDT","trades":0,"profit_mean":0.0,"profit_mean_pct":0.0,"profit_total_abs":0.0,"profit_total":0.0,"profit_total_pct":0.0,"duration_avg":"0:00","wins":0,"draws":0,"losses":0,"winrate":0.0,"cagr":0.0,"expectancy":0.0,"expectancy_ratio":100.0,"sortino":0,"sharpe":0,"calmar":0,"sqn":0.0,"profit_factor":0.0,"max_drawdown_account":0.0,"max_drawdown_abs":0.0},{"key":"AVAX/USDT","trades":0,"profit_mean":0.0,"profit_mean_pct":0.0,"profit_total_abs":0.0,"profit_total":0.0,"profit_total_pct":0.0,"duration_avg":"0:00","wins":0,"draws":0,"losses":0,"winrate":0.0,"cagr":0.0,"expectancy":0.0,"expectancy_ratio":100.0,"sortino":0,"sharpe":0,"calmar":0,"sqn":0.0,"profit_factor":0.0,"max_drawdown_account":0.0,"max_drawdown_abs":0.0},{"key":"PLUME/USDT","trades":0,"profit_mean":0.0,"profit_mean_pct":0.0,"profit_total_abs":0.0,"profit_total":0.0,"profit_total_pct":0.0,"duration_avg":"0:00","wins":0,"draws":0,"losses":0,"winrate":0.0,"cagr":0.0,"expectancy":0.0,"expectancy_ratio":100.0,"sortino":0,"sharpe":0,"calmar":0,"sqn":0.0,"profit_factor":0.0,"max_drawdown_account":0.0,"max_drawdown_abs":0.0},{"key":"LTC/USDT","trades":0,"profit_mean":0.0,"profit_mean_pct":0.0,"profit_total_abs":0.0,"profit_total":0.0,"profit_total_pct":0.0,"duration_avg":"0:00","wins":0,"draws":0,"losses":0,"winrate":0.0,"cagr":0.0,"expectancy":0.0,"expectancy_ratio":100.0,"sortino":0,"sharpe":0,"calmar":0,"sqn":0.0,"profit_factor":0.0,"max_drawdown_account":0.0,"max_drawdown_abs":0.0},{"key":"FORM/USDT","trades":0,"profit_mean":0.0,"profit_mean_pct":0.0,"profit_total_abs":0.0,"profit_total":0.0,"profit_total_pct":0.0,"duration_avg":"0:00","wins":0,"draws":0,"losses":0,"winrate":0.0,"cagr":0.0,"expectancy":0.0,"expectancy_ratio":100.0,"sortino":0,"sharpe":0,"calmar":0,"sqn":0.0,"profit_factor":0.0,"max_drawdown_account":0.0,"max_drawdown_abs":0.0},{"key":"CRV/USDT","trades":0,"profit_mean":0.0,"profit_mean_pct":0.0,"profit_total_abs":0.0,"profit_total":0.0,"profit_total_pct":0.0,"duration_avg":"0:00","wins":0,"draws":0,"losses":0,"winrate":0.0,"cagr":0.0,"expectancy":0.0,"expectancy_ratio":100.0,"sortino":0,"sharpe":0,"calmar":0,"sqn":0.0,"profit_factor":0.0,"max_drawdown_account":0.0,"max_drawdown_abs":0.0},{"key":"BTC/USDT","trades":0,"profit_mean":0.0,"profit_mean_pct":0.0,"profit_total_abs":0.0,"profit_total":0.0,"profit_total_pct":0.0,"duration_avg":"0:00","wins":0,"draws":0,"losses":0,"winrate":0.0,"cagr":0.0,"expectancy":0.0,"expectancy_ratio":100.0,"sortino":0,"sharpe":0,"calmar":0,"sqn":0.0,"profit_factor":0.0,"max_drawdown_account":0.0,"max_drawdown_abs":0.0},{"key":"XPL/USDT","trades":0,"profit_mean":0.0,"profit_mean_pct":0.0,"profit_total_abs":0.0,"profit_total":0.0,"profit_total_pct":0.0,"duration_avg":"0:00","wins":0,"draws":0,"losses":0,"winrate":0.0,"cagr":0.0,"expectancy":0.0,"expectancy_ratio":100.0,"sortino":0,"sharpe":0,"calmar":0,"sqn":0.0,"profit_factor":0.0,"max_drawdown_account":0.0,"max_drawdown_abs":0.0},{"key":"TUT/USDT","trades":0,"profit_mean":0.0,"profit_mean_pct":0.0,"profit_total_abs":0.0,"profit_total":0.0,"profit_total_pct":0.0,"duration_avg":"0:00","wins":0,"draws":0,"losses":0,"winrate":0.0,"cagr":0.0,"expectancy":0.0,"expectancy_ratio":100.0,"sortino":0,"sharpe":0,"calmar":0,"sqn":0.0,"profit_factor":0.0,"max_drawdown_account":0.0,"max_drawdown_abs":0.0},{"key":"SOMI/USDT","trades":0,"profit_mean":0.0,"profit_mean_pct":0.0,"profit_total_abs":0.0,"profit_total":0.0,"profit_total_pct":0.0,"duration_avg":"0:00","wins":0,"draws":0,"losses":0,"winrate":0.0,"cagr":0.0,"expectancy":0.0,"expectancy_ratio":100.0,"sortino":0,"sharpe":0,"calmar":0,"sqn":0.0,"profit_factor":0.0,"max_drawdown_account":0.0,"max_drawdown_abs":0.0},{"key":"SHIB/USDT","trades":0,"profit_mean":0.0,"profit_mean_pct":0.0,"profit_total_abs":0.0,"profit_total":0.0,"profit_total_pct":0.0,"duration_avg":"0:00","wins":0,"draws":0,"losses":0,"winrate":0.0,"cagr":0.0,"expectancy":0.0,"expectancy_ratio":100.0,"sortino":0,"sharpe":0,"calmar":0,"sqn":0.0,"profit_factor":0.0,"max_drawdown_account":0.0,"max_drawdown_abs":0.0},{"key":"BIO/USDT","trades":0,"profit_mean":0.0,"profit_mean_pct":0.0,"profit_total_abs":0.0,"profit_total":0.0,"profit_total_pct":0.0,"duration_avg":"0:00","wins":0,"draws":0,"losses":0,"winrate":0.0,"cagr":0.0,"expectancy":0.0,"expectancy_ratio":100.0,"sortino":0,"sharpe":0,"calmar":0,"sqn":0.0,"profit_factor":0.0,"max_drawdown_account":0.0,"max_drawdown_abs":0.0},{"key":"DOT/USDT","trades":0,"profit_mean":0.0,"profit_mean_pct":0.0,"profit_total_abs":0.0,"profit_total":0.0,"profit_total_pct":0.0,"duration_avg":"0:00","wins":0,"draws":0,"losses":0,"winrate":0.0,"cagr":0.0,"expectancy":0.0,"expectancy_ratio":100.0,"sortino":0,"sharpe":0,"calmar":0,"sqn":0.0,"profit_factor":0.0,"max_drawdown_account":0.0,"max_drawdown_abs":0.0},{"key":"FIL/USDT","trades":0,"profit_mean":0.0,"profit_mean_pct":0.0,"profit_total_abs":0.0,"profit_total":0.0,"profit_total_pct":0.0,"duration_avg":"0:00","wins":0,"draws":0,"losses":0,"winrate":0.0,"cagr":0.0,"expectancy":0.0,"expectancy_ratio":100.0,"sortino":0,"sharpe":0,"calmar":0,"sqn":0.0,"profit_factor":0.0,"max_drawdown_account":0.0,"max_drawdown_abs":0.0},{"key":"S/USDT","trades":0,"profit_mean":0.0,"profit_mean_pct":0.0,"profit_total_abs":0.0,"profit_total":0.0,"profit_total_pct":0.0,"duration_avg":"0:00","wins":0,"draws":0,"losses":0,"winrate":0.0,"cagr":0.0,"expectancy":0.0,"expectancy_ratio":100.0,"sortino":0,"sharpe":0,"calmar":0,"sqn":0.0,"profit_factor":0.0,"max_drawdown_account":0.0,"max_drawdown_abs":0.0},{"key":"SEI/USDT","trades":0,"profit_mean":0.0,"profit_mean_pct":0.0,"profit_total_abs":0.0,"profit_total":0.0,"profit_total_pct":0.0,"duration_avg":"0:00","wins":0,"draws":0,"losses":0,"winrate":0.0,"cagr":0.0,"expectancy":0.0,"expectancy_ratio":100.0,"sortino":0,"sharpe":0,"calmar":0,"sqn":0.0,"profit_factor":0.0,"max_drawdown_account":0.0,"max_drawdown_abs":0.0},{"key":"LISTA/USDT","trades":0,"profit_mean":0.0,"profit_mean_pct":0.0,"profit_total_abs":0.0,"profit_total":0.0,"profit_total_pct":0.0,"duration_avg":"0:00","wins":0,"draws":0,"losses":0,"winrate":0.0,"cagr":0.0,"expectancy":0.0,"expectancy_ratio":100.0,"sortino":0,"sharpe":0,"calmar":0,"sqn":0.0,"profit_factor":0.0,"max_drawdown_account":0.0,"max_drawdown_abs":0.0},{"key":"STO/USDT","trades":0,"profit_mean":0.0,"profit_mean_pct":0.0,"profit_total_abs":0.0,"profit_total":0.0,"profit_total_pct":0.0,"duration_avg":"0:00","wins":0,"draws":0,"losses":0,"winrate":0.0,"cagr":0.0,"expectancy":0.0,"expectancy_ratio":100.0,"sortino":0,"sharpe":0,"calmar":0,"sqn":0.0,"profit_factor":0.0,"max_drawdown_account":0.0,"max_drawdown_abs":0.0},{"key":"WLFI/USDT","trades":0,"profit_mean":0.0,"profit_mean_pct":0.0,"profit_total_abs":0.0,"profit_total":0.0,"profit_total_pct":0.0,"duration_avg":"0:00","wins":0,"draws":0,"losses":0,"winrate":0.0,"cagr":0.0,"expectancy":0.0,"expectancy_ratio":100.0,"sortino":0,"sharpe":0,"calmar":0,"sqn":0.0,"profit_factor":0.0,"max_drawdown_account":0.0,"max_drawdown_abs":0.0},{"key":"TRUMP/USDT","trades":0,"profit_mean":0.0,"profit_mean_pct":0.0,"profit_total_abs":0.0,"profit_total":0.0,"profit_total_pct":0.0,"duration_avg":"0:00","wins":0,"draws":0,"losses":0,"winrate":0.0,"cagr":0.0,"expectancy":0.0,"expectancy_ratio":100.0,"sortino":0,"sharpe":0,"calmar":0,"sqn":0.0,"profit_factor":0.0,"max_drawdown_account":0.0,"max_drawdown_abs":0.0},{"key":"ARB/USDT","trades":0,"profit_mean":0.0,"profit_mean_pct":0.0,"profit_total_abs":0.0,"profit_total":0.0,"profit_total_pct":0.0,"duration_avg":"0:00","wins":0,"draws":0,"losses":0,"winrate":0.0,"cagr":0.0,"expectancy":0.0,"expectancy_ratio":100.0,"sortino":0,"sharpe":0,"calmar":0,"sqn":0.0,"profit_factor":0.0,"max_drawdown_account":0.0,"max_drawdown_abs":0.0},{"key":"EIGEN/USDT","trades":0,"profit_mean":0.0,"profit_mean_pct":0.0,"profit_total_abs":0.0,"profit_total":0.0,"profit_total_pct":0.0,"duration_avg":"0:00","wins":0,"draws":0,"losses":0,"winrate":0.0,"cagr":0.0,"expectancy":0.0,"expectancy_ratio":100.0,"sortino":0,"sharpe":0,"calmar":0,"sqn":0.0,"profit_factor":0.0,"max_drawdown_account":0.0,"max_drawdown_abs":0.0},{"key":"LINK/USDT","trades":0,"profit_mean":0.0,"profit_mean_pct":0.0,"profit_total_abs":0.0,"profit_total":0.0,"profit_total_pct":0.0,"duration_avg":"0:00","wins":0,"draws":0,"losses":0,"winrate":0.0,"cagr":0.0,"expectancy":0.0,"expectancy_ratio":100.0,"sortino":0,"sharpe":0,"calmar":0,"sqn":0.0,"profit_factor":0.0,"max_drawdown_account":0.0,"max_drawdown_abs":0.0},{"key":"SUI/USDT","trades":0,"profit_mean":0.0,"profit_mean_pct":0.0,"profit_total_abs":0.0,"profit_total":0.0,"profit_total_pct":0.0,"duration_avg":"0:00","wins":0,"draws":0,"losses":0,"winrate":0.0,"cagr":0.0,"expectancy":0.0,"expectancy_ratio":100.0,"sortino":0,"sharpe":0,"calmar":0,"sqn":0.0,"profit_factor":0.0,"max_drawdown_account":0.0,"max_drawdown_abs":0.0},{"key":"WLD/USDT","trades":0,"profit_mean":0.0,"profit_mean_pct":0.0,"profit_total_abs":0.0,"profit_total":0.0,"profit_total_pct":0.0,"duration_avg":"0:00","wins":0,"draws":0,"losses":0,"winrate":0.0,"cagr":0.0,"expectancy":0.0,"expectancy_ratio":100.0,"sortino":0,"sharpe":0,"calmar":0,"sqn":0.0,"profit_factor":0.0,"max_drawdown_account":0.0,"max_drawdown_abs":0.0},{"key":"ASTER/USDT","trades":0,"profit_mean":0.0,"profit_mean_pct":0.0,"profit_total_abs":0.0,"profit_total":0.0,"profit_total_pct":0.0,"duration_avg":"0:00","wins":0,"draws":0,"losses":0,"winrate":0.0,"cagr":0.0,"expectancy":0.0,"expectancy_ratio":100.0,"sortino":0,"sharpe":0,"calmar":0,"sqn":0.0,"profit_factor":0.0,"max_drawdown_account":0.0,"max_drawdown_abs":0.0},{"key":"TAO/USDT","trades":0,"profit_mean":0.0,"profit_mean_pct":0.0,"profit_total_abs":0.0,"profit_total":0.0,"profit_total_pct":0.0,"duration_avg":"0:00","wins":0,"draws":0,"losses":0,"winrate":0.0,"cagr":0.0,"expectancy":0.0,"expectancy_ratio":100.0,"sortino":0,"sharpe":0,"calmar":0,"sqn":0.0,"profit_factor":0.0,"max_drawdown_account":0.0,"max_drawdown_abs":0.0},{"key":"XLM/USDT","trades":0,"profit_mean":0.0,"profit_mean_pct":0.0,"profit_total_abs":0.0,"profit_total":0.0,"profit_total_pct":0.0,"duration_avg":"0:00","wins":0,"draws":0,"losses":0,"winrate":0.0,"cagr":0.0,"expectancy":0.0,"expectancy_ratio":100.0,"sortino":0,"sharpe":0,"calmar":0,"sqn":0.0,"profit_factor":0.0,"max_drawdown_account":0.0,"max_drawdown_abs":0.0},{"key":"ENA/USDT","trades":0,"profit_mean":0.0,"profit_mean_pct":0.0,"profit_total_abs":0.0,"profit_total":0.0,"profit_total_pct":0.0,"duration_avg":"0:00","wins":0,"draws":0,"losses":0,"winrate":0.0,"cagr":0.0,"expectancy":0.0,"expectancy_ratio":100.0,"sortino":0,"sharpe":0,"calmar":0,"sqn":0.0,"profit_factor":0.0,"max_drawdown_account":0.0,"max_drawdown_abs":0.0},{"key":"SOL/USDT","trades":0,"profit_mean":0.0,"profit_mean_pct":0.0,"profit_total_abs":0.0,"profit_total":0.0,"profit_total_pct":0.0,"duration_avg":"0:00","wins":0,"draws":0,"losses":0,"winrate":0.0,"cagr":0.0,"expectancy":0.0,"expectancy_ratio":100.0,"sortino":0,"sharpe":0,"calmar":0,"sqn":0.0,"profit_factor":0.0,"max_drawdown_account":0.0,"max_drawdown_abs":0.0},{"key":"FLOKI/USDT","trades":0,"profit_mean":0.0,"profit_mean_pct":0.0,"profit_total_abs":0.0,"profit_total":0.0,"profit_total_pct":0.0,"duration_avg":"0:00","wins":0,"draws":0,"losses":0,"winrate":0.0,"cagr":0.0,"expectancy":0.0,"expectancy_ratio":100.0,"sortino":0,"sharpe":0,"calmar":0,"sqn":0.0,"profit_factor":0.0,"max_drawdown_account":0.0,"max_drawdown_abs":0.0},{"key":"TON/USDT","trades":0,"profit_mean":0.0,"profit_mean_pct":0.0,"profit_total_abs":0.0,"profit_total":0.0,"profit_total_pct":0.0,"duration_avg":"0:00","wins":0,"draws":0,"losses":0,"winrate":0.0,"cagr":0.0,"expectancy":0.0,"expectancy_ratio":100.0,"sortino":0,"sharpe":0,"calmar":0,"sqn":0.0,"profit_factor":0.0,"max_drawdown_account":0.0,"max_drawdown_abs":0.0},{"key":"PENDLE/USDT","trades":0,"profit_mean":0.0,"profit_mean_pct":0.0,"profit_total_abs":0.0,"profit_total":0.0,"profit_total_pct":0.0,"duration_avg":"0:00","wins":0,"draws":0,"losses":0,"winrate":0.0,"cagr":0.0,"expectancy":0.0,"expectancy_ratio":100.0,"sortino":0,"sharpe":0,"calmar":0,"sqn":0.0,"profit_factor":0.0,"max_drawdown_account":0.0,"max_drawdown_abs":0.0},{"key":"OPEN/USDT","trades":0,"profit_mean":0.0,"profit_mean_pct":0.0,"profit_total_abs":0.0,"profit_total":0.0,"profit_total_pct":0.0,"duration_avg":"0:00","wins":0,"draws":0,"losses":0,"winrate":0.0,"cagr":0.0,"expectancy":0.0,"expectancy_ratio":100.0,"sortino":0,"sharpe":0,"calmar":0,"sqn":0.0,"profit_factor":0.0,"max_drawdown_account":0.0,"max_drawdown_abs":0.0},{"key":"POL/USDT","trades":0,"profit_mean":0.0,"profit_mean_pct":0.0,"profit_total_abs":0.0,"profit_total":0.0,"profit_total_pct":0.0,"duration_avg":"0:00","wins":0,"draws":0,"losses":0,"winrate":0.0,"cagr":0.0,"expectancy":0.0,"expectancy_ratio":100.0,"sortino":0,"sharpe":0,"calmar":0,"sqn":0.0,"profit_factor":0.0,"max_drawdown_account":0.0,"max_drawdown_abs":0.0},{"key":"MIRA/USDT","trades":0,"profit_mean":0.0,"profit_mean_pct":0.0,"profit_total_abs":0.0,"profit_total":0.0,"profit_total_pct":0.0,"duration_avg":"0:00","wins":0,"draws":0,"losses":0,"winrate":0.0,"cagr":0.0,"expectancy":0.0,"expectancy_ratio":100.0,"sortino":0,"sharpe":0,"calmar":0,"sqn":0.0,"profit_factor":0.0,"max_drawdown_account":0.0,"max_drawdown_abs":0.0},{"key":"ETH/USDT","trades":0,"profit_mean":0.0,"profit_mean_pct":0.0,"profit_total_abs":0.0,"profit_total":0.0,"profit_total_pct":0.0,"duration_avg":"0:00","wins":0,"draws":0,"losses":0,"winrate":0.0,"cagr":0.0,"expectancy":0.0,"expectancy_ratio":100.0,"sortino":0,"sharpe":0,"calmar":0,"sqn":0.0,"profit_factor":0.0,"max_drawdown_account":0.0,"max_drawdown_abs":0.0},{"key":"DOGE/USDT","trades":0,"profit_mean":0.0,"profit_mean_pct":0.0,"profit_total_abs":0.0,"profit_total":0.0,"profit_total_pct":0.0,"duration_avg":"0:00","wins":0,"draws":0,"losses":0,"winrate":0.0,"cagr":0.0,"expectancy":0.0,"expectancy_ratio":100.0,"sortino":0,"sharpe":0,"calmar":0,"sqn":0.0,"profit_factor":0.0,"max_drawdown_account":0.0,"max_drawdown_abs":0.0},{"key":"ONDO/USDT","trades":0,"profit_mean":0.0,"profit_mean_pct":0.0,"profit_total_abs":0.0,"profit_total":0.0,"profit_total_pct":0.0,"duration_avg":"0:00","wins":0,"draws":0,"losses":0,"winrate":0.0,"cagr":0.0,"expectancy":0.0,"expectancy_ratio":100.0,"sortino":0,"sharpe":0,"calmar":0,"sqn":0.0,"profit_factor":0.0,"max_drawdown_account":0.0,"max_drawdown_abs":0.0},{"key":"BMT/USDT","trades":0,"profit_mean":0.0,"profit_mean_pct":0.0,"profit_total_abs":0.0,"profit_total":0.0,"profit_total_pct":0.0,"duration_avg":"0:00","wins":0,"draws":0,"losses":0,"winrate":0.0,"cagr":0.0,"expectancy":0.0,"expectancy_ratio":100.0,"sortino":0,"sharpe":0,"calmar":0,"sqn":0.0,"profit_factor":0.0,"max_drawdown_account":0.0,"max_drawdown_abs":0.0},{"key":"CFX/USDT","trades":0,"profit_mean":0.0,"profit_mean_pct":0.0,"profit_total_abs":0.0,"profit_total":0.0,"profit_total_pct":0.0,"duration_avg":"0:00","wins":0,"draws":0,"losses":0,"winrate":0.0,"cagr":0.0,"expectancy":0.0,"expectancy_ratio":100.0,"sortino":0,"sharpe":0,"calmar":0,"sqn":0.0,"profit_factor":0.0,"max_drawdown_account":0.0,"max_drawdown_abs":0.0},{"key":"ICP/USDT","trades":0,"profit_mean":0.0,"profit_mean_pct":0.0,"profit_total_abs":0.0,"profit_total":0.0,"profit_total_pct":0.0,"duration_avg":"0:00","wins":0,"draws":0,"losses":0,"winrate":0.0,"cagr":0.0,"expectancy":0.0,"expectancy_ratio":100.0,"sortino":0,"sharpe":0,"calmar":0,"sqn":0.0,"profit_factor":0.0,"max_drawdown_account":0.0,"max_drawdown_abs":0.0},{"key":"UNI/USDT","trades":0,"profit_mean":0.0,"profit_mean_pct":0.0,"profit_total_abs":0.0,"profit_total":0.0,"profit_total_pct":0.0,"duration_avg":"0:00","wins":0,"draws":0,"losses":0,"winrate":0.0,"cagr":0.0,"expectancy":0.0,"expectancy_ratio":100.0,"sortino":0,"sharpe":0,"calmar":0,"sqn":0.0,"profit_factor":0.0,"max_drawdown_account":0.0,"max_drawdown_abs":0.0},{"key":"ZEN/USDT","trades":0,"profit_mean":0.0,"profit_mean_pct":0.0,"profit_total_abs":0.0,"profit_total":0.0,"profit_total_pct":0.0,"duration_avg":"0:00","wins":0,"draws":0,"losses":0,"winrate":0.0,"cagr":0.0,"expectancy":0.0,"expectancy_ratio":100.0,"sortino":0,"sharpe":0,"calmar":0,"sqn":0.0,"profit_factor":0.0,"max_drawdown_account":0.0,"max_drawdown_abs":0.0},{"key":"AAVE/USDT","trades":0,"profit_mean":0.0,"profit_mean_pct":0.0,"profit_total_abs":0.0,"profit_total":0.0,"profit_total_pct":0.0,"duration_avg":"0:00","wins":0,"draws":0,"losses":0,"winrate":0.0,"cagr":0.0,"expectancy":0.0,"expectancy_ratio":100.0,"sortino":0,"sharpe":0,"calmar":0,"sqn":0.0,"profit_factor":0.0,"max_drawdown_account":0.0,"max_drawdown_abs":0.0},{"key":"HBAR/USDT","trades":0,"profit_mean":0.0,"profit_mean_pct":0.0,"profit_total_abs":0.0,"profit_total":0.0,"profit_total_pct":0.0,"duration_avg":"0:00","wins":0,"draws":0,"losses":0,"winrate":0.0,"cagr":0.0,"expectancy":0.0,"expectancy_ratio":100.0,"sortino":0,"sharpe":0,"calmar":0,"sqn":0.0,"profit_factor":0.0,"max_drawdown_account":0.0,"max_drawdown_abs":0.0},{"key":"CAKE/USDT","trades":0,"profit_mean":0.0,"profit_mean_pct":0.0,"profit_total_abs":0.0,"profit_total":0.0,"profit_total_pct":0.0,"duration_avg":"0:00","wins":0,"draws":0,"losses":0,"winrate":0.0,"cagr":0.0,"expectancy":0.0,"expectancy_ratio":100.0,"sortino":0,"sharpe":0,"calmar":0,"sqn":0.0,"profit_factor":0.0,"max_drawdown_account":0.0,"max_drawdown_abs":0.0},{"key":"TRX/USDT","trades":1,"profit_mean":-0.07725576114688042,"profit_mean_pct":-7.73,"profit_total_abs":-411.30943383,"profit_total":-0.041130943382999996,"profit_total_pct":-4.11,"duration_avg":"22 days, 1:50:00","wins":0,"draws":0,"losses":1,"winrate":0.0,"cagr":-0.4720541104474625,"expectancy":-411.30943383,"expectancy_ratio":-1.0,"sortino":-100,"sharpe":-100,"calmar":-100,"sqn":-100.0,"profit_factor":0.0,"max_drawdown_account":0.0,"max_drawdown_abs":0.0},{"key":"ADA/USDT","trades":1,"profit_mean":-0.12213346950461641,"profit_mean_pct":-12.21,"profit_total_abs":-608.25081767,"profit_total":-0.060825081766999994,"profit_total_pct":-6.08,"duration_avg":"2 days, 6:05:00","wins":0,"draws":0,"losses":1,"winrate":0.0,"cagr":-0.6149479230870518,"expectancy":-608.25081767,"expectancy_ratio":-1.0,"sortino":-100,"sharpe":-100,"calmar":-100,"sqn":-100.0,"profit_factor":0.0,"max_drawdown_account":0.0,"max_drawdown_abs":0.0},{"key":"TOTAL","trades":5,"profit_mean":-0.028727549008375007,"profit_mean_pct":-2.87,"profit_total_abs":-721.0154427,"profit_total":-0.07210154427,"profit_total_pct":-7.21,"duration_avg":"9 days, 14:20:00","wins":2,"draws":0,"losses":3,"winrate":0.4,"cagr":-0.6795678823371019,"expectancy":-144.20308853999995,"expectancy_ratio":-0.2973062045877852,"sortino":-6.545429789918002,"sharpe":-1.2198275622515364,"calmar":-42.340188763820436,"sqn":-0.6129,"profit_factor":0.5044896590203578,"max_drawdown_account":0.1355585663545868,"max_drawdown_abs":1455.0966611}],"results_per_enter_tag":[{"key":"buy","trades":5,"profit_mean":-0.028727549008375007,"profit_mean_pct":-2.87,"profit_total_abs":-721.0154427,"profit_total":-0.07210154427,"profit_total_pct":-7.21,"duration_avg":"9 days, 14:20:00","wins":2,"draws":0,"losses":3,"winrate":0.4,"cagr":-0.6795678823371019,"expectancy":-144.20308853999995,"expectancy_ratio":-0.2973062045877852,"sortino":-6.545429789918002,"sharpe":-1.2198275622515364,"calmar":-42.340188763820436,"sqn":-0.6129,"profit_factor":0.5044896590203578,"max_drawdown_account":0.1355585663545868,"max_drawdown_abs":1455.0966611},{"key":"TOTAL","trades":5,"profit_mean":-0.028727549008375007,"profit_mean_pct":-2.87,"profit_total_abs":-721.0154427,"profit_total":-0.07210154427,"profit_total_pct":-7.21,"duration_avg":"9 days, 14:20:00","wins":2,"draws":0,"losses":3,"winrate":0.4,"cagr":-0.6795678823371019,"expectancy":-144.20308853999995,"expectancy_ratio":-0.2973062045877852,"sortino":-6.545429789918002,"sharpe":-1.2198275622515364,"calmar":-42.340188763820436,"sqn":-0.6129,"profit_factor":0.5044896590203578,"max_drawdown_account":0.1355585663545868,"max_drawdown_abs":1455.0966611}],"exit_reason_summary":[{"key":"trailing_stop_loss","trades":1,"profit_mean":0.1397568065780029,"profit_mean_pct":13.98,"profit_total_abs":693.1237004,"profit_total":0.06931237004,"profit_total_pct":6.93,"duration_avg":"1 day, 21:55:00","wins":1,"draws":0,"losses":0,"winrate":1.0,"cagr":1.770973161632722,"expectancy":693.1237004,"expectancy_ratio":100.0,"sortino":-100,"sharpe":-100,"calmar":-100,"sqn":-100.0,"profit_factor":0.0,"max_drawdown_account":0.0,"max_drawdown_abs":0.0},{"key":"custom_exit_condition_met","trades":1,"profit_mean":0.008257845708771671,"profit_mean_pct":0.83,"profit_total_abs":40.957518,"profit_total":0.0040957518,"profit_total_pct":0.41,"duration_avg":"5:05:00","wins":1,"draws":0,"losses":0,"winrate":1.0,"cagr":0.06413508726835682,"expectancy":40.957518,"expectancy_ratio":100.0,"sortino":-100,"sharpe":-100,"calmar":-100,"sqn":-100.0,"profit_factor":0.0,"max_drawdown_account":0.0,"max_drawdown_abs":0.0},{"key":"sell","trades":1,"profit_mean":-0.12213346950461641,"profit_mean_pct":-12.21,"profit_total_abs":-608.25081767,"profit_total":-0.060825081766999994,"profit_total_pct":-6.08,"duration_avg":"2 days, 6:05:00","wins":0,"draws":0,"losses":1,"winrate":0.0,"cagr":-0.6149479230870518,"expectancy":-608.25081767,"expectancy_ratio":-1.0,"sortino":-100,"sharpe":-100,"calmar":-100,"sqn":-100.0,"profit_factor":0.0,"max_drawdown_account":0.0,"max_drawdown_abs":0.0},{"key":"force_exit","trades":2,"profit_mean":-0.0847594639120166,"profit_mean_pct":-8.48,"profit_total_abs":-846.8458434300001,"profit_total":-0.08468458434300001,"profit_total_pct":-8.47,"duration_avg":"21 days, 19:18:00","wins":0,"draws":0,"losses":2,"winrate":0.0,"cagr":-0.7396512101161964,"expectancy":-423.42292171500003,"expectancy_ratio":-1.0,"sortino":-55.65066283722677,"sharpe":-55.65066283722677,"calmar":-79.60405489392825,"sqn":-34.9547,"profit_factor":0.0,"max_drawdown_account":0.0846845843430001,"max_drawdown_abs":846.8458434300001},{"key":"TOTAL","trades":5,"profit_mean":-0.028727549008375007,"profit_mean_pct":-2.87,"profit_total_abs":-721.0154427,"profit_total":-0.07210154427,"profit_total_pct":-7.21,"duration_avg":"9 days, 14:20:00","wins":2,"draws":0,"losses":3,"winrate":0.4,"cagr":-0.6795678823371019,"expectancy":-144.20308853999995,"expectancy_ratio":-0.2973062045877852,"sortino":-6.545429789918002,"sharpe":-1.2198275622515364,"calmar":-42.340188763820436,"sqn":-0.6129,"profit_factor":0.5044896590203578,"max_drawdown_account":0.1355585663545868,"max_drawdown_abs":1455.0966611}],"mix_tag_stats":[{"key":["buy","trailing_stop_loss"],"trades":1,"profit_mean":0.1397568065780029,"profit_mean_pct":13.98,"profit_total_abs":693.1237004,"profit_total":0.06931237004,"profit_total_pct":6.93,"duration_avg":"1 day, 21:55:00","wins":1,"draws":0,"losses":0,"winrate":1.0,"cagr":1.770973161632722,"expectancy":693.1237004,"expectancy_ratio":100.0,"sortino":-100,"sharpe":-100,"calmar":-100,"sqn":-100.0,"profit_factor":0.0,"max_drawdown_account":0.0,"max_drawdown_abs":0.0},{"key":["buy","custom_exit_condition_met"],"trades":1,"profit_mean":0.008257845708771671,"profit_mean_pct":0.83,"profit_total_abs":40.957518,"profit_total":0.0040957518,"profit_total_pct":0.41,"duration_avg":"5:05:00","wins":1,"draws":0,"losses":0,"winrate":1.0,"cagr":0.06413508726835682,"expectancy":40.957518,"expectancy_ratio":100.0,"sortino":-100,"sharpe":-100,"calmar":-100,"sqn":-100.0,"profit_factor":0.0,"max_drawdown_account":0.0,"max_drawdown_abs":0.0},{"key":["buy","sell"],"trades":1,"profit_mean":-0.12213346950461641,"profit_mean_pct":-12.21,"profit_total_abs":-608.25081767,"profit_total":-0.060825081766999994,"profit_total_pct":-6.08,"duration_avg":"2 days, 6:05:00","wins":0,"draws":0,"losses":1,"winrate":0.0,"cagr":-0.6149479230870518,"expectancy":-608.25081767,"expectancy_ratio":-1.0,"sortino":-100,"sharpe":-100,"calmar":-100,"sqn":-100.0,"profit_factor":0.0,"max_drawdown_account":0.0,"max_drawdown_abs":0.0},{"key":["buy","force_exit"],"trades":2,"profit_mean":-0.0847594639120166,"profit_mean_pct":-8.48,"profit_total_abs":-846.8458434300001,"profit_total":-0.08468458434300001,"profit_total_pct":-8.47,"duration_avg":"21 days, 19:18:00","wins":0,"draws":0,"losses":2,"winrate":0.0,"cagr":-0.7396512101161964,"expectancy":-423.42292171500003,"expectancy_ratio":-1.0,"sortino":-55.65066283722677,"sharpe":-55.65066283722677,"calmar":-79.60405489392825,"sqn":-34.9547,"profit_factor":0.0,"max_drawdown_account":0.0846845843430001,"max_drawdown_abs":846.8458434300001},{"key":"TOTAL","trades":5,"profit_mean":-0.028727549008375007,"profit_mean_pct":-2.87,"profit_total_abs":-721.0154427,"profit_total":-0.07210154427,"profit_total_pct":-7.21,"duration_avg":"9 days, 14:20:00","wins":2,"draws":0,"losses":3,"winrate":0.4,"cagr":-0.6795678823371019,"expectancy":-144.20308853999995,"expectancy_ratio":-0.2973062045877852,"sortino":-6.545429789918002,"sharpe":-1.2198275622515364,"calmar":-42.340188763820436,"sqn":-0.6129,"profit_factor":0.5044896590203578,"max_drawdown_account":0.1355585663545868,"max_drawdown_abs":1455.0966611}],"left_open_trades":[{"key":"TRX/USDT","trades":1,"profit_mean":-0.07725576114688042,"profit_mean_pct":-7.73,"profit_total_abs":-411.30943383,"profit_total":-0.041130943382999996,"profit_total_pct":-4.11,"duration_avg":"22 days, 1:50:00","wins":0,"draws":0,"losses":1,"winrate":0.0,"cagr":-0.4720541104474625,"expectancy":-411.30943383,"expectancy_ratio":-1.0,"sortino":-100,"sharpe":-100,"calmar":-100,"sqn":-100.0,"profit_factor":0.0,"max_drawdown_account":0.0,"max_drawdown_abs":0.0},{"key":"PAXG/USDT","trades":1,"profit_mean":-0.09226316667715277,"profit_mean_pct":-9.23,"profit_total_abs":-435.5364096,"profit_total":-0.04355364096,"profit_total_pct":-4.36,"duration_avg":"21 days, 12:45:00","wins":0,"draws":0,"losses":1,"winrate":0.0,"cagr":-0.49198067182766847,"expectancy":-435.5364096,"expectancy_ratio":-1.0,"sortino":-100,"sharpe":-100,"calmar":-100,"sqn":-100.0,"profit_factor":0.0,"max_drawdown_account":0.0,"max_drawdown_abs":0.0},{"key":"TOTAL","trades":2,"profit_mean":-0.0847594639120166,"profit_mean_pct":-8.48,"profit_total_abs":-846.8458434300001,"profit_total":-0.08468458434300001,"profit_total_pct":-8.47,"duration_avg":"21 days, 19:18:00","wins":0,"draws":0,"losses":2,"winrate":0.0,"cagr":-0.7396512101161964,"expectancy":-423.42292171500003,"expectancy_ratio":-1.0,"sortino":-55.65066283722677,"sharpe":-55.65066283722677,"calmar":-79.60405489392825,"sqn":-34.9547,"profit_factor":0.0,"max_drawdown_account":0.0846845843430001,"max_drawdown_abs":846.8458434300001}],"total_trades":5,"trade_count_long":5,"trade_count_short":0,"total_volume":49264.3284424992,"avg_stake_amount":4978.8679899399995,"profit_mean":-0.028727549008375007,"profit_median":-0.07725576114688042,"profit_total":-0.07210154427,"profit_total_long":-0.07210154427,"profit_total_short":0.0,"profit_total_abs":-721.0154427,"profit_total_long_abs":-721.0154427,"profit_total_short_abs":0.0,"cagr":-0.6795678823371019,"expectancy":-144.20308853999995,"expectancy_ratio":-0.2973062045877852,"sortino":-6.545429789918002,"sharpe":-1.2198275622515364,"calmar":-42.340188763820436,"sqn":-0.6129,"profit_factor":0.5044896590203578,"backtest_start":"2025-10-15 00:00:00","backtest_start_ts":1760486400000,"backtest_end":"2025-11-08 00:00:00","backtest_end_ts":1762560000000,"backtest_days":24,"backtest_run_start_ts":1762692865,"backtest_run_end_ts":1762692885,"trades_per_day":0.21,"market_change":-0.08414019148588012,"pairlist":["TRX/USDT","EDEN/USDT","AVNT/USDT","BONK/USDT","PEPE/USDT","BNB/USDT","APT/USDT","LINEA/USDT","WIF/USDT","VIRTUAL/USDT","NEAR/USDT","PUMP/USDT","FET/USDT","ADA/USDT","AVAX/USDT","PLUME/USDT","LTC/USDT","FORM/USDT","CRV/USDT","BTC/USDT","XPL/USDT","TUT/USDT","PAXG/USDT","SOMI/USDT","SHIB/USDT","BIO/USDT","DOT/USDT","FIL/USDT","S/USDT","SEI/USDT","LISTA/USDT","STO/USDT","WLFI/USDT","TRUMP/USDT","ARB/USDT","EIGEN/USDT","LINK/USDT","SUI/USDT","WLD/USDT","ASTER/USDT","TAO/USDT","XLM/USDT","ENA/USDT","SOL/USDT","FLOKI/USDT","TON/USDT","PENDLE/USDT","OPEN/USDT","POL/USDT","MIRA/USDT","ETH/USDT","DOGE/USDT","ONDO/USDT","BMT/USDT","CFX/USDT","ICP/USDT","UNI/USDT","ZEN/USDT","AAVE/USDT","HBAR/USDT","CAKE/USDT"],"stake_amount":"unlimited","stake_currency":"USDT","stake_currency_decimals":3,"starting_balance":10000,"dry_run_wallet":10000,"final_balance":9278.9845573,"rejected_signals":187910,"timedout_entry_orders":0,"timedout_exit_orders":0,"canceled_trade_entries":0,"canceled_entry_orders":0,"replaced_entry_orders":0,"max_open_trades":2,"max_open_trades_setting":2,"timeframe":"5m","timeframe_detail":"","timerange":"20251015-20251108","enable_protections":false,"strategy_name":"KamaFama","freqaimodel":null,"freqai_identifier":null,"stoploss":-0.25,"trailing_stop":false,"trailing_stop_positive":0.002,"trailing_stop_positive_offset":0.05,"trailing_only_offset_is_reached":true,"use_custom_stoploss":true,"minimal_roi":{"0":1},"use_exit_signal":true,"exit_profit_only":false,"exit_profit_offset":0.0,"ignore_roi_if_entry_signal":false,"trading_mode":"spot","margin_mode":"isolated","periodic_breakdown":{"day":[{"date":"15/10/2025","date_ts":1760486400000,"profit_abs":40.957518,"wins":1,"draws":0,"losses":0,"trades":1,"profit_factor":0.0},{"date":"16/10/2025","date_ts":1760572800000,"profit_abs":693.1237004,"wins":1,"draws":0,"losses":0,"trades":1,"profit_factor":0.0},{"date":"17/10/2025","date_ts":1760659200000,"profit_abs":-608.25081767,"wins":0,"draws":0,"losses":1,"trades":1,"profit_factor":0.0},{"date":"18/10/2025","date_ts":1760745600000,"profit_abs":0.0,"wins":0,"draws":0,"losses":0,"trades":0,"profit_factor":0.0},{"date":"19/10/2025","date_ts":1760832000000,"profit_abs":0.0,"wins":0,"draws":0,"losses":0,"trades":0,"profit_factor":0.0},{"date":"20/10/2025","date_ts":1760918400000,"profit_abs":0.0,"wins":0,"draws":0,"losses":0,"trades":0,"profit_factor":0.0},{"date":"21/10/2025","date_ts":1761004800000,"profit_abs":0.0,"wins":0,"draws":0,"losses":0,"trades":0,"profit_factor":0.0},{"date":"22/10/2025","date_ts":1761091200000,"profit_abs":0.0,"wins":0,"draws":0,"losses":0,"trades":0,"profit_factor":0.0},{"date":"23/10/2025","date_ts":1761177600000,"profit_abs":0.0,"wins":0,"draws":0,"losses":0,"trades":0,"profit_factor":0.0},{"date":"24/10/2025","date_ts":1761264000000,"profit_abs":0.0,"wins":0,"draws":0,"losses":0,"trades":0,"profit_factor":0.0},{"date":"25/10/2025","date_ts":1761350400000,"profit_abs":0.0,"wins":0,"draws":0,"losses":0,"trades":0,"profit_factor":0.0},{"date":"26/10/2025","date_ts":1761436800000,"profit_abs":0.0,"wins":0,"draws":0,"losses":0,"trades":0,"profit_factor":0.0},{"date":"27/10/2025","date_ts":1761523200000,"profit_abs":0.0,"wins":0,"draws":0,"losses":0,"trades":0,"profit_factor":0.0},{"date":"28/10/2025","date_ts":1761609600000,"profit_abs":0.0,"wins":0,"draws":0,"losses":0,"trades":0,"profit_factor":0.0},{"date":"29/10/2025","date_ts":1761696000000,"profit_abs":0.0,"wins":0,"draws":0,"losses":0,"trades":0,"profit_factor":0.0},{"date":"30/10/2025","date_ts":1761782400000,"profit_abs":0.0,"wins":0,"draws":0,"losses":0,"trades":0,"profit_factor":0.0},{"date":"31/10/2025","date_ts":1761868800000,"profit_abs":0.0,"wins":0,"draws":0,"losses":0,"trades":0,"profit_factor":0.0},{"date":"01/11/2025","date_ts":1761955200000,"profit_abs":0.0,"wins":0,"draws":0,"losses":0,"trades":0,"profit_factor":0.0},{"date":"02/11/2025","date_ts":1762041600000,"profit_abs":0.0,"wins":0,"draws":0,"losses":0,"trades":0,"profit_factor":0.0},{"date":"03/11/2025","date_ts":1762128000000,"profit_abs":0.0,"wins":0,"draws":0,"losses":0,"trades":0,"profit_factor":0.0},{"date":"04/11/2025","date_ts":1762214400000,"profit_abs":0.0,"wins":0,"draws":0,"losses":0,"trades":0,"profit_factor":0.0},{"date":"05/11/2025","date_ts":1762300800000,"profit_abs":0.0,"wins":0,"draws":0,"losses":0,"trades":0,"profit_factor":0.0},{"date":"06/11/2025","date_ts":1762387200000,"profit_abs":0.0,"wins":0,"draws":0,"losses":0,"trades":0,"profit_factor":0.0},{"date":"07/11/2025","date_ts":1762473600000,"profit_abs":0.0,"wins":0,"draws":0,"losses":0,"trades":0,"profit_factor":0.0},{"date":"08/11/2025","date_ts":1762560000000,"profit_abs":-846.84584343,"wins":0,"draws":0,"losses":2,"trades":2,"profit_factor":0.0}],"week":[{"date":"20/10/2025","date_ts":1760918400000,"profit_abs":125.83040073,"wins":2,"draws":0,"losses":1,"trades":3,"profit_factor":1.20687255},{"date":"27/10/2025","date_ts":1761523200000,"profit_abs":0.0,"wins":0,"draws":0,"losses":0,"trades":0,"profit_factor":0.0},{"date":"03/11/2025","date_ts":1762128000000,"profit_abs":0.0,"wins":0,"draws":0,"losses":0,"trades":0,"profit_factor":0.0},{"date":"10/11/2025","date_ts":1762732800000,"profit_abs":-846.84584343,"wins":0,"draws":0,"losses":2,"trades":2,"profit_factor":0.0}],"month":[{"date":"31/10/2025","date_ts":1761868800000,"profit_abs":125.83040073,"wins":2,"draws":0,"losses":1,"trades":3,"profit_factor":1.20687255},{"date":"30/11/2025","date_ts":1764460800000,"profit_abs":-846.84584343,"wins":0,"draws":0,"losses":2,"trades":2,"profit_factor":0.0}],"year":[{"date":"31/12/2025","date_ts":1767139200000,"profit_abs":-721.0154427,"wins":2,"draws":0,"losses":3,"trades":5,"profit_factor":0.50448966}],"weekday":[{"date":"Wednesday","date_ts":2,"profit_abs":40.957518,"wins":1,"draws":0,"losses":0,"trades":1,"profit_factor":0.0},{"date":"Thursday","date_ts":3,"profit_abs":693.1237004,"wins":1,"draws":0,"losses":0,"trades":1,"profit_factor":0.0},{"date":"Friday","date_ts":4,"profit_abs":-608.25081767,"wins":0,"draws":0,"losses":1,"trades":1,"profit_factor":0.0},{"date":"Saturday","date_ts":5,"profit_abs":-846.84584343,"wins":0,"draws":0,"losses":2,"trades":2,"profit_factor":0.0}]},"backtest_best_day":0.1397568065780029,"backtest_worst_day":-0.1695189278240332,"backtest_best_day_abs":693.1237004,"backtest_worst_day_abs":-846.84584343,"winning_days":2,"draw_days":21,"losing_days":2,"daily_profit":[["2025-10-15",40.957518],["2025-10-16",693.1237004],["2025-10-17",-608.25081767],["2025-10-18",0.0],["2025-10-19",0.0],["2025-10-20",0.0],["2025-10-21",0.0],["2025-10-22",0.0],["2025-10-23",0.0],["2025-10-24",0.0],["2025-10-25",0.0],["2025-10-26",0.0],["2025-10-27",0.0],["2025-10-28",0.0],["2025-10-29",0.0],["2025-10-30",0.0],["2025-10-31",0.0],["2025-11-01",0.0],["2025-11-02",0.0],["2025-11-03",0.0],["2025-11-04",0.0],["2025-11-05",0.0],["2025-11-06",0.0],["2025-11-07",0.0],["2025-11-08",-846.84584343]],"wins":2,"losses":3,"draws":0,"winrate":0.4,"holding_avg":"9 days, 14:20:00","holding_avg_s":829200.0,"winner_holding_min":"0d 05:05","winner_holding_min_s":18300.0,"winner_holding_max":"1d 21:55","winner_holding_max_s":165300.0,"winner_holding_avg":"1d 01:30","winner_holding_avg_s":91800.0,"loser_holding_min":"2d 06:05","loser_holding_min_s":194700.0,"loser_holding_max":"22d 01:50","loser_holding_max_s":1907400.0,"loser_holding_avg":"15d 06:53","loser_holding_avg_s":1320780.0,"max_consecutive_wins":2,"max_consecutive_losses":3,"max_drawdown_account":0.1355585663545868,"max_relative_drawdown":0.1355585663545868,"max_drawdown_abs":1455.0966611,"drawdown_start":"2025-10-16 22:10:00","drawdown_start_ts":1760652600000.0,"drawdown_end":"2025-11-08 00:00:00","drawdown_end_ts":1762560000000.0,"drawdown_duration":"22 days 01:50:00","drawdown_duration_s":1907400.0,"max_drawdown_low":-721.0154427,"max_drawdown_high":734.0812184,"csum_min":9278.9845573,"csum_max":10734.0812184}},"strategy_comparison":[{"key":"KamaFama","trades":5,"profit_mean":-0.028727549008375007,"profit_mean_pct":-2.87,"profit_total_abs":-721.0154427,"profit_total":-0.07210154427,"profit_total_pct":-7.21,"duration_avg":"9 days, 14:20:00","wins":2,"draws":0,"losses":3,"winrate":0.4,"cagr":-0.6795678823371019,"expectancy":-144.20308853999995,"expectancy_ratio":-0.2973062045877852,"sortino":-6.545429789918002,"sharpe":-1.2198275622515364,"calmar":-42.340188763820436,"sqn":-0.6129,"profit_factor":0.5044896590203578,"max_drawdown_account":0.1355585663545868,"max_drawdown_abs":"1455.097"}]}