{"strategy":{"KamaFama":{"trades":[{"pair":"TUT/USDT","stake_amount":4949.977068,"max_stake_amount":4949.977068,"amount":183516.0,"open_date":"2025-10-15 12:35:00+00:00","close_date":"2025-10-15 14:40:00+00:00","open_rate":0.026973,"close_rate":0.028593,"fee_open":0.002,"fee_close":0.002,"trade_duration":125,"profit_ratio":0.055828283373596785,"profit_abs":276.90141989,"exit_reason":"trailing_stop_loss","initial_stop_loss_abs":0.02023,"initial_stop_loss_ratio":-0.25,"stop_loss_abs":0.028593,"stop_loss_ratio":-0.002,"min_rate":0.026816,"max_rate":0.02865,"is_open":false,"enter_tag":"buy","leverage":1.0,"is_short":false,"open_timestamp":1760531700000,"close_timestamp":1760539200000,"orders":[{"amount":183516.0,"safe_price":0.026973,"ft_order_side":"buy","order_filled_timestamp":1760531700000,"ft_is_entry":true,"ft_order_tag":"buy","cost":4959.877022136},{"amount":183516.0,"safe_price":0.028593,"ft_order_side":"sell","order_filled_timestamp":1760539200000,"ft_is_entry":false,"ft_order_tag":"trailing_stop_loss","cost":5257.767533976}],"funding_fees":0.0,"weekday":2},{"pair":"CAKE/USDT","stake_amount":4949.9999478,"max_stake_amount":4949.9999478,"amount":1553.6723,"open_date":"2025-10-15 11:50:00+00:00","close_date":"2025-10-16 00:30:00+00:00","open_rate":3.186,"close_rate":3.099,"fee_open":0.002,"fee_close":0.002,"trade_duration":760,"profit_ratio":-0.031189974100561076,"profit_abs":-154.69915091,"exit_reason":"sell","initial_stop_loss_abs":2.39,"initial_stop_loss_ratio":-0.25,"stop_loss_abs":2.39,"stop_loss_ratio":-0.25,"min_rate":2.991,"max_rate":3.269,"is_open":false,"enter_tag":"buy","leverage":1.0,"is_short":false,"open_timestamp":1760529000000,"close_timestamp":1760574600000,"orders":[{"amount":1553.6723,"safe_price":3.186,"ft_order_side":"buy","order_filled_timestamp":1760529000000,"ft_is_entry":true,"ft_order_tag":"buy","cost":4959.8999476956},{"amount":1553.6723,"safe_price":3.099,"ft_order_side":"sell","order_filled_timestamp":1760574600000,"ft_is_entry":false,"ft_order_tag":"sell","cost":4824.4601186154}],"funding_fees":0.0,"weekday":3},{"pair":"XPL/USDT","stake_amount":5087.0629173,"max_stake_amount":5087.0629173,"amount":10982.67,"open_date":"2025-10-15 20:55:00+00:00","close_date":"2025-10-16 01:30:00+00:00","open_rate":0.46319,"close_rate":0.47386,"fee_open":0.002,"fee_close":0.002,"trade_duration":275,"profit_ratio":0.018951927531036167,"profit_abs":96.60246705,"exit_reason":"sell","initial_stop_loss_abs":0.3474,"initial_stop_loss_ratio":-0.25,"stop_loss_abs":0.3474,"stop_loss_ratio":-0.25,"min_rate":0.45197,"max_rate":0.47697,"is_open":false,"enter_tag":"buy","leverage":1.0,"is_short":false,"open_timestamp":1760561700000,"close_timestamp":1760578200000,"orders":[{"amount":10982.67,"safe_price":0.46319,"ft_order_side":"buy","order_filled_timestamp":1760561700000,"ft_is_entry":true,"ft_order_tag":"buy","cost":5097.2370431346},{"amount":10982.67,"safe_price":0.47386,"ft_order_side":"sell","order_filled_timestamp":1760578200000,"ft_is_entry":false,"ft_order_tag":"sell","cost":5214.6565022124005}],"funding_fees":0.0,"weekday":3},{"pair":"STO/USDT","stake_amount":5058.306806,"max_stake_amount":5058.306806,"amount":30956.59,"open_date":"2025-10-16 14:15:00+00:00","close_date":"2025-10-16 22:00:00+00:00","open_rate":0.1634,"close_rate":0.15383,"fee_open":0.002,"fee_close":0.002,"trade_duration":465,"profit_ratio":-0.062326143306744984,"profit_abs":-315.89528439,"exit_reason":"sell","initial_stop_loss_abs":0.12255,"initial_stop_loss_ratio":-0.25,"stop_loss_abs":0.12255,"stop_loss_ratio":-0.25,"min_rate":0.1481,"max_rate":0.1665,"is_open":false,"enter_tag":"buy","leverage":1.0,"is_short":false,"open_timestamp":1760624100000,"close_timestamp":1760652000000,"orders":[{"amount":30956.59,"safe_price":0.1634,"ft_order_side":"buy","order_filled_timestamp":1760624100000,"ft_is_entry":true,"ft_order_tag":"buy","cost":5068.423419612},{"amount":30956.59,"safe_price":0.15383,"ft_order_side":"sell","order_filled_timestamp":1760652000000,"ft_is_entry":false,"ft_order_tag":"sell","cost":4771.5763441794}],"funding_fees":0.0,"weekday":3},{"pair":"XPL/USDT","stake_amount":5058.3069,"max_stake_amount":5058.3069,"amount":11418.3,"open_date":"2025-10-16 15:55:00+00:00","close_date":"2025-10-17 03:05:00+00:00","open_rate":0.443,"close_rate":0.4343,"fee_open":0.002,"fee_close":0.002,"trade_duration":670,"profit_ratio":-0.023552443645440492,"profit_abs":-119.37375918,"exit_reason":"sell","initial_stop_loss_abs":0.33225,"initial_stop_loss_ratio":-0.25,"stop_loss_abs":0.33225,"stop_loss_ratio":-0.25,"min_rate":0.41806,"max_rate":0.44973,"is_open":false,"enter_tag":"buy","leverage":1.0,"is_short":false,"open_timestamp":1760630100000,"close_timestamp":1760670300000,"orders":[{"amount":11418.3,"safe_price":0.443,"ft_order_side":"buy","order_filled_timestamp":1760630100000,"ft_is_entry":true,"ft_order_tag":"buy","cost":5068.4235137999995},{"amount":11418.3,"safe_price":0.4343,"ft_order_side":"sell","order_filled_timestamp":1760670300000,"ft_is_entry":false,"ft_order_tag":"sell","cost":4968.8856253799995}],"funding_fees":0.0,"weekday":4},{"pair":"TAO/USDT","stake_amount":4842.6402,"max_stake_amount":4842.6402,"amount":13.703,"open_date":"2025-10-17 07:30:00+00:00","close_date":"2025-10-17 09:30:00+00:00","open_rate":353.4,"close_rate":361.7,"fee_open":0.002,"fee_close":0.002,"trade_duration":120,"profit_ratio":0.01940036169878692,"profit_abs":94.1368694,"exit_reason":"sell","initial_stop_loss_abs":265.04999999999995,"initial_stop_loss_ratio":-0.25,"stop_loss_abs":265.04999999999995,"stop_loss_ratio":-0.25,"min_rate":342.0,"max_rate":368.0,"is_open":false,"enter_tag":"buy","leverage":1.0,"is_short":false,"open_timestamp":1760686200000,"close_timestamp":1760693400000,"orders":[{"amount":13.703,"safe_price":353.4,"ft_order_side":"buy","order_filled_timestamp":1760686200000,"ft_is_entry":true,"ft_order_tag":"buy","cost":4852.3254804},{"amount":13.703,"safe_price":361.7,"ft_order_side":"sell","order_filled_timestamp":1760693400000,"ft_is_entry":false,"ft_order_tag":"sell","cost":4966.287850199999}],"funding_fees":0.0,"weekday":4},{"pair":"EDEN/USDT","stake_amount":4842.849414,"max_stake_amount":4842.849414,"amount":30534.99,"open_date":"2025-10-17 07:30:00+00:00","close_date":"2025-10-17 11:20:00+00:00","open_rate":0.1586,"close_rate":0.1489,"fee_open":0.002,"fee_close":0.002,"trade_duration":230,"profit_ratio":-0.06490801499145468,"profit_abs":-314.96842185,"exit_reason":"sell","initial_stop_loss_abs":0.119,"initial_stop_loss_ratio":-0.25,"stop_loss_abs":0.119,"stop_loss_ratio":-0.25,"min_rate":0.1411,"max_rate":0.1586,"is_open":false,"enter_tag":"buy","leverage":1.0,"is_short":false,"open_timestamp":1760686200000,"close_timestamp":1760700000000,"orders":[{"amount":30534.99,"safe_price":0.1586,"ft_order_side":"buy","order_filled_timestamp":1760686200000,"ft_is_entry":true,"ft_order_tag":"buy","cost":4852.535112828},{"amount":30534.99,"safe_price":0.1489,"ft_order_side":"sell","order_filled_timestamp":1760700000000,"ft_is_entry":false,"ft_order_tag":"sell","cost":4555.753331022}],"funding_fees":0.0,"weekday":4},{"pair":"EDEN/USDT","stake_amount":4733.537909,"max_stake_amount":4733.537909,"amount":34576.61,"open_date":"2025-10-18 16:35:00+00:00","close_date":"2025-10-18 16:50:00+00:00","open_rate":0.1369,"close_rate":0.1469,"fee_open":0.002,"fee_close":0.002,"trade_duration":15,"profit_ratio":0.0687624021488383,"profit_abs":326.14041616,"exit_reason":"trailing_stop_loss","initial_stop_loss_abs":0.1027,"initial_stop_loss_ratio":-0.25,"stop_loss_abs":0.1469,"stop_loss_ratio":-0.002,"min_rate":0.1368,"max_rate":0.1471,"is_open":false,"enter_tag":"buy","leverage":1.0,"is_short":false,"open_timestamp":1760805300000,"close_timestamp":1760806200000,"orders":[{"amount":34576.61,"safe_price":0.1369,"ft_order_side":"buy","order_filled_timestamp":1760805300000,"ft_is_entry":true,"ft_order_tag":"buy","cost":4743.004984818},{"amount":34576.61,"safe_price":0.1469,"ft_order_side":"sell","order_filled_timestamp":1760806200000,"ft_is_entry":false,"ft_order_tag":"trailing_stop_loss","cost":5089.462617018001}],"funding_fees":0.0,"weekday":5},{"pair":"BIO/USDT","stake_amount":4894.9776624,"max_stake_amount":4894.9776624,"amount":45884.68,"open_date":"2025-10-20 16:15:00+00:00","close_date":"2025-10-20 18:00:00+00:00","open_rate":0.10668,"close_rate":0.1113,"fee_open":0.002,"fee_close":0.002,"trade_duration":105,"profit_ratio":0.03914218806538612,"profit_abs":191.98333651,"exit_reason":"sell","initial_stop_loss_abs":0.08001,"initial_stop_loss_ratio":-0.25,"stop_loss_abs":0.08001,"stop_loss_ratio":-0.25,"min_rate":0.10321,"max_rate":0.1123,"is_open":false,"enter_tag":"buy","leverage":1.0,"is_short":false,"open_timestamp":1760976900000,"close_timestamp":1760983200000,"orders":[{"amount":45884.68,"safe_price":0.10668,"ft_order_side":"buy","order_filled_timestamp":1760976900000,"ft_is_entry":true,"ft_order_tag":"buy","cost":4904.7676177247995},{"amount":45884.68,"safe_price":0.1113,"ft_order_side":"sell","order_filled_timestamp":1760983200000,"ft_is_entry":false,"ft_order_tag":"sell","cost":5117.178813768}],"funding_fees":0.0,"weekday":0},{"pair":"ASTER/USDT","stake_amount":4990.006556,"max_stake_amount":4990.006556,"amount":4640.14,"open_date":"2025-10-21 05:00:00+00:00","close_date":"2025-10-21 12:25:00+00:00","open_rate":1.0754,"close_rate":1.1261,"fee_open":0.002,"fee_close":0.002,"trade_duration":445,"profit_ratio":0.04296502772769506,"profit_abs":214.82456158,"exit_reason":"sell","initial_stop_loss_abs":0.8066,"initial_stop_loss_ratio":-0.25,"stop_loss_abs":0.8066,"stop_loss_ratio":-0.25,"min_rate":1.064,"max_rate":1.1301,"is_open":false,"enter_tag":"buy","leverage":1.0,"is_short":false,"open_timestamp":1761022800000,"close_timestamp":1761049500000,"orders":[{"amount":4640.14,"safe_price":1.0754,"ft_order_side":"buy","order_filled_timestamp":1761022800000,"ft_is_entry":true,"ft_order_tag":"buy","cost":4999.986569112},{"amount":4640.14,"safe_price":1.1261,"ft_order_side":"sell","order_filled_timestamp":1761049500000,"ft_is_entry":false,"ft_order_tag":"sell","cost":5235.712177308001}],"funding_fees":0.0,"weekday":1},{"pair":"BIO/USDT","stake_amount":4990.0097004,"max_stake_amount":4990.0097004,"amount":50949.66,"open_date":"2025-10-21 01:30:00+00:00","close_date":"2025-10-21 14:50:00+00:00","open_rate":0.09794,"close_rate":0.09308,"fee_open":0.002,"fee_close":0.002,"trade_duration":800,"profit_ratio":-0.053416140967713924,"profit_abs":-267.08015571,"exit_reason":"sell","initial_stop_loss_abs":0.07346,"initial_stop_loss_ratio":-0.25,"stop_loss_abs":0.07346,"stop_loss_ratio":-0.25,"min_rate":0.08959,"max_rate":0.09812,"is_open":false,"enter_tag":"buy","leverage":1.0,"is_short":false,"open_timestamp":1761010200000,"close_timestamp":1761058200000,"orders":[{"amount":50949.66,"safe_price":0.09794,"ft_order_side":"buy","order_filled_timestamp":1761010200000,"ft_is_entry":true,"ft_order_tag":"buy","cost":4999.9897198008},{"amount":50949.66,"safe_price":0.09308,"ft_order_side":"sell","order_filled_timestamp":1761058200000,"ft_is_entry":false,"ft_order_tag":"sell","cost":4751.8791415056}],"funding_fees":0.0,"weekday":1},{"pair":"OPEN/USDT","stake_amount":5096.3458225,"max_stake_amount":5096.3458225,"amount":13219.75,"open_date":"2025-10-21 14:30:00+00:00","close_date":"2025-10-21 16:40:00+00:00","open_rate":0.38551,"close_rate":0.41795,"fee_open":0.002,"fee_close":0.002,"trade_duration":130,"profit_ratio":0.07982033391130634,"profit_abs":407.60560933,"exit_reason":"trailing_stop_loss","initial_stop_loss_abs":0.28914,"initial_stop_loss_ratio":-0.25,"stop_loss_abs":0.41795,"stop_loss_ratio":-0.002,"min_rate":0.38476,"max_rate":0.41878,"is_open":false,"enter_tag":"buy","leverage":1.0,"is_short":false,"open_timestamp":1761057000000,"close_timestamp":1761064800000,"orders":[{"amount":13219.75,"safe_price":0.38551,"ft_order_side":"buy","order_filled_timestamp":1761057000000,"ft_is_entry":true,"ft_order_tag":"buy","cost":5106.538514145001},{"amount":13219.75,"safe_price":0.41795,"ft_order_side":"sell","order_filled_timestamp":1761064800000,"ft_is_entry":false,"ft_order_tag":"trailing_stop_loss","cost":5536.244901525}],"funding_fees":0.0,"weekday":1},{"pair":"AVNT/USDT","stake_amount":5165.9079888,"max_stake_amount":5165.9079888,"amount":8431.52,"open_date":"2025-10-21 23:05:00+00:00","close_date":"2025-10-22 00:10:00+00:00","open_rate":0.61269,"close_rate":0.62372,"fee_open":0.002,"fee_close":0.002,"trade_duration":65,"profit_ratio":0.013938696241122076,"profit_abs":72.15003431,"exit_reason":"sell","initial_stop_loss_abs":0.45952,"initial_stop_loss_ratio":-0.25,"stop_loss_abs":0.45952,"stop_loss_ratio":-0.25,"min_rate":0.59026,"max_rate":0.63274,"is_open":false,"enter_tag":"buy","leverage":1.0,"is_short":false,"open_timestamp":1761087900000,"close_timestamp":1761091800000,"orders":[{"amount":8431.52,"safe_price":0.61269,"ft_order_side":"buy","order_filled_timestamp":1761087900000,"ft_is_entry":true,"ft_order_tag":"buy","cost":5176.2398047776},{"amount":8431.52,"safe_price":0.62372,"ft_order_side":"sell","order_filled_timestamp":1761091800000,"ft_is_entry":false,"ft_order_tag":"sell","cost":5269.425469708801}],"funding_fees":0.0,"weekday":2},{"pair":"ZEN/USDT","stake_amount":5165.87409,"max_stake_amount":5165.87409,"amount":425.49,"open_date":"2025-10-21 23:45:00+00:00","close_date":"2025-10-22 04:35:00+00:00","open_rate":12.141,"close_rate":12.271,"fee_open":0.002,"fee_close":0.002,"trade_duration":290,"profit_ratio":0.006672759414866011,"profit_abs":34.53957624,"exit_reason":"sell","initial_stop_loss_abs":9.10575,"initial_stop_loss_ratio":-0.25,"stop_loss_abs":9.10575,"stop_loss_ratio":-0.25,"min_rate":11.88,"max_rate":12.423,"is_open":false,"enter_tag":"buy","leverage":1.0,"is_short":false,"open_timestamp":1761090300000,"close_timestamp":1761107700000,"orders":[{"amount":425.49,"safe_price":12.141,"ft_order_side":"buy","order_filled_timestamp":1761090300000,"ft_is_entry":true,"ft_order_tag":"buy","cost":5176.205838180001},{"amount":425.49,"safe_price":12.271,"ft_order_side":"sell","order_filled_timestamp":1761107700000,"ft_is_entry":false,"ft_order_tag":"sell","cost":5231.630165580001}],"funding_fees":0.0,"weekday":2},{"pair":"ASTER/USDT","stake_amount":5218.712391,"max_stake_amount":5218.712391,"amount":5244.41,"open_date":"2025-10-22 10:10:00+00:00","close_date":"2025-10-22 12:40:00+00:00","open_rate":0.9951,"close_rate":1.0246,"fee_open":0.002,"fee_close":0.002,"trade_duration":150,"profit_ratio":0.025534901457022363,"profit_abs":133.52582525,"exit_reason":"sell","initial_stop_loss_abs":0.7464,"initial_stop_loss_ratio":-0.25,"stop_loss_abs":0.7464,"stop_loss_ratio":-0.25,"min_rate":0.9804,"max_rate":1.0263,"is_open":false,"enter_tag":"buy","leverage":1.0,"is_short":false,"open_timestamp":1761127800000,"close_timestamp":1761136800000,"orders":[{"amount":5244.41,"safe_price":0.9951,"ft_order_side":"buy","order_filled_timestamp":1761127800000,"ft_is_entry":true,"ft_order_tag":"buy","cost":5229.149815782},{"amount":5244.41,"safe_price":1.0246,"ft_order_side":"sell","order_filled_timestamp":1761136800000,"ft_is_entry":false,"ft_order_tag":"sell","cost":5384.169330971999}],"funding_fees":0.0,"weekday":2},{"pair":"AVNT/USDT","stake_amount":5284.8086605,"max_stake_amount":5284.8086605,"amount":8546.63,"open_date":"2025-10-22 20:30:00+00:00","close_date":"2025-10-22 22:05:00+00:00","open_rate":0.61835,"close_rate":0.63445,"fee_open":0.002,"fee_close":0.002,"trade_duration":95,"profit_ratio":0.021941077818110024,"profit_abs":116.18630687,"exit_reason":"sell","initial_stop_loss_abs":0.46377,"initial_stop_loss_ratio":-0.25,"stop_loss_abs":0.46377,"stop_loss_ratio":-0.25,"min_rate":0.59798,"max_rate":0.64705,"is_open":false,"enter_tag":"buy","leverage":1.0,"is_short":false,"open_timestamp":1761165000000,"close_timestamp":1761170700000,"orders":[{"amount":8546.63,"safe_price":0.61835,"ft_order_side":"buy","order_filled_timestamp":1761165000000,"ft_is_entry":true,"ft_order_tag":"buy","cost":5295.378277820999},{"amount":8546.63,"safe_price":0.63445,"ft_order_side":"sell","order_filled_timestamp":1761170700000,"ft_is_entry":false,"ft_order_tag":"sell","cost":5433.254222306999}],"funding_fees":0.0,"weekday":2},{"pair":"OPEN/USDT","stake_amount":5284.8141185,"max_stake_amount":5284.8141185,"amount":15292.15,"open_date":"2025-10-22 21:20:00+00:00","close_date":"2025-10-23 01:30:00+00:00","open_rate":0.34559,"close_rate":0.35523,"fee_open":0.002,"fee_close":0.002,"trade_duration":250,"profit_ratio":0.02379095508378026,"profit_abs":125.98223687,"exit_reason":"sell","initial_stop_loss_abs":0.2592,"initial_stop_loss_ratio":-0.25,"stop_loss_abs":0.2592,"stop_loss_ratio":-0.25,"min_rate":0.33772,"max_rate":0.35892,"is_open":false,"enter_tag":"buy","leverage":1.0,"is_short":false,"open_timestamp":1761168000000,"close_timestamp":1761183000000,"orders":[{"amount":15292.15,"safe_price":0.34559,"ft_order_side":"buy","order_filled_timestamp":1761168000000,"ft_is_entry":true,"ft_order_tag":"buy","cost":5295.383746737},{"amount":15292.15,"safe_price":0.35523,"ft_order_side":"sell","order_filled_timestamp":1761183000000,"ft_is_entry":false,"ft_order_tag":"sell","cost":5443.094905389}],"funding_fees":0.0,"weekday":3},{"pair":"AVNT/USDT","stake_amount":5404.685576,"max_stake_amount":5404.685576,"amount":6999.8,"open_date":"2025-10-24 22:30:00+00:00","close_date":"2025-10-25 00:15:00+00:00","open_rate":0.77212,"close_rate":0.80387,"fee_open":0.002,"fee_close":0.002,"trade_duration":105,"profit_ratio":0.03696438134528674,"profit_abs":200.1804204,"exit_reason":"sell","initial_stop_loss_abs":0.57909,"initial_stop_loss_ratio":-0.25,"stop_loss_abs":0.57909,"stop_loss_ratio":-0.25,"min_rate":0.75232,"max_rate":0.81363,"is_open":false,"enter_tag":"buy","leverage":1.0,"is_short":false,"open_timestamp":1761345000000,"close_timestamp":1761351300000,"orders":[{"amount":6999.8,"safe_price":0.77212,"ft_order_side":"buy","order_filled_timestamp":1761345000000,"ft_is_entry":true,"ft_order_tag":"buy","cost":5415.494947152},{"amount":6999.8,"safe_price":0.80387,"ft_order_side":"sell","order_filled_timestamp":1761351300000,"ft_is_entry":false,"ft_order_tag":"sell","cost":5638.183084452}],"funding_fees":0.0,"weekday":5},{"pair":"AVNT/USDT","stake_amount":5503.7755422,"max_stake_amount":5503.7755422,"amount":7274.93,"open_date":"2025-10-25 03:40:00+00:00","close_date":"2025-10-25 05:45:00+00:00","open_rate":0.75654,"close_rate":0.78491,"fee_open":0.002,"fee_close":0.002,"trade_duration":125,"profit_ratio":0.03335795429996489,"profit_abs":183.9618824,"exit_reason":"sell","initial_stop_loss_abs":0.56741,"initial_stop_loss_ratio":-0.25,"stop_loss_abs":0.56741,"stop_loss_ratio":-0.25,"min_rate":0.74839,"max_rate":0.78709,"is_open":false,"enter_tag":"buy","leverage":1.0,"is_short":false,"open_timestamp":1761363600000,"close_timestamp":1761371100000,"orders":[{"amount":7274.93,"safe_price":0.75654,"ft_order_side":"buy","order_filled_timestamp":1761363600000,"ft_is_entry":true,"ft_order_tag":"buy","cost":5514.7830932844},{"amount":7274.93,"safe_price":0.78491,"ft_order_side":"sell","order_filled_timestamp":1761371100000,"ft_is_entry":false,"ft_order_tag":"sell","cost":5721.5856369126}],"funding_fees":0.0,"weekday":5},{"pair":"EDEN/USDT","stake_amount":5594.83804,"max_stake_amount":5594.83804,"amount":29918.92,"open_date":"2025-10-25 15:30:00+00:00","close_date":"2025-10-25 16:25:00+00:00","open_rate":0.187,"close_rate":0.1993,"fee_open":0.002,"fee_close":0.002,"trade_duration":55,"profit_ratio":0.06152080865043628,"profit_abs":344.88735841,"exit_reason":"trailing_stop_loss","initial_stop_loss_abs":0.1403,"initial_stop_loss_ratio":-0.25,"stop_loss_abs":0.1993,"stop_loss_ratio":-0.002,"min_rate":0.1833,"max_rate":0.1996,"is_open":false,"enter_tag":"buy","leverage":1.0,"is_short":false,"open_timestamp":1761406200000,"close_timestamp":1761409500000,"orders":[{"amount":29918.92,"safe_price":0.187,"ft_order_side":"buy","order_filled_timestamp":1761406200000,"ft_is_entry":true,"ft_order_tag":"buy","cost":5606.02771608},{"amount":29918.92,"safe_price":0.1993,"ft_order_side":"sell","order_filled_timestamp":1761409500000,"ft_is_entry":false,"ft_order_tag":"trailing_stop_loss","cost":5974.766437511999}],"funding_fees":0.0,"weekday":5},{"pair":"EDEN/USDT","stake_amount":5765.557077,"max_stake_amount":5765.557077,"amount":31557.51,"open_date":"2025-10-26 02:30:00+00:00","close_date":"2025-10-26 04:35:00+00:00","open_rate":0.1827,"close_rate":0.1881,"fee_open":0.002,"fee_close":0.002,"trade_duration":125,"profit_ratio":0.025446643657803424,"profit_abs":147.00750458,"exit_reason":"sell","initial_stop_loss_abs":0.1371,"initial_stop_loss_ratio":-0.25,"stop_loss_abs":0.1371,"stop_loss_ratio":-0.25,"min_rate":0.1787,"max_rate":0.1881,"is_open":false,"enter_tag":"buy","leverage":1.0,"is_short":false,"open_timestamp":1761445800000,"close_timestamp":1761453300000,"orders":[{"amount":31557.51,"safe_price":0.1827,"ft_order_side":"buy","order_filled_timestamp":1761445800000,"ft_is_entry":true,"ft_order_tag":"buy","cost":5777.088191153999},{"amount":31557.51,"safe_price":0.1881,"ft_order_side":"sell","order_filled_timestamp":1761453300000,"ft_is_entry":false,"ft_order_tag":"sell","cost":5947.839566262}],"funding_fees":0.0,"weekday":6},{"pair":"VIRTUAL/USDT","stake_amount":5765.547291,"max_stake_amount":5765.547291,"amount":4758.23,"open_date":"2025-10-26 03:35:00+00:00","close_date":"2025-10-26 11:15:00+00:00","open_rate":1.2117,"close_rate":1.2341,"fee_open":0.002,"fee_close":0.002,"trade_duration":460,"profit_ratio":0.014420609964011628,"profit_abs":83.30899413,"exit_reason":"sell","initial_stop_loss_abs":0.9088,"initial_stop_loss_ratio":-0.25,"stop_loss_abs":0.9088,"stop_loss_ratio":-0.25,"min_rate":1.1775,"max_rate":1.2385,"is_open":false,"enter_tag":"buy","leverage":1.0,"is_short":false,"open_timestamp":1761449700000,"close_timestamp":1761477300000,"orders":[{"amount":4758.23,"safe_price":1.2117,"ft_order_side":"buy","order_filled_timestamp":1761449700000,"ft_is_entry":true,"ft_order_tag":"buy","cost":5777.078385582},{"amount":4758.23,"safe_price":1.2341,"ft_order_side":"sell","order_filled_timestamp":1761477300000,"ft_is_entry":false,"ft_order_tag":"sell","cost":5883.875906286}],"funding_fees":0.0,"weekday":6},{"pair":"EDEN/USDT","stake_amount":5879.564472,"max_stake_amount":5879.564472,"amount":31508.92,"open_date":"2025-10-27 09:15:00+00:00","close_date":"2025-10-27 11:35:00+00:00","open_rate":0.1866,"close_rate":0.1897,"fee_open":0.002,"fee_close":0.002,"trade_duration":140,"profit_ratio":0.012554740465817959,"profit_abs":73.96403881,"exit_reason":"sell","initial_stop_loss_abs":0.14,"initial_stop_loss_ratio":-0.25,"stop_loss_abs":0.14,"stop_loss_ratio":-0.25,"min_rate":0.1822,"max_rate":0.1904,"is_open":false,"enter_tag":"buy","leverage":1.0,"is_short":false,"open_timestamp":1761556500000,"close_timestamp":1761564900000,"orders":[{"amount":31508.92,"safe_price":0.1866,"ft_order_side":"buy","order_filled_timestamp":1761556500000,"ft_is_entry":true,"ft_order_tag":"buy","cost":5891.323600943999},{"amount":31508.92,"safe_price":0.1897,"ft_order_side":"sell","order_filled_timestamp":1761564900000,"ft_is_entry":false,"ft_order_tag":"sell","cost":5989.196608248}],"funding_fees":0.0,"weekday":0},{"pair":"EDEN/USDT","stake_amount":5916.175486,"max_stake_amount":5916.175486,"amount":37658.66,"open_date":"2025-10-28 21:10:00+00:00","close_date":"2025-10-29 03:20:00+00:00","open_rate":0.1571,"close_rate":0.1642,"fee_open":0.002,"fee_close":0.002,"trade_duration":370,"profit_ratio":0.04102171214473524,"profit_abs":243.17703108,"exit_reason":"sell","initial_stop_loss_abs":0.1179,"initial_stop_loss_ratio":-0.25,"stop_loss_abs":0.1656,"stop_loss_ratio":-0.002,"min_rate":0.1565,"max_rate":0.1659,"is_open":false,"enter_tag":"buy","leverage":1.0,"is_short":false,"open_timestamp":1761685800000,"close_timestamp":1761708000000,"orders":[{"amount":37658.66,"safe_price":0.1571,"ft_order_side":"buy","order_filled_timestamp":1761685800000,"ft_is_entry":true,"ft_order_tag":"buy","cost":5928.007836972},{"amount":37658.66,"safe_price":0.1642,"ft_order_side":"sell","order_filled_timestamp":1761708000000,"ft_is_entry":false,"ft_order_tag":"sell","cost":6195.919075944001}],"funding_fees":0.0,"weekday":2},{"pair":"XPL/USDT","stake_amount":6036.5463555,"max_stake_amount":6036.5463555,"amount":18393.45,"open_date":"2025-10-30 00:20:00+00:00","close_date":"2025-10-30 23:35:00+00:00","open_rate":0.32819,"close_rate":0.29626,"fee_open":0.002,"fee_close":0.002,"trade_duration":1395,"profit_ratio":-0.10089483119829944,"profit_abs":-610.27443821,"exit_reason":"sell","initial_stop_loss_abs":0.24615,"initial_stop_loss_ratio":-0.25,"stop_loss_abs":0.24615,"stop_loss_ratio":-0.25,"min_rate":0.28223,"max_rate":0.33712,"is_open":false,"enter_tag":"buy","leverage":1.0,"is_short":false,"open_timestamp":1761783600000,"close_timestamp":1761867300000,"orders":[{"amount":18393.45,"safe_price":0.32819,"ft_order_side":"buy","order_filled_timestamp":1761783600000,"ft_is_entry":true,"ft_order_tag":"buy","cost":6048.6194482109995},{"amount":18393.45,"safe_price":0.29626,"ft_order_side":"sell","order_filled_timestamp":1761867300000,"ft_is_entry":false,"ft_order_tag":"sell","cost":5460.141983994001}],"funding_fees":0.0,"weekday":3},{"pair":"EDEN/USDT","stake_amount":6036.54814,"max_stake_amount":6036.54814,"amount":45387.58,"open_date":"2025-10-30 11:50:00+00:00","close_date":"2025-10-31 04:25:00+00:00","open_rate":0.133,"close_rate":0.1321,"fee_open":0.002,"fee_close":0.002,"trade_duration":995,"profit_ratio":-0.010731919620069108,"profit_abs":-64.91331692,"exit_reason":"sell","initial_stop_loss_abs":0.0998,"initial_stop_loss_ratio":-0.25,"stop_loss_abs":0.0998,"stop_loss_ratio":-0.25,"min_rate":0.1262,"max_rate":0.137,"is_open":false,"enter_tag":"buy","leverage":1.0,"is_short":false,"open_timestamp":1761825000000,"close_timestamp":1761884700000,"orders":[{"amount":45387.58,"safe_price":0.133,"ft_order_side":"buy","order_filled_timestamp":1761825000000,"ft_is_entry":true,"ft_order_tag":"buy","cost":6048.621236280001},{"amount":45387.58,"safe_price":0.1321,"ft_order_side":"sell","order_filled_timestamp":1761884700000,"ft_is_entry":false,"ft_order_tag":"sell","cost":6007.690716636}],"funding_fees":0.0,"weekday":4},{"pair":"ZEN/USDT","stake_amount":5702.17515,"max_stake_amount":5702.17515,"amount":313.91,"open_date":"2025-11-01 14:35:00+00:00","close_date":"2025-11-01 14:40:00+00:00","open_rate":18.165,"close_rate":19.14164,"fee_open":0.002,"fee_close":0.002,"trade_duration":5,"profit_ratio":0.049558286126084795,"profit_abs":283.15520768,"exit_reason":"trailing_stop_loss","initial_stop_loss_abs":13.62375,"initial_stop_loss_ratio":-0.25,"stop_loss_abs":19.14164,"stop_loss_ratio":-0.002,"min_rate":18.149,"max_rate":19.18,"is_open":false,"enter_tag":"buy","leverage":1.0,"is_short":false,"open_timestamp":1762007700000,"close_timestamp":1762008000000,"orders":[{"amount":313.91,"safe_price":18.165,"ft_order_side":"buy","order_filled_timestamp":1762007700000,"ft_is_entry":true,"ft_order_tag":"buy","cost":5713.5795003},{"amount":313.91,"safe_price":19.14164,"ft_order_side":"sell","order_filled_timestamp":1762008000000,"ft_is_entry":false,"ft_order_tag":"trailing_stop_loss","cost":6020.7697168248}],"funding_fees":0.0,"weekday":5},{"pair":"ZEN/USDT","stake_amount":5842.38588,"max_stake_amount":5842.38588,"amount":313.08,"open_date":"2025-11-02 05:50:00+00:00","close_date":"2025-11-02 06:45:00+00:00","open_rate":18.661,"close_rate":19.075,"fee_open":0.002,"fee_close":0.002,"trade_duration":55,"profit_ratio":0.018104726188799186,"profit_abs":105.98634624,"exit_reason":"sell","initial_stop_loss_abs":13.995750000000001,"initial_stop_loss_ratio":-0.25,"stop_loss_abs":13.995750000000001,"stop_loss_ratio":-0.25,"min_rate":17.732,"max_rate":19.311,"is_open":false,"enter_tag":"buy","leverage":1.0,"is_short":false,"open_timestamp":1762062600000,"close_timestamp":1762065900000,"orders":[{"amount":313.08,"safe_price":18.661,"ft_order_side":"buy","order_filled_timestamp":1762062600000,"ft_is_entry":true,"ft_order_tag":"buy","cost":5854.07065176},{"amount":313.08,"safe_price":19.075,"ft_order_side":"sell","order_filled_timestamp":1762065900000,"ft_is_entry":false,"ft_order_tag":"sell","cost":5983.9450019999995}],"funding_fees":0.0,"weekday":6},{"pair":"ZEN/USDT","stake_amount":5894.78301,"max_stake_amount":5894.78301,"amount":339.19,"open_date":"2025-11-02 14:25:00+00:00","close_date":"2025-11-02 22:15:00+00:00","open_rate":17.379,"close_rate":17.646,"fee_open":0.002,"fee_close":0.002,"trade_duration":470,"profit_ratio":0.011310022799214276,"profit_abs":66.8034705,"exit_reason":"sell","initial_stop_loss_abs":13.03425,"initial_stop_loss_ratio":-0.25,"stop_loss_abs":13.03425,"stop_loss_ratio":-0.25,"min_rate":16.366,"max_rate":17.822,"is_open":false,"enter_tag":"buy","leverage":1.0,"is_short":false,"open_timestamp":1762093500000,"close_timestamp":1762121700000,"orders":[{"amount":339.19,"safe_price":17.379,"ft_order_side":"buy","order_filled_timestamp":1762093500000,"ft_is_entry":true,"ft_order_tag":"buy","cost":5906.57257602},{"amount":339.19,"safe_price":17.646,"ft_order_side":"sell","order_filled_timestamp":1762121700000,"ft_is_entry":false,"ft_order_tag":"sell","cost":5997.31743348}],"funding_fees":0.0,"weekday":6},{"pair":"ZEN/USDT","stake_amount":5927.92227,"max_stake_amount":5927.92227,"amount":369.41,"open_date":"2025-11-03 03:50:00+00:00","close_date":"2025-11-03 05:15:00+00:00","open_rate":16.047,"close_rate":16.466,"fee_open":0.002,"fee_close":0.002,"trade_duration":85,"profit_ratio":0.022014548829679084,"profit_abs":130.76153534,"exit_reason":"sell","initial_stop_loss_abs":12.035250000000001,"initial_stop_loss_ratio":-0.25,"stop_loss_abs":12.035250000000001,"stop_loss_ratio":-0.25,"min_rate":15.714,"max_rate":16.497,"is_open":false,"enter_tag":"buy","leverage":1.0,"is_short":false,"open_timestamp":1762141800000,"close_timestamp":1762146900000,"orders":[{"amount":369.41,"safe_price":16.047,"ft_order_side":"buy","order_filled_timestamp":1762141800000,"ft_is_entry":true,"ft_order_tag":"buy","cost":5939.778114540001},{"amount":369.41,"safe_price":16.466,"ft_order_side":"sell","order_filled_timestamp":1762146900000,"ft_is_entry":false,"ft_order_tag":"sell","cost":6094.870470120001}],"funding_fees":0.0,"weekday":0},{"pair":"ICP/USDT","stake_amount":5992.75107,"max_stake_amount":5992.75107,"amount":1594.665,"open_date":"2025-11-03 07:35:00+00:00","close_date":"2025-11-03 09:10:00+00:00","open_rate":3.758,"close_rate":3.892,"fee_open":0.002,"fee_close":0.002,"trade_duration":95,"profit_ratio":0.03152290416505998,"profit_abs":189.2867355,"exit_reason":"sell","initial_stop_loss_abs":2.8185,"initial_stop_loss_ratio":-0.25,"stop_loss_abs":2.8185,"stop_loss_ratio":-0.25,"min_rate":3.738,"max_rate":3.908,"is_open":false,"enter_tag":"buy","leverage":1.0,"is_short":false,"open_timestamp":1762155300000,"close_timestamp":1762161000000,"orders":[{"amount":1594.665,"safe_price":3.758,"ft_order_side":"buy","order_filled_timestamp":1762155300000,"ft_is_entry":true,"ft_order_tag":"buy","cost":6004.73657214},{"amount":1594.665,"safe_price":3.892,"ft_order_side":"sell","order_filled_timestamp":1762161000000,"ft_is_entry":false,"ft_order_tag":"sell","cost":6218.849052359999}],"funding_fees":0.0,"weekday":0},{"pair":"OPEN/USDT","stake_amount":6086.4463286,"max_stake_amount":6086.4463286,"amount":20539.42,"open_date":"2025-11-03 15:40:00+00:00","close_date":"2025-11-04 00:40:00+00:00","open_rate":0.29633,"close_rate":0.30224,"fee_open":0.002,"fee_close":0.002,"trade_duration":540,"profit_ratio":0.015872348711754018,"profit_abs":96.79941094,"exit_reason":"sell","initial_stop_loss_abs":0.22225,"initial_stop_loss_ratio":-0.25,"stop_loss_abs":0.22225,"stop_loss_ratio":-0.25,"min_rate":0.28815,"max_rate":0.30643,"is_open":false,"enter_tag":"buy","leverage":1.0,"is_short":false,"open_timestamp":1762184400000,"close_timestamp":1762216800000,"orders":[{"amount":20539.42,"safe_price":0.29633,"ft_order_side":"buy","order_filled_timestamp":1762184400000,"ft_is_entry":true,"ft_order_tag":"buy","cost":6098.619221257199},{"amount":20539.42,"safe_price":0.30224,"ft_order_side":"sell","order_filled_timestamp":1762216800000,"ft_is_entry":false,"ft_order_tag":"sell","cost":6220.2499694016}],"funding_fees":0.0,"weekday":1},{"pair":"ASTER/USDT","stake_amount":5928.018896,"max_stake_amount":5928.018896,"amount":5341.52,"open_date":"2025-11-03 02:50:00+00:00","close_date":"2025-11-04 00:45:00+00:00","open_rate":1.1098,"close_rate":0.9222,"fee_open":0.002,"fee_close":0.002,"trade_duration":1315,"profit_ratio":-0.1723566742888345,"profit_abs":-1023.77708928,"exit_reason":"sell","initial_stop_loss_abs":0.8324,"initial_stop_loss_ratio":-0.25,"stop_loss_abs":0.8324,"stop_loss_ratio":-0.25,"min_rate":0.8466,"max_rate":1.1266,"is_open":false,"enter_tag":"buy","leverage":1.0,"is_short":false,"open_timestamp":1762138200000,"close_timestamp":1762217100000,"orders":[{"amount":5341.52,"safe_price":1.1098,"ft_order_side":"buy","order_filled_timestamp":1762138200000,"ft_is_entry":true,"ft_order_tag":"buy","cost":5939.874933792},{"amount":5341.52,"safe_price":0.9222,"ft_order_side":"sell","order_filled_timestamp":1762217100000,"ft_is_entry":false,"ft_order_tag":"sell","cost":4935.801643488}],"funding_fees":0.0,"weekday":1},{"pair":"ASTER/USDT","stake_amount":5627.590584,"max_stake_amount":5627.590584,"amount":6678.84,"open_date":"2025-11-04 05:35:00+00:00","close_date":"2025-11-04 08:25:00+00:00","open_rate":0.8426,"close_rate":0.8745,"fee_open":0.002,"fee_close":0.002,"trade_duration":170,"profit_ratio":0.033715858100675636,"profit_abs":190.11852367,"exit_reason":"sell","initial_stop_loss_abs":0.632,"initial_stop_loss_ratio":-0.25,"stop_loss_abs":0.8895,"stop_loss_ratio":-0.002,"min_rate":0.8168,"max_rate":0.8912,"is_open":false,"enter_tag":"buy","leverage":1.0,"is_short":false,"open_timestamp":1762234500000,"close_timestamp":1762244700000,"orders":[{"amount":6678.84,"safe_price":0.8426,"ft_order_side":"buy","order_filled_timestamp":1762234500000,"ft_is_entry":true,"ft_order_tag":"buy","cost":5638.845765168},{"amount":6678.84,"safe_price":0.8745,"ft_order_side":"sell","order_filled_timestamp":1762244700000,"ft_is_entry":false,"ft_order_tag":"sell","cost":5852.32687116}],"funding_fees":0.0,"weekday":1},{"pair":"FORM/USDT","stake_amount":5627.59036,"max_stake_amount":5627.59036,"amount":13861.06,"open_date":"2025-11-04 05:45:00+00:00","close_date":"2025-11-04 08:35:00+00:00","open_rate":0.406,"close_rate":0.4146,"fee_open":0.002,"fee_close":0.002,"trade_duration":170,"profit_ratio":0.01710569009799192,"profit_abs":96.45634433,"exit_reason":"sell","initial_stop_loss_abs":0.3045,"initial_stop_loss_ratio":-0.25,"stop_loss_abs":0.3045,"stop_loss_ratio":-0.25,"min_rate":0.3999,"max_rate":0.4248,"is_open":false,"enter_tag":"buy","leverage":1.0,"is_short":false,"open_timestamp":1762235100000,"close_timestamp":1762245300000,"orders":[{"amount":13861.06,"safe_price":0.406,"ft_order_side":"buy","order_filled_timestamp":1762235100000,"ft_is_entry":true,"ft_order_tag":"buy","cost":5638.84554072},{"amount":13861.06,"safe_price":0.4146,"ft_order_side":"sell","order_filled_timestamp":1762245300000,"ft_is_entry":false,"ft_order_tag":"sell","cost":5758.289066952}],"funding_fees":0.0,"weekday":1},{"pair":"ZEN/USDT","stake_amount":5769.40792,"max_stake_amount":5769.40792,"amount":297.04,"open_date":"2025-11-04 11:45:00+00:00","close_date":"2025-11-04 14:10:00+00:00","open_rate":19.423,"close_rate":19.58,"fee_open":0.002,"fee_close":0.002,"trade_duration":145,"profit_ratio":0.004058916096653936,"profit_abs":23.46437776,"exit_reason":"sell","initial_stop_loss_abs":14.567249999999998,"initial_stop_loss_ratio":-0.25,"stop_loss_abs":14.567249999999998,"stop_loss_ratio":-0.25,"min_rate":18.05,"max_rate":19.85,"is_open":false,"enter_tag":"buy","leverage":1.0,"is_short":false,"open_timestamp":1762256700000,"close_timestamp":1762265400000,"orders":[{"amount":297.04,"safe_price":19.423,"ft_order_side":"buy","order_filled_timestamp":1762256700000,"ft_is_entry":true,"ft_order_tag":"buy","cost":5780.94673584},{"amount":297.04,"safe_price":19.58,"ft_order_side":"sell","order_filled_timestamp":1762265400000,"ft_is_entry":false,"ft_order_tag":"sell","cost":5827.6752864}],"funding_fees":0.0,"weekday":1},{"pair":"TAO/USDT","stake_amount":5780.74,"max_stake_amount":5780.74,"amount":14.728,"open_date":"2025-11-04 17:05:00+00:00","close_date":"2025-11-04 17:35:00+00:00","open_rate":392.5,"close_rate":407.9,"fee_open":0.002,"fee_close":0.002,"trade_duration":30,"profit_ratio":0.035087023405418465,"profit_abs":203.2346176,"exit_reason":"sell","initial_stop_loss_abs":294.375,"initial_stop_loss_ratio":-0.25,"stop_loss_abs":294.375,"stop_loss_ratio":-0.25,"min_rate":388.6,"max_rate":413.5,"is_open":false,"enter_tag":"buy","leverage":1.0,"is_short":false,"open_timestamp":1762275900000,"close_timestamp":1762277700000,"orders":[{"amount":14.728,"safe_price":392.5,"ft_order_side":"buy","order_filled_timestamp":1762275900000,"ft_is_entry":true,"ft_order_tag":"buy","cost":5792.30148},{"amount":14.728,"safe_price":407.9,"ft_order_side":"sell","order_filled_timestamp":1762277700000,"ft_is_entry":false,"ft_order_tag":"sell","cost":6019.5663024}],"funding_fees":0.0,"weekday":1},{"pair":"XPL/USDT","stake_amount":5881.6635122,"max_stake_amount":5881.6635122,"amount":24468.19,"open_date":"2025-11-04 17:55:00+00:00","close_date":"2025-11-04 22:00:00+00:00","open_rate":0.24038,"close_rate":0.2406,"fee_open":0.002,"fee_close":0.002,"trade_duration":245,"profit_ratio":-0.0030804519586416375,"profit_abs":-18.15441825,"exit_reason":"sell","initial_stop_loss_abs":0.18029,"initial_stop_loss_ratio":-0.25,"stop_loss_abs":0.18029,"stop_loss_ratio":-0.25,"min_rate":0.22477,"max_rate":0.2443,"is_open":false,"enter_tag":"buy","leverage":1.0,"is_short":false,"open_timestamp":1762278900000,"close_timestamp":1762293600000,"orders":[{"amount":24468.19,"safe_price":0.24038,"ft_order_side":"buy","order_filled_timestamp":1762278900000,"ft_is_entry":true,"ft_order_tag":"buy","cost":5893.426839224399},{"amount":24468.19,"safe_price":0.2406,"ft_order_side":"sell","order_filled_timestamp":1762293600000,"ft_is_entry":false,"ft_order_tag":"sell","cost":5898.820607027999}],"funding_fees":0.0,"weekday":1},{"pair":"FIL/USDT","stake_amount":5881.6646638,"max_stake_amount":5881.6646638,"amount":4321.5758,"open_date":"2025-11-04 18:25:00+00:00","close_date":"2025-11-04 22:10:00+00:00","open_rate":1.361,"close_rate":1.344,"fee_open":0.002,"fee_close":0.002,"trade_duration":225,"profit_ratio":-0.016432968009948357,"profit_abs":-96.84651368,"exit_reason":"sell","initial_stop_loss_abs":1.021,"initial_stop_loss_ratio":-0.25,"stop_loss_abs":1.021,"stop_loss_ratio":-0.25,"min_rate":1.271,"max_rate":1.373,"is_open":false,"enter_tag":"buy","leverage":1.0,"is_short":false,"open_timestamp":1762280700000,"close_timestamp":1762294200000,"orders":[{"amount":4321.5758,"safe_price":1.361,"ft_order_side":"buy","order_filled_timestamp":1762280700000,"ft_is_entry":true,"ft_order_tag":"buy","cost":5893.4279931276},{"amount":4321.5758,"safe_price":1.344,"ft_order_side":"sell","order_filled_timestamp":1762294200000,"ft_is_entry":false,"ft_order_tag":"sell","cost":5819.8142709504}],"funding_fees":0.0,"weekday":1},{"pair":"ICP/USDT","stake_amount":5824.739118,"max_stake_amount":5824.739118,"amount":1156.161,"open_date":"2025-11-05 01:10:00+00:00","close_date":"2025-11-05 02:35:00+00:00","open_rate":5.038,"close_rate":5.126,"fee_open":0.002,"fee_close":0.002,"trade_duration":85,"profit_ratio":0.013405503403330325,"profit_abs":78.23972719,"exit_reason":"sell","initial_stop_loss_abs":3.7785,"initial_stop_loss_ratio":-0.25,"stop_loss_abs":3.7785,"stop_loss_ratio":-0.25,"min_rate":4.809,"max_rate":5.193,"is_open":false,"enter_tag":"buy","leverage":1.0,"is_short":false,"open_timestamp":1762305000000,"close_timestamp":1762310100000,"orders":[{"amount":1156.161,"safe_price":5.038,"ft_order_side":"buy","order_filled_timestamp":1762305000000,"ft_is_entry":true,"ft_order_tag":"buy","cost":5836.388596236},{"amount":1156.161,"safe_price":5.126,"ft_order_side":"sell","order_filled_timestamp":1762310100000,"ft_is_entry":false,"ft_order_tag":"sell","cost":5938.334248572001}],"funding_fees":0.0,"weekday":2},{"pair":"ZEN/USDT","stake_amount":5863.3432,"max_stake_amount":5863.3432,"amount":306.02,"open_date":"2025-11-05 22:50:00+00:00","close_date":"2025-11-06 04:55:00+00:00","open_rate":19.16,"close_rate":18.841,"fee_open":0.002,"fee_close":0.002,"trade_duration":365,"profit_ratio":-0.020574821130182226,"profit_abs":-120.87851204,"exit_reason":"sell","initial_stop_loss_abs":14.370000000000001,"initial_stop_loss_ratio":-0.25,"stop_loss_abs":14.370000000000001,"stop_loss_ratio":-0.25,"min_rate":17.867,"max_rate":19.404,"is_open":false,"enter_tag":"buy","leverage":1.0,"is_short":false,"open_timestamp":1762383000000,"close_timestamp":1762404900000,"orders":[{"amount":306.02,"safe_price":19.16,"ft_order_side":"buy","order_filled_timestamp":1762383000000,"ft_is_entry":true,"ft_order_tag":"buy","cost":5875.0698864},{"amount":306.02,"safe_price":18.841,"ft_order_side":"sell","order_filled_timestamp":1762404900000,"ft_is_entry":false,"ft_order_tag":"sell","cost":5777.25426564}],"funding_fees":0.0,"weekday":3},{"pair":"VIRTUAL/USDT","stake_amount":5803.626434,"max_stake_amount":5803.626434,"amount":4886.03,"open_date":"2025-11-06 16:45:00+00:00","close_date":"2025-11-06 17:40:00+00:00","open_rate":1.1878,"close_rate":1.231,"fee_open":0.002,"fee_close":0.002,"trade_duration":55,"profit_ratio":0.03223255459076011,"profit_abs":187.43983727,"exit_reason":"sell","initial_stop_loss_abs":0.8909,"initial_stop_loss_ratio":-0.25,"stop_loss_abs":0.8909,"stop_loss_ratio":-0.25,"min_rate":1.1843,"max_rate":1.2363,"is_open":false,"enter_tag":"buy","leverage":1.0,"is_short":false,"open_timestamp":1762447500000,"close_timestamp":1762450800000,"orders":[{"amount":4886.03,"safe_price":1.1878,"ft_order_side":"buy","order_filled_timestamp":1762447500000,"ft_is_entry":true,"ft_order_tag":"buy","cost":5815.2336868679995},{"amount":4886.03,"safe_price":1.231,"ft_order_side":"sell","order_filled_timestamp":1762450800000,"ft_is_entry":false,"ft_order_tag":"sell","cost":6026.732335860001}],"funding_fees":0.0,"weekday":3},{"pair":"ASTER/USDT","stake_amount":5803.623876,"max_stake_amount":5803.623876,"amount":5816.42,"open_date":"2025-11-06 17:05:00+00:00","close_date":"2025-11-06 22:20:00+00:00","open_rate":0.9978,"close_rate":1.0443,"fee_open":0.002,"fee_close":0.002,"trade_duration":315,"profit_ratio":0.04242447156267512,"profit_abs":246.70810744,"exit_reason":"sell","initial_stop_loss_abs":0.7484,"initial_stop_loss_ratio":-0.25,"stop_loss_abs":0.7484,"stop_loss_ratio":-0.25,"min_rate":0.9852,"max_rate":1.0457,"is_open":false,"enter_tag":"buy","leverage":1.0,"is_short":false,"open_timestamp":1762448700000,"close_timestamp":1762467600000,"orders":[{"amount":5816.42,"safe_price":0.9978,"ft_order_side":"buy","order_filled_timestamp":1762448700000,"ft_is_entry":true,"ft_order_tag":"buy","cost":5815.231123752001},{"amount":5816.42,"safe_price":1.0443,"ft_order_side":"sell","order_filled_timestamp":1762467600000,"ft_is_entry":false,"ft_order_tag":"sell","cost":6086.235580812001}],"funding_fees":0.0,"weekday":3},{"pair":"ZEN/USDT","stake_amount":6018.536,"max_stake_amount":6018.536,"amount":316.0,"open_date":"2025-11-07 11:10:00+00:00","close_date":"2025-11-07 14:45:00+00:00","open_rate":19.046,"close_rate":19.673,"fee_open":0.002,"fee_close":0.002,"trade_duration":215,"profit_ratio":0.028796863901096266,"profit_abs":173.661592,"exit_reason":"sell","initial_stop_loss_abs":14.2845,"initial_stop_loss_ratio":-0.25,"stop_loss_abs":14.2845,"stop_loss_ratio":-0.25,"min_rate":18.579,"max_rate":19.785,"is_open":false,"enter_tag":"buy","leverage":1.0,"is_short":false,"open_timestamp":1762513800000,"close_timestamp":1762526700000,"orders":[{"amount":316.0,"safe_price":19.046,"ft_order_side":"buy","order_filled_timestamp":1762513800000,"ft_is_entry":true,"ft_order_tag":"buy","cost":6030.573072},{"amount":316.0,"safe_price":19.673,"ft_order_side":"sell","order_filled_timestamp":1762526700000,"ft_is_entry":false,"ft_order_tag":"sell","cost":6229.101336}],"funding_fees":0.0,"weekday":4},{"pair":"ICP/USDT","stake_amount":6018.5355412,"max_stake_amount":6018.5355412,"amount":796.8404,"open_date":"2025-11-07 13:05:00+00:00","close_date":"2025-11-07 14:55:00+00:00","open_rate":7.553,"close_rate":7.785,"fee_open":0.002,"fee_close":0.002,"trade_duration":110,"profit_ratio":0.026601635865103102,"profit_abs":160.42309669,"exit_reason":"sell","initial_stop_loss_abs":5.66475,"initial_stop_loss_ratio":-0.25,"stop_loss_abs":5.66475,"stop_loss_ratio":-0.25,"min_rate":7.343,"max_rate":7.95,"is_open":false,"enter_tag":"buy","leverage":1.0,"is_short":false,"open_timestamp":1762520700000,"close_timestamp":1762527300000,"orders":[{"amount":796.8404,"safe_price":7.553,"ft_order_side":"buy","order_filled_timestamp":1762520700000,"ft_is_entry":true,"ft_order_tag":"buy","cost":6030.5726122824},{"amount":796.8404,"safe_price":7.785,"ft_order_side":"sell","order_filled_timestamp":1762527300000,"ft_is_entry":false,"ft_order_tag":"sell","cost":6215.809319028001}],"funding_fees":0.0,"weekday":4},{"pair":"FET/USDT","stake_amount":6183.5592,"max_stake_amount":6183.5592,"amount":17234.0,"open_date":"2025-11-07 23:15:00+00:00","close_date":"2025-11-08 00:00:00+00:00","open_rate":0.3588,"close_rate":0.365,"fee_open":0.002,"fee_close":0.002,"trade_duration":45,"profit_ratio":0.013218824335720976,"profit_abs":81.9028616,"exit_reason":"force_exit","initial_stop_loss_abs":0.2691,"initial_stop_loss_ratio":-0.25,"stop_loss_abs":0.2691,"stop_loss_ratio":-0.25,"min_rate":0.3511,"max_rate":0.3775,"is_open":false,"enter_tag":"buy","leverage":1.0,"is_short":false,"open_timestamp":1762557300000,"close_timestamp":1762560000000,"orders":[{"amount":17234.0,"safe_price":0.3588,"ft_order_side":"buy","order_filled_timestamp":1762557300000,"ft_is_entry":true,"ft_order_tag":"buy","cost":6195.9263184},{"amount":17234.0,"safe_price":0.365,"ft_order_side":"sell","order_filled_timestamp":1762560000000,"ft_is_entry":false,"ft_order_tag":"force_exit","cost":6302.99082}],"funding_fees":0.0,"weekday":5}],"locks":[],"best_pair":{"key":"EDEN/USDT","trades":7,"profit_mean":0.0190951960651582,"profit_mean_pct":1.91,"profit_total_abs":755.29461027,"profit_total":0.075529461027,"profit_total_pct":7.55,"duration_avg":"4:36:00","wins":5,"draws":0,"losses":2,"winrate":0.7142857142857143,"cagr":2.0263743570180726,"expectancy":107.89923003857143,"expectancy_ratio":0.5680674748301031,"sortino":4.808901112724926,"sharpe":2.7547488440161727,"calmar":190.89060821994008,"sqn":1.2109,"profit_factor":2.9882361619053612,"max_drawdown_account":0.03149684218500006,"max_drawdown_abs":314.96842185},"worst_pair":{"key":"XPL/USDT","trades":4,"profit_mean":-0.02714394981783635,"profit_mean_pct":-2.71,"profit_total_abs":-651.20014859,"profit_total":-0.065120014859,"profit_total_pct":-6.51,"duration_avg":"10:46:00","wins":1,"draws":0,"losses":3,"winrate":0.25,"cagr":-0.6408751958005243,"expectancy":-162.8000371475,"expectancy_ratio":-0.6531136709444474,"sortino":-2.0046208078498764,"sharpe":-1.9241229779074422,"calmar":-69.99031671530133,"sqn":-1.0466,"profit_factor":0.1291817720740702,"max_drawdown_account":0.0740647775408048,"max_drawdown_abs":747.80261564},"results_per_pair":[{"key":"EDEN/USDT","trades":7,"profit_mean":0.0190951960651582,"profit_mean_pct":1.91,"profit_total_abs":755.29461027,"profit_total":0.075529461027,"profit_total_pct":7.55,"duration_avg":"4:36:00","wins":5,"draws":0,"losses":2,"winrate":0.7142857142857143,"cagr":2.0263743570180726,"expectancy":107.89923003857143,"expectancy_ratio":0.5680674748301031,"sortino":4.808901112724926,"sharpe":2.7547488440161727,"calmar":190.89060821994008,"sqn":1.2109,"profit_factor":2.9882361619053612,"max_drawdown_account":0.03149684218500006,"max_drawdown_abs":314.96842185},{"key":"ZEN/USDT","trades":8,"profit_mean":0.014992662778276416,"profit_mean_pct":1.5,"profit_total_abs":697.4935937199999,"profit_total":0.069749359372,"profit_total_pct":6.97,"duration_avg":"3:24:00","wins":7,"draws":0,"losses":1,"winrate":0.875,"cagr":1.7882451157291945,"expectancy":87.186699215,"expectancy_ratio":0.7212754173061708,"sortino":-100,"sharpe":4.999448288182225,"calmar":488.94517340880685,"sqn":2.077,"profit_factor":6.770203338449368,"max_drawdown_account":0.01135573502762184,"max_drawdown_abs":120.87851204000003},{"key":"OPEN/USDT","trades":3,"profit_mean":0.03982787923561354,"profit_mean_pct":3.98,"profit_total_abs":630.38725714,"profit_total":0.063038725714,"profit_total_pct":6.3,"duration_avg":"5:07:00","wins":3,"draws":0,"losses":0,"winrate":1.0,"cagr":1.5337709180474008,"expectancy":210.12908571333332,"expectancy_ratio":100.0,"sortino":-100,"sharpe":3.580693431689685,"calmar":-100,"sqn":2.1204,"profit_factor":0.0,"max_drawdown_account":0.0,"max_drawdown_abs":0.0},{"key":"AVNT/USDT","trades":4,"profit_mean":0.026550527426120935,"profit_mean_pct":2.66,"profit_total_abs":572.47864398,"profit_total":0.057247864398000003,"profit_total_pct":5.72,"duration_avg":"1:38:00","wins":4,"draws":0,"losses":0,"winrate":1.0,"cagr":1.3317881193061525,"expectancy":143.119660995,"expectancy_ratio":100.0,"sortino":-100,"sharpe":8.81687411573891,"calmar":-100,"sqn":4.796,"profit_factor":0.0,"max_drawdown_account":0.0,"max_drawdown_abs":0.0},{"key":"ICP/USDT","trades":3,"profit_mean":0.02384334781116447,"profit_mean_pct":2.38,"profit_total_abs":427.94955938,"profit_total":0.042794955938,"profit_total_pct":4.28,"duration_avg":"1:37:00","wins":3,"draws":0,"losses":0,"winrate":1.0,"cagr":0.8913646552725545,"expectancy":142.64985312666667,"expectancy_ratio":100.0,"sortino":-100,"sharpe":7.241341610111168,"calmar":-100,"sqn":4.2882,"profit_factor":0.0,"max_drawdown_account":0.0,"max_drawdown_abs":0.0},{"key":"TAO/USDT","trades":2,"profit_mean":0.02724369255210269,"profit_mean_pct":2.72,"profit_total_abs":297.371487,"profit_total":0.0297371487,"profit_total_pct":2.97,"duration_avg":"1:15:00","wins":2,"draws":0,"losses":0,"winrate":1.0,"cagr":0.5615181558372675,"expectancy":148.6857435,"expectancy_ratio":100.0,"sortino":-100,"sharpe":4.3395902418886205,"calmar":-100,"sqn":2.7257,"profit_factor":0.0,"max_drawdown_account":0.0,"max_drawdown_abs":0.0},{"key":"TUT/USDT","trades":1,"profit_mean":0.055828283373596785,"profit_mean_pct":5.58,"profit_total_abs":276.90141989,"profit_total":0.027690141989,"profit_total_pct":2.77,"duration_avg":"2:05:00","wins":1,"draws":0,"losses":0,"winrate":1.0,"cagr":0.5149704053294746,"expectancy":276.90141989,"expectancy_ratio":100.0,"sortino":-100,"sharpe":-100,"calmar":-100,"sqn":-100.0,"profit_factor":0.0,"max_drawdown_account":0.0,"max_drawdown_abs":0.0},{"key":"VIRTUAL/USDT","trades":2,"profit_mean":0.02332658227738587,"profit_mean_pct":2.33,"profit_total_abs":270.7488314,"profit_total":0.02707488314,"profit_total_pct":2.71,"duration_avg":"4:18:00","wins":2,"draws":0,"losses":0,"winrate":1.0,"cagr":0.5012351960924819,"expectancy":135.3744157,"expectancy_ratio":100.0,"sortino":-100,"sharpe":4.1395429418075,"calmar":-100,"sqn":2.6001,"profit_factor":0.0,"max_drawdown_account":0.0,"max_drawdown_abs":0.0},{"key":"FORM/USDT","trades":1,"profit_mean":0.01710569009799192,"profit_mean_pct":1.71,"profit_total_abs":96.45634433,"profit_total":0.009645634432999999,"profit_total_pct":0.96,"duration_avg":"2:50:00","wins":1,"draws":0,"losses":0,"winrate":1.0,"cagr":0.15718584499884325,"expectancy":96.45634433,"expectancy_ratio":100.0,"sortino":-100,"sharpe":-100,"calmar":-100,"sqn":-100.0,"profit_factor":0.0,"max_drawdown_account":0.0,"max_drawdown_abs":0.0},{"key":"FET/USDT","trades":1,"profit_mean":0.013218824335720976,"profit_mean_pct":1.32,"profit_total_abs":81.9028616,"profit_total":0.008190286159999999,"profit_total_pct":0.82,"duration_avg":"0:45:00","wins":1,"draws":0,"losses":0,"winrate":1.0,"cagr":0.13207618272058985,"expectancy":81.9028616,"expectancy_ratio":100.0,"sortino":-100,"sharpe":-100,"calmar":-100,"sqn":-100.0,"profit_factor":0.0,"max_drawdown_account":0.0,"max_drawdown_abs":0.0},{"key":"TRX/USDT","trades":0,"profit_mean":0.0,"profit_mean_pct":0.0,"profit_total_abs":0.0,"profit_total":0.0,"profit_total_pct":0.0,"duration_avg":"0:00","wins":0,"draws":0,"losses":0,"winrate":0.0,"cagr":0.0,"expectancy":0.0,"expectancy_ratio":100.0,"sortino":0,"sharpe":0,"calmar":0,"sqn":0.0,"profit_factor":0.0,"max_drawdown_account":0.0,"max_drawdown_abs":0.0},{"key":"BONK/USDT","trades":0,"profit_mean":0.0,"profit_mean_pct":0.0,"profit_total_abs":0.0,"profit_total":0.0,"profit_total_pct":0.0,"duration_avg":"0:00","wins":0,"draws":0,"losses":0,"winrate":0.0,"cagr":0.0,"expectancy":0.0,"expectancy_ratio":100.0,"sortino":0,"sharpe":0,"calmar":0,"sqn":0.0,"profit_factor":0.0,"max_drawdown_account":0.0,"max_drawdown_abs":0.0},{"key":"PEPE/USDT","trades":0,"profit_mean":0.0,"profit_mean_pct":0.0,"profit_total_abs":0.0,"profit_total":0.0,"profit_total_pct":0.0,"duration_avg":"0:00","wins":0,"draws":0,"losses":0,"winrate":0.0,"cagr":0.0,"expectancy":0.0,"expectancy_ratio":100.0,"sortino":0,"sharpe":0,"calmar":0,"sqn":0.0,"profit_factor":0.0,"max_drawdown_account":0.0,"max_drawdown_abs":0.0},{"key":"BNB/USDT","trades":0,"profit_mean":0.0,"profit_mean_pct":0.0,"profit_total_abs":0.0,"profit_total":0.0,"profit_total_pct":0.0,"duration_avg":"0:00","wins":0,"draws":0,"losses":0,"winrate":0.0,"cagr":0.0,"expectancy":0.0,"expectancy_ratio":100.0,"sortino":0,"sharpe":0,"calmar":0,"sqn":0.0,"profit_factor":0.0,"max_drawdown_account":0.0,"max_drawdown_abs":0.0},{"key":"APT/USDT","trades":0,"profit_mean":0.0,"profit_mean_pct":0.0,"profit_total_abs":0.0,"profit_total":0.0,"profit_total_pct":0.0,"duration_avg":"0:00","wins":0,"draws":0,"losses":0,"winrate":0.0,"cagr":0.0,"expectancy":0.0,"expectancy_ratio":100.0,"sortino":0,"sharpe":0,"calmar":0,"sqn":0.0,"profit_factor":0.0,"max_drawdown_account":0.0,"max_drawdown_abs":0.0},{"key":"LINEA/USDT","trades":0,"profit_mean":0.0,"profit_mean_pct":0.0,"profit_total_abs":0.0,"profit_total":0.0,"profit_total_pct":0.0,"duration_avg":"0:00","wins":0,"draws":0,"losses":0,"winrate":0.0,"cagr":0.0,"expectancy":0.0,"expectancy_ratio":100.0,"sortino":0,"sharpe":0,"calmar":0,"sqn":0.0,"profit_factor":0.0,"max_drawdown_account":0.0,"max_drawdown_abs":0.0},{"key":"WIF/USDT","trades":0,"profit_mean":0.0,"profit_mean_pct":0.0,"profit_total_abs":0.0,"profit_total":0.0,"profit_total_pct":0.0,"duration_avg":"0:00","wins":0,"draws":0,"losses":0,"winrate":0.0,"cagr":0.0,"expectancy":0.0,"expectancy_ratio":100.0,"sortino":0,"sharpe":0,"calmar":0,"sqn":0.0,"profit_factor":0.0,"max_drawdown_account":0.0,"max_drawdown_abs":0.0},{"key":"NEAR/USDT","trades":0,"profit_mean":0.0,"profit_mean_pct":0.0,"profit_total_abs":0.0,"profit_total":0.0,"profit_total_pct":0.0,"duration_avg":"0:00","wins":0,"draws":0,"losses":0,"winrate":0.0,"cagr":0.0,"expectancy":0.0,"expectancy_ratio":100.0,"sortino":0,"sharpe":0,"calmar":0,"sqn":0.0,"profit_factor":0.0,"max_drawdown_account":0.0,"max_drawdown_abs":0.0},{"key":"PUMP/USDT","trades":0,"profit_mean":0.0,"profit_mean_pct":0.0,"profit_total_abs":0.0,"profit_total":0.0,"profit_total_pct":0.0,"duration_avg":"0:00","wins":0,"draws":0,"losses":0,"winrate":0.0,"cagr":0.0,"expectancy":0.0,"expectancy_ratio":100.0,"sortino":0,"sharpe":0,"calmar":0,"sqn":0.0,"profit_factor":0.0,"max_drawdown_account":0.0,"max_drawdown_abs":0.0},{"key":"ADA/USDT","trades":0,"profit_mean":0.0,"profit_mean_pct":0.0,"profit_total_abs":0.0,"profit_total":0.0,"profit_total_pct":0.0,"duration_avg":"0:00","wins":0,"draws":0,"losses":0,"winrate":0.0,"cagr":0.0,"expectancy":0.0,"expectancy_ratio":100.0,"sortino":0,"sharpe":0,"calmar":0,"sqn":0.0,"profit_factor":0.0,"max_drawdown_account":0.0,"max_drawdown_abs":0.0},{"key":"AVAX/USDT","trades":0,"profit_mean":0.0,"profit_mean_pct":0.0,"profit_total_abs":0.0,"profit_total":0.0,"profit_total_pct":0.0,"duration_avg":"0:00","wins":0,"draws":0,"losses":0,"winrate":0.0,"cagr":0.0,"expectancy":0.0,"expectancy_ratio":100.0,"sortino":0,"sharpe":0,"calmar":0,"sqn":0.0,"profit_factor":0.0,"max_drawdown_account":0.0,"max_drawdown_abs":0.0},{"key":"PLUME/USDT","trades":0,"profit_mean":0.0,"profit_mean_pct":0.0,"profit_total_abs":0.0,"profit_total":0.0,"profit_total_pct":0.0,"duration_avg":"0:00","wins":0,"draws":0,"losses":0,"winrate":0.0,"cagr":0.0,"expectancy":0.0,"expectancy_ratio":100.0,"sortino":0,"sharpe":0,"calmar":0,"sqn":0.0,"profit_factor":0.0,"max_drawdown_account":0.0,"max_drawdown_abs":0.0},{"key":"LTC/USDT","trades":0,"profit_mean":0.0,"profit_mean_pct":0.0,"profit_total_abs":0.0,"profit_total":0.0,"profit_total_pct":0.0,"duration_avg":"0:00","wins":0,"draws":0,"losses":0,"winrate":0.0,"cagr":0.0,"expectancy":0.0,"expectancy_ratio":100.0,"sortino":0,"sharpe":0,"calmar":0,"sqn":0.0,"profit_factor":0.0,"max_drawdown_account":0.0,"max_drawdown_abs":0.0},{"key":"CRV/USDT","trades":0,"profit_mean":0.0,"profit_mean_pct":0.0,"profit_total_abs":0.0,"profit_total":0.0,"profit_total_pct":0.0,"duration_avg":"0:00","wins":0,"draws":0,"losses":0,"winrate":0.0,"cagr":0.0,"expectancy":0.0,"expectancy_ratio":100.0,"sortino":0,"sharpe":0,"calmar":0,"sqn":0.0,"profit_factor":0.0,"max_drawdown_account":0.0,"max_drawdown_abs":0.0},{"key":"BTC/USDT","trades":0,"profit_mean":0.0,"profit_mean_pct":0.0,"profit_total_abs":0.0,"profit_total":0.0,"profit_total_pct":0.0,"duration_avg":"0:00","wins":0,"draws":0,"losses":0,"winrate":0.0,"cagr":0.0,"expectancy":0.0,"expectancy_ratio":100.0,"sortino":0,"sharpe":0,"calmar":0,"sqn":0.0,"profit_factor":0.0,"max_drawdown_account":0.0,"max_drawdown_abs":0.0},{"key":"PAXG/USDT","trades":0,"profit_mean":0.0,"profit_mean_pct":0.0,"profit_total_abs":0.0,"profit_total":0.0,"profit_total_pct":0.0,"duration_avg":"0:00","wins":0,"draws":0,"losses":0,"winrate":0.0,"cagr":0.0,"expectancy":0.0,"expectancy_ratio":100.0,"sortino":0,"sharpe":0,"calmar":0,"sqn":0.0,"profit_factor":0.0,"max_drawdown_account":0.0,"max_drawdown_abs":0.0},{"key":"SOMI/USDT","trades":0,"profit_mean":0.0,"profit_mean_pct":0.0,"profit_total_abs":0.0,"profit_total":0.0,"profit_total_pct":0.0,"duration_avg":"0:00","wins":0,"draws":0,"losses":0,"winrate":0.0,"cagr":0.0,"expectancy":0.0,"expectancy_ratio":100.0,"sortino":0,"sharpe":0,"calmar":0,"sqn":0.0,"profit_factor":0.0,"max_drawdown_account":0.0,"max_drawdown_abs":0.0},{"key":"SHIB/USDT","trades":0,"profit_mean":0.0,"profit_mean_pct":0.0,"profit_total_abs":0.0,"profit_total":0.0,"profit_total_pct":0.0,"duration_avg":"0:00","wins":0,"draws":0,"losses":0,"winrate":0.0,"cagr":0.0,"expectancy":0.0,"expectancy_ratio":100.0,"sortino":0,"sharpe":0,"calmar":0,"sqn":0.0,"profit_factor":0.0,"max_drawdown_account":0.0,"max_drawdown_abs":0.0},{"key":"DOT/USDT","trades":0,"profit_mean":0.0,"profit_mean_pct":0.0,"profit_total_abs":0.0,"profit_total":0.0,"profit_total_pct":0.0,"duration_avg":"0:00","wins":0,"draws":0,"losses":0,"winrate":0.0,"cagr":0.0,"expectancy":0.0,"expectancy_ratio":100.0,"sortino":0,"sharpe":0,"calmar":0,"sqn":0.0,"profit_factor":0.0,"max_drawdown_account":0.0,"max_drawdown_abs":0.0},{"key":"S/USDT","trades":0,"profit_mean":0.0,"profit_mean_pct":0.0,"profit_total_abs":0.0,"profit_total":0.0,"profit_total_pct":0.0,"duration_avg":"0:00","wins":0,"draws":0,"losses":0,"winrate":0.0,"cagr":0.0,"expectancy":0.0,"expectancy_ratio":100.0,"sortino":0,"sharpe":0,"calmar":0,"sqn":0.0,"profit_factor":0.0,"max_drawdown_account":0.0,"max_drawdown_abs":0.0},{"key":"SEI/USDT","trades":0,"profit_mean":0.0,"profit_mean_pct":0.0,"profit_total_abs":0.0,"profit_total":0.0,"profit_total_pct":0.0,"duration_avg":"0:00","wins":0,"draws":0,"losses":0,"winrate":0.0,"cagr":0.0,"expectancy":0.0,"expectancy_ratio":100.0,"sortino":0,"sharpe":0,"calmar":0,"sqn":0.0,"profit_factor":0.0,"max_drawdown_account":0.0,"max_drawdown_abs":0.0},{"key":"LISTA/USDT","trades":0,"profit_mean":0.0,"profit_mean_pct":0.0,"profit_total_abs":0.0,"profit_total":0.0,"profit_total_pct":0.0,"duration_avg":"0:00","wins":0,"draws":0,"losses":0,"winrate":0.0,"cagr":0.0,"expectancy":0.0,"expectancy_ratio":100.0,"sortino":0,"sharpe":0,"calmar":0,"sqn":0.0,"profit_factor":0.0,"max_drawdown_account":0.0,"max_drawdown_abs":0.0},{"key":"WLFI/USDT","trades":0,"profit_mean":0.0,"profit_mean_pct":0.0,"profit_total_abs":0.0,"profit_total":0.0,"profit_total_pct":0.0,"duration_avg":"0:00","wins":0,"draws":0,"losses":0,"winrate":0.0,"cagr":0.0,"expectancy":0.0,"expectancy_ratio":100.0,"sortino":0,"sharpe":0,"calmar":0,"sqn":0.0,"profit_factor":0.0,"max_drawdown_account":0.0,"max_drawdown_abs":0.0},{"key":"TRUMP/USDT","trades":0,"profit_mean":0.0,"profit_mean_pct":0.0,"profit_total_abs":0.0,"profit_total":0.0,"profit_total_pct":0.0,"duration_avg":"0:00","wins":0,"draws":0,"losses":0,"winrate":0.0,"cagr":0.0,"expectancy":0.0,"expectancy_ratio":100.0,"sortino":0,"sharpe":0,"calmar":0,"sqn":0.0,"profit_factor":0.0,"max_drawdown_account":0.0,"max_drawdown_abs":0.0},{"key":"ARB/USDT","trades":0,"profit_mean":0.0,"profit_mean_pct":0.0,"profit_total_abs":0.0,"profit_total":0.0,"profit_total_pct":0.0,"duration_avg":"0:00","wins":0,"draws":0,"losses":0,"winrate":0.0,"cagr":0.0,"expectancy":0.0,"expectancy_ratio":100.0,"sortino":0,"sharpe":0,"calmar":0,"sqn":0.0,"profit_factor":0.0,"max_drawdown_account":0.0,"max_drawdown_abs":0.0},{"key":"EIGEN/USDT","trades":0,"profit_mean":0.0,"profit_mean_pct":0.0,"profit_total_abs":0.0,"profit_total":0.0,"profit_total_pct":0.0,"duration_avg":"0:00","wins":0,"draws":0,"losses":0,"winrate":0.0,"cagr":0.0,"expectancy":0.0,"expectancy_ratio":100.0,"sortino":0,"sharpe":0,"calmar":0,"sqn":0.0,"profit_factor":0.0,"max_drawdown_account":0.0,"max_drawdown_abs":0.0},{"key":"LINK/USDT","trades":0,"profit_mean":0.0,"profit_mean_pct":0.0,"profit_total_abs":0.0,"profit_total":0.0,"profit_total_pct":0.0,"duration_avg":"0:00","wins":0,"draws":0,"losses":0,"winrate":0.0,"cagr":0.0,"expectancy":0.0,"expectancy_ratio":100.0,"sortino":0,"sharpe":0,"calmar":0,"sqn":0.0,"profit_factor":0.0,"max_drawdown_account":0.0,"max_drawdown_abs":0.0},{"key":"SUI/USDT","trades":0,"profit_mean":0.0,"profit_mean_pct":0.0,"profit_total_abs":0.0,"profit_total":0.0,"profit_total_pct":0.0,"duration_avg":"0:00","wins":0,"draws":0,"losses":0,"winrate":0.0,"cagr":0.0,"expectancy":0.0,"expectancy_ratio":100.0,"sortino":0,"sharpe":0,"calmar":0,"sqn":0.0,"profit_factor":0.0,"max_drawdown_account":0.0,"max_drawdown_abs":0.0},{"key":"WLD/USDT","trades":0,"profit_mean":0.0,"profit_mean_pct":0.0,"profit_total_abs":0.0,"profit_total":0.0,"profit_total_pct":0.0,"duration_avg":"0:00","wins":0,"draws":0,"losses":0,"winrate":0.0,"cagr":0.0,"expectancy":0.0,"expectancy_ratio":100.0,"sortino":0,"sharpe":0,"calmar":0,"sqn":0.0,"profit_factor":0.0,"max_drawdown_account":0.0,"max_drawdown_abs":0.0},{"key":"XLM/USDT","trades":0,"profit_mean":0.0,"profit_mean_pct":0.0,"profit_total_abs":0.0,"profit_total":0.0,"profit_total_pct":0.0,"duration_avg":"0:00","wins":0,"draws":0,"losses":0,"winrate":0.0,"cagr":0.0,"expectancy":0.0,"expectancy_ratio":100.0,"sortino":0,"sharpe":0,"calmar":0,"sqn":0.0,"profit_factor":0.0,"max_drawdown_account":0.0,"max_drawdown_abs":0.0},{"key":"ENA/USDT","trades":0,"profit_mean":0.0,"profit_mean_pct":0.0,"profit_total_abs":0.0,"profit_total":0.0,"profit_total_pct":0.0,"duration_avg":"0:00","wins":0,"draws":0,"losses":0,"winrate":0.0,"cagr":0.0,"expectancy":0.0,"expectancy_ratio":100.0,"sortino":0,"sharpe":0,"calmar":0,"sqn":0.0,"profit_factor":0.0,"max_drawdown_account":0.0,"max_drawdown_abs":0.0},{"key":"SOL/USDT","trades":0,"profit_mean":0.0,"profit_mean_pct":0.0,"profit_total_abs":0.0,"profit_total":0.0,"profit_total_pct":0.0,"duration_avg":"0:00","wins":0,"draws":0,"losses":0,"winrate":0.0,"cagr":0.0,"expectancy":0.0,"expectancy_ratio":100.0,"sortino":0,"sharpe":0,"calmar":0,"sqn":0.0,"profit_factor":0.0,"max_drawdown_account":0.0,"max_drawdown_abs":0.0},{"key":"FLOKI/USDT","trades":0,"profit_mean":0.0,"profit_mean_pct":0.0,"profit_total_abs":0.0,"profit_total":0.0,"profit_total_pct":0.0,"duration_avg":"0:00","wins":0,"draws":0,"losses":0,"winrate":0.0,"cagr":0.0,"expectancy":0.0,"expectancy_ratio":100.0,"sortino":0,"sharpe":0,"calmar":0,"sqn":0.0,"profit_factor":0.0,"max_drawdown_account":0.0,"max_drawdown_abs":0.0},{"key":"TON/USDT","trades":0,"profit_mean":0.0,"profit_mean_pct":0.0,"profit_total_abs":0.0,"profit_total":0.0,"profit_total_pct":0.0,"duration_avg":"0:00","wins":0,"draws":0,"losses":0,"winrate":0.0,"cagr":0.0,"expectancy":0.0,"expectancy_ratio":100.0,"sortino":0,"sharpe":0,"calmar":0,"sqn":0.0,"profit_factor":0.0,"max_drawdown_account":0.0,"max_drawdown_abs":0.0},{"key":"PENDLE/USDT","trades":0,"profit_mean":0.0,"profit_mean_pct":0.0,"profit_total_abs":0.0,"profit_total":0.0,"profit_total_pct":0.0,"duration_avg":"0:00","wins":0,"draws":0,"losses":0,"winrate":0.0,"cagr":0.0,"expectancy":0.0,"expectancy_ratio":100.0,"sortino":0,"sharpe":0,"calmar":0,"sqn":0.0,"profit_factor":0.0,"max_drawdown_account":0.0,"max_drawdown_abs":0.0},{"key":"POL/USDT","trades":0,"profit_mean":0.0,"profit_mean_pct":0.0,"profit_total_abs":0.0,"profit_total":0.0,"profit_total_pct":0.0,"duration_avg":"0:00","wins":0,"draws":0,"losses":0,"winrate":0.0,"cagr":0.0,"expectancy":0.0,"expectancy_ratio":100.0,"sortino":0,"sharpe":0,"calmar":0,"sqn":0.0,"profit_factor":0.0,"max_drawdown_account":0.0,"max_drawdown_abs":0.0},{"key":"MIRA/USDT","trades":0,"profit_mean":0.0,"profit_mean_pct":0.0,"profit_total_abs":0.0,"profit_total":0.0,"profit_total_pct":0.0,"duration_avg":"0:00","wins":0,"draws":0,"losses":0,"winrate":0.0,"cagr":0.0,"expectancy":0.0,"expectancy_ratio":100.0,"sortino":0,"sharpe":0,"calmar":0,"sqn":0.0,"profit_factor":0.0,"max_drawdown_account":0.0,"max_drawdown_abs":0.0},{"key":"ETH/USDT","trades":0,"profit_mean":0.0,"profit_mean_pct":0.0,"profit_total_abs":0.0,"profit_total":0.0,"profit_total_pct":0.0,"duration_avg":"0:00","wins":0,"draws":0,"losses":0,"winrate":0.0,"cagr":0.0,"expectancy":0.0,"expectancy_ratio":100.0,"sortino":0,"sharpe":0,"calmar":0,"sqn":0.0,"profit_factor":0.0,"max_drawdown_account":0.0,"max_drawdown_abs":0.0},{"key":"DOGE/USDT","trades":0,"profit_mean":0.0,"profit_mean_pct":0.0,"profit_total_abs":0.0,"profit_total":0.0,"profit_total_pct":0.0,"duration_avg":"0:00","wins":0,"draws":0,"losses":0,"winrate":0.0,"cagr":0.0,"expectancy":0.0,"expectancy_ratio":100.0,"sortino":0,"sharpe":0,"calmar":0,"sqn":0.0,"profit_factor":0.0,"max_drawdown_account":0.0,"max_drawdown_abs":0.0},{"key":"ONDO/USDT","trades":0,"profit_mean":0.0,"profit_mean_pct":0.0,"profit_total_abs":0.0,"profit_total":0.0,"profit_total_pct":0.0,"duration_avg":"0:00","wins":0,"draws":0,"losses":0,"winrate":0.0,"cagr":0.0,"expectancy":0.0,"expectancy_ratio":100.0,"sortino":0,"sharpe":0,"calmar":0,"sqn":0.0,"profit_factor":0.0,"max_drawdown_account":0.0,"max_drawdown_abs":0.0},{"key":"BMT/USDT","trades":0,"profit_mean":0.0,"profit_mean_pct":0.0,"profit_total_abs":0.0,"profit_total":0.0,"profit_total_pct":0.0,"duration_avg":"0:00","wins":0,"draws":0,"losses":0,"winrate":0.0,"cagr":0.0,"expectancy":0.0,"expectancy_ratio":100.0,"sortino":0,"sharpe":0,"calmar":0,"sqn":0.0,"profit_factor":0.0,"max_drawdown_account":0.0,"max_drawdown_abs":0.0},{"key":"CFX/USDT","trades":0,"profit_mean":0.0,"profit_mean_pct":0.0,"profit_total_abs":0.0,"profit_total":0.0,"profit_total_pct":0.0,"duration_avg":"0:00","wins":0,"draws":0,"losses":0,"winrate":0.0,"cagr":0.0,"expectancy":0.0,"expectancy_ratio":100.0,"sortino":0,"sharpe":0,"calmar":0,"sqn":0.0,"profit_factor":0.0,"max_drawdown_account":0.0,"max_drawdown_abs":0.0},{"key":"UNI/USDT","trades":0,"profit_mean":0.0,"profit_mean_pct":0.0,"profit_total_abs":0.0,"profit_total":0.0,"profit_total_pct":0.0,"duration_avg":"0:00","wins":0,"draws":0,"losses":0,"winrate":0.0,"cagr":0.0,"expectancy":0.0,"expectancy_ratio":100.0,"sortino":0,"sharpe":0,"calmar":0,"sqn":0.0,"profit_factor":0.0,"max_drawdown_account":0.0,"max_drawdown_abs":0.0},{"key":"AAVE/USDT","trades":0,"profit_mean":0.0,"profit_mean_pct":0.0,"profit_total_abs":0.0,"profit_total":0.0,"profit_total_pct":0.0,"duration_avg":"0:00","wins":0,"draws":0,"losses":0,"winrate":0.0,"cagr":0.0,"expectancy":0.0,"expectancy_ratio":100.0,"sortino":0,"sharpe":0,"calmar":0,"sqn":0.0,"profit_factor":0.0,"max_drawdown_account":0.0,"max_drawdown_abs":0.0},{"key":"HBAR/USDT","trades":0,"profit_mean":0.0,"profit_mean_pct":0.0,"profit_total_abs":0.0,"profit_total":0.0,"profit_total_pct":0.0,"duration_avg":"0:00","wins":0,"draws":0,"losses":0,"winrate":0.0,"cagr":0.0,"expectancy":0.0,"expectancy_ratio":100.0,"sortino":0,"sharpe":0,"calmar":0,"sqn":0.0,"profit_factor":0.0,"max_drawdown_account":0.0,"max_drawdown_abs":0.0},{"key":"BIO/USDT","trades":2,"profit_mean":-0.007136976451163901,"profit_mean_pct":-0.71,"profit_total_abs":-75.0968192,"profit_total":-0.00750968192,"profit_total_pct":-0.75,"duration_avg":"7:32:00","wins":1,"draws":0,"losses":1,"winrate":0.5,"cagr":-0.10831357031139188,"expectancy":-37.5484096,"expectancy_ratio":-0.14058854166900625,"sortino":-100,"sharpe":-0.2604437695120103,"calmar":-22.81254913009494,"sqn":-0.1636,"profit_factor":0.7188229166619876,"max_drawdown_account":0.026204924683624484,"max_drawdown_abs":267.08015571},{"key":"FIL/USDT","trades":1,"profit_mean":-0.016432968009948357,"profit_mean_pct":-1.64,"profit_total_abs":-96.84651368,"profit_total":-0.009684651368,"profit_total_pct":-0.97,"duration_avg":"3:45:00","wins":0,"draws":0,"losses":1,"winrate":0.0,"cagr":-0.13757341999918937,"expectancy":-96.84651368,"expectancy_ratio":-1.0,"sortino":-100,"sharpe":-100,"calmar":-100,"sqn":-100.0,"profit_factor":0.0,"max_drawdown_account":0.0,"max_drawdown_abs":0.0},{"key":"CAKE/USDT","trades":1,"profit_mean":-0.031189974100561076,"profit_mean_pct":-3.12,"profit_total_abs":-154.69915091,"profit_total":-0.015469915090999998,"profit_total_pct":-1.55,"duration_avg":"12:40:00","wins":0,"draws":0,"losses":1,"winrate":0.0,"cagr":-0.21109583558235145,"expectancy":-154.69915091,"expectancy_ratio":-1.0,"sortino":-100,"sharpe":-100,"calmar":-100,"sqn":-100.0,"profit_factor":0.0,"max_drawdown_account":0.0,"max_drawdown_abs":0.0},{"key":"ASTER/USDT","trades":5,"profit_mean":-0.005543283088153264,"profit_mean_pct":-0.55,"profit_total_abs":-238.60007134,"profit_total":-0.023860007134,"profit_total_pct":-2.39,"duration_avg":"7:59:00","wins":4,"draws":0,"losses":1,"winrate":0.8,"cagr":-0.3073774648613591,"expectancy":-47.720014268,"expectancy_ratio":-0.046611723164815544,"sortino":-100,"sharpe":-0.3880723585844832,"calmar":-19.198684797100594,"sqn":-0.195,"profit_factor":0.7669413841759223,"max_drawdown_account":0.0989314287795016,"max_drawdown_abs":1023.7770892799999},{"key":"STO/USDT","trades":1,"profit_mean":-0.062326143306744984,"profit_mean_pct":-6.23,"profit_total_abs":-315.89528439,"profit_total":-0.031589528438999995,"profit_total_pct":-3.16,"duration_avg":"7:45:00","wins":0,"draws":0,"losses":1,"winrate":0.0,"cagr":-0.38625512644377746,"expectancy":-315.89528439,"expectancy_ratio":-1.0,"sortino":-100,"sharpe":-100,"calmar":-100,"sqn":-100.0,"profit_factor":0.0,"max_drawdown_account":0.0,"max_drawdown_abs":0.0},{"key":"XPL/USDT","trades":4,"profit_mean":-0.02714394981783635,"profit_mean_pct":-2.71,"profit_total_abs":-651.20014859,"profit_total":-0.065120014859,"profit_total_pct":-6.51,"duration_avg":"10:46:00","wins":1,"draws":0,"losses":3,"winrate":0.25,"cagr":-0.6408751958005243,"expectancy":-162.8000371475,"expectancy_ratio":-0.6531136709444474,"sortino":-2.0046208078498764,"sharpe":-1.9241229779074422,"calmar":-69.99031671530133,"sqn":-1.0466,"profit_factor":0.1291817720740702,"max_drawdown_account":0.0740647775408048,"max_drawdown_abs":747.80261564},{"key":"TOTAL","trades":46,"profit_mean":0.010382642607863682,"profit_mean_pct":1.04,"profit_total_abs":2574.6466206,"profit_total":0.25746466206,"profit_total_pct":25.75,"duration_avg":"4:53:00","wins":35,"draws":0,"losses":11,"winrate":0.7608695652173914,"cagr":31.59606133107463,"expectancy":55.97057870869564,"expectancy_ratio":0.19816668779917124,"sortino":7.245790052109793,"sharpe":8.286925804657791,"calmar":248.09141719517186,"sqn":1.5181,"profit_factor":1.8286970580692612,"max_drawdown_account":0.0826116087512511,"max_drawdown_abs":1023.7770892799999}],"results_per_enter_tag":[{"key":"buy","trades":46,"profit_mean":0.010382642607863682,"profit_mean_pct":1.04,"profit_total_abs":2574.6466206,"profit_total":0.25746466206,"profit_total_pct":25.75,"duration_avg":"4:53:00","wins":35,"draws":0,"losses":11,"winrate":0.7608695652173914,"cagr":31.59606133107463,"expectancy":55.97057870869564,"expectancy_ratio":0.19816668779917124,"sortino":7.245790052109793,"sharpe":8.286925804657791,"calmar":248.09141719517186,"sqn":1.5181,"profit_factor":1.8286970580692612,"max_drawdown_account":0.0826116087512511,"max_drawdown_abs":1023.7770892799999},{"key":"TOTAL","trades":46,"profit_mean":0.010382642607863682,"profit_mean_pct":1.04,"profit_total_abs":2574.6466206,"profit_total":0.25746466206,"profit_total_pct":25.75,"duration_avg":"4:53:00","wins":35,"draws":0,"losses":11,"winrate":0.7608695652173914,"cagr":31.59606133107463,"expectancy":55.97057870869564,"expectancy_ratio":0.19816668779917124,"sortino":7.245790052109793,"sharpe":8.286925804657791,"calmar":248.09141719517186,"sqn":1.5181,"profit_factor":1.8286970580692612,"max_drawdown_account":0.0826116087512511,"max_drawdown_abs":1023.7770892799999}],"exit_reason_summary":[{"key":"trailing_stop_loss","trades":5,"profit_mean":0.0630980228420525,"profit_mean_pct":6.31,"profit_total_abs":1638.6900114700002,"profit_total":0.163869001147,"profit_total_pct":16.39,"duration_avg":"1:06:00","wins":5,"draws":0,"losses":0,"winrate":1.0,"cagr":9.052904090241771,"expectancy":327.738002294,"expectancy_ratio":100.0,"sortino":-100,"sharpe":27.50360090211736,"calmar":-100,"sqn":13.8202,"profit_factor":0.0,"max_drawdown_account":0.0,"max_drawdown_abs":0.0},{"key":"sell","trades":40,"profit_mean":0.0037223155353936486,"profit_mean_pct":0.37,"profit_total_abs":854.0537475300002,"profit_total":0.08540537475300003,"profit_total_pct":8.54,"duration_avg":"5:28:00","wins":29,"draws":0,"losses":11,"winrate":0.725,"cagr":2.4777191787304615,"expectancy":21.35134368824997,"expectancy_ratio":0.07559552101084299,"sortino":2.4035508789077364,"sharpe":2.784502705995759,"calmar":66.43095525943947,"sqn":0.5461,"profit_factor":1.2748928036757925,"max_drawdown_account":0.10234105641749432,"max_drawdown_abs":1109.32734589},{"key":"force_exit","trades":1,"profit_mean":0.013218824335720976,"profit_mean_pct":1.32,"profit_total_abs":81.9028616,"profit_total":0.008190286159999999,"profit_total_pct":0.82,"duration_avg":"0:45:00","wins":1,"draws":0,"losses":0,"winrate":1.0,"cagr":0.13207618272058985,"expectancy":81.9028616,"expectancy_ratio":100.0,"sortino":-100,"sharpe":-100,"calmar":-100,"sqn":-100.0,"profit_factor":0.0,"max_drawdown_account":0.0,"max_drawdown_abs":0.0},{"key":"TOTAL","trades":46,"profit_mean":0.010382642607863682,"profit_mean_pct":1.04,"profit_total_abs":2574.6466206,"profit_total":0.25746466206,"profit_total_pct":25.75,"duration_avg":"4:53:00","wins":35,"draws":0,"losses":11,"winrate":0.7608695652173914,"cagr":31.59606133107463,"expectancy":55.97057870869564,"expectancy_ratio":0.19816668779917124,"sortino":7.245790052109793,"sharpe":8.286925804657791,"calmar":248.09141719517186,"sqn":1.5181,"profit_factor":1.8286970580692612,"max_drawdown_account":0.0826116087512511,"max_drawdown_abs":1023.7770892799999}],"mix_tag_stats":[{"key":["buy","trailing_stop_loss"],"trades":5,"profit_mean":0.0630980228420525,"profit_mean_pct":6.31,"profit_total_abs":1638.6900114700002,"profit_total":0.163869001147,"profit_total_pct":16.39,"duration_avg":"1:06:00","wins":5,"draws":0,"losses":0,"winrate":1.0,"cagr":9.052904090241771,"expectancy":327.738002294,"expectancy_ratio":100.0,"sortino":-100,"sharpe":27.50360090211736,"calmar":-100,"sqn":13.8202,"profit_factor":0.0,"max_drawdown_account":0.0,"max_drawdown_abs":0.0},{"key":["buy","sell"],"trades":40,"profit_mean":0.0037223155353936486,"profit_mean_pct":0.37,"profit_total_abs":854.0537475300002,"profit_total":0.08540537475300003,"profit_total_pct":8.54,"duration_avg":"5:28:00","wins":29,"draws":0,"losses":11,"winrate":0.725,"cagr":2.4777191787304615,"expectancy":21.35134368824997,"expectancy_ratio":0.07559552101084299,"sortino":2.4035508789077364,"sharpe":2.784502705995759,"calmar":66.43095525943947,"sqn":0.5461,"profit_factor":1.2748928036757925,"max_drawdown_account":0.10234105641749432,"max_drawdown_abs":1109.32734589},{"key":["buy","force_exit"],"trades":1,"profit_mean":0.013218824335720976,"profit_mean_pct":1.32,"profit_total_abs":81.9028616,"profit_total":0.008190286159999999,"profit_total_pct":0.82,"duration_avg":"0:45:00","wins":1,"draws":0,"losses":0,"winrate":1.0,"cagr":0.13207618272058985,"expectancy":81.9028616,"expectancy_ratio":100.0,"sortino":-100,"sharpe":-100,"calmar":-100,"sqn":-100.0,"profit_factor":0.0,"max_drawdown_account":0.0,"max_drawdown_abs":0.0},{"key":"TOTAL","trades":46,"profit_mean":0.010382642607863682,"profit_mean_pct":1.04,"profit_total_abs":2574.6466206,"profit_total":0.25746466206,"profit_total_pct":25.75,"duration_avg":"4:53:00","wins":35,"draws":0,"losses":11,"winrate":0.7608695652173914,"cagr":31.59606133107463,"expectancy":55.97057870869564,"expectancy_ratio":0.19816668779917124,"sortino":7.245790052109793,"sharpe":8.286925804657791,"calmar":248.09141719517186,"sqn":1.5181,"profit_factor":1.8286970580692612,"max_drawdown_account":0.0826116087512511,"max_drawdown_abs":1023.7770892799999}],"left_open_trades":[{"key":"FET/USDT","trades":1,"profit_mean":0.013218824335720976,"profit_mean_pct":1.32,"profit_total_abs":81.9028616,"profit_total":0.008190286159999999,"profit_total_pct":0.82,"duration_avg":"0:45:00","wins":1,"draws":0,"losses":0,"winrate":1.0,"cagr":0.13207618272058985,"expectancy":81.9028616,"expectancy_ratio":100.0,"sortino":-100,"sharpe":-100,"calmar":-100,"sqn":-100.0,"profit_factor":0.0,"max_drawdown_account":0.0,"max_drawdown_abs":0.0},{"key":"TOTAL","trades":1,"profit_mean":0.013218824335720976,"profit_mean_pct":1.32,"profit_total_abs":81.9028616,"profit_total":0.008190286159999999,"profit_total_pct":0.82,"duration_avg":"0:45:00","wins":1,"draws":0,"losses":0,"winrate":1.0,"cagr":0.13207618272058985,"expectancy":81.9028616,"expectancy_ratio":100.0,"sortino":-100,"sharpe":-100,"calmar":-100,"sqn":-100.0,"profit_factor":0.0,"max_drawdown_account":0.0,"max_drawdown_abs":0.0}],"total_trades":46,"trade_count_long":46,"trade_count_short":0,"total_volume":514581.8237693814,"avg_stake_amount":5542.966937949999,"profit_mean":0.010382642607863682,"profit_median":0.019176144614911544,"profit_total":0.25746466206,"profit_total_long":0.25746466206,"profit_total_short":0.0,"profit_total_abs":2574.6466206,"profit_total_long_abs":2574.6466206,"profit_total_short_abs":0.0,"cagr":31.59606133107463,"expectancy":55.97057870869564,"expectancy_ratio":0.19816668779917124,"sortino":7.245790052109793,"sharpe":8.286925804657791,"calmar":248.09141719517186,"sqn":1.5181,"profit_factor":1.8286970580692612,"backtest_start":"2025-10-15 00:00:00","backtest_start_ts":1760486400000,"backtest_end":"2025-11-08 00:00:00","backtest_end_ts":1762560000000,"backtest_days":24,"backtest_run_start_ts":1762691121,"backtest_run_end_ts":1762691131,"trades_per_day":1.92,"market_change":-0.08414019148588012,"pairlist":["TRX/USDT","EDEN/USDT","AVNT/USDT","BONK/USDT","PEPE/USDT","BNB/USDT","APT/USDT","LINEA/USDT","WIF/USDT","VIRTUAL/USDT","NEAR/USDT","PUMP/USDT","FET/USDT","ADA/USDT","AVAX/USDT","PLUME/USDT","LTC/USDT","FORM/USDT","CRV/USDT","BTC/USDT","XPL/USDT","TUT/USDT","PAXG/USDT","SOMI/USDT","SHIB/USDT","BIO/USDT","DOT/USDT","FIL/USDT","S/USDT","SEI/USDT","LISTA/USDT","STO/USDT","WLFI/USDT","TRUMP/USDT","ARB/USDT","EIGEN/USDT","LINK/USDT","SUI/USDT","WLD/USDT","ASTER/USDT","TAO/USDT","XLM/USDT","ENA/USDT","SOL/USDT","FLOKI/USDT","TON/USDT","PENDLE/USDT","OPEN/USDT","POL/USDT","MIRA/USDT","ETH/USDT","DOGE/USDT","ONDO/USDT","BMT/USDT","CFX/USDT","ICP/USDT","UNI/USDT","ZEN/USDT","AAVE/USDT","HBAR/USDT","CAKE/USDT"],"stake_amount":"unlimited","stake_currency":"USDT","stake_currency_decimals":3,"starting_balance":10000,"dry_run_wallet":10000,"final_balance":12574.6466206,"rejected_signals":208,"timedout_entry_orders":0,"timedout_exit_orders":0,"canceled_trade_entries":0,"canceled_entry_orders":0,"replaced_entry_orders":0,"max_open_trades":2,"max_open_trades_setting":2,"timeframe":"5m","timeframe_detail":"","timerange":"20251015-20251108","enable_protections":false,"strategy_name":"KamaFama","freqaimodel":null,"freqai_identifier":null,"stoploss":-0.25,"trailing_stop":false,"trailing_stop_positive":0.002,"trailing_stop_positive_offset":0.05,"trailing_only_offset_is_reached":true,"use_custom_stoploss":true,"minimal_roi":{"0":1},"use_exit_signal":true,"exit_profit_only":false,"exit_profit_offset":0.0,"ignore_roi_if_entry_signal":false,"trading_mode":"spot","margin_mode":"isolated","periodic_breakdown":{"day":[{"date":"15/10/2025","date_ts":1760486400000,"profit_abs":276.90141989,"wins":1,"draws":0,"losses":0,"trades":1,"profit_factor":0.0},{"date":"16/10/2025","date_ts":1760572800000,"profit_abs":-373.99196825,"wins":1,"draws":0,"losses":2,"trades":3,"profit_factor":0.20527754},{"date":"17/10/2025","date_ts":1760659200000,"profit_abs":-340.20531163,"wins":1,"draws":0,"losses":2,"trades":3,"profit_factor":0.21673435},{"date":"18/10/2025","date_ts":1760745600000,"profit_abs":326.14041616,"wins":1,"draws":0,"losses":0,"trades":1,"profit_factor":0.0},{"date":"19/10/2025","date_ts":1760832000000,"profit_abs":0.0,"wins":0,"draws":0,"losses":0,"trades":0,"profit_factor":0.0},{"date":"20/10/2025","date_ts":1760918400000,"profit_abs":191.98333651,"wins":1,"draws":0,"losses":0,"trades":1,"profit_factor":0.0},{"date":"21/10/2025","date_ts":1761004800000,"profit_abs":355.3500152,"wins":2,"draws":0,"losses":1,"trades":3,"profit_factor":2.33049951},{"date":"22/10/2025","date_ts":1761091200000,"profit_abs":356.40174267,"wins":4,"draws":0,"losses":0,"trades":4,"profit_factor":0.0},{"date":"23/10/2025","date_ts":1761177600000,"profit_abs":125.98223687,"wins":1,"draws":0,"losses":0,"trades":1,"profit_factor":0.0},{"date":"24/10/2025","date_ts":1761264000000,"profit_abs":0.0,"wins":0,"draws":0,"losses":0,"trades":0,"profit_factor":0.0},{"date":"25/10/2025","date_ts":1761350400000,"profit_abs":729.02966121,"wins":3,"draws":0,"losses":0,"trades":3,"profit_factor":0.0},{"date":"26/10/2025","date_ts":1761436800000,"profit_abs":230.31649871,"wins":2,"draws":0,"losses":0,"trades":2,"profit_factor":0.0},{"date":"27/10/2025","date_ts":1761523200000,"profit_abs":73.96403881,"wins":1,"draws":0,"losses":0,"trades":1,"profit_factor":0.0},{"date":"28/10/2025","date_ts":1761609600000,"profit_abs":0.0,"wins":0,"draws":0,"losses":0,"trades":0,"profit_factor":0.0},{"date":"29/10/2025","date_ts":1761696000000,"profit_abs":243.17703108,"wins":1,"draws":0,"losses":0,"trades":1,"profit_factor":0.0},{"date":"30/10/2025","date_ts":1761782400000,"profit_abs":-610.27443821,"wins":0,"draws":0,"losses":1,"trades":1,"profit_factor":0.0},{"date":"31/10/2025","date_ts":1761868800000,"profit_abs":-64.91331692,"wins":0,"draws":0,"losses":1,"trades":1,"profit_factor":0.0},{"date":"01/11/2025","date_ts":1761955200000,"profit_abs":283.15520768,"wins":1,"draws":0,"losses":0,"trades":1,"profit_factor":0.0},{"date":"02/11/2025","date_ts":1762041600000,"profit_abs":172.78981674,"wins":2,"draws":0,"losses":0,"trades":2,"profit_factor":0.0},{"date":"03/11/2025","date_ts":1762128000000,"profit_abs":320.04827084,"wins":2,"draws":0,"losses":0,"trades":2,"profit_factor":0.0},{"date":"04/11/2025","date_ts":1762214400000,"profit_abs":-528.70474691,"wins":5,"draws":0,"losses":3,"trades":8,"profit_factor":0.53572625},{"date":"05/11/2025","date_ts":1762300800000,"profit_abs":78.23972719,"wins":1,"draws":0,"losses":0,"trades":1,"profit_factor":0.0},{"date":"06/11/2025","date_ts":1762387200000,"profit_abs":313.26943267,"wins":2,"draws":0,"losses":1,"trades":3,"profit_factor":3.59160563},{"date":"07/11/2025","date_ts":1762473600000,"profit_abs":334.08468869,"wins":2,"draws":0,"losses":0,"trades":2,"profit_factor":0.0},{"date":"08/11/2025","date_ts":1762560000000,"profit_abs":81.9028616,"wins":1,"draws":0,"losses":0,"trades":1,"profit_factor":0.0}],"week":[{"date":"20/10/2025","date_ts":1760918400000,"profit_abs":80.82789268,"wins":5,"draws":0,"losses":4,"trades":9,"profit_factor":1.08931884},{"date":"27/10/2025","date_ts":1761523200000,"profit_abs":1871.04419347,"wins":13,"draws":0,"losses":1,"trades":14,"profit_factor":8.00555303},{"date":"03/11/2025","date_ts":1762128000000,"profit_abs":343.98257121,"wins":6,"draws":0,"losses":2,"trades":8,"profit_factor":1.5094621},{"date":"10/11/2025","date_ts":1762732800000,"profit_abs":278.79196324,"wins":11,"draws":0,"losses":4,"trades":15,"profit_factor":1.22132379}],"month":[{"date":"31/10/2025","date_ts":1761868800000,"profit_abs":1519.8613621,"wins":19,"draws":0,"losses":7,"trades":26,"profit_factor":1.82278997},{"date":"30/11/2025","date_ts":1764460800000,"profit_abs":1054.7852585,"wins":16,"draws":0,"losses":4,"trades":20,"profit_factor":1.83735942}],"year":[{"date":"31/12/2025","date_ts":1767139200000,"profit_abs":2574.6466206,"wins":35,"draws":0,"losses":11,"trades":46,"profit_factor":1.82869706}],"weekday":[{"date":"Monday","date_ts":0,"profit_abs":585.99564616,"wins":4,"draws":0,"losses":0,"trades":4,"profit_factor":0.0},{"date":"Tuesday","date_ts":1,"profit_abs":-173.35473171,"wins":7,"draws":0,"losses":4,"trades":11,"profit_factor":0.87669117},{"date":"Wednesday","date_ts":2,"profit_abs":954.71992083,"wins":7,"draws":0,"losses":0,"trades":7,"profit_factor":0.0},{"date":"Thursday","date_ts":3,"profit_abs":-545.01473692,"wins":4,"draws":0,"losses":4,"trades":8,"profit_factor":0.54648145},{"date":"Friday","date_ts":4,"profit_abs":-71.03393986,"wins":3,"draws":0,"losses":3,"trades":6,"profit_factor":0.85772027},{"date":"Saturday","date_ts":5,"profit_abs":1420.22814665,"wins":6,"draws":0,"losses":0,"trades":6,"profit_factor":0.0},{"date":"Sunday","date_ts":6,"profit_abs":403.10631545,"wins":4,"draws":0,"losses":0,"trades":4,"profit_factor":0.0}]},"backtest_best_day":0.13184314429568791,"backtest_worst_day":-0.10089483119829944,"backtest_best_day_abs":729.02966121,"backtest_worst_day_abs":-610.27443821,"winning_days":17,"draw_days":3,"losing_days":5,"daily_profit":[["2025-10-15",276.90141989],["2025-10-16",-373.99196825],["2025-10-17",-340.20531163],["2025-10-18",326.14041616],["2025-10-19",0.0],["2025-10-20",191.98333651],["2025-10-21",355.3500152],["2025-10-22",356.40174267],["2025-10-23",125.98223687],["2025-10-24",0.0],["2025-10-25",729.02966121],["2025-10-26",230.31649871],["2025-10-27",73.96403881],["2025-10-28",0.0],["2025-10-29",243.17703108],["2025-10-30",-610.27443821],["2025-10-31",-64.91331692],["2025-11-01",283.15520768],["2025-11-02",172.78981674],["2025-11-03",320.04827084],["2025-11-04",-528.70474691],["2025-11-05",78.23972719],["2025-11-06",313.26943267],["2025-11-07",334.08468869],["2025-11-08",81.9028616]],"wins":35,"losses":11,"draws":0,"winrate":0.7608695652173914,"holding_avg":"4:53:00","holding_avg_s":17580.0,"winner_holding_min":"0d 00:05","winner_holding_min_s":300.0,"winner_holding_max":"0d 09:00","winner_holding_max_s":32400.0,"winner_holding_avg":"0d 02:52","winner_holding_avg_s":10320.0,"loser_holding_min":"0d 03:45","loser_holding_min_s":13500.0,"loser_holding_max":"0d 23:15","loser_holding_max_s":83700.0,"loser_holding_avg":"0d 11:19","loser_holding_avg_s":40740.0,"max_consecutive_wins":13,"max_consecutive_losses":2,"max_drawdown_account":0.0826116087512511,"max_relative_drawdown":0.0826116087512511,"max_drawdown_abs":1023.7770892799999,"drawdown_start":"2025-11-04 00:40:00","drawdown_start_ts":1762216800000.0,"drawdown_end":"2025-11-04 00:45:00","drawdown_end_ts":1762217100000.0,"drawdown_duration":"0 days 00:05:00","drawdown_duration_s":300.0,"max_drawdown_low":1368.87697902,"max_drawdown_high":2392.6540683,"csum_min":9562.70414001,"csum_max":12574.6466206}},"strategy_comparison":[{"key":"KamaFama","trades":46,"profit_mean":0.010382642607863682,"profit_mean_pct":1.04,"profit_total_abs":2574.6466206,"profit_total":0.25746466206,"profit_total_pct":25.75,"duration_avg":"4:53:00","wins":35,"draws":0,"losses":11,"winrate":0.7608695652173914,"cagr":31.59606133107463,"expectancy":55.97057870869564,"expectancy_ratio":0.19816668779917124,"sortino":7.245790052109793,"sharpe":8.286925804657791,"calmar":248.09141719517186,"sqn":1.5181,"profit_factor":1.8286970580692612,"max_drawdown_account":0.0826116087512511,"max_drawdown_abs":"1023.777"}]}