{"strategy":{"ADX_15M_USDT2":{"trades":[{"pair":"ADA/USDT","stake_amount":329.98316,"max_stake_amount":329.98316,"amount":525.2,"open_date":"2025-10-18 14:15:00+00:00","close_date":"2025-10-19 00:15:00+00:00","open_rate":0.6283,"close_rate":0.6317,"fee_open":0.001,"fee_close":0.001,"trade_duration":600,"profit_ratio":0.0034026136206623237,"profit_abs":1.123928,"exit_reason":"roi","initial_stop_loss_abs":0.4277,"initial_stop_loss_ratio":-0.31941,"stop_loss_abs":0.4277,"stop_loss_ratio":-0.31941,"min_rate":0.626,"max_rate":0.6392,"is_open":false,"enter_tag":"","leverage":1.0,"is_short":false,"open_timestamp":1760796900000,"close_timestamp":1760832900000,"orders":[{"amount":525.2,"safe_price":0.6283,"ft_order_side":"buy","order_filled_timestamp":1760796900000,"ft_is_entry":true,"ft_order_tag":"","cost":330.31314316},{"amount":525.2,"safe_price":0.6317,"ft_order_side":"sell","order_filled_timestamp":1760832900000,"ft_is_entry":false,"ft_order_tag":"roi","cost":332.10060884}],"funding_fees":0.0,"weekday":6},{"pair":"SOL/USDT","stake_amount":329.84847,"max_stake_amount":329.84847,"amount":1.791,"open_date":"2025-10-18 16:30:00+00:00","close_date":"2025-10-19 02:30:00+00:00","open_rate":184.17,"close_rate":185.49,"fee_open":0.001,"fee_close":0.001,"trade_duration":600,"profit_ratio":0.005154968829834443,"profit_abs":1.70205894,"exit_reason":"roi","initial_stop_loss_abs":125.3442603,"initial_stop_loss_ratio":-0.31941,"stop_loss_abs":125.3442603,"stop_loss_ratio":-0.31941,"min_rate":183.2,"max_rate":187.87,"is_open":false,"enter_tag":"","leverage":1.0,"is_short":false,"open_timestamp":1760805000000,"close_timestamp":1760841000000,"orders":[{"amount":1.791,"safe_price":184.17,"ft_order_side":"buy","order_filled_timestamp":1760805000000,"ft_is_entry":true,"ft_order_tag":"","cost":330.1783184699999},{"amount":1.791,"safe_price":185.49,"ft_order_side":"sell","order_filled_timestamp":1760841000000,"ft_is_entry":false,"ft_order_tag":"roi","cost":332.54480258999996}],"funding_fees":0.0,"weekday":6},{"pair":"BTC/USDT","stake_amount":328.9922944,"max_stake_amount":328.9922944,"amount":0.00308,"open_date":"2025-10-18 16:30:00+00:00","close_date":"2025-10-19 03:15:00+00:00","open_rate":106815.68,"close_rate":107029.52520520518,"fee_open":0.001,"fee_close":0.001,"trade_duration":645,"profit_ratio":0.0,"profit_abs":0.0,"exit_reason":"roi","initial_stop_loss_abs":72697.6836512,"initial_stop_loss_ratio":-0.31941,"stop_loss_abs":72697.6836512,"stop_loss_ratio":-0.31941,"min_rate":106484.0,"max_rate":107339.03,"is_open":false,"enter_tag":"","leverage":1.0,"is_short":false,"open_timestamp":1760805000000,"close_timestamp":1760843700000,"orders":[{"amount":0.00308,"safe_price":106815.68,"ft_order_side":"buy","order_filled_timestamp":1760805000000,"ft_is_entry":true,"ft_order_tag":"","cost":329.3212866943999},{"amount":0.00308,"safe_price":107029.52520520518,"ft_order_side":"sell","order_filled_timestamp":1760843700000,"ft_is_entry":false,"ft_order_tag":"roi","cost":329.9805885696639}],"funding_fees":0.0,"weekday":6},{"pair":"XRP/USDT","stake_amount":330.13656,"max_stake_amount":330.13656,"amount":140.4,"open_date":"2025-10-19 00:15:00+00:00","close_date":"2025-10-19 10:15:00+00:00","open_rate":2.3514,"close_rate":2.3569,"fee_open":0.001,"fee_close":0.001,"trade_duration":600,"profit_ratio":0.0003363566772599689,"profit_abs":0.11115468,"exit_reason":"roi","initial_stop_loss_abs":1.6004,"initial_stop_loss_ratio":-0.31941,"stop_loss_abs":1.6004,"stop_loss_ratio":-0.31941,"min_rate":2.3177,"max_rate":2.3927,"is_open":false,"enter_tag":"","leverage":1.0,"is_short":false,"open_timestamp":1760832900000,"close_timestamp":1760868900000,"orders":[{"amount":140.4,"safe_price":2.3514,"ft_order_side":"buy","order_filled_timestamp":1760832900000,"ft_is_entry":true,"ft_order_tag":"","cost":330.46669656},{"amount":140.4,"safe_price":2.3569,"ft_order_side":"sell","order_filled_timestamp":1760868900000,"ft_is_entry":false,"ft_order_tag":"roi","cost":331.23966876}],"funding_fees":0.0,"weekday":6},{"pair":"ADA/USDT","stake_amount":330.91776,"max_stake_amount":330.91776,"amount":525.6,"open_date":"2025-10-19 06:30:00+00:00","close_date":"2025-10-19 14:15:00+00:00","open_rate":0.6296,"close_rate":0.6575065945945946,"fee_open":0.001,"fee_close":0.001,"trade_duration":465,"profit_ratio":0.042237762229309375,"profit_abs":13.99120289,"exit_reason":"roi","initial_stop_loss_abs":0.4285,"initial_stop_loss_ratio":-0.31941,"stop_loss_abs":0.4285,"stop_loss_ratio":-0.31941,"min_rate":0.6225,"max_rate":0.6577,"is_open":false,"enter_tag":"","leverage":1.0,"is_short":false,"open_timestamp":1760855400000,"close_timestamp":1760883300000,"orders":[{"amount":525.6,"safe_price":0.6296,"ft_order_side":"buy","order_filled_timestamp":1760855400000,"ft_is_entry":true,"ft_order_tag":"","cost":331.24867776},{"amount":525.6,"safe_price":0.6575065945945946,"ft_order_side":"sell","order_filled_timestamp":1760883300000,"ft_is_entry":false,"ft_order_tag":"roi","cost":345.93105158503784}],"funding_fees":0.0,"weekday":6},{"pair":"BTC/USDT","stake_amount":330.285774,"max_stake_amount":330.285774,"amount":0.00309,"open_date":"2025-10-19 06:00:00+00:00","close_date":"2025-10-19 16:00:00+00:00","open_rate":106888.6,"close_rate":108310.0,"fee_open":0.001,"fee_close":0.001,"trade_duration":600,"profit_ratio":0.011273385607909626,"profit_abs":3.72716233,"exit_reason":"roi","initial_stop_loss_abs":72747.31227400001,"initial_stop_loss_ratio":-0.31941,"stop_loss_abs":72747.31227400001,"stop_loss_ratio":-0.31941,"min_rate":106103.36,"max_rate":108621.68,"is_open":false,"enter_tag":"","leverage":1.0,"is_short":false,"open_timestamp":1760853600000,"close_timestamp":1760889600000,"orders":[{"amount":0.00309,"safe_price":106888.6,"ft_order_side":"buy","order_filled_timestamp":1760853600000,"ft_is_entry":true,"ft_order_tag":"","cost":330.61605977399995},{"amount":0.00309,"safe_price":108310.0,"ft_order_side":"sell","order_filled_timestamp":1760889600000,"ft_is_entry":false,"ft_order_tag":"roi","cost":335.01257789999994}],"funding_fees":0.0,"weekday":6},{"pair":"SOL/USDT","stake_amount":336.7503,"max_stake_amount":336.7503,"amount":1.786,"open_date":"2025-10-19 23:30:00+00:00","close_date":"2025-10-20 09:30:00+00:00","open_rate":188.55,"close_rate":192.63,"fee_open":0.001,"fee_close":0.001,"trade_duration":600,"profit_ratio":0.019597586184698357,"profit_abs":6.60609252,"exit_reason":"roi","initial_stop_loss_abs":128.32524450000003,"initial_stop_loss_ratio":-0.31941,"stop_loss_abs":128.32524450000003,"stop_loss_ratio":-0.31941,"min_rate":183.82,"max_rate":194.5,"is_open":false,"enter_tag":"","leverage":1.0,"is_short":false,"open_timestamp":1760916600000,"close_timestamp":1760952600000,"orders":[{"amount":1.786,"safe_price":188.55,"ft_order_side":"buy","order_filled_timestamp":1760916600000,"ft_is_entry":true,"ft_order_tag":"","cost":337.0870503},{"amount":1.786,"safe_price":192.63,"ft_order_side":"sell","order_filled_timestamp":1760952600000,"ft_is_entry":false,"ft_order_tag":"roi","cost":344.38121717999996}],"funding_fees":0.0,"weekday":0},{"pair":"XRP/USDT","stake_amount":336.7644,"max_stake_amount":336.7644,"amount":141.0,"open_date":"2025-10-19 23:45:00+00:00","close_date":"2025-10-20 09:45:00+00:00","open_rate":2.3884,"close_rate":2.4608,"fee_open":0.001,"fee_close":0.001,"trade_duration":600,"profit_ratio":0.028254612578846372,"profit_abs":9.5246628,"exit_reason":"roi","initial_stop_loss_abs":1.6256,"initial_stop_loss_ratio":-0.31941,"stop_loss_abs":1.6256,"stop_loss_ratio":-0.31941,"min_rate":2.3547,"max_rate":2.4783,"is_open":false,"enter_tag":"","leverage":1.0,"is_short":false,"open_timestamp":1760917500000,"close_timestamp":1760953500000,"orders":[{"amount":141.0,"safe_price":2.3884,"ft_order_side":"buy","order_filled_timestamp":1760917500000,"ft_is_entry":true,"ft_order_tag":"","cost":337.1011643999999},{"amount":141.0,"safe_price":2.4608,"ft_order_side":"sell","order_filled_timestamp":1760953500000,"ft_is_entry":false,"ft_order_tag":"roi","cost":347.31977279999995}],"funding_fees":0.0,"weekday":0},{"pair":"BTC/USDT","stake_amount":336.0876858,"max_stake_amount":336.0876858,"amount":0.00311,"open_date":"2025-10-20 00:15:00+00:00","close_date":"2025-10-20 10:15:00+00:00","open_rate":108066.78,"close_rate":110883.01,"fee_open":0.001,"fee_close":0.001,"trade_duration":600,"profit_ratio":0.0240100197625925,"profit_abs":8.07754145,"exit_reason":"roi","initial_stop_loss_abs":73549.1698002,"initial_stop_loss_ratio":-0.31941,"stop_loss_abs":73549.1698002,"stop_loss_ratio":-0.31941,"min_rate":107402.52,"max_rate":111679.25,"is_open":false,"enter_tag":"","leverage":1.0,"is_short":false,"open_timestamp":1760919300000,"close_timestamp":1760955300000,"orders":[{"amount":0.00311,"safe_price":108066.78,"ft_order_side":"buy","order_filled_timestamp":1760919300000,"ft_is_entry":true,"ft_order_tag":"","cost":336.4237734857999},{"amount":0.00311,"safe_price":110883.01,"ft_order_side":"sell","order_filled_timestamp":1760955300000,"ft_is_entry":false,"ft_order_tag":"roi","cost":345.1910072610999}],"funding_fees":0.0,"weekday":0},{"pair":"ADA/USDT","stake_amount":344.79768,"max_stake_amount":344.79768,"amount":519.9,"open_date":"2025-10-20 11:15:00+00:00","close_date":"2025-10-20 21:15:00+00:00","open_rate":0.6632,"close_rate":0.6656,"fee_open":0.001,"fee_close":0.001,"trade_duration":600,"profit_ratio":0.0016135854495323734,"profit_abs":0.55691688,"exit_reason":"roi","initial_stop_loss_abs":0.4514,"initial_stop_loss_ratio":-0.31941,"stop_loss_abs":0.4514,"stop_loss_ratio":-0.31941,"min_rate":0.6537,"max_rate":0.6714,"is_open":false,"enter_tag":"","leverage":1.0,"is_short":false,"open_timestamp":1760958900000,"close_timestamp":1760994900000,"orders":[{"amount":519.9,"safe_price":0.6632,"ft_order_side":"buy","order_filled_timestamp":1760958900000,"ft_is_entry":true,"ft_order_tag":"","cost":345.14247767999996},{"amount":519.9,"safe_price":0.6656,"ft_order_side":"sell","order_filled_timestamp":1760994900000,"ft_is_entry":false,"ft_order_tag":"roi","cost":346.39148543999994}],"funding_fees":0.0,"weekday":0},{"pair":"SOL/USDT","stake_amount":344.66148,"max_stake_amount":344.66148,"amount":1.803,"open_date":"2025-10-20 11:15:00+00:00","close_date":"2025-10-21 14:45:00+00:00","open_rate":191.16,"close_rate":191.54270270270266,"fee_open":0.001,"fee_close":0.001,"trade_duration":1650,"profit_ratio":0.0,"profit_abs":0.0,"exit_reason":"roi","initial_stop_loss_abs":130.1015844,"initial_stop_loss_ratio":-0.31941,"stop_loss_abs":130.1015844,"stop_loss_ratio":-0.31941,"min_rate":182.72,"max_rate":192.99,"is_open":false,"enter_tag":"","leverage":1.0,"is_short":false,"open_timestamp":1760958900000,"close_timestamp":1761057900000,"orders":[{"amount":1.803,"safe_price":191.16,"ft_order_side":"buy","order_filled_timestamp":1760958900000,"ft_is_entry":true,"ft_order_tag":"","cost":345.00614147999994},{"amount":1.803,"safe_price":191.54270270270266,"ft_order_side":"sell","order_filled_timestamp":1761057900000,"ft_is_entry":false,"ft_order_tag":"roi","cost":345.69684446594584}],"funding_fees":0.0,"weekday":1},{"pair":"ADA/USDT","stake_amount":344.9724,"max_stake_amount":344.9724,"amount":517.2,"open_date":"2025-10-20 21:30:00+00:00","close_date":"2025-10-21 14:45:00+00:00","open_rate":0.667,"close_rate":0.6683353353353354,"fee_open":0.001,"fee_close":0.001,"trade_duration":1035,"profit_ratio":0.0,"profit_abs":0.0,"exit_reason":"roi","initial_stop_loss_abs":0.454,"initial_stop_loss_ratio":-0.31941,"stop_loss_abs":0.454,"stop_loss_ratio":-0.31941,"min_rate":0.6369,"max_rate":0.6754,"is_open":false,"enter_tag":"","leverage":1.0,"is_short":false,"open_timestamp":1760995800000,"close_timestamp":1761057900000,"orders":[{"amount":517.2,"safe_price":0.667,"ft_order_side":"buy","order_filled_timestamp":1760995800000,"ft_is_entry":true,"ft_order_tag":"","cost":345.3173724},{"amount":517.2,"safe_price":0.6683353353353354,"ft_order_side":"sell","order_filled_timestamp":1761057900000,"ft_is_entry":false,"ft_order_tag":"roi","cost":346.0086984708709}],"funding_fees":0.0,"weekday":1},{"pair":"ETH/USDT","stake_amount":344.530908,"max_stake_amount":344.530908,"amount":0.0852,"open_date":"2025-10-20 14:30:00+00:00","close_date":"2025-10-21 15:15:00+00:00","open_rate":4043.79,"close_rate":4051.8856756756754,"fee_open":0.001,"fee_close":0.001,"trade_duration":1485,"profit_ratio":0.0,"profit_abs":0.0,"exit_reason":"roi","initial_stop_loss_abs":2752.1630361,"initial_stop_loss_ratio":-0.31941,"stop_loss_abs":2752.1630361,"stop_loss_ratio":-0.31941,"min_rate":3840.24,"max_rate":4069.73,"is_open":false,"enter_tag":"","leverage":1.0,"is_short":false,"open_timestamp":1760970600000,"close_timestamp":1761059700000,"orders":[{"amount":0.0852,"safe_price":4043.79,"ft_order_side":"buy","order_filled_timestamp":1760970600000,"ft_is_entry":true,"ft_order_tag":"","cost":344.875438908},{"amount":0.0852,"safe_price":4051.8856756756754,"ft_order_side":"sell","order_filled_timestamp":1761059700000,"ft_is_entry":false,"ft_order_tag":"roi","cost":345.5658802271351}],"funding_fees":0.0,"weekday":1},{"pair":"SOL/USDT","stake_amount":344.8972,"max_stake_amount":344.8972,"amount":1.79,"open_date":"2025-10-21 20:15:00+00:00","close_date":"2025-10-23 17:30:00+00:00","open_rate":192.68,"close_rate":193.06574574574572,"fee_open":0.001,"fee_close":0.001,"trade_duration":2715,"profit_ratio":0.0,"profit_abs":0.0,"exit_reason":"roi","initial_stop_loss_abs":131.1360812,"initial_stop_loss_ratio":-0.31941,"stop_loss_abs":131.1360812,"stop_loss_ratio":-0.31941,"min_rate":177.04,"max_rate":193.44,"is_open":false,"enter_tag":"","leverage":1.0,"is_short":false,"open_timestamp":1761077700000,"close_timestamp":1761240600000,"orders":[{"amount":1.79,"safe_price":192.68,"ft_order_side":"buy","order_filled_timestamp":1761077700000,"ft_is_entry":true,"ft_order_tag":"","cost":345.24209719999993},{"amount":1.79,"safe_price":193.06574574574572,"ft_order_side":"sell","order_filled_timestamp":1761240600000,"ft_is_entry":false,"ft_order_tag":"roi","cost":345.93327256976966}],"funding_fees":0.0,"weekday":3},{"pair":"BTC/USDT","stake_amount":344.6964768,"max_stake_amount":344.6964768,"amount":0.00311,"open_date":"2025-10-21 20:30:00+00:00","close_date":"2025-10-23 17:45:00+00:00","open_rate":110834.88,"close_rate":111056.77165165165,"fee_open":0.001,"fee_close":0.001,"trade_duration":2715,"profit_ratio":0.0,"profit_abs":0.0,"exit_reason":"roi","initial_stop_loss_abs":75433.1109792,"initial_stop_loss_ratio":-0.31941,"stop_loss_abs":75433.1109792,"stop_loss_ratio":-0.31941,"min_rate":106666.69,"max_rate":111293.61,"is_open":false,"enter_tag":"","leverage":1.0,"is_short":false,"open_timestamp":1761078600000,"close_timestamp":1761241500000,"orders":[{"amount":0.00311,"safe_price":110834.88,"ft_order_side":"buy","order_filled_timestamp":1761078600000,"ft_is_entry":true,"ft_order_tag":"","cost":345.0411732768},{"amount":0.00311,"safe_price":111056.77165165165,"ft_order_side":"sell","order_filled_timestamp":1761241500000,"ft_is_entry":false,"ft_order_tag":"roi","cost":345.73194639647323}],"funding_fees":0.0,"weekday":3},{"pair":"ETH/USDT","stake_amount":344.619632,"max_stake_amount":344.619632,"amount":0.0872,"open_date":"2025-10-21 20:30:00+00:00","close_date":"2025-10-24 04:30:00+00:00","open_rate":3952.06,"close_rate":3959.9720320320316,"fee_open":0.001,"fee_close":0.001,"trade_duration":3360,"profit_ratio":0.0,"profit_abs":0.0,"exit_reason":"roi","initial_stop_loss_abs":2689.7325154,"initial_stop_loss_ratio":-0.31941,"stop_loss_abs":2689.7325154,"stop_loss_ratio":-0.31941,"min_rate":3710.0,"max_rate":3967.36,"is_open":false,"enter_tag":"","leverage":1.0,"is_short":false,"open_timestamp":1761078600000,"close_timestamp":1761280200000,"orders":[{"amount":0.0872,"safe_price":3952.06,"ft_order_side":"buy","order_filled_timestamp":1761078600000,"ft_is_entry":true,"ft_order_tag":"","cost":344.96425163199996},{"amount":0.0872,"safe_price":3959.9720320320316,"ft_order_side":"sell","order_filled_timestamp":1761280200000,"ft_is_entry":false,"ft_order_tag":"roi","cost":345.6548707543863}],"funding_fees":0.0,"weekday":4},{"pair":"BTC/USDT","stake_amount":343.9079034,"max_stake_amount":343.9079034,"amount":0.00314,"open_date":"2025-10-23 21:00:00+00:00","close_date":"2025-10-24 07:00:00+00:00","open_rate":109524.81,"close_rate":111112.25,"fee_open":0.001,"fee_close":0.001,"trade_duration":600,"profit_ratio":0.012466924178991565,"profit_abs":4.29176123,"exit_reason":"roi","initial_stop_loss_abs":74541.4904379,"initial_stop_loss_ratio":-0.31941,"stop_loss_abs":74541.4904379,"stop_loss_ratio":-0.31941,"min_rate":109380.12,"max_rate":111522.3,"is_open":false,"enter_tag":"","leverage":1.0,"is_short":false,"open_timestamp":1761253200000,"close_timestamp":1761289200000,"orders":[{"amount":0.00314,"safe_price":109524.81,"ft_order_side":"buy","order_filled_timestamp":1761253200000,"ft_is_entry":true,"ft_order_tag":"","cost":344.25181130339996},{"amount":0.00314,"safe_price":111112.25,"ft_order_side":"sell","order_filled_timestamp":1761289200000,"ft_is_entry":false,"ft_order_tag":"roi","cost":349.24135746499996}],"funding_fees":0.0,"weekday":4},{"pair":"ADA/USDT","stake_amount":344.97624,"max_stake_amount":344.97624,"amount":539.7,"open_date":"2025-10-23 21:00:00+00:00","close_date":"2025-10-24 07:00:00+00:00","open_rate":0.6392,"close_rate":0.6515,"fee_open":0.001,"fee_close":0.001,"trade_duration":600,"profit_ratio":0.017206354346529562,"profit_abs":5.94171921,"exit_reason":"roi","initial_stop_loss_abs":0.4351,"initial_stop_loss_ratio":-0.31941,"stop_loss_abs":0.4351,"stop_loss_ratio":-0.31941,"min_rate":0.6381,"max_rate":0.655,"is_open":false,"enter_tag":"","leverage":1.0,"is_short":false,"open_timestamp":1761253200000,"close_timestamp":1761289200000,"orders":[{"amount":539.7,"safe_price":0.6392,"ft_order_side":"buy","order_filled_timestamp":1761253200000,"ft_is_entry":true,"ft_order_tag":"","cost":345.32121623999996},{"amount":539.7,"safe_price":0.6515,"ft_order_side":"sell","order_filled_timestamp":1761289200000,"ft_is_entry":false,"ft_order_tag":"roi","cost":351.96616455}],"funding_fees":0.0,"weekday":4},{"pair":"SOL/USDT","stake_amount":348.29543,"max_stake_amount":348.29543,"amount":1.813,"open_date":"2025-10-24 10:00:00+00:00","close_date":"2025-10-24 20:00:00+00:00","open_rate":192.11,"close_rate":192.84,"fee_open":0.001,"fee_close":0.001,"trade_duration":600,"profit_ratio":0.0017943120852912118,"profit_abs":0.62557565,"exit_reason":"roi","initial_stop_loss_abs":130.74814490000003,"initial_stop_loss_ratio":-0.31941,"stop_loss_abs":130.74814490000003,"stop_loss_ratio":-0.31941,"min_rate":188.83,"max_rate":197.0,"is_open":false,"enter_tag":"","leverage":1.0,"is_short":false,"open_timestamp":1761300000000,"close_timestamp":1761336000000,"orders":[{"amount":1.813,"safe_price":192.11,"ft_order_side":"buy","order_filled_timestamp":1761300000000,"ft_is_entry":true,"ft_order_tag":"","cost":348.64372542999996},{"amount":1.813,"safe_price":192.84,"ft_order_side":"sell","order_filled_timestamp":1761336000000,"ft_is_entry":false,"ft_order_tag":"roi","cost":349.96853891999996}],"funding_fees":0.0,"weekday":4},{"pair":"ADA/USDT","stake_amount":348.34268,"max_stake_amount":348.34268,"amount":537.4,"open_date":"2025-10-24 11:45:00+00:00","close_date":"2025-10-24 21:45:00+00:00","open_rate":0.6482,"close_rate":0.6573,"fee_open":0.001,"fee_close":0.001,"trade_duration":600,"profit_ratio":0.012012825187771192,"profit_abs":4.1887643,"exit_reason":"roi","initial_stop_loss_abs":0.4412,"initial_stop_loss_ratio":-0.31941,"stop_loss_abs":0.4412,"stop_loss_ratio":-0.31941,"min_rate":0.6425,"max_rate":0.6643,"is_open":false,"enter_tag":"","leverage":1.0,"is_short":false,"open_timestamp":1761306300000,"close_timestamp":1761342300000,"orders":[{"amount":537.4,"safe_price":0.6482,"ft_order_side":"buy","order_filled_timestamp":1761306300000,"ft_is_entry":true,"ft_order_tag":"","cost":348.69102267999995},{"amount":537.4,"safe_price":0.6573,"ft_order_side":"sell","order_filled_timestamp":1761342300000,"ft_is_entry":false,"ft_order_tag":"roi","cost":353.58625301999996}],"funding_fees":0.0,"weekday":4},{"pair":"BTC/USDT","stake_amount":347.3962273,"max_stake_amount":347.3962273,"amount":0.00313,"open_date":"2025-10-24 11:45:00+00:00","close_date":"2025-10-25 01:30:00+00:00","open_rate":110989.21,"close_rate":111211.4106206206,"fee_open":0.001,"fee_close":0.001,"trade_duration":825,"profit_ratio":0.0,"profit_abs":0.0,"exit_reason":"roi","initial_stop_loss_abs":75538.14643390001,"initial_stop_loss_ratio":-0.31941,"stop_loss_abs":75538.14643390001,"stop_loss_ratio":-0.31941,"min_rate":109700.01,"max_rate":112104.98,"is_open":false,"enter_tag":"","leverage":1.0,"is_short":false,"open_timestamp":1761306300000,"close_timestamp":1761355800000,"orders":[{"amount":0.00313,"safe_price":110989.21,"ft_order_side":"buy","order_filled_timestamp":1761306300000,"ft_is_entry":true,"ft_order_tag":"","cost":347.7436235273},{"amount":0.00313,"safe_price":111211.4106206206,"ft_order_side":"sell","order_filled_timestamp":1761355800000,"ft_is_entry":false,"ft_order_tag":"roi","cost":348.439806957785}],"funding_fees":0.0,"weekday":5},{"pair":"ETH/USDT","stake_amount":349.731756,"max_stake_amount":349.731756,"amount":0.0891,"open_date":"2025-10-25 00:15:00+00:00","close_date":"2025-10-25 10:15:00+00:00","open_rate":3925.16,"close_rate":3934.5,"fee_open":0.001,"fee_close":0.001,"trade_duration":600,"profit_ratio":0.0003767645380093064,"profit_abs":0.13189829,"exit_reason":"roi","initial_stop_loss_abs":2671.4246444,"initial_stop_loss_ratio":-0.31941,"stop_loss_abs":2671.4246444,"stop_loss_ratio":-0.31941,"min_rate":3912.4,"max_rate":3960.57,"is_open":false,"enter_tag":"","leverage":1.0,"is_short":false,"open_timestamp":1761351300000,"close_timestamp":1761387300000,"orders":[{"amount":0.0891,"safe_price":3925.16,"ft_order_side":"buy","order_filled_timestamp":1761351300000,"ft_is_entry":true,"ft_order_tag":"","cost":350.08148775599994},{"amount":0.0891,"safe_price":3934.5,"ft_order_side":"sell","order_filled_timestamp":1761387300000,"ft_is_entry":false,"ft_order_tag":"roi","cost":350.91451394999996}],"funding_fees":0.0,"weekday":5},{"pair":"ADA/USDT","stake_amount":349.9092,"max_stake_amount":349.9092,"amount":537.0,"open_date":"2025-10-25 07:00:00+00:00","close_date":"2025-10-25 17:00:00+00:00","open_rate":0.6516,"close_rate":0.6529045045045044,"fee_open":0.001,"fee_close":0.001,"trade_duration":600,"profit_ratio":0.0,"profit_abs":0.0,"exit_reason":"roi","initial_stop_loss_abs":0.4435,"initial_stop_loss_ratio":-0.31941,"stop_loss_abs":0.4435,"stop_loss_ratio":-0.31941,"min_rate":0.648,"max_rate":0.6571,"is_open":false,"enter_tag":"","leverage":1.0,"is_short":false,"open_timestamp":1761375600000,"close_timestamp":1761411600000,"orders":[{"amount":537.0,"safe_price":0.6516,"ft_order_side":"buy","order_filled_timestamp":1761375600000,"ft_is_entry":true,"ft_order_tag":"","cost":350.25910919999995},{"amount":537.0,"safe_price":0.6529045045045044,"ft_order_side":"sell","order_filled_timestamp":1761411600000,"ft_is_entry":false,"ft_order_tag":"roi","cost":350.96032863783773}],"funding_fees":0.0,"weekday":5},{"pair":"SOL/USDT","stake_amount":349.91786,"max_stake_amount":349.91786,"amount":1.817,"open_date":"2025-10-25 10:00:00+00:00","close_date":"2025-10-25 20:00:00+00:00","open_rate":192.58,"close_rate":194.37,"fee_open":0.001,"fee_close":0.001,"trade_duration":600,"profit_ratio":0.00727826540475829,"profit_abs":2.54934185,"exit_reason":"roi","initial_stop_loss_abs":131.0680222,"initial_stop_loss_ratio":-0.31941,"stop_loss_abs":131.0680222,"stop_loss_ratio":-0.31941,"min_rate":191.19,"max_rate":194.65,"is_open":false,"enter_tag":"","leverage":1.0,"is_short":false,"open_timestamp":1761386400000,"close_timestamp":1761422400000,"orders":[{"amount":1.817,"safe_price":192.58,"ft_order_side":"buy","order_filled_timestamp":1761386400000,"ft_is_entry":true,"ft_order_tag":"","cost":350.26777785999997},{"amount":1.817,"safe_price":194.37,"ft_order_side":"sell","order_filled_timestamp":1761422400000,"ft_is_entry":false,"ft_order_tag":"roi","cost":353.52346029}],"funding_fees":0.0,"weekday":5},{"pair":"BTC/USDT","stake_amount":349.7494652,"max_stake_amount":349.7494652,"amount":0.00314,"open_date":"2025-10-25 16:00:00+00:00","close_date":"2025-10-26 02:00:00+00:00","open_rate":111385.18,"close_rate":111608.17335335333,"fee_open":0.001,"fee_close":0.001,"trade_duration":600,"profit_ratio":0.0,"profit_abs":0.0,"exit_reason":"roi","initial_stop_loss_abs":75807.6396562,"initial_stop_loss_ratio":-0.31941,"stop_loss_abs":75807.6396562,"stop_loss_ratio":-0.31941,"min_rate":111164.39,"max_rate":111899.56,"is_open":false,"enter_tag":"","leverage":1.0,"is_short":false,"open_timestamp":1761408000000,"close_timestamp":1761444000000,"orders":[{"amount":0.00314,"safe_price":111385.18,"ft_order_side":"buy","order_filled_timestamp":1761408000000,"ft_is_entry":true,"ft_order_tag":"","cost":350.09921466519995},{"amount":0.00314,"safe_price":111608.17335335333,"ft_order_side":"sell","order_filled_timestamp":1761444000000,"ft_is_entry":false,"ft_order_tag":"roi","cost":350.800113993859}],"funding_fees":0.0,"weekday":6},{"pair":"ETH/USDT","stake_amount":350.717376,"max_stake_amount":350.717376,"amount":0.0888,"open_date":"2025-10-26 00:15:00+00:00","close_date":"2025-10-26 10:15:00+00:00","open_rate":3949.52,"close_rate":3977.0,"fee_open":0.001,"fee_close":0.001,"trade_duration":600,"profit_ratio":0.004945903808297214,"profit_abs":1.73634902,"exit_reason":"roi","initial_stop_loss_abs":2688.0038168,"initial_stop_loss_ratio":-0.31941,"stop_loss_abs":2688.0038168,"stop_loss_ratio":-0.31941,"min_rate":3919.03,"max_rate":4011.25,"is_open":false,"enter_tag":"","leverage":1.0,"is_short":false,"open_timestamp":1761437700000,"close_timestamp":1761473700000,"orders":[{"amount":0.0888,"safe_price":3949.52,"ft_order_side":"buy","order_filled_timestamp":1761437700000,"ft_is_entry":true,"ft_order_tag":"","cost":351.068093376},{"amount":0.0888,"safe_price":3977.0,"ft_order_side":"sell","order_filled_timestamp":1761473700000,"ft_is_entry":false,"ft_order_tag":"roi","cost":353.5107576}],"funding_fees":0.0,"weekday":6},{"pair":"ADA/USDT","stake_amount":350.7988,"max_stake_amount":350.7988,"amount":536.8,"open_date":"2025-10-26 00:15:00+00:00","close_date":"2025-10-26 10:15:00+00:00","open_rate":0.6535,"close_rate":0.6611,"fee_open":0.001,"fee_close":0.001,"trade_duration":600,"profit_ratio":0.0096084481700396,"profit_abs":3.37400272,"exit_reason":"roi","initial_stop_loss_abs":0.4448,"initial_stop_loss_ratio":-0.31941,"stop_loss_abs":0.4448,"stop_loss_ratio":-0.31941,"min_rate":0.6466,"max_rate":0.6652,"is_open":false,"enter_tag":"","leverage":1.0,"is_short":false,"open_timestamp":1761437700000,"close_timestamp":1761473700000,"orders":[{"amount":536.8,"safe_price":0.6535,"ft_order_side":"buy","order_filled_timestamp":1761437700000,"ft_is_entry":true,"ft_order_tag":"","cost":351.1495987999999},{"amount":536.8,"safe_price":0.6611,"ft_order_side":"sell","order_filled_timestamp":1761473700000,"ft_is_entry":false,"ft_order_tag":"roi","cost":355.23335847999994}],"funding_fees":0.0,"weekday":6},{"pair":"BTC/USDT","stake_amount":349.949389,"max_stake_amount":349.949389,"amount":0.00314,"open_date":"2025-10-26 03:00:00+00:00","close_date":"2025-10-26 13:00:00+00:00","open_rate":111448.85,"close_rate":113384.61,"fee_open":0.001,"fee_close":0.001,"trade_duration":600,"profit_ratio":0.015336338814417526,"profit_abs":5.37230934,"exit_reason":"roi","initial_stop_loss_abs":75850.9728215,"initial_stop_loss_ratio":-0.31941,"stop_loss_abs":75850.9728215,"stop_loss_ratio":-0.31941,"min_rate":111260.45,"max_rate":113827.02,"is_open":false,"enter_tag":"","leverage":1.0,"is_short":false,"open_timestamp":1761447600000,"close_timestamp":1761483600000,"orders":[{"amount":0.00314,"safe_price":111448.85,"ft_order_side":"buy","order_filled_timestamp":1761447600000,"ft_is_entry":true,"ft_order_tag":"","cost":350.29933838899996},{"amount":0.00314,"safe_price":113384.61,"ft_order_side":"sell","order_filled_timestamp":1761483600000,"ft_is_entry":false,"ft_order_tag":"roi","cost":356.3837030754}],"funding_fees":0.0,"weekday":6},{"pair":"XRP/USDT","stake_amount":354.1125,"max_stake_amount":354.1125,"amount":134.9,"open_date":"2025-10-26 16:30:00+00:00","close_date":"2025-10-27 02:30:00+00:00","open_rate":2.625,"close_rate":2.6441,"fee_open":0.001,"fee_close":0.001,"trade_duration":600,"profit_ratio":0.005263650635079206,"profit_abs":1.86578841,"exit_reason":"roi","initial_stop_loss_abs":1.7866,"initial_stop_loss_ratio":-0.31941,"stop_loss_abs":1.7866,"stop_loss_ratio":-0.31941,"min_rate":2.5975,"max_rate":2.6699,"is_open":false,"enter_tag":"","leverage":1.0,"is_short":false,"open_timestamp":1761496200000,"close_timestamp":1761532200000,"orders":[{"amount":134.9,"safe_price":2.625,"ft_order_side":"buy","order_filled_timestamp":1761496200000,"ft_is_entry":true,"ft_order_tag":"","cost":354.4666125},{"amount":134.9,"safe_price":2.6441,"ft_order_side":"sell","order_filled_timestamp":1761532200000,"ft_is_entry":false,"ft_order_tag":"roi","cost":357.04577909}],"funding_fees":0.0,"weekday":0},{"pair":"ADA/USDT","stake_amount":354.24501,"max_stake_amount":354.24501,"amount":527.7,"open_date":"2025-10-26 20:15:00+00:00","close_date":"2025-10-27 06:15:00+00:00","open_rate":0.6713,"close_rate":0.6818,"fee_open":0.001,"fee_close":0.001,"trade_duration":600,"profit_ratio":0.01361203968086137,"profit_abs":4.82681913,"exit_reason":"roi","initial_stop_loss_abs":0.4569,"initial_stop_loss_ratio":-0.31941,"stop_loss_abs":0.4569,"stop_loss_ratio":-0.31941,"min_rate":0.6681,"max_rate":0.6938,"is_open":false,"enter_tag":"","leverage":1.0,"is_short":false,"open_timestamp":1761509700000,"close_timestamp":1761545700000,"orders":[{"amount":527.7,"safe_price":0.6713,"ft_order_side":"buy","order_filled_timestamp":1761509700000,"ft_is_entry":true,"ft_order_tag":"","cost":354.59925501},{"amount":527.7,"safe_price":0.6818,"ft_order_side":"sell","order_filled_timestamp":1761545700000,"ft_is_entry":false,"ft_order_tag":"roi","cost":360.14564586}],"funding_fees":0.0,"weekday":0},{"pair":"SOL/USDT","stake_amount":354.17025,"max_stake_amount":354.17025,"amount":1.791,"open_date":"2025-10-26 20:30:00+00:00","close_date":"2025-10-27 06:30:00+00:00","open_rate":197.75,"close_rate":203.68,"fee_open":0.001,"fee_close":0.001,"trade_duration":600,"profit_ratio":0.02792944097621721,"profit_abs":9.90166887,"exit_reason":"roi","initial_stop_loss_abs":134.5866725,"initial_stop_loss_ratio":-0.31941,"stop_loss_abs":134.5866725,"stop_loss_ratio":-0.31941,"min_rate":196.86,"max_rate":205.33,"is_open":false,"enter_tag":"","leverage":1.0,"is_short":false,"open_timestamp":1761510600000,"close_timestamp":1761546600000,"orders":[{"amount":1.791,"safe_price":197.75,"ft_order_side":"buy","order_filled_timestamp":1761510600000,"ft_is_entry":true,"ft_order_tag":"","cost":354.52442025},{"amount":1.791,"safe_price":203.68,"ft_order_side":"sell","order_filled_timestamp":1761546600000,"ft_is_entry":false,"ft_order_tag":"roi","cost":365.15567088}],"funding_fees":0.0,"weekday":0},{"pair":"XRP/USDT","stake_amount":354.88068,"max_stake_amount":354.88068,"amount":135.1,"open_date":"2025-10-27 03:45:00+00:00","close_date":"2025-10-27 13:45:00+00:00","open_rate":2.6268,"close_rate":2.6320588588588585,"fee_open":0.001,"fee_close":0.001,"trade_duration":600,"profit_ratio":0.0,"profit_abs":0.0,"exit_reason":"roi","initial_stop_loss_abs":1.7878,"initial_stop_loss_ratio":-0.31941,"stop_loss_abs":1.7878,"stop_loss_ratio":-0.31941,"min_rate":2.6051,"max_rate":2.6749,"is_open":false,"enter_tag":"","leverage":1.0,"is_short":false,"open_timestamp":1761536700000,"close_timestamp":1761572700000,"orders":[{"amount":135.1,"safe_price":2.6268,"ft_order_side":"buy","order_filled_timestamp":1761536700000,"ft_is_entry":true,"ft_order_tag":"","cost":355.23556067999994},{"amount":135.1,"safe_price":2.6320588588588585,"ft_order_side":"sell","order_filled_timestamp":1761572700000,"ft_is_entry":false,"ft_order_tag":"roi","cost":355.94674298366357}],"funding_fees":0.0,"weekday":0},{"pair":"ADA/USDT","stake_amount":359.7342,"max_stake_amount":359.7342,"amount":529.8,"open_date":"2025-10-27 07:45:00+00:00","close_date":"2025-10-27 17:45:00+00:00","open_rate":0.679,"close_rate":0.6815,"fee_open":0.001,"fee_close":0.001,"trade_duration":600,"profit_ratio":0.001676526713345565,"profit_abs":0.6037071,"exit_reason":"roi","initial_stop_loss_abs":0.4622,"initial_stop_loss_ratio":-0.31941,"stop_loss_abs":0.4622,"stop_loss_ratio":-0.31941,"min_rate":0.6657,"max_rate":0.685,"is_open":false,"enter_tag":"","leverage":1.0,"is_short":false,"open_timestamp":1761551100000,"close_timestamp":1761587100000,"orders":[{"amount":529.8,"safe_price":0.679,"ft_order_side":"buy","order_filled_timestamp":1761551100000,"ft_is_entry":true,"ft_order_tag":"","cost":360.0939341999999},{"amount":529.8,"safe_price":0.6815,"ft_order_side":"sell","order_filled_timestamp":1761587100000,"ft_is_entry":false,"ft_order_tag":"roi","cost":361.41975869999993}],"funding_fees":0.0,"weekday":0},{"pair":"SOL/USDT","stake_amount":359.72576,"max_stake_amount":359.72576,"amount":1.784,"open_date":"2025-10-27 08:15:00+00:00","close_date":"2025-10-27 18:15:00+00:00","open_rate":201.64,"close_rate":202.04368368368364,"fee_open":0.001,"fee_close":0.001,"trade_duration":600,"profit_ratio":0.0,"profit_abs":0.0,"exit_reason":"roi","initial_stop_loss_abs":137.2341676,"initial_stop_loss_ratio":-0.31941,"stop_loss_abs":137.2341676,"stop_loss_ratio":-0.31941,"min_rate":198.02,"max_rate":203.25,"is_open":false,"enter_tag":"","leverage":1.0,"is_short":false,"open_timestamp":1761552900000,"close_timestamp":1761588900000,"orders":[{"amount":1.784,"safe_price":201.64,"ft_order_side":"buy","order_filled_timestamp":1761552900000,"ft_is_entry":true,"ft_order_tag":"","cost":360.0854857599999},{"amount":1.784,"safe_price":202.04368368368364,"ft_order_side":"sell","order_filled_timestamp":1761588900000,"ft_is_entry":false,"ft_order_tag":"roi","cost":360.80637762338324}],"funding_fees":0.0,"weekday":0},{"pair":"BTC/USDT","stake_amount":359.5827258,"max_stake_amount":359.5827258,"amount":0.00313,"open_date":"2025-10-27 13:45:00+00:00","close_date":"2025-10-28 13:15:00+00:00","open_rate":114882.66,"close_rate":115112.6553153153,"fee_open":0.001,"fee_close":0.001,"trade_duration":1410,"profit_ratio":0.0,"profit_abs":0.0,"exit_reason":"roi","initial_stop_loss_abs":78187.9895694,"initial_stop_loss_ratio":-0.31941,"stop_loss_abs":78187.9895694,"stop_loss_ratio":-0.31941,"min_rate":113483.3,"max_rate":115790.0,"is_open":false,"enter_tag":"","leverage":1.0,"is_short":false,"open_timestamp":1761572700000,"close_timestamp":1761657300000,"orders":[{"amount":0.00313,"safe_price":114882.66,"ft_order_side":"buy","order_filled_timestamp":1761572700000,"ft_is_entry":true,"ft_order_tag":"","cost":359.94230852579994},{"amount":0.00313,"safe_price":115112.6553153153,"ft_order_side":"sell","order_filled_timestamp":1761657300000,"ft_is_entry":false,"ft_order_tag":"roi","cost":360.6629137480738}],"funding_fees":0.0,"weekday":1},{"pair":"XRP/USDT","stake_amount":359.73669,"max_stake_amount":359.73669,"amount":137.1,"open_date":"2025-10-28 14:45:00+00:00","close_date":"2025-10-29 06:45:00+00:00","open_rate":2.6239,"close_rate":2.6291530530530527,"fee_open":0.001,"fee_close":0.001,"trade_duration":960,"profit_ratio":0.0,"profit_abs":0.0,"exit_reason":"roi","initial_stop_loss_abs":1.7859,"initial_stop_loss_ratio":-0.31941,"stop_loss_abs":1.7859,"stop_loss_ratio":-0.31941,"min_rate":2.5675,"max_rate":2.6798,"is_open":false,"enter_tag":"","leverage":1.0,"is_short":false,"open_timestamp":1761662700000,"close_timestamp":1761720300000,"orders":[{"amount":137.1,"safe_price":2.6239,"ft_order_side":"buy","order_filled_timestamp":1761662700000,"ft_is_entry":true,"ft_order_tag":"","cost":360.09642668999993},{"amount":137.1,"safe_price":2.6291530530530527,"ft_order_side":"sell","order_filled_timestamp":1761720300000,"ft_is_entry":false,"ft_order_tag":"roi","cost":360.81734045714705}],"funding_fees":0.0,"weekday":2},{"pair":"BTC/USDT","stake_amount":359.496138,"max_stake_amount":359.496138,"amount":0.00318,"open_date":"2025-10-29 06:45:00+00:00","close_date":"2025-11-02 00:00:00+00:00","open_rate":113049.1,"close_rate":110098.1,"fee_open":0.001,"fee_close":0.001,"trade_duration":5355,"profit_ratio":-0.02804954860350793,"profit_abs":-10.0937881,"exit_reason":"force_exit","initial_stop_loss_abs":76940.08696900001,"initial_stop_loss_ratio":-0.31941,"stop_loss_abs":76940.08696900001,"stop_loss_ratio":-0.31941,"min_rate":106304.34,"max_rate":113643.73,"is_open":false,"enter_tag":"","leverage":1.0,"is_short":false,"open_timestamp":1761720300000,"close_timestamp":1762041600000,"orders":[{"amount":0.00318,"safe_price":113049.1,"ft_order_side":"buy","order_filled_timestamp":1761720300000,"ft_is_entry":true,"ft_order_tag":"","cost":359.85563413799997},{"amount":0.00318,"safe_price":110098.1,"ft_order_side":"sell","order_filled_timestamp":1762041600000,"ft_is_entry":false,"ft_order_tag":"force_exit","cost":350.462069958}],"funding_fees":0.0,"weekday":6},{"pair":"ETH/USDT","stake_amount":359.654655,"max_stake_amount":359.654655,"amount":0.0853,"open_date":"2025-10-27 19:15:00+00:00","close_date":"2025-11-02 00:00:00+00:00","open_rate":4216.35,"close_rate":3873.78,"fee_open":0.001,"fee_close":0.001,"trade_duration":7485,"profit_ratio":-0.08308366719829516,"profit_abs":-29.91130909,"exit_reason":"force_exit","initial_stop_loss_abs":2869.6056465,"initial_stop_loss_ratio":-0.31941,"stop_loss_abs":2869.6056465,"stop_loss_ratio":-0.31941,"min_rate":3680.0,"max_rate":4221.04,"is_open":false,"enter_tag":"","leverage":1.0,"is_short":false,"open_timestamp":1761592500000,"close_timestamp":1762041600000,"orders":[{"amount":0.0853,"safe_price":4216.35,"ft_order_side":"buy","order_filled_timestamp":1761592500000,"ft_is_entry":true,"ft_order_tag":"","cost":360.01430965500003},{"amount":0.0853,"safe_price":3873.78,"ft_order_side":"sell","order_filled_timestamp":1762041600000,"ft_is_entry":false,"ft_order_tag":"force_exit","cost":330.763867434}],"funding_fees":0.0,"weekday":6},{"pair":"ADA/USDT","stake_amount":359.91645,"max_stake_amount":359.91645,"amount":528.9,"open_date":"2025-10-27 19:15:00+00:00","close_date":"2025-11-02 00:00:00+00:00","open_rate":0.6805,"close_rate":0.6129,"fee_open":0.001,"fee_close":0.001,"trade_duration":7485,"profit_ratio":-0.10113824456219754,"profit_abs":-36.43771926,"exit_reason":"force_exit","initial_stop_loss_abs":0.4632,"initial_stop_loss_ratio":-0.31941,"stop_loss_abs":0.4632,"stop_loss_ratio":-0.31941,"min_rate":0.5864,"max_rate":0.6805,"is_open":false,"enter_tag":"","leverage":1.0,"is_short":false,"open_timestamp":1761592500000,"close_timestamp":1762041600000,"orders":[{"amount":528.9,"safe_price":0.6805,"ft_order_side":"buy","order_filled_timestamp":1761592500000,"ft_is_entry":true,"ft_order_tag":"","cost":360.27636644999995},{"amount":528.9,"safe_price":0.6129,"ft_order_side":"sell","order_filled_timestamp":1762041600000,"ft_is_entry":false,"ft_order_tag":"force_exit","cost":324.48697280999994}],"funding_fees":0.0,"weekday":6}],"locks":[],"best_pair":{"key":"SOL/USDT","trades":8,"profit_mean":0.00771932168509994,"profit_mean_pct":0.77,"profit_total_abs":21.38473783,"profit_total":0.02138473783,"profit_total_pct":2.14,"duration_avg":"16:36:00","wins":5,"draws":3,"losses":0,"winrate":0.625,"cagr":0.6734311889615876,"expectancy":2.67309222875,"expectancy_ratio":100.0,"sortino":-100,"sharpe":7.932876636466091,"calmar":-100,"sqn":2.0598,"profit_factor":0.0,"max_drawdown_account":0.0,"max_drawdown_abs":0.0},"worst_pair":{"key":"ETH/USDT","trades":5,"profit_mean":-0.01555219977039773,"profit_mean_pct":-1.56,"profit_total_abs":-28.04306178,"profit_total":-0.02804306178,"profit_total_pct":-2.8,"duration_avg":"1 day, 21:06:00","wins":2,"draws":2,"losses":1,"winrate":0.4,"cagr":-0.49949211452166076,"expectancy":-5.608612356,"expectancy_ratio":-0.5875080872964895,"sortino":-100,"sharpe":-2.9350927207100344,"calmar":-119.63432230771878,"sqn":-0.9218,"profit_factor":0.06245956351755249,"max_drawdown_account":0.029855531573449313,"max_drawdown_abs":29.91130909},"results_per_pair":[{"key":"SOL/USDT","trades":8,"profit_mean":0.00771932168509994,"profit_mean_pct":0.77,"profit_total_abs":21.38473783,"profit_total":0.02138473783,"profit_total_pct":2.14,"duration_avg":"16:36:00","wins":5,"draws":3,"losses":0,"winrate":0.625,"cagr":0.6734311889615876,"expectancy":2.67309222875,"expectancy_ratio":100.0,"sortino":-100,"sharpe":7.932876636466091,"calmar":-100,"sqn":2.0598,"profit_factor":0.0,"max_drawdown_account":0.0,"max_drawdown_abs":0.0},{"key":"XRP/USDT","trades":5,"profit_mean":0.006770923978237109,"profit_mean_pct":0.68,"profit_total_abs":11.50160589,"profit_total":0.01150160589,"profit_total_pct":1.15,"duration_avg":"11:12:00","wins":3,"draws":2,"losses":0,"winrate":0.6,"cagr":0.32084958502312455,"expectancy":2.300321178,"expectancy_ratio":100.0,"sortino":-100,"sharpe":3.9794853213899923,"calmar":-100,"sqn":1.2498,"profit_factor":0.0,"max_drawdown_account":0.0,"max_drawdown_abs":0.0},{"key":"BTC/USDT","trades":10,"profit_mean":0.003503711976040329,"profit_mean_pct":0.35,"profit_total_abs":11.374986250000001,"profit_total":0.011374986250000002,"profit_total_pct":1.14,"duration_avg":"23:15:00","wins":4,"draws":5,"losses":1,"winrate":0.4,"cagr":0.3168320900895729,"expectancy":1.1374986249999999,"expectancy_ratio":-0.3873070631431226,"sortino":-100,"sharpe":3.121897413761722,"calmar":146.61451406277888,"sqn":0.7353,"profit_factor":2.126929368568774,"max_drawdown_account":0.00988164137119419,"max_drawdown_abs":10.0937881},{"key":"ADA/USDT","trades":11,"profit_mean":2.108280325943805e-05,"profit_mean_pct":0.0,"profit_total_abs":-1.8306590300000067,"profit_total":-0.0018306590300000067,"profit_total_pct":-0.18,"duration_avg":"20:53:00","wins":8,"draws":2,"losses":1,"winrate":0.7272727272727273,"cagr":-0.043607476275418056,"expectancy":-0.16642354818181815,"expectancy_ratio":-0.1863855244390059,"sortino":-100,"sharpe":-0.1925715505742838,"calmar":-6.620440513393445,"sqn":-0.0435,"profit_factor":0.9497592311709359,"max_drawdown_account":0.03521889677797051,"max_drawdown_abs":36.43771926},{"key":"ETH/USDT","trades":5,"profit_mean":-0.01555219977039773,"profit_mean_pct":-1.56,"profit_total_abs":-28.04306178,"profit_total":-0.02804306178,"profit_total_pct":-2.8,"duration_avg":"1 day, 21:06:00","wins":2,"draws":2,"losses":1,"winrate":0.4,"cagr":-0.49949211452166076,"expectancy":-5.608612356,"expectancy_ratio":-0.5875080872964895,"sortino":-100,"sharpe":-2.9350927207100344,"calmar":-119.63432230771878,"sqn":-0.9218,"profit_factor":0.06245956351755249,"max_drawdown_account":0.029855531573449313,"max_drawdown_abs":29.91130909},{"key":"TOTAL","trades":39,"profit_mean":0.0013619801311859868,"profit_mean_pct":0.14,"profit_total_abs":14.387609160000004,"profit_total":0.014387609160000004,"profit_total_pct":1.44,"duration_avg":"22:28:00","wins":22,"draws":14,"losses":3,"winrate":0.5641025641025641,"cagr":0.4156713189112775,"expectancy":0.3689130553846154,"expectancy_ratio":-0.3444963580639955,"sortino":1.635891359078693,"sharpe":2.096606116633732,"calmar":26.149558929779683,"sqn":0.2602,"profit_factor":1.1882140118347246,"max_drawdown_account":0.07007763503410959,"max_drawdown_abs":76.44281645000001}],"results_per_enter_tag":[{"key":"","trades":39,"profit_mean":0.0013619801311859868,"profit_mean_pct":0.14,"profit_total_abs":14.387609160000004,"profit_total":0.014387609160000004,"profit_total_pct":1.44,"duration_avg":"22:28:00","wins":22,"draws":14,"losses":3,"winrate":0.5641025641025641,"cagr":0.4156713189112775,"expectancy":0.3689130553846154,"expectancy_ratio":-0.3444963580639955,"sortino":1.635891359078693,"sharpe":2.096606116633732,"calmar":26.149558929779683,"sqn":0.2602,"profit_factor":1.1882140118347246,"max_drawdown_account":0.07007763503410959,"max_drawdown_abs":76.44281645000001},{"key":"TOTAL","trades":39,"profit_mean":0.0013619801311859868,"profit_mean_pct":0.14,"profit_total_abs":14.387609160000004,"profit_total":0.014387609160000004,"profit_total_pct":1.44,"duration_avg":"22:28:00","wins":22,"draws":14,"losses":3,"winrate":0.5641025641025641,"cagr":0.4156713189112775,"expectancy":0.3689130553846154,"expectancy_ratio":-0.3444963580639955,"sortino":1.635891359078693,"sharpe":2.096606116633732,"calmar":26.149558929779683,"sqn":0.2602,"profit_factor":1.1882140118347246,"max_drawdown_account":0.07007763503410959,"max_drawdown_abs":76.44281645000001}],"exit_reason_summary":[{"key":"roi","trades":36,"profit_mean":0.007371907930007059,"profit_mean_pct":0.74,"profit_total_abs":90.83042561,"profit_total":0.09083042561,"profit_total_pct":9.08,"duration_avg":"14:56:00","wins":22,"draws":14,"losses":0,"winrate":0.6111111111111112,"cagr":7.293914918842473,"expectancy":2.523067378055556,"expectancy_ratio":100.0,"sortino":-100,"sharpe":33.42756028546821,"calmar":-100,"sqn":4.313,"profit_factor":0.0,"max_drawdown_account":0.0,"max_drawdown_abs":0.0},{"key":"force_exit","trades":3,"profit_mean":-0.07075715345466688,"profit_mean_pct":-7.08,"profit_total_abs":-76.44281645000001,"profit_total":-0.07644281645,"profit_total_pct":-7.64,"duration_avg":"4 days, 16:55:00","wins":0,"draws":0,"losses":3,"winrate":0.0,"cagr":-0.8555828048065577,"expectancy":-25.48093881666667,"expectancy_ratio":-1.0,"sortino":-8.691655542177212,"sharpe":-8.691655542177212,"calmar":-127.36648783028532,"sqn":-3.2169,"profit_factor":0.0,"max_drawdown_account":0.07644281645,"max_drawdown_abs":76.44281645000001},{"key":"TOTAL","trades":39,"profit_mean":0.0013619801311859868,"profit_mean_pct":0.14,"profit_total_abs":14.387609160000004,"profit_total":0.014387609160000004,"profit_total_pct":1.44,"duration_avg":"22:28:00","wins":22,"draws":14,"losses":3,"winrate":0.5641025641025641,"cagr":0.4156713189112775,"expectancy":0.3689130553846154,"expectancy_ratio":-0.3444963580639955,"sortino":1.635891359078693,"sharpe":2.096606116633732,"calmar":26.149558929779683,"sqn":0.2602,"profit_factor":1.1882140118347246,"max_drawdown_account":0.07007763503410959,"max_drawdown_abs":76.44281645000001}],"mix_tag_stats":[{"key":["","roi"],"trades":36,"profit_mean":0.007371907930007059,"profit_mean_pct":0.74,"profit_total_abs":90.83042561,"profit_total":0.09083042561,"profit_total_pct":9.08,"duration_avg":"14:56:00","wins":22,"draws":14,"losses":0,"winrate":0.6111111111111112,"cagr":7.293914918842473,"expectancy":2.523067378055556,"expectancy_ratio":100.0,"sortino":-100,"sharpe":33.42756028546821,"calmar":-100,"sqn":4.313,"profit_factor":0.0,"max_drawdown_account":0.0,"max_drawdown_abs":0.0},{"key":["","force_exit"],"trades":3,"profit_mean":-0.07075715345466688,"profit_mean_pct":-7.08,"profit_total_abs":-76.44281645000001,"profit_total":-0.07644281645,"profit_total_pct":-7.64,"duration_avg":"4 days, 16:55:00","wins":0,"draws":0,"losses":3,"winrate":0.0,"cagr":-0.8555828048065577,"expectancy":-25.48093881666667,"expectancy_ratio":-1.0,"sortino":-8.691655542177212,"sharpe":-8.691655542177212,"calmar":-127.36648783028532,"sqn":-3.2169,"profit_factor":0.0,"max_drawdown_account":0.07644281645,"max_drawdown_abs":76.44281645000001},{"key":"TOTAL","trades":39,"profit_mean":0.0013619801311859868,"profit_mean_pct":0.14,"profit_total_abs":14.387609160000004,"profit_total":0.014387609160000004,"profit_total_pct":1.44,"duration_avg":"22:28:00","wins":22,"draws":14,"losses":3,"winrate":0.5641025641025641,"cagr":0.4156713189112775,"expectancy":0.3689130553846154,"expectancy_ratio":-0.3444963580639955,"sortino":1.635891359078693,"sharpe":2.096606116633732,"calmar":26.149558929779683,"sqn":0.2602,"profit_factor":1.1882140118347246,"max_drawdown_account":0.07007763503410959,"max_drawdown_abs":76.44281645000001}],"left_open_trades":[{"key":"BTC/USDT","trades":1,"profit_mean":-0.02804954860350793,"profit_mean_pct":-2.8,"profit_total_abs":-10.0937881,"profit_total":-0.010093788099999999,"profit_total_pct":-1.01,"duration_avg":"3 days, 17:15:00","wins":0,"draws":0,"losses":1,"winrate":0.0,"cagr":-0.2187526821031992,"expectancy":-10.0937881,"expectancy_ratio":-1.0,"sortino":-100,"sharpe":-100,"calmar":-100,"sqn":-100.0,"profit_factor":0.0,"max_drawdown_account":0.0,"max_drawdown_abs":0.0},{"key":"ETH/USDT","trades":1,"profit_mean":-0.08308366719829516,"profit_mean_pct":-8.31,"profit_total_abs":-29.91130909,"profit_total":-0.02991130909,"profit_total_pct":-2.99,"duration_avg":"5 days, 4:45:00","wins":0,"draws":0,"losses":1,"winrate":0.0,"cagr":-0.5223844975000147,"expectancy":-29.91130909,"expectancy_ratio":-1.0,"sortino":-100,"sharpe":-100,"calmar":-100,"sqn":-100.0,"profit_factor":0.0,"max_drawdown_account":0.0,"max_drawdown_abs":0.0},{"key":"ADA/USDT","trades":1,"profit_mean":-0.10113824456219754,"profit_mean_pct":-10.11,"profit_total_abs":-36.43771926,"profit_total":-0.03643771926,"profit_total_pct":-3.64,"duration_avg":"5 days, 4:45:00","wins":0,"draws":0,"losses":1,"winrate":0.0,"cagr":-0.5947326849389465,"expectancy":-36.43771926,"expectancy_ratio":-1.0,"sortino":-100,"sharpe":-100,"calmar":-100,"sqn":-100.0,"profit_factor":0.0,"max_drawdown_account":0.0,"max_drawdown_abs":0.0},{"key":"TOTAL","trades":3,"profit_mean":-0.07075715345466688,"profit_mean_pct":-7.08,"profit_total_abs":-76.44281645000001,"profit_total":-0.07644281645,"profit_total_pct":-7.64,"duration_avg":"4 days, 16:55:00","wins":0,"draws":0,"losses":3,"winrate":0.0,"cagr":-0.8555828048065577,"expectancy":-25.48093881666667,"expectancy_ratio":-1.0,"sortino":-8.691655542177212,"sharpe":-8.691655542177212,"calmar":-127.36648783028532,"sqn":-3.2169,"profit_factor":0.0,"max_drawdown_account":0.07644281645,"max_drawdown_abs":76.44281645000001}],"total_trades":39,"trade_count_long":39,"trade_count_short":0,"total_volume":27112.33724656123,"avg_stake_amount":346.71511709487186,"profit_mean":0.0013619801311859868,"profit_median":0.0016135854495323734,"profit_total":0.014387609160000004,"profit_total_long":0.014387609160000004,"profit_total_short":0.0,"profit_total_abs":14.387609160000004,"profit_total_long_abs":14.387609160000004,"profit_total_short_abs":0.0,"cagr":0.4156713189112775,"expectancy":0.3689130553846154,"expectancy_ratio":-0.3444963580639955,"sortino":1.635891359078693,"sharpe":2.096606116633732,"calmar":26.149558929779683,"sqn":0.2602,"profit_factor":1.1882140118347246,"backtest_start":"2025-10-18 00:00:00","backtest_start_ts":1760745600000,"backtest_end":"2025-11-02 00:00:00","backtest_end_ts":1762041600000,"backtest_days":15,"backtest_run_start_ts":1762141505,"backtest_run_end_ts":1762141506,"trades_per_day":2.6,"market_change":0.027634996102303005,"pairlist":["BTC/USDT","ETH/USDT","ADA/USDT","XRP/USDT","SOL/USDT"],"stake_amount":"unlimited","stake_currency":"USDT","stake_currency_decimals":3,"starting_balance":1000.0,"dry_run_wallet":1000.0,"final_balance":1014.38760916,"rejected_signals":69,"timedout_entry_orders":0,"timedout_exit_orders":0,"canceled_trade_entries":0,"canceled_entry_orders":0,"replaced_entry_orders":0,"max_open_trades":3,"max_open_trades_setting":3,"timeframe":"15m","timeframe_detail":"","timerange":"20251018-20251102","enable_protections":false,"strategy_name":"ADX_15M_USDT2","freqaimodel":null,"freqai_identifier":null,"stoploss":-0.31941,"trailing_stop":false,"trailing_stop_positive":null,"trailing_stop_positive_offset":0.0,"trailing_only_offset_is_reached":false,"use_custom_stoploss":false,"minimal_roi":{"0":0.10313,"102":0.07627,"275":0.04228,"588":0},"use_exit_signal":true,"exit_profit_only":false,"exit_profit_offset":0.0,"ignore_roi_if_entry_signal":false,"trading_mode":"spot","margin_mode":"","periodic_breakdown":{"day":[{"date":"19/10/2025","date_ts":1760832000000,"profit_abs":20.65550684,"wins":5,"draws":1,"losses":0,"trades":6,"profit_factor":0.0},{"date":"20/10/2025","date_ts":1760918400000,"profit_abs":24.76521365,"wins":4,"draws":0,"losses":0,"trades":4,"profit_factor":0.0},{"date":"21/10/2025","date_ts":1761004800000,"profit_abs":0.0,"wins":0,"draws":3,"losses":0,"trades":3,"profit_factor":0.0},{"date":"22/10/2025","date_ts":1761091200000,"profit_abs":0.0,"wins":0,"draws":0,"losses":0,"trades":0,"profit_factor":0.0},{"date":"23/10/2025","date_ts":1761177600000,"profit_abs":0.0,"wins":0,"draws":2,"losses":0,"trades":2,"profit_factor":0.0},{"date":"24/10/2025","date_ts":1761264000000,"profit_abs":15.04782039,"wins":4,"draws":1,"losses":0,"trades":5,"profit_factor":0.0},{"date":"25/10/2025","date_ts":1761350400000,"profit_abs":2.68124014,"wins":2,"draws":2,"losses":0,"trades":4,"profit_factor":0.0},{"date":"26/10/2025","date_ts":1761436800000,"profit_abs":10.48266108,"wins":3,"draws":1,"losses":0,"trades":4,"profit_factor":0.0},{"date":"27/10/2025","date_ts":1761523200000,"profit_abs":17.19798351,"wins":4,"draws":2,"losses":0,"trades":6,"profit_factor":0.0},{"date":"28/10/2025","date_ts":1761609600000,"profit_abs":0.0,"wins":0,"draws":1,"losses":0,"trades":1,"profit_factor":0.0},{"date":"29/10/2025","date_ts":1761696000000,"profit_abs":0.0,"wins":0,"draws":1,"losses":0,"trades":1,"profit_factor":0.0},{"date":"30/10/2025","date_ts":1761782400000,"profit_abs":0.0,"wins":0,"draws":0,"losses":0,"trades":0,"profit_factor":0.0},{"date":"31/10/2025","date_ts":1761868800000,"profit_abs":0.0,"wins":0,"draws":0,"losses":0,"trades":0,"profit_factor":0.0},{"date":"01/11/2025","date_ts":1761955200000,"profit_abs":0.0,"wins":0,"draws":0,"losses":0,"trades":0,"profit_factor":0.0},{"date":"02/11/2025","date_ts":1762041600000,"profit_abs":-76.44281645,"wins":0,"draws":0,"losses":3,"trades":3,"profit_factor":0.0}],"week":[{"date":"20/10/2025","date_ts":1760918400000,"profit_abs":45.42072049,"wins":9,"draws":1,"losses":0,"trades":10,"profit_factor":0.0},{"date":"27/10/2025","date_ts":1761523200000,"profit_abs":45.40970512,"wins":13,"draws":11,"losses":0,"trades":24,"profit_factor":0.0},{"date":"03/11/2025","date_ts":1762128000000,"profit_abs":-76.44281645,"wins":0,"draws":2,"losses":3,"trades":5,"profit_factor":0.0}],"month":[{"date":"31/10/2025","date_ts":1761868800000,"profit_abs":90.83042561,"wins":22,"draws":14,"losses":0,"trades":36,"profit_factor":0.0},{"date":"30/11/2025","date_ts":1764460800000,"profit_abs":-76.44281645,"wins":0,"draws":0,"losses":3,"trades":3,"profit_factor":0.0}],"year":[{"date":"31/12/2025","date_ts":1767139200000,"profit_abs":14.38760916,"wins":22,"draws":14,"losses":3,"trades":39,"profit_factor":1.18821401}],"weekday":[{"date":"Monday","date_ts":0,"profit_abs":41.96319716,"wins":8,"draws":2,"losses":0,"trades":10,"profit_factor":0.0},{"date":"Tuesday","date_ts":1,"profit_abs":0.0,"wins":0,"draws":4,"losses":0,"trades":4,"profit_factor":0.0},{"date":"Wednesday","date_ts":2,"profit_abs":0.0,"wins":0,"draws":1,"losses":0,"trades":1,"profit_factor":0.0},{"date":"Thursday","date_ts":3,"profit_abs":0.0,"wins":0,"draws":2,"losses":0,"trades":2,"profit_factor":0.0},{"date":"Friday","date_ts":4,"profit_abs":15.04782039,"wins":4,"draws":1,"losses":0,"trades":5,"profit_factor":0.0},{"date":"Saturday","date_ts":5,"profit_abs":2.68124014,"wins":2,"draws":2,"losses":0,"trades":4,"profit_factor":0.0},{"date":"Sunday","date_ts":6,"profit_abs":-45.30464853,"wins":8,"draws":2,"losses":3,"trades":13,"profit_factor":0.40733936}]},"backtest_best_day":0.0734758039756696,"backtest_worst_day":-0.21227146036400063,"backtest_best_day_abs":24.76521365,"backtest_worst_day_abs":-76.44281645,"winning_days":6,"draw_days":8,"losing_days":1,"daily_profit":[["2025-10-19",20.65550684],["2025-10-20",24.76521365],["2025-10-21",0.0],["2025-10-22",0.0],["2025-10-23",0.0],["2025-10-24",15.04782039],["2025-10-25",2.68124014],["2025-10-26",10.48266108],["2025-10-27",17.19798351],["2025-10-28",0.0],["2025-10-29",0.0],["2025-10-30",0.0],["2025-10-31",0.0],["2025-11-01",0.0],["2025-11-02",-76.44281645]],"wins":22,"losses":3,"draws":14,"winrate":0.5641025641025641,"holding_avg":"22:28:00","holding_avg_s":80880.0,"winner_holding_min":"0d 07:45","winner_holding_min_s":27900.0,"winner_holding_max":"0d 10:00","winner_holding_max_s":36000.0,"winner_holding_avg":"0d 09:54","winner_holding_avg_s":35640.0,"loser_holding_min":"3d 17:15","loser_holding_min_s":321300.0,"loser_holding_max":"5d 04:45","loser_holding_max_s":449100.0,"loser_holding_avg":"4d 16:55","loser_holding_avg_s":406500.0,"max_consecutive_wins":7,"max_consecutive_losses":6,"max_drawdown_account":0.07007763503410959,"max_relative_drawdown":0.07007763503410959,"max_drawdown_abs":76.44281645000001,"drawdown_start":"2025-10-27 17:45:00","drawdown_start_ts":1761587100000.0,"drawdown_end":"2025-11-02 00:00:00","drawdown_end_ts":1762041600000.0,"drawdown_duration":"5 days 06:15:00","drawdown_duration_s":454500.0,"max_drawdown_low":14.38760915999999,"max_drawdown_high":90.83042560999999,"csum_min":1001.123928,"csum_max":1090.83042561}},"strategy_comparison":[{"key":"ADX_15M_USDT2","trades":39,"profit_mean":0.0013619801311859868,"profit_mean_pct":0.14,"profit_total_abs":14.387609160000004,"profit_total":0.014387609160000004,"profit_total_pct":1.44,"duration_avg":"22:28:00","wins":22,"draws":14,"losses":3,"winrate":0.5641025641025641,"cagr":0.4156713189112775,"expectancy":0.3689130553846154,"expectancy_ratio":-0.3444963580639955,"sortino":1.635891359078693,"sharpe":2.096606116633732,"calmar":26.149558929779683,"sqn":0.2602,"profit_factor":1.1882140118347246,"max_drawdown_account":0.07007763503410959,"max_drawdown_abs":"76.443"}]}