{"strategy":{"SampleStrategy":{"trades":[{"pair":"BTC/USDT","stake_amount":999.2145956,"max_stake_amount":999.2145956,"amount":0.01076,"open_date":"2025-01-09 15:00:00+00:00","close_date":"2025-01-09 16:00:00+00:00","open_rate":92863.81,"close_rate":94244.02,"fee_open":0.001,"fee_close":0.001,"trade_duration":60,"profit_ratio":0.012835035088637165,"profit_abs":12.83777935,"exit_reason":"roi","initial_stop_loss_abs":83577.429,"initial_stop_loss_ratio":-0.1,"stop_loss_abs":83577.429,"stop_loss_ratio":-0.1,"min_rate":92671.67,"max_rate":94685.25,"is_open":false,"enter_tag":"","leverage":1.0,"is_short":false,"open_timestamp":1736434800000,"close_timestamp":1736438400000,"orders":[{"amount":0.01076,"safe_price":92863.81,"ft_order_side":"buy","order_filled_timestamp":1736434800000,"ft_is_entry":true,"ft_order_tag":"","cost":1000.2138101956},{"amount":0.01076,"safe_price":94244.02,"ft_order_side":"sell","order_filled_timestamp":1736438400000,"ft_is_entry":false,"ft_order_tag":"roi","cost":1015.0797208552}],"funding_fees":0.0,"weekday":3},{"pair":"AVAX/USDT","stake_amount":999.7824,"max_stake_amount":999.7824,"amount":29.44,"open_date":"2025-01-13 14:00:00+00:00","close_date":"2025-01-13 15:00:00+00:00","open_rate":33.96,"close_rate":34.36792792792792,"fee_open":0.001,"fee_close":0.001,"trade_duration":60,"profit_ratio":0.00999000999000999,"profit_abs":9.997824,"exit_reason":"roi","initial_stop_loss_abs":30.564,"initial_stop_loss_ratio":-0.1,"stop_loss_abs":30.564,"stop_loss_ratio":-0.1,"min_rate":32.79,"max_rate":34.78,"is_open":false,"enter_tag":"","leverage":1.0,"is_short":false,"open_timestamp":1736776800000,"close_timestamp":1736780400000,"orders":[{"amount":29.44,"safe_price":33.96,"ft_order_side":"buy","order_filled_timestamp":1736776800000,"ft_is_entry":true,"ft_order_tag":"","cost":1000.7821823999999},{"amount":29.44,"safe_price":34.36792792792792,"ft_order_side":"sell","order_filled_timestamp":1736780400000,"ft_is_entry":false,"ft_order_tag":"roi","cost":1012.8035899963961}],"funding_fees":0.0,"weekday":0},{"pair":"BTC/USDT","stake_amount":999.1433664,"max_stake_amount":999.1433664,"amount":0.01088,"open_date":"2025-01-13 15:00:00+00:00","close_date":"2025-01-13 20:00:00+00:00","open_rate":91833.03,"close_rate":92936.12945945945,"fee_open":0.001,"fee_close":0.001,"trade_duration":300,"profit_ratio":0.009990009986010559,"profit_abs":9.99143366,"exit_reason":"roi","initial_stop_loss_abs":82649.727,"initial_stop_loss_ratio":-0.1,"stop_loss_abs":82649.727,"stop_loss_ratio":-0.1,"min_rate":91250.0,"max_rate":93783.12,"is_open":false,"enter_tag":"","leverage":1.0,"is_short":false,"open_timestamp":1736780400000,"close_timestamp":1736798400000,"orders":[{"amount":0.01088,"safe_price":91833.03,"ft_order_side":"buy","order_filled_timestamp":1736780400000,"ft_is_entry":true,"ft_order_tag":"","cost":1000.1425097663999},{"amount":0.01088,"safe_price":92936.12945945945,"ft_order_side":"sell","order_filled_timestamp":1736798400000,"ft_is_entry":false,"ft_order_tag":"roi","cost":1012.1562336074377}],"funding_fees":0.0,"weekday":0},{"pair":"ETH/USDT","stake_amount":999.745824,"max_stake_amount":999.745824,"amount":0.3234,"open_date":"2025-01-13 21:00:00+00:00","close_date":"2025-01-13 22:00:00+00:00","open_rate":3091.36,"close_rate":3128.4934534534527,"fee_open":0.001,"fee_close":0.001,"trade_duration":60,"profit_ratio":0.00999000999000999,"profit_abs":9.99745824,"exit_reason":"roi","initial_stop_loss_abs":2782.224,"initial_stop_loss_ratio":-0.1,"stop_loss_abs":2782.224,"stop_loss_ratio":-0.1,"min_rate":3083.13,"max_rate":3143.2,"is_open":false,"enter_tag":"","leverage":1.0,"is_short":false,"open_timestamp":1736802000000,"close_timestamp":1736805600000,"orders":[{"amount":0.3234,"safe_price":3091.36,"ft_order_side":"buy","order_filled_timestamp":1736802000000,"ft_is_entry":true,"ft_order_tag":"","cost":1000.745569824},{"amount":0.3234,"safe_price":3128.4934534534527,"ft_order_side":"sell","order_filled_timestamp":1736805600000,"ft_is_entry":false,"ft_order_tag":"roi","cost":1012.7665376296934}],"funding_fees":0.0,"weekday":0},{"pair":"ETH/USDT","stake_amount":999.92021,"max_stake_amount":999.92021,"amount":0.3119,"open_date":"2025-01-19 13:00:00+00:00","close_date":"2025-01-19 14:00:00+00:00","open_rate":3205.9,"close_rate":3276.99,"fee_open":0.001,"fee_close":0.001,"trade_duration":60,"profit_ratio":0.020132433150057825,"profit_abs":20.15095761,"exit_reason":"roi","initial_stop_loss_abs":2885.31,"initial_stop_loss_ratio":-0.1,"stop_loss_abs":2885.31,"stop_loss_ratio":-0.1,"min_rate":3193.1,"max_rate":3397.7,"is_open":false,"enter_tag":"","leverage":1.0,"is_short":false,"open_timestamp":1737291600000,"close_timestamp":1737295200000,"orders":[{"amount":0.3119,"safe_price":3205.9,"ft_order_side":"buy","order_filled_timestamp":1737291600000,"ft_is_entry":true,"ft_order_tag":"","cost":1000.92013021},{"amount":0.3119,"safe_price":3276.99,"ft_order_side":"sell","order_filled_timestamp":1737295200000,"ft_is_entry":false,"ft_order_tag":"roi","cost":1023.1152741809998}],"funding_fees":0.0,"weekday":6},{"pair":"DOT/USDT","stake_amount":999.98692,"max_stake_amount":999.98692,"amount":160.28,"open_date":"2025-01-20 03:00:00+00:00","close_date":"2025-01-20 04:00:00+00:00","open_rate":6.239,"close_rate":6.3139429429429414,"fee_open":0.001,"fee_close":0.001,"trade_duration":60,"profit_ratio":0.009990009990009988,"profit_abs":9.9998692,"exit_reason":"roi","initial_stop_loss_abs":5.616,"initial_stop_loss_ratio":-0.1,"stop_loss_abs":5.616,"stop_loss_ratio":-0.1,"min_rate":6.203,"max_rate":6.373,"is_open":false,"enter_tag":"","leverage":1.0,"is_short":false,"open_timestamp":1737342000000,"close_timestamp":1737345600000,"orders":[{"amount":160.28,"safe_price":6.239,"ft_order_side":"buy","order_filled_timestamp":1737342000000,"ft_is_entry":true,"ft_order_tag":"","cost":1000.9869069199998},{"amount":160.28,"safe_price":6.3139429429429414,"ft_order_side":"sell","order_filled_timestamp":1737345600000,"ft_is_entry":false,"ft_order_tag":"roi","cost":1013.0107736697894}],"funding_fees":0.0,"weekday":0},{"pair":"ATOM/USDT","stake_amount":999.95324,"max_stake_amount":999.95324,"amount":168.74,"open_date":"2025-01-23 12:00:00+00:00","close_date":"2025-01-23 14:00:00+00:00","open_rate":5.926,"close_rate":5.997183183183183,"fee_open":0.001,"fee_close":0.001,"trade_duration":120,"profit_ratio":0.00999000999000999,"profit_abs":9.9995324,"exit_reason":"roi","initial_stop_loss_abs":5.334,"initial_stop_loss_ratio":-0.1,"stop_loss_abs":5.334,"stop_loss_ratio":-0.1,"min_rate":5.859,"max_rate":6.095,"is_open":false,"enter_tag":"","leverage":1.0,"is_short":false,"open_timestamp":1737633600000,"close_timestamp":1737640800000,"orders":[{"amount":168.74,"safe_price":5.926,"ft_order_side":"buy","order_filled_timestamp":1737633600000,"ft_is_entry":true,"ft_order_tag":"","cost":1000.9531932399999},{"amount":168.74,"safe_price":5.997183183183183,"ft_order_side":"sell","order_filled_timestamp":1737640800000,"ft_is_entry":false,"ft_order_tag":"roi","cost":1012.9766550206606}],"funding_fees":0.0,"weekday":3},{"pair":"BTC/USDT","stake_amount":999.1534224,"max_stake_amount":999.1534224,"amount":0.00993,"open_date":"2025-01-27 13:00:00+00:00","close_date":"2025-01-27 14:00:00+00:00","open_rate":100619.68,"close_rate":101828.3248048048,"fee_open":0.001,"fee_close":0.001,"trade_duration":60,"profit_ratio":0.0099900099860106,"profit_abs":9.99153422,"exit_reason":"roi","initial_stop_loss_abs":90557.712,"initial_stop_loss_ratio":-0.1,"stop_loss_abs":90557.712,"stop_loss_ratio":-0.1,"min_rate":100000.0,"max_rate":102317.94,"is_open":false,"enter_tag":"","leverage":1.0,"is_short":false,"open_timestamp":1737982800000,"close_timestamp":1737986400000,"orders":[{"amount":0.00993,"safe_price":100619.68,"ft_order_side":"buy","order_filled_timestamp":1737982800000,"ft_is_entry":true,"ft_order_tag":"","cost":1000.1525758223997},{"amount":0.00993,"safe_price":101828.3248048048,"ft_order_side":"sell","order_filled_timestamp":1737986400000,"ft_is_entry":false,"ft_order_tag":"roi","cost":1012.1664205770231}],"funding_fees":0.0,"weekday":0},{"pair":"AVAX/USDT","stake_amount":999.812,"max_stake_amount":999.812,"amount":29.32,"open_date":"2025-01-27 15:00:00+00:00","close_date":"2025-01-27 21:00:00+00:00","open_rate":34.1,"close_rate":34.509609609609605,"fee_open":0.001,"fee_close":0.001,"trade_duration":360,"profit_ratio":0.00999000999000999,"profit_abs":9.99812,"exit_reason":"roi","initial_stop_loss_abs":30.69,"initial_stop_loss_ratio":-0.1,"stop_loss_abs":30.69,"stop_loss_ratio":-0.1,"min_rate":32.92,"max_rate":34.67,"is_open":false,"enter_tag":"","leverage":1.0,"is_short":false,"open_timestamp":1737990000000,"close_timestamp":1738011600000,"orders":[{"amount":29.32,"safe_price":34.1,"ft_order_side":"buy","order_filled_timestamp":1737990000000,"ft_is_entry":true,"ft_order_tag":"","cost":1000.8118119999999},{"amount":29.32,"safe_price":34.509609609609605,"ft_order_side":"sell","order_filled_timestamp":1738011600000,"ft_is_entry":false,"ft_order_tag":"roi","cost":1012.8335755075072}],"funding_fees":0.0,"weekday":0},{"pair":"AVAX/USDT","stake_amount":999.9945,"max_stake_amount":999.9945,"amount":30.95,"open_date":"2025-01-29 02:00:00+00:00","close_date":"2025-01-29 03:00:00+00:00","open_rate":32.31,"close_rate":32.6981081081081,"fee_open":0.001,"fee_close":0.001,"trade_duration":60,"profit_ratio":0.00999000999000999,"profit_abs":9.999945,"exit_reason":"roi","initial_stop_loss_abs":29.079000000000004,"initial_stop_loss_ratio":-0.1,"stop_loss_abs":29.079000000000004,"stop_loss_ratio":-0.1,"min_rate":32.27,"max_rate":32.86,"is_open":false,"enter_tag":"","leverage":1.0,"is_short":false,"open_timestamp":1738116000000,"close_timestamp":1738119600000,"orders":[{"amount":30.95,"safe_price":32.31,"ft_order_side":"buy","order_filled_timestamp":1738116000000,"ft_is_entry":true,"ft_order_tag":"","cost":1000.9944944999999},{"amount":30.95,"safe_price":32.6981081081081,"ft_order_side":"sell","order_filled_timestamp":1738119600000,"ft_is_entry":false,"ft_order_tag":"roi","cost":1013.0184523918916}],"funding_fees":0.0,"weekday":2},{"pair":"SOL/USDT","stake_amount":999.9904,"max_stake_amount":999.9904,"amount":4.384,"open_date":"2025-02-01 12:00:00+00:00","close_date":"2025-02-02 17:00:00+00:00","open_rate":228.1,"close_rate":205.29,"fee_open":0.001,"fee_close":0.001,"trade_duration":1740,"profit_ratio":-0.10179820179820179,"profit_abs":-101.89902176,"exit_reason":"stop_loss","initial_stop_loss_abs":205.29,"initial_stop_loss_ratio":-0.1,"stop_loss_abs":205.29,"stop_loss_ratio":-0.1,"min_rate":202.3,"max_rate":229.53,"is_open":false,"enter_tag":"","leverage":1.0,"is_short":false,"open_timestamp":1738411200000,"close_timestamp":1738515600000,"orders":[{"amount":4.384,"safe_price":228.1,"ft_order_side":"buy","order_filled_timestamp":1738411200000,"ft_is_entry":true,"ft_order_tag":"","cost":1000.9903903999999},{"amount":4.384,"safe_price":205.29,"ft_order_side":"sell","order_filled_timestamp":1738515600000,"ft_is_entry":false,"ft_order_tag":"stop_loss","cost":900.8913513599999}],"funding_fees":0.0,"weekday":6},{"pair":"BTC/USDT","stake_amount":999.4381389,"max_stake_amount":999.4381389,"amount":0.01017,"open_date":"2025-02-02 20:00:00+00:00","close_date":"2025-02-03 15:00:00+00:00","open_rate":98273.17,"close_rate":99453.62849849848,"fee_open":0.001,"fee_close":0.001,"trade_duration":1140,"profit_ratio":0.009990009991009552,"profit_abs":9.99438139,"exit_reason":"roi","initial_stop_loss_abs":88445.853,"initial_stop_loss_ratio":-0.1,"stop_loss_abs":88445.853,"stop_loss_ratio":-0.1,"min_rate":91231.0,"max_rate":99500.0,"is_open":false,"enter_tag":"","leverage":1.0,"is_short":false,"open_timestamp":1738526400000,"close_timestamp":1738594800000,"orders":[{"amount":0.01017,"safe_price":98273.17,"ft_order_side":"buy","order_filled_timestamp":1738526400000,"ft_is_entry":true,"ft_order_tag":"","cost":1000.4375770388999},{"amount":0.01017,"safe_price":99453.62849849848,"ft_order_side":"sell","order_filled_timestamp":1738594800000,"ft_is_entry":false,"ft_order_tag":"roi","cost":1012.4548452315593}],"funding_fees":0.0,"weekday":0},{"pair":"SOL/USDT","stake_amount":999.88578,"max_stake_amount":999.88578,"amount":5.177,"open_date":"2025-02-06 21:00:00+00:00","close_date":"2025-02-07 03:00:00+00:00","open_rate":193.14,"close_rate":195.45999999999995,"fee_open":0.001,"fee_close":0.001,"trade_duration":360,"profit_ratio":0.00999000999000999,"profit_abs":9.9988578,"exit_reason":"roi","initial_stop_loss_abs":173.826,"initial_stop_loss_ratio":-0.1,"stop_loss_abs":173.826,"stop_loss_ratio":-0.1,"min_rate":187.39,"max_rate":195.87,"is_open":false,"enter_tag":"","leverage":1.0,"is_short":false,"open_timestamp":1738875600000,"close_timestamp":1738897200000,"orders":[{"amount":5.177,"safe_price":193.14,"ft_order_side":"buy","order_filled_timestamp":1738875600000,"ft_is_entry":true,"ft_order_tag":"","cost":1000.8856657799997},{"amount":5.177,"safe_price":195.45999999999995,"ft_order_side":"sell","order_filled_timestamp":1738897200000,"ft_is_entry":false,"ft_order_tag":"roi","cost":1012.9083164199996}],"funding_fees":0.0,"weekday":4},{"pair":"ETH/USDT","stake_amount":999.810543,"max_stake_amount":999.810543,"amount":0.3813,"open_date":"2025-02-08 00:00:00+00:00","close_date":"2025-02-08 03:00:00+00:00","open_rate":2622.11,"close_rate":2653.606816816817,"fee_open":0.001,"fee_close":0.001,"trade_duration":180,"profit_ratio":0.00999000999000999,"profit_abs":9.99810543,"exit_reason":"roi","initial_stop_loss_abs":2359.8990000000003,"initial_stop_loss_ratio":-0.1,"stop_loss_abs":2359.8990000000003,"stop_loss_ratio":-0.1,"min_rate":2615.88,"max_rate":2667.3,"is_open":false,"enter_tag":"","leverage":1.0,"is_short":false,"open_timestamp":1738972800000,"close_timestamp":1738983600000,"orders":[{"amount":0.3813,"safe_price":2622.11,"ft_order_side":"buy","order_filled_timestamp":1738972800000,"ft_is_entry":true,"ft_order_tag":"","cost":1000.8103535429998},{"amount":0.3813,"safe_price":2653.606816816817,"ft_order_side":"sell","order_filled_timestamp":1738983600000,"ft_is_entry":false,"ft_order_tag":"roi","cost":1012.8320995315045}],"funding_fees":0.0,"weekday":5},{"pair":"BTC/USDT","stake_amount":999.5665814,"max_stake_amount":999.5665814,"amount":0.01037,"open_date":"2025-02-11 22:00:00+00:00","close_date":"2025-02-12 17:00:00+00:00","open_rate":96390.22,"close_rate":97548.06048048046,"fee_open":0.001,"fee_close":0.001,"trade_duration":1140,"profit_ratio":0.009990009986012254,"profit_abs":9.99566581,"exit_reason":"roi","initial_stop_loss_abs":86751.198,"initial_stop_loss_ratio":-0.1,"stop_loss_abs":86751.198,"stop_loss_ratio":-0.1,"min_rate":94088.23,"max_rate":97700.0,"is_open":false,"enter_tag":"","leverage":1.0,"is_short":false,"open_timestamp":1739311200000,"close_timestamp":1739379600000,"orders":[{"amount":0.01037,"safe_price":96390.22,"ft_order_side":"buy","order_filled_timestamp":1739311200000,"ft_is_entry":true,"ft_order_tag":"","cost":1000.5661479814},{"amount":0.01037,"safe_price":97548.06048048046,"ft_order_side":"sell","order_filled_timestamp":1739379600000,"ft_is_entry":false,"ft_order_tag":"roi","cost":1012.5849605697649}],"funding_fees":0.0,"weekday":2},{"pair":"AVAX/USDT","stake_amount":999.9305,"max_stake_amount":999.9305,"amount":39.29,"open_date":"2025-02-16 04:00:00+00:00","close_date":"2025-02-17 14:00:00+00:00","open_rate":25.45,"close_rate":25.7557057057057,"fee_open":0.001,"fee_close":0.001,"trade_duration":2040,"profit_ratio":0.009990009990009988,"profit_abs":9.999305,"exit_reason":"roi","initial_stop_loss_abs":22.905,"initial_stop_loss_ratio":-0.1,"stop_loss_abs":22.905,"stop_loss_ratio":-0.1,"min_rate":24.54,"max_rate":25.9,"is_open":false,"enter_tag":"","leverage":1.0,"is_short":false,"open_timestamp":1739678400000,"close_timestamp":1739800800000,"orders":[{"amount":39.29,"safe_price":25.45,"ft_order_side":"buy","order_filled_timestamp":1739678400000,"ft_is_entry":true,"ft_order_tag":"","cost":1000.9304304999998},{"amount":39.29,"safe_price":25.7557057057057,"ft_order_side":"sell","order_filled_timestamp":1739800800000,"ft_is_entry":false,"ft_order_tag":"roi","cost":1012.9536188543541}],"funding_fees":0.0,"weekday":0},{"pair":"SOL/USDT","stake_amount":999.957,"max_stake_amount":999.957,"amount":5.602,"open_date":"2025-02-17 21:00:00+00:00","close_date":"2025-02-17 22:00:00+00:00","open_rate":178.5,"close_rate":181.18,"fee_open":0.001,"fee_close":0.001,"trade_duration":60,"profit_ratio":0.012986005591047609,"profit_abs":12.99843264,"exit_reason":"roi","initial_stop_loss_abs":160.65,"initial_stop_loss_ratio":-0.1,"stop_loss_abs":160.65,"stop_loss_ratio":-0.1,"min_rate":178.4,"max_rate":181.3,"is_open":false,"enter_tag":"","leverage":1.0,"is_short":false,"open_timestamp":1739826000000,"close_timestamp":1739829600000,"orders":[{"amount":5.602,"safe_price":178.5,"ft_order_side":"buy","order_filled_timestamp":1739826000000,"ft_is_entry":true,"ft_order_tag":"","cost":1000.956957},{"amount":5.602,"safe_price":181.18,"ft_order_side":"sell","order_filled_timestamp":1739829600000,"ft_is_entry":false,"ft_order_tag":"roi","cost":1015.98533036}],"funding_fees":0.0,"weekday":0},{"pair":"SOL/USDT","stake_amount":999.94,"max_stake_amount":999.94,"amount":5.882,"open_date":"2025-02-18 10:00:00+00:00","close_date":"2025-02-19 10:00:00+00:00","open_rate":170.0,"close_rate":172.04204204204203,"fee_open":0.001,"fee_close":0.001,"trade_duration":1440,"profit_ratio":0.00999000999000999,"profit_abs":9.9994,"exit_reason":"roi","initial_stop_loss_abs":153.0,"initial_stop_loss_ratio":-0.1,"stop_loss_abs":153.0,"stop_loss_ratio":-0.1,"min_rate":160.88,"max_rate":172.49,"is_open":false,"enter_tag":"","leverage":1.0,"is_short":false,"open_timestamp":1739872800000,"close_timestamp":1739959200000,"orders":[{"amount":5.882,"safe_price":170.0,"ft_order_side":"buy","order_filled_timestamp":1739872800000,"ft_is_entry":true,"ft_order_tag":"","cost":1000.9399399999999},{"amount":5.882,"safe_price":172.04204204204203,"ft_order_side":"sell","order_filled_timestamp":1739959200000,"ft_is_entry":false,"ft_order_tag":"roi","cost":1012.9632425825823}],"funding_fees":0.0,"weekday":2},{"pair":"BTC/USDT","stake_amount":999.4394179,"max_stake_amount":999.4394179,"amount":0.01043,"open_date":"2025-02-21 23:00:00+00:00","close_date":"2025-02-22 12:00:00+00:00","open_rate":95823.53,"close_rate":96974.56339339339,"fee_open":0.001,"fee_close":0.001,"trade_duration":780,"profit_ratio":0.009990009991009552,"profit_abs":9.99439418,"exit_reason":"roi","initial_stop_loss_abs":86241.177,"initial_stop_loss_ratio":-0.1,"stop_loss_abs":86241.177,"stop_loss_ratio":-0.1,"min_rate":95666.88,"max_rate":96980.0,"is_open":false,"enter_tag":"","leverage":1.0,"is_short":false,"open_timestamp":1740178800000,"close_timestamp":1740225600000,"orders":[{"amount":0.01043,"safe_price":95823.53,"ft_order_side":"buy","order_filled_timestamp":1740178800000,"ft_is_entry":true,"ft_order_tag":"","cost":1000.4388573178999},{"amount":0.01043,"safe_price":96974.56339339339,"ft_order_side":"sell","order_filled_timestamp":1740225600000,"ft_is_entry":false,"ft_order_tag":"roi","cost":1012.456140889286}],"funding_fees":0.0,"weekday":5},{"pair":"SOL/USDT","stake_amount":999.90889,"max_stake_amount":999.90889,"amount":6.211,"open_date":"2025-02-24 08:00:00+00:00","close_date":"2025-02-24 22:00:00+00:00","open_rate":160.99,"close_rate":144.89100000000002,"fee_open":0.001,"fee_close":0.001,"trade_duration":840,"profit_ratio":-0.10179820179720271,"profit_abs":-101.89071589,"exit_reason":"stop_loss","initial_stop_loss_abs":144.89100000000002,"initial_stop_loss_ratio":-0.1,"stop_loss_abs":144.89100000000002,"stop_loss_ratio":-0.1,"min_rate":138.0,"max_rate":161.1,"is_open":false,"enter_tag":"","leverage":1.0,"is_short":false,"open_timestamp":1740384000000,"close_timestamp":1740434400000,"orders":[{"amount":6.211,"safe_price":160.99,"ft_order_side":"buy","order_filled_timestamp":1740384000000,"ft_is_entry":true,"ft_order_tag":"","cost":1000.9087988900001},{"amount":6.211,"safe_price":144.89100000000002,"ft_order_side":"sell","order_filled_timestamp":1740434400000,"ft_is_entry":false,"ft_order_tag":"stop_loss","cost":900.8179190010001}],"funding_fees":0.0,"weekday":0}],"locks":[],"best_pair":{"key":"BTC/USDT","trades":6,"profit_mean":0.010464180838114947,"profit_mean_pct":1.05,"profit_total_abs":62.80518861,"profit_total":0.06280518861,"profit_total_pct":6.28,"duration_avg":"9:40:00","wins":6,"draws":0,"losses":0,"winrate":1.0,"cagr":0.07746036232331743,"expectancy":10.467531435,"expectancy_ratio":100.0,"sortino":-100,"sharpe":3.798537843403044,"calmar":-100,"sqn":22.0811,"profit_factor":0.0,"max_drawdown_account":0.0,"max_drawdown_abs":0.0},"worst_pair":{"key":"SOL/USDT","trades":5,"profit_mean":-0.034126075604867384,"profit_mean_pct":-3.41,"profit_total_abs":-170.79304721,"profit_total":-0.17079304721,"profit_total_pct":-17.08,"duration_avg":"14:48:00","wins":3,"draws":0,"losses":2,"winrate":0.6,"cagr":-0.20498423180434777,"expectancy":-34.158609442,"expectancy_ratio":-0.33523385265519035,"sortino":-2636.605911470895,"sharpe":-0.19794276910930958,"calmar":-6.411064823672083,"sqn":-1.235,"profit_factor":0.1619153683620241,"max_drawdown_account":0.17079304720999994,"max_drawdown_abs":170.79304721},"results_per_pair":[{"key":"BTC/USDT","trades":6,"profit_mean":0.010464180838114947,"profit_mean_pct":1.05,"profit_total_abs":62.80518861,"profit_total":0.06280518861,"profit_total_pct":6.28,"duration_avg":"9:40:00","wins":6,"draws":0,"losses":0,"winrate":1.0,"cagr":0.07746036232331743,"expectancy":10.467531435,"expectancy_ratio":100.0,"sortino":-100,"sharpe":3.798537843403044,"calmar":-100,"sqn":22.0811,"profit_factor":0.0,"max_drawdown_account":0.0,"max_drawdown_abs":0.0},{"key":"ETH/USDT","trades":3,"profit_mean":0.013370817710025936,"profit_mean_pct":1.34,"profit_total_abs":40.14652128,"profit_total":0.04014652128,"profit_total_pct":4.01,"duration_avg":"1:40:00","wins":3,"draws":0,"losses":0,"winrate":1.0,"cagr":0.049392412922202755,"expectancy":13.38217376,"expectancy_ratio":100.0,"sortino":-100,"sharpe":0.537752500946114,"calmar":-100,"sqn":3.9541,"profit_factor":0.0,"max_drawdown_account":0.0,"max_drawdown_abs":0.0},{"key":"AVAX/USDT","trades":4,"profit_mean":0.009990009990009988,"profit_mean_pct":1.0,"profit_total_abs":39.995194,"profit_total":0.039995194,"profit_total_pct":4.0,"duration_avg":"10:30:00","wins":4,"draws":0,"losses":0,"winrate":1.0,"cagr":0.0492054178671153,"expectancy":9.9987985,"expectancy_ratio":100.0,"sortino":-100,"sharpe":2970.200351655152,"calmar":-100,"sqn":20061.1679,"profit_factor":0.0,"max_drawdown_account":0.0,"max_drawdown_abs":0.0},{"key":"DOT/USDT","trades":1,"profit_mean":0.009990009990009988,"profit_mean_pct":1.0,"profit_total_abs":9.9998692,"profit_total":0.009999869199999999,"profit_total_pct":1.0,"duration_avg":"1:00:00","wins":1,"draws":0,"losses":0,"winrate":1.0,"cagr":0.012261895246944876,"expectancy":9.9998692,"expectancy_ratio":100.0,"sortino":-100,"sharpe":-100,"calmar":-100,"sqn":-100.0,"profit_factor":0.0,"max_drawdown_account":0.0,"max_drawdown_abs":0.0},{"key":"ATOM/USDT","trades":1,"profit_mean":0.00999000999000999,"profit_mean_pct":1.0,"profit_total_abs":9.9995324,"profit_total":0.0099995324,"profit_total_pct":1.0,"duration_avg":"2:00:00","wins":1,"draws":0,"losses":0,"winrate":1.0,"cagr":0.012261481799570317,"expectancy":9.9995324,"expectancy_ratio":100.0,"sortino":-100,"sharpe":-100,"calmar":-100,"sqn":-100.0,"profit_factor":0.0,"max_drawdown_account":0.0,"max_drawdown_abs":0.0},{"key":"LINK/USDT","trades":0,"profit_mean":0.0,"profit_mean_pct":0.0,"profit_total_abs":0.0,"profit_total":0.0,"profit_total_pct":0.0,"duration_avg":"0:00","wins":0,"draws":0,"losses":0,"winrate":0.0,"cagr":0.0,"expectancy":0.0,"expectancy_ratio":100.0,"sortino":0,"sharpe":0,"calmar":0,"sqn":0.0,"profit_factor":0.0,"max_drawdown_account":0.0,"max_drawdown_abs":0.0},{"key":"NEAR/USDT","trades":0,"profit_mean":0.0,"profit_mean_pct":0.0,"profit_total_abs":0.0,"profit_total":0.0,"profit_total_pct":0.0,"duration_avg":"0:00","wins":0,"draws":0,"losses":0,"winrate":0.0,"cagr":0.0,"expectancy":0.0,"expectancy_ratio":100.0,"sortino":0,"sharpe":0,"calmar":0,"sqn":0.0,"profit_factor":0.0,"max_drawdown_account":0.0,"max_drawdown_abs":0.0},{"key":"SOL/USDT","trades":5,"profit_mean":-0.034126075604867384,"profit_mean_pct":-3.41,"profit_total_abs":-170.79304721,"profit_total":-0.17079304721,"profit_total_pct":-17.08,"duration_avg":"14:48:00","wins":3,"draws":0,"losses":2,"winrate":0.6,"cagr":-0.20498423180434777,"expectancy":-34.158609442,"expectancy_ratio":-0.33523385265519035,"sortino":-2636.605911470895,"sharpe":-0.19794276910930958,"calmar":-6.411064823672083,"sqn":-1.235,"profit_factor":0.1619153683620241,"max_drawdown_account":0.17079304720999994,"max_drawdown_abs":170.79304721},{"key":"TOTAL","trades":20,"profit_mean":-0.0003896389962754751,"profit_mean_pct":-0.04,"profit_total_abs":-7.846741719999997,"profit_total":-0.007846741719999998,"profit_total_pct":-0.78,"duration_avg":"9:06:00","wins":18,"draws":0,"losses":2,"winrate":0.9,"cagr":-0.009602446977085344,"expectancy":-0.3923370860000013,"expectancy_ratio":-0.0038504106293498763,"sortino":-121.13353525040847,"sharpe":-0.014834100087442865,"calmar":-0.4634401309736908,"sqn":-0.0504,"profit_factor":0.9614958937065003,"max_drawdown_account":0.10854901520038622,"max_drawdown_abs":120.8111954}],"results_per_enter_tag":[{"key":"","trades":20,"profit_mean":-0.0003896389962754751,"profit_mean_pct":-0.04,"profit_total_abs":-7.846741719999997,"profit_total":-0.007846741719999998,"profit_total_pct":-0.78,"duration_avg":"9:06:00","wins":18,"draws":0,"losses":2,"winrate":0.9,"cagr":-0.009602446977085344,"expectancy":-0.3923370860000013,"expectancy_ratio":-0.0038504106293498763,"sortino":-121.13353525040847,"sharpe":-0.014834100087442865,"calmar":-0.4634401309736908,"sqn":-0.0504,"profit_factor":0.9614958937065003,"max_drawdown_account":0.10854901520038622,"max_drawdown_abs":120.8111954},{"key":"TOTAL","trades":20,"profit_mean":-0.0003896389962754751,"profit_mean_pct":-0.04,"profit_total_abs":-7.846741719999997,"profit_total":-0.007846741719999998,"profit_total_pct":-0.78,"duration_avg":"9:06:00","wins":18,"draws":0,"losses":2,"winrate":0.9,"cagr":-0.009602446977085344,"expectancy":-0.3923370860000013,"expectancy_ratio":-0.0038504106293498763,"sortino":-121.13353525040847,"sharpe":-0.014834100087442865,"calmar":-0.4634401309736908,"sqn":-0.0504,"profit_factor":0.9614958937065003,"max_drawdown_account":0.10854901520038622,"max_drawdown_abs":120.8111954}],"exit_reason_summary":[{"key":"roi","trades":18,"profit_mean":0.010877979092771944,"profit_mean_pct":1.09,"profit_total_abs":195.94299593,"profit_total":0.19594299593,"profit_total_pct":19.59,"duration_avg":"7:43:00","wins":18,"draws":0,"losses":0,"winrate":1.0,"cagr":0.2450371174753614,"expectancy":10.88572199611111,"expectancy_ratio":100.0,"sortino":-100,"sharpe":5.177445382028788,"calmar":-100,"sqn":18.4985,"profit_factor":0.0,"max_drawdown_account":0.0,"max_drawdown_abs":0.0},{"key":"stop_loss","trades":2,"profit_mean":-0.10179820179770224,"profit_mean_pct":-10.18,"profit_total_abs":-203.78973765,"profit_total":-0.20378973765,"profit_total_pct":-20.38,"duration_avg":"21:30:00","wins":0,"draws":0,"losses":2,"winrate":0.0,"cagr":-0.2435580152929867,"expectancy":-101.894868825,"expectancy_ratio":-1.0,"sortino":-3145.990049140788,"sharpe":-3145.990049140788,"calmar":-6.41106482367208,"sqn":-24535.6281,"profit_factor":0.0,"max_drawdown_account":0.20378973765,"max_drawdown_abs":203.78973765},{"key":"TOTAL","trades":20,"profit_mean":-0.0003896389962754751,"profit_mean_pct":-0.04,"profit_total_abs":-7.846741719999997,"profit_total":-0.007846741719999998,"profit_total_pct":-0.78,"duration_avg":"9:06:00","wins":18,"draws":0,"losses":2,"winrate":0.9,"cagr":-0.009602446977085344,"expectancy":-0.3923370860000013,"expectancy_ratio":-0.0038504106293498763,"sortino":-121.13353525040847,"sharpe":-0.014834100087442865,"calmar":-0.4634401309736908,"sqn":-0.0504,"profit_factor":0.9614958937065003,"max_drawdown_account":0.10854901520038622,"max_drawdown_abs":120.8111954}],"mix_tag_stats":[{"key":["","roi"],"trades":18,"profit_mean":0.010877979092771944,"profit_mean_pct":1.09,"profit_total_abs":195.94299593,"profit_total":0.19594299593,"profit_total_pct":19.59,"duration_avg":"7:43:00","wins":18,"draws":0,"losses":0,"winrate":1.0,"cagr":0.2450371174753614,"expectancy":10.88572199611111,"expectancy_ratio":100.0,"sortino":-100,"sharpe":5.177445382028788,"calmar":-100,"sqn":18.4985,"profit_factor":0.0,"max_drawdown_account":0.0,"max_drawdown_abs":0.0},{"key":["","stop_loss"],"trades":2,"profit_mean":-0.10179820179770224,"profit_mean_pct":-10.18,"profit_total_abs":-203.78973765,"profit_total":-0.20378973765,"profit_total_pct":-20.38,"duration_avg":"21:30:00","wins":0,"draws":0,"losses":2,"winrate":0.0,"cagr":-0.2435580152929867,"expectancy":-101.894868825,"expectancy_ratio":-1.0,"sortino":-3145.990049140788,"sharpe":-3145.990049140788,"calmar":-6.41106482367208,"sqn":-24535.6281,"profit_factor":0.0,"max_drawdown_account":0.20378973765,"max_drawdown_abs":203.78973765},{"key":"TOTAL","trades":20,"profit_mean":-0.0003896389962754751,"profit_mean_pct":-0.04,"profit_total_abs":-7.846741719999997,"profit_total":-0.007846741719999998,"profit_total_pct":-0.78,"duration_avg":"9:06:00","wins":18,"draws":0,"losses":2,"winrate":0.9,"cagr":-0.009602446977085344,"expectancy":-0.3923370860000013,"expectancy_ratio":-0.0038504106293498763,"sortino":-121.13353525040847,"sharpe":-0.014834100087442865,"calmar":-0.4634401309736908,"sqn":-0.0504,"profit_factor":0.9614958937065003,"max_drawdown_account":0.10854901520038622,"max_drawdown_abs":120.8111954}],"left_open_trades":[{"key":"TOTAL","trades":0,"profit_mean":0.0,"profit_mean_pct":0.0,"profit_total_abs":0.0,"profit_total":0.0,"profit_total_pct":0.0,"duration_avg":"0:00","wins":0,"draws":0,"losses":0,"winrate":0.0,"cagr":0.0,"expectancy":0.0,"expectancy_ratio":100.0,"sortino":0,"sharpe":0,"calmar":0,"sqn":0.0,"profit_factor":0.0,"max_drawdown_account":0.0,"max_drawdown_abs":0.0}],"total_trades":20,"trade_count_long":20,"trade_count_short":0,"total_volume":40061.34336156625,"avg_stake_amount":999.7286864799999,"profit_mean":-0.0003896389962754751,"profit_median":0.00999000999000999,"profit_total":-0.007846741719999998,"profit_total_long":-0.007846741719999998,"profit_total_short":0.0,"profit_total_abs":-7.846741719999997,"profit_total_long_abs":-7.846741719999997,"profit_total_short_abs":0.0,"cagr":-0.009602446977085344,"expectancy":-0.3923370860000013,"expectancy_ratio":-0.0038504106293498763,"sortino":-121.13353525040847,"sharpe":-0.014834100087442865,"calmar":-0.4634401309736908,"sqn":-0.0504,"profit_factor":0.9614958937065003,"backtest_start":"2025-01-09 08:00:00","backtest_start_ts":1736409600000,"backtest_end":"2025-11-03 16:00:00","backtest_end_ts":1762185600000,"backtest_days":298,"backtest_run_start_ts":1762191582,"backtest_run_end_ts":1762191583,"trades_per_day":0.07,"market_change":-0.3069070927014747,"pairlist":["BTC/USDT","ETH/USDT","SOL/USDT","AVAX/USDT","LINK/USDT","DOT/USDT","NEAR/USDT","ATOM/USDT"],"stake_amount":1000,"stake_currency":"USDT","stake_currency_decimals":3,"starting_balance":1000,"dry_run_wallet":1000,"final_balance":992.15325828,"rejected_signals":0,"timedout_entry_orders":0,"timedout_exit_orders":0,"canceled_trade_entries":0,"canceled_entry_orders":0,"replaced_entry_orders":0,"max_open_trades":8,"max_open_trades_setting":-1,"timeframe":"1h","timeframe_detail":"","timerange":"","enable_protections":false,"strategy_name":"SampleStrategy","freqaimodel":null,"freqai_identifier":null,"stoploss":-0.1,"trailing_stop":false,"trailing_stop_positive":null,"trailing_stop_positive_offset":0.0,"trailing_only_offset_is_reached":false,"use_custom_stoploss":false,"minimal_roi":{"60":0.01,"30":0.02,"0":0.04},"use_exit_signal":true,"exit_profit_only":false,"exit_profit_offset":0.0,"ignore_roi_if_entry_signal":false,"trading_mode":"spot","margin_mode":"isolated","periodic_breakdown":{"day":[{"date":"09/01/2025","date_ts":1736380800000,"profit_abs":12.83777935,"wins":1,"draws":0,"losses":0,"trades":1,"profit_factor":0.0},{"date":"10/01/2025","date_ts":1736467200000,"profit_abs":0.0,"wins":0,"draws":0,"losses":0,"trades":0,"profit_factor":0.0},{"date":"11/01/2025","date_ts":1736553600000,"profit_abs":0.0,"wins":0,"draws":0,"losses":0,"trades":0,"profit_factor":0.0},{"date":"12/01/2025","date_ts":1736640000000,"profit_abs":0.0,"wins":0,"draws":0,"losses":0,"trades":0,"profit_factor":0.0},{"date":"13/01/2025","date_ts":1736726400000,"profit_abs":29.9867159,"wins":3,"draws":0,"losses":0,"trades":3,"profit_factor":0.0},{"date":"14/01/2025","date_ts":1736812800000,"profit_abs":0.0,"wins":0,"draws":0,"losses":0,"trades":0,"profit_factor":0.0},{"date":"15/01/2025","date_ts":1736899200000,"profit_abs":0.0,"wins":0,"draws":0,"losses":0,"trades":0,"profit_factor":0.0},{"date":"16/01/2025","date_ts":1736985600000,"profit_abs":0.0,"wins":0,"draws":0,"losses":0,"trades":0,"profit_factor":0.0},{"date":"17/01/2025","date_ts":1737072000000,"profit_abs":0.0,"wins":0,"draws":0,"losses":0,"trades":0,"profit_factor":0.0},{"date":"18/01/2025","date_ts":1737158400000,"profit_abs":0.0,"wins":0,"draws":0,"losses":0,"trades":0,"profit_factor":0.0},{"date":"19/01/2025","date_ts":1737244800000,"profit_abs":20.15095761,"wins":1,"draws":0,"losses":0,"trades":1,"profit_factor":0.0},{"date":"20/01/2025","date_ts":1737331200000,"profit_abs":9.9998692,"wins":1,"draws":0,"losses":0,"trades":1,"profit_factor":0.0},{"date":"21/01/2025","date_ts":1737417600000,"profit_abs":0.0,"wins":0,"draws":0,"losses":0,"trades":0,"profit_factor":0.0},{"date":"22/01/2025","date_ts":1737504000000,"profit_abs":0.0,"wins":0,"draws":0,"losses":0,"trades":0,"profit_factor":0.0},{"date":"23/01/2025","date_ts":1737590400000,"profit_abs":9.9995324,"wins":1,"draws":0,"losses":0,"trades":1,"profit_factor":0.0},{"date":"24/01/2025","date_ts":1737676800000,"profit_abs":0.0,"wins":0,"draws":0,"losses":0,"trades":0,"profit_factor":0.0},{"date":"25/01/2025","date_ts":1737763200000,"profit_abs":0.0,"wins":0,"draws":0,"losses":0,"trades":0,"profit_factor":0.0},{"date":"26/01/2025","date_ts":1737849600000,"profit_abs":0.0,"wins":0,"draws":0,"losses":0,"trades":0,"profit_factor":0.0},{"date":"27/01/2025","date_ts":1737936000000,"profit_abs":19.98965422,"wins":2,"draws":0,"losses":0,"trades":2,"profit_factor":0.0},{"date":"28/01/2025","date_ts":1738022400000,"profit_abs":0.0,"wins":0,"draws":0,"losses":0,"trades":0,"profit_factor":0.0},{"date":"29/01/2025","date_ts":1738108800000,"profit_abs":9.999945,"wins":1,"draws":0,"losses":0,"trades":1,"profit_factor":0.0},{"date":"30/01/2025","date_ts":1738195200000,"profit_abs":0.0,"wins":0,"draws":0,"losses":0,"trades":0,"profit_factor":0.0},{"date":"31/01/2025","date_ts":1738281600000,"profit_abs":0.0,"wins":0,"draws":0,"losses":0,"trades":0,"profit_factor":0.0},{"date":"01/02/2025","date_ts":1738368000000,"profit_abs":0.0,"wins":0,"draws":0,"losses":0,"trades":0,"profit_factor":0.0},{"date":"02/02/2025","date_ts":1738454400000,"profit_abs":-101.89902176,"wins":0,"draws":0,"losses":1,"trades":1,"profit_factor":0.0},{"date":"03/02/2025","date_ts":1738540800000,"profit_abs":9.99438139,"wins":1,"draws":0,"losses":0,"trades":1,"profit_factor":0.0},{"date":"04/02/2025","date_ts":1738627200000,"profit_abs":0.0,"wins":0,"draws":0,"losses":0,"trades":0,"profit_factor":0.0},{"date":"05/02/2025","date_ts":1738713600000,"profit_abs":0.0,"wins":0,"draws":0,"losses":0,"trades":0,"profit_factor":0.0},{"date":"06/02/2025","date_ts":1738800000000,"profit_abs":0.0,"wins":0,"draws":0,"losses":0,"trades":0,"profit_factor":0.0},{"date":"07/02/2025","date_ts":1738886400000,"profit_abs":9.9988578,"wins":1,"draws":0,"losses":0,"trades":1,"profit_factor":0.0},{"date":"08/02/2025","date_ts":1738972800000,"profit_abs":9.99810543,"wins":1,"draws":0,"losses":0,"trades":1,"profit_factor":0.0},{"date":"09/02/2025","date_ts":1739059200000,"profit_abs":0.0,"wins":0,"draws":0,"losses":0,"trades":0,"profit_factor":0.0},{"date":"10/02/2025","date_ts":1739145600000,"profit_abs":0.0,"wins":0,"draws":0,"losses":0,"trades":0,"profit_factor":0.0},{"date":"11/02/2025","date_ts":1739232000000,"profit_abs":0.0,"wins":0,"draws":0,"losses":0,"trades":0,"profit_factor":0.0},{"date":"12/02/2025","date_ts":1739318400000,"profit_abs":9.99566581,"wins":1,"draws":0,"losses":0,"trades":1,"profit_factor":0.0},{"date":"13/02/2025","date_ts":1739404800000,"profit_abs":0.0,"wins":0,"draws":0,"losses":0,"trades":0,"profit_factor":0.0},{"date":"14/02/2025","date_ts":1739491200000,"profit_abs":0.0,"wins":0,"draws":0,"losses":0,"trades":0,"profit_factor":0.0},{"date":"15/02/2025","date_ts":1739577600000,"profit_abs":0.0,"wins":0,"draws":0,"losses":0,"trades":0,"profit_factor":0.0},{"date":"16/02/2025","date_ts":1739664000000,"profit_abs":0.0,"wins":0,"draws":0,"losses":0,"trades":0,"profit_factor":0.0},{"date":"17/02/2025","date_ts":1739750400000,"profit_abs":22.99773764,"wins":2,"draws":0,"losses":0,"trades":2,"profit_factor":0.0},{"date":"18/02/2025","date_ts":1739836800000,"profit_abs":0.0,"wins":0,"draws":0,"losses":0,"trades":0,"profit_factor":0.0},{"date":"19/02/2025","date_ts":1739923200000,"profit_abs":9.9994,"wins":1,"draws":0,"losses":0,"trades":1,"profit_factor":0.0},{"date":"20/02/2025","date_ts":1740009600000,"profit_abs":0.0,"wins":0,"draws":0,"losses":0,"trades":0,"profit_factor":0.0},{"date":"21/02/2025","date_ts":1740096000000,"profit_abs":0.0,"wins":0,"draws":0,"losses":0,"trades":0,"profit_factor":0.0},{"date":"22/02/2025","date_ts":1740182400000,"profit_abs":9.99439418,"wins":1,"draws":0,"losses":0,"trades":1,"profit_factor":0.0},{"date":"23/02/2025","date_ts":1740268800000,"profit_abs":0.0,"wins":0,"draws":0,"losses":0,"trades":0,"profit_factor":0.0},{"date":"24/02/2025","date_ts":1740355200000,"profit_abs":-101.89071589,"wins":0,"draws":0,"losses":1,"trades":1,"profit_factor":0.0}],"week":[{"date":"13/01/2025","date_ts":1736726400000,"profit_abs":42.82449525,"wins":4,"draws":0,"losses":0,"trades":4,"profit_factor":0.0},{"date":"20/01/2025","date_ts":1737331200000,"profit_abs":30.15082681,"wins":2,"draws":0,"losses":0,"trades":2,"profit_factor":0.0},{"date":"27/01/2025","date_ts":1737936000000,"profit_abs":29.98918662,"wins":3,"draws":0,"losses":0,"trades":3,"profit_factor":0.0},{"date":"03/02/2025","date_ts":1738540800000,"profit_abs":-81.90469537,"wins":2,"draws":0,"losses":1,"trades":3,"profit_factor":0.19621706},{"date":"10/02/2025","date_ts":1739145600000,"profit_abs":19.99696323,"wins":2,"draws":0,"losses":0,"trades":2,"profit_factor":0.0},{"date":"17/02/2025","date_ts":1739750400000,"profit_abs":32.99340345,"wins":3,"draws":0,"losses":0,"trades":3,"profit_factor":0.0},{"date":"24/02/2025","date_ts":1740355200000,"profit_abs":-81.89692171,"wins":2,"draws":0,"losses":1,"trades":3,"profit_factor":0.19622783}],"month":[{"date":"31/01/2025","date_ts":1738281600000,"profit_abs":112.96445368,"wins":10,"draws":0,"losses":0,"trades":10,"profit_factor":0.0},{"date":"28/02/2025","date_ts":1740700800000,"profit_abs":-120.8111954,"wins":8,"draws":0,"losses":2,"trades":10,"profit_factor":0.40717724}],"year":[{"date":"31/12/2025","date_ts":1767139200000,"profit_abs":-7.84674172,"wins":18,"draws":0,"losses":2,"trades":20,"profit_factor":0.96149589}],"weekday":[{"date":"Monday","date_ts":0,"profit_abs":-8.92235754,"wins":9,"draws":0,"losses":1,"trades":10,"profit_factor":0.91243209},{"date":"Wednesday","date_ts":2,"profit_abs":29.99501081,"wins":3,"draws":0,"losses":0,"trades":3,"profit_factor":0.0},{"date":"Thursday","date_ts":3,"profit_abs":22.83731175,"wins":2,"draws":0,"losses":0,"trades":2,"profit_factor":0.0},{"date":"Friday","date_ts":4,"profit_abs":9.9988578,"wins":1,"draws":0,"losses":0,"trades":1,"profit_factor":0.0},{"date":"Saturday","date_ts":5,"profit_abs":19.99249961,"wins":2,"draws":0,"losses":0,"trades":2,"profit_factor":0.0},{"date":"Sunday","date_ts":6,"profit_abs":-81.74806415,"wins":1,"draws":0,"losses":1,"trades":2,"profit_factor":0.19775418}]},"backtest_best_day":0.02997002996603054,"backtest_worst_day":-0.10179820179820179,"backtest_best_day_abs":29.9867159,"backtest_worst_day_abs":-101.89902176,"winning_days":14,"draw_days":31,"losing_days":2,"daily_profit":[["2025-01-09",12.83777935],["2025-01-10",0.0],["2025-01-11",0.0],["2025-01-12",0.0],["2025-01-13",29.9867159],["2025-01-14",0.0],["2025-01-15",0.0],["2025-01-16",0.0],["2025-01-17",0.0],["2025-01-18",0.0],["2025-01-19",20.15095761],["2025-01-20",9.9998692],["2025-01-21",0.0],["2025-01-22",0.0],["2025-01-23",9.9995324],["2025-01-24",0.0],["2025-01-25",0.0],["2025-01-26",0.0],["2025-01-27",19.98965422],["2025-01-28",0.0],["2025-01-29",9.999945],["2025-01-30",0.0],["2025-01-31",0.0],["2025-02-01",0.0],["2025-02-02",-101.89902176],["2025-02-03",9.99438139],["2025-02-04",0.0],["2025-02-05",0.0],["2025-02-06",0.0],["2025-02-07",9.9988578],["2025-02-08",9.99810543],["2025-02-09",0.0],["2025-02-10",0.0],["2025-02-11",0.0],["2025-02-12",9.99566581],["2025-02-13",0.0],["2025-02-14",0.0],["2025-02-15",0.0],["2025-02-16",0.0],["2025-02-17",22.99773764],["2025-02-18",0.0],["2025-02-19",9.9994],["2025-02-20",0.0],["2025-02-21",0.0],["2025-02-22",9.99439418],["2025-02-23",0.0],["2025-02-24",-101.89071589]],"wins":18,"losses":2,"draws":0,"winrate":0.9,"holding_avg":"9:06:00","holding_avg_s":32760.0,"winner_holding_min":"0d 01:00","winner_holding_min_s":3600.0,"winner_holding_max":"1d 10:00","winner_holding_max_s":122400.0,"winner_holding_avg":"0d 07:43","winner_holding_avg_s":27780.0,"loser_holding_min":"0d 14:00","loser_holding_min_s":50400.0,"loser_holding_max":"1d 05:00","loser_holding_max_s":104400.0,"loser_holding_avg":"0d 21:30","loser_holding_avg_s":77400.0,"max_consecutive_wins":10,"max_consecutive_losses":1,"max_drawdown_account":0.10854901520038622,"max_relative_drawdown":0.10854901520038622,"max_drawdown_abs":120.8111954,"drawdown_start":"2025-01-29 03:00:00","drawdown_start_ts":1738119600000.0,"drawdown_end":"2025-02-24 22:00:00","drawdown_end_ts":1740434400000.0,"drawdown_duration":"26 days 19:00:00","drawdown_duration_s":2314800.0,"max_drawdown_low":-7.846741720000011,"max_drawdown_high":112.96445367999999,"csum_min":992.15325828,"csum_max":1112.96445368}},"strategy_comparison":[{"key":"SampleStrategy","trades":20,"profit_mean":-0.0003896389962754751,"profit_mean_pct":-0.04,"profit_total_abs":-7.846741719999997,"profit_total":-0.007846741719999998,"profit_total_pct":-0.78,"duration_avg":"9:06:00","wins":18,"draws":0,"losses":2,"winrate":0.9,"cagr":-0.009602446977085344,"expectancy":-0.3923370860000013,"expectancy_ratio":-0.0038504106293498763,"sortino":-121.13353525040847,"sharpe":-0.014834100087442865,"calmar":-0.4634401309736908,"sqn":-0.0504,"profit_factor":0.9614958937065003,"max_drawdown_account":0.10854901520038622,"max_drawdown_abs":"120.811"}]}