{"strategy":{"SampleStrategy":{"trades":[{"pair":"DOT/USDT","stake_amount":999.99808,"max_stake_amount":999.99808,"amount":238.72,"open_date":"2025-05-02 05:30:00+00:00","close_date":"2025-05-02 14:55:00+00:00","open_rate":4.189,"close_rate":4.239318318318318,"fee_open":0.001,"fee_close":0.001,"trade_duration":565,"profit_ratio":0.00999000999000999,"profit_abs":9.9999808,"exit_reason":"roi","initial_stop_loss_abs":3.771,"initial_stop_loss_ratio":-0.1,"stop_loss_abs":3.771,"stop_loss_ratio":-0.1,"min_rate":4.159,"max_rate":4.241,"is_open":false,"enter_tag":"","leverage":1.0,"is_short":false,"open_timestamp":1746163800000,"close_timestamp":1746197700000,"orders":[{"amount":238.72,"safe_price":4.189,"ft_order_side":"buy","order_filled_timestamp":1746163800000,"ft_is_entry":true,"ft_order_tag":"","cost":1000.9980780799998},{"amount":238.72,"safe_price":4.239318318318318,"ft_order_side":"sell","order_filled_timestamp":1746197700000,"ft_is_entry":false,"ft_order_tag":"roi","cost":1013.0220790178978}],"funding_fees":0.0,"weekday":4},{"pair":"DOT/USDT","stake_amount":999.9824,"max_stake_amount":999.9824,"amount":241.6,"open_date":"2025-05-02 20:00:00+00:00","close_date":"2025-05-08 04:00:00+00:00","open_rate":4.139,"close_rate":4.188717717717717,"fee_open":0.001,"fee_close":0.001,"trade_duration":7680,"profit_ratio":0.00999000999000999,"profit_abs":9.999824,"exit_reason":"roi","initial_stop_loss_abs":3.726,"initial_stop_loss_ratio":-0.1,"stop_loss_abs":3.726,"stop_loss_ratio":-0.1,"min_rate":3.823,"max_rate":4.189,"is_open":false,"enter_tag":"","leverage":1.0,"is_short":false,"open_timestamp":1746216000000,"close_timestamp":1746676800000,"orders":[{"amount":241.6,"safe_price":4.139,"ft_order_side":"buy","order_filled_timestamp":1746216000000,"ft_is_entry":true,"ft_order_tag":"","cost":1000.9823823999999},{"amount":241.6,"safe_price":4.188717717717717,"ft_order_side":"sell","order_filled_timestamp":1746676800000,"ft_is_entry":false,"ft_order_tag":"roi","cost":1013.0061948012009}],"funding_fees":0.0,"weekday":3},{"pair":"NEAR/USDT","stake_amount":999.9969,"max_stake_amount":999.9969,"amount":345.9,"open_date":"2025-05-09 14:35:00+00:00","close_date":"2025-05-10 00:00:00+00:00","open_rate":2.891,"close_rate":2.9257267267267264,"fee_open":0.001,"fee_close":0.001,"trade_duration":565,"profit_ratio":0.00999000999000999,"profit_abs":9.999969,"exit_reason":"roi","initial_stop_loss_abs":2.602,"initial_stop_loss_ratio":-0.1,"stop_loss_abs":2.602,"stop_loss_ratio":-0.1,"min_rate":2.841,"max_rate":2.93,"is_open":false,"enter_tag":"","leverage":1.0,"is_short":false,"open_timestamp":1746801300000,"close_timestamp":1746835200000,"orders":[{"amount":345.9,"safe_price":2.891,"ft_order_side":"buy","order_filled_timestamp":1746801300000,"ft_is_entry":true,"ft_order_tag":"","cost":1000.9968968999999},{"amount":345.9,"safe_price":2.9257267267267264,"ft_order_side":"sell","order_filled_timestamp":1746835200000,"ft_is_entry":false,"ft_order_tag":"roi","cost":1013.0208836495492}],"funding_fees":0.0,"weekday":5},{"pair":"DOT/USDT","stake_amount":999.96582,"max_stake_amount":999.96582,"amount":198.17,"open_date":"2025-05-11 07:15:00+00:00","close_date":"2025-05-11 10:25:00+00:00","open_rate":5.046,"close_rate":5.106612612612612,"fee_open":0.001,"fee_close":0.001,"trade_duration":190,"profit_ratio":0.009990009990009992,"profit_abs":9.9996582,"exit_reason":"roi","initial_stop_loss_abs":4.542,"initial_stop_loss_ratio":-0.1,"stop_loss_abs":4.542,"stop_loss_ratio":-0.1,"min_rate":4.954,"max_rate":5.112,"is_open":false,"enter_tag":"","leverage":1.0,"is_short":false,"open_timestamp":1746947700000,"close_timestamp":1746959100000,"orders":[{"amount":198.17,"safe_price":5.046,"ft_order_side":"buy","order_filled_timestamp":1746947700000,"ft_is_entry":true,"ft_order_tag":"","cost":1000.96578582},{"amount":198.17,"safe_price":5.106612612612612,"ft_order_side":"sell","order_filled_timestamp":1746959100000,"ft_is_entry":false,"ft_order_tag":"roi","cost":1012.9893988628827}],"funding_fees":0.0,"weekday":6},{"pair":"DOT/USDT","stake_amount":999.96864,"max_stake_amount":999.96864,"amount":198.88,"open_date":"2025-05-11 14:05:00+00:00","close_date":"2025-05-11 15:10:00+00:00","open_rate":5.028,"close_rate":5.088396396396395,"fee_open":0.001,"fee_close":0.001,"trade_duration":65,"profit_ratio":0.00999000999000999,"profit_abs":9.9996864,"exit_reason":"roi","initial_stop_loss_abs":4.526,"initial_stop_loss_ratio":-0.1,"stop_loss_abs":4.526,"stop_loss_ratio":-0.1,"min_rate":5.01,"max_rate":5.098,"is_open":false,"enter_tag":"","leverage":1.0,"is_short":false,"open_timestamp":1746972300000,"close_timestamp":1746976200000,"orders":[{"amount":198.88,"safe_price":5.028,"ft_order_side":"buy","order_filled_timestamp":1746972300000,"ft_is_entry":true,"ft_order_tag":"","cost":1000.9686086399998},{"amount":198.88,"safe_price":5.088396396396395,"ft_order_side":"sell","order_filled_timestamp":1746976200000,"ft_is_entry":false,"ft_order_tag":"roi","cost":1012.9922555906302}],"funding_fees":0.0,"weekday":6},{"pair":"ETH/USDT","stake_amount":999.88902,"max_stake_amount":999.88902,"amount":0.411,"open_date":"2025-05-12 18:55:00+00:00","close_date":"2025-05-12 19:55:00+00:00","open_rate":2432.82,"close_rate":2462.0430630630626,"fee_open":0.001,"fee_close":0.001,"trade_duration":60,"profit_ratio":0.00999000999000999,"profit_abs":9.9988902,"exit_reason":"roi","initial_stop_loss_abs":2189.538,"initial_stop_loss_ratio":-0.1,"stop_loss_abs":2189.538,"stop_loss_ratio":-0.1,"min_rate":2428.89,"max_rate":2467.39,"is_open":false,"enter_tag":"","leverage":1.0,"is_short":false,"open_timestamp":1747076100000,"close_timestamp":1747079700000,"orders":[{"amount":0.411,"safe_price":2432.82,"ft_order_side":"buy","order_filled_timestamp":1747076100000,"ft_is_entry":true,"ft_order_tag":"","cost":1000.8889090199998},{"amount":0.411,"safe_price":2462.0430630630626,"ft_order_side":"sell","order_filled_timestamp":1747079700000,"ft_is_entry":false,"ft_order_tag":"roi","cost":1012.9115986178375}],"funding_fees":0.0,"weekday":0},{"pair":"ATOM/USDT","stake_amount":999.99558,"max_stake_amount":999.99558,"amount":191.46,"open_date":"2025-05-13 00:20:00+00:00","close_date":"2025-05-13 16:35:00+00:00","open_rate":5.223,"close_rate":5.285738738738737,"fee_open":0.001,"fee_close":0.001,"trade_duration":975,"profit_ratio":0.00999000999000999,"profit_abs":9.9999558,"exit_reason":"roi","initial_stop_loss_abs":4.701,"initial_stop_loss_ratio":-0.1,"stop_loss_abs":4.701,"stop_loss_ratio":-0.1,"min_rate":5.0,"max_rate":5.292,"is_open":false,"enter_tag":"","leverage":1.0,"is_short":false,"open_timestamp":1747095600000,"close_timestamp":1747154100000,"orders":[{"amount":191.46,"safe_price":5.223,"ft_order_side":"buy","order_filled_timestamp":1747095600000,"ft_is_entry":true,"ft_order_tag":"","cost":1000.9955755799999},{"amount":191.46,"safe_price":5.285738738738737,"ft_order_side":"sell","order_filled_timestamp":1747154100000,"ft_is_entry":false,"ft_order_tag":"roi","cost":1013.0195464578375}],"funding_fees":0.0,"weekday":1},{"pair":"DOT/USDT","stake_amount":999.99536,"max_stake_amount":999.99536,"amount":193.76,"open_date":"2025-05-14 07:40:00+00:00","close_date":"2025-05-17 01:15:00+00:00","open_rate":5.161,"close_rate":4.645,"fee_open":0.001,"fee_close":0.001,"trade_duration":3935,"profit_ratio":-0.10177886442176308,"profit_abs":-101.88017056,"exit_reason":"stop_loss","initial_stop_loss_abs":4.645,"initial_stop_loss_ratio":-0.1,"stop_loss_abs":4.645,"stop_loss_ratio":-0.1,"min_rate":4.644,"max_rate":5.172,"is_open":false,"enter_tag":"","leverage":1.0,"is_short":false,"open_timestamp":1747208400000,"close_timestamp":1747444500000,"orders":[{"amount":193.76,"safe_price":5.161,"ft_order_side":"buy","order_filled_timestamp":1747208400000,"ft_is_entry":true,"ft_order_tag":"","cost":1000.9953553599997},{"amount":193.76,"safe_price":4.645,"ft_order_side":"sell","order_filled_timestamp":1747444500000,"ft_is_entry":false,"ft_order_tag":"stop_loss","cost":900.9152151999997}],"funding_fees":0.0,"weekday":5}],"locks":[],"best_pair":{"key":"NEAR/USDT","trades":1,"profit_mean":0.00999000999000999,"profit_mean_pct":1.0,"profit_total_abs":9.999969,"profit_total":0.009999969000000001,"profit_total_pct":1.0,"duration_avg":"9:25:00","wins":1,"draws":0,"losses":0,"winrate":1.0,"cagr":0.019718008336553128,"expectancy":9.999969,"expectancy_ratio":100.0,"sortino":-100,"sharpe":-100,"calmar":-100,"sqn":-100.0,"profit_factor":0.0,"max_drawdown_account":0.0,"max_drawdown_abs":0.0},"worst_pair":{"key":"DOT/USDT","trades":5,"profit_mean":-0.012363764892344625,"profit_mean_pct":-1.24,"profit_total_abs":-61.881021159999996,"profit_total":-0.061881021159999994,"profit_total_pct":-6.19,"duration_avg":"1 day, 17:27:00","wins":4,"draws":0,"losses":1,"winrate":0.8,"cagr":-0.11781452894165523,"expectancy":-12.376204232,"expectancy_ratio":-0.12147804782787752,"sortino":-100,"sharpe":-0.14202953794053663,"calmar":-6.488350174051619,"sqn":-0.5531,"profit_factor":0.3926097608606124,"max_drawdown_account":0.09796178258297344,"max_drawdown_abs":101.88017056},"results_per_pair":[{"key":"NEAR/USDT","trades":1,"profit_mean":0.00999000999000999,"profit_mean_pct":1.0,"profit_total_abs":9.999969,"profit_total":0.009999969000000001,"profit_total_pct":1.0,"duration_avg":"9:25:00","wins":1,"draws":0,"losses":0,"winrate":1.0,"cagr":0.019718008336553128,"expectancy":9.999969,"expectancy_ratio":100.0,"sortino":-100,"sharpe":-100,"calmar":-100,"sqn":-100.0,"profit_factor":0.0,"max_drawdown_account":0.0,"max_drawdown_abs":0.0},{"key":"ATOM/USDT","trades":1,"profit_mean":0.00999000999000999,"profit_mean_pct":1.0,"profit_total_abs":9.9999558,"profit_total":0.0099999558,"profit_total_pct":1.0,"duration_avg":"16:15:00","wins":1,"draws":0,"losses":0,"winrate":1.0,"cagr":0.019717982184091154,"expectancy":9.9999558,"expectancy_ratio":100.0,"sortino":-100,"sharpe":-100,"calmar":-100,"sqn":-100.0,"profit_factor":0.0,"max_drawdown_account":0.0,"max_drawdown_abs":0.0},{"key":"ETH/USDT","trades":1,"profit_mean":0.00999000999000999,"profit_mean_pct":1.0,"profit_total_abs":9.9988902,"profit_total":0.0099988902,"profit_total_pct":1.0,"duration_avg":"1:00:00","wins":1,"draws":0,"losses":0,"winrate":1.0,"cagr":0.01971587096825611,"expectancy":9.9988902,"expectancy_ratio":100.0,"sortino":-100,"sharpe":-100,"calmar":-100,"sqn":-100.0,"profit_factor":0.0,"max_drawdown_account":0.0,"max_drawdown_abs":0.0},{"key":"DOT/USDT","trades":5,"profit_mean":-0.012363764892344625,"profit_mean_pct":-1.24,"profit_total_abs":-61.881021159999996,"profit_total":-0.061881021159999994,"profit_total_pct":-6.19,"duration_avg":"1 day, 17:27:00","wins":4,"draws":0,"losses":1,"winrate":0.8,"cagr":-0.11781452894165523,"expectancy":-12.376204232,"expectancy_ratio":-0.12147804782787752,"sortino":-100,"sharpe":-0.14202953794053663,"calmar":-6.488350174051619,"sqn":-0.5531,"profit_factor":0.3926097608606124,"max_drawdown_account":0.09796178258297344,"max_drawdown_abs":101.88017056},{"key":"TOTAL","trades":8,"profit_mean":-0.003981099311461643,"profit_mean_pct":-0.4,"profit_total_abs":-31.882206159999996,"profit_total":-0.031882206159999996,"profit_total_pct":-3.19,"duration_avg":"1 day, 5:14:00","wins":7,"draws":0,"losses":1,"winrate":0.875,"cagr":-0.061604343992284205,"expectancy":-3.9852757699999994,"expectancy_ratio":-0.03911728600466913,"sortino":-100,"sharpe":-0.08850561613001899,"calmar":-3.439340247269752,"sqn":-0.285,"profit_factor":0.6870617119626463,"max_drawdown_account":0.09521529381331972,"max_drawdown_abs":101.88017056}],"results_per_enter_tag":[{"key":"","trades":8,"profit_mean":-0.003981099311461643,"profit_mean_pct":-0.4,"profit_total_abs":-31.882206159999996,"profit_total":-0.031882206159999996,"profit_total_pct":-3.19,"duration_avg":"1 day, 5:14:00","wins":7,"draws":0,"losses":1,"winrate":0.875,"cagr":-0.061604343992284205,"expectancy":-3.9852757699999994,"expectancy_ratio":-0.03911728600466913,"sortino":-100,"sharpe":-0.08850561613001899,"calmar":-3.439340247269752,"sqn":-0.285,"profit_factor":0.6870617119626463,"max_drawdown_account":0.09521529381331972,"max_drawdown_abs":101.88017056},{"key":"TOTAL","trades":8,"profit_mean":-0.003981099311461643,"profit_mean_pct":-0.4,"profit_total_abs":-31.882206159999996,"profit_total":-0.031882206159999996,"profit_total_pct":-3.19,"duration_avg":"1 day, 5:14:00","wins":7,"draws":0,"losses":1,"winrate":0.875,"cagr":-0.061604343992284205,"expectancy":-3.9852757699999994,"expectancy_ratio":-0.03911728600466913,"sortino":-100,"sharpe":-0.08850561613001899,"calmar":-3.439340247269752,"sqn":-0.285,"profit_factor":0.6870617119626463,"max_drawdown_account":0.09521529381331972,"max_drawdown_abs":101.88017056}],"exit_reason_summary":[{"key":"roi","trades":7,"profit_mean":0.00999000999000999,"profit_mean_pct":1.0,"profit_total_abs":69.9979644,"profit_total":0.0699979644,"profit_total_pct":7.0,"duration_avg":"1 day, 0:03:00","wins":7,"draws":0,"losses":0,"winrate":1.0,"cagr":0.14198419394449235,"expectancy":9.9997092,"expectancy_ratio":100.0,"sortino":-100,"sharpe":20173.630205822166,"calmar":-100,"sqn":68727.1212,"profit_factor":0.0,"max_drawdown_account":0.0,"max_drawdown_abs":0.0},{"key":"stop_loss","trades":1,"profit_mean":-0.10177886442176308,"profit_mean_pct":-10.18,"profit_total_abs":-101.88017056,"profit_total":-0.10188017056,"profit_total_pct":-10.19,"duration_avg":"2 days, 17:35:00","wins":0,"draws":0,"losses":1,"winrate":0.0,"cagr":-0.19011229302270283,"expectancy":-101.88017056,"expectancy_ratio":-1.0,"sortino":-100,"sharpe":-100,"calmar":-100,"sqn":-100.0,"profit_factor":0.0,"max_drawdown_account":0.0,"max_drawdown_abs":0.0},{"key":"TOTAL","trades":8,"profit_mean":-0.003981099311461643,"profit_mean_pct":-0.4,"profit_total_abs":-31.882206159999996,"profit_total":-0.031882206159999996,"profit_total_pct":-3.19,"duration_avg":"1 day, 5:14:00","wins":7,"draws":0,"losses":1,"winrate":0.875,"cagr":-0.061604343992284205,"expectancy":-3.9852757699999994,"expectancy_ratio":-0.03911728600466913,"sortino":-100,"sharpe":-0.08850561613001899,"calmar":-3.439340247269752,"sqn":-0.285,"profit_factor":0.6870617119626463,"max_drawdown_account":0.09521529381331972,"max_drawdown_abs":101.88017056}],"mix_tag_stats":[{"key":["","roi"],"trades":7,"profit_mean":0.00999000999000999,"profit_mean_pct":1.0,"profit_total_abs":69.9979644,"profit_total":0.0699979644,"profit_total_pct":7.0,"duration_avg":"1 day, 0:03:00","wins":7,"draws":0,"losses":0,"winrate":1.0,"cagr":0.14198419394449235,"expectancy":9.9997092,"expectancy_ratio":100.0,"sortino":-100,"sharpe":20173.630205822166,"calmar":-100,"sqn":68727.1212,"profit_factor":0.0,"max_drawdown_account":0.0,"max_drawdown_abs":0.0},{"key":["","stop_loss"],"trades":1,"profit_mean":-0.10177886442176308,"profit_mean_pct":-10.18,"profit_total_abs":-101.88017056,"profit_total":-0.10188017056,"profit_total_pct":-10.19,"duration_avg":"2 days, 17:35:00","wins":0,"draws":0,"losses":1,"winrate":0.0,"cagr":-0.19011229302270283,"expectancy":-101.88017056,"expectancy_ratio":-1.0,"sortino":-100,"sharpe":-100,"calmar":-100,"sqn":-100.0,"profit_factor":0.0,"max_drawdown_account":0.0,"max_drawdown_abs":0.0},{"key":"TOTAL","trades":8,"profit_mean":-0.003981099311461643,"profit_mean_pct":-0.4,"profit_total_abs":-31.882206159999996,"profit_total":-0.031882206159999996,"profit_total_pct":-3.19,"duration_avg":"1 day, 5:14:00","wins":7,"draws":0,"losses":1,"winrate":0.875,"cagr":-0.061604343992284205,"expectancy":-3.9852757699999994,"expectancy_ratio":-0.03911728600466913,"sortino":-100,"sharpe":-0.08850561613001899,"calmar":-3.439340247269752,"sqn":-0.285,"profit_factor":0.6870617119626463,"max_drawdown_account":0.09521529381331972,"max_drawdown_abs":101.88017056}],"left_open_trades":[{"key":"TOTAL","trades":0,"profit_mean":0.0,"profit_mean_pct":0.0,"profit_total_abs":0.0,"profit_total":0.0,"profit_total_pct":0.0,"duration_avg":"0:00","wins":0,"draws":0,"losses":0,"winrate":0.0,"cagr":0.0,"expectancy":0.0,"expectancy_ratio":100.0,"sortino":0,"sharpe":0,"calmar":0,"sqn":0.0,"profit_factor":0.0,"max_drawdown_account":0.0,"max_drawdown_abs":0.0}],"total_trades":8,"trade_count_long":8,"trade_count_short":0,"total_volume":15999.668763997834,"avg_stake_amount":999.973975,"profit_mean":-0.003981099311461643,"profit_median":0.00999000999000999,"profit_total":-0.031882206159999996,"profit_total_long":-0.031882206159999996,"profit_total_short":0.0,"profit_total_abs":-31.882206159999996,"profit_total_long_abs":-31.882206159999996,"profit_total_short_abs":0.0,"cagr":-0.061604343992284205,"expectancy":-3.9852757699999994,"expectancy_ratio":-0.03911728600466913,"sortino":-100,"sharpe":-0.08850561613001899,"calmar":-3.439340247269752,"sqn":-0.285,"profit_factor":0.6870617119626463,"backtest_start":"2025-05-01 16:40:00","backtest_start_ts":1746117600000,"backtest_end":"2025-11-03 17:40:00","backtest_end_ts":1762191600000,"backtest_days":186,"backtest_run_start_ts":1762201839,"backtest_run_end_ts":1762201840,"trades_per_day":0.04,"market_change":-0.01392507373109908,"pairlist":["ETH/USDT","DOT/USDT","NEAR/USDT","ATOM/USDT"],"stake_amount":1000,"stake_currency":"USDT","stake_currency_decimals":3,"starting_balance":1000,"dry_run_wallet":1000,"final_balance":968.11779384,"rejected_signals":0,"timedout_entry_orders":0,"timedout_exit_orders":0,"canceled_trade_entries":0,"canceled_entry_orders":0,"replaced_entry_orders":0,"max_open_trades":4,"max_open_trades_setting":-1,"timeframe":"5m","timeframe_detail":"","timerange":"","enable_protections":false,"strategy_name":"SampleStrategy","freqaimodel":null,"freqai_identifier":null,"stoploss":-0.1,"trailing_stop":false,"trailing_stop_positive":null,"trailing_stop_positive_offset":0.0,"trailing_only_offset_is_reached":false,"use_custom_stoploss":false,"minimal_roi":{"60":0.01,"30":0.02,"0":0.04},"use_exit_signal":true,"exit_profit_only":false,"exit_profit_offset":0.0,"ignore_roi_if_entry_signal":false,"trading_mode":"spot","margin_mode":"isolated","periodic_breakdown":{"day":[{"date":"02/05/2025","date_ts":1746144000000,"profit_abs":9.9999808,"wins":1,"draws":0,"losses":0,"trades":1,"profit_factor":0.0},{"date":"03/05/2025","date_ts":1746230400000,"profit_abs":0.0,"wins":0,"draws":0,"losses":0,"trades":0,"profit_factor":0.0},{"date":"04/05/2025","date_ts":1746316800000,"profit_abs":0.0,"wins":0,"draws":0,"losses":0,"trades":0,"profit_factor":0.0},{"date":"05/05/2025","date_ts":1746403200000,"profit_abs":0.0,"wins":0,"draws":0,"losses":0,"trades":0,"profit_factor":0.0},{"date":"06/05/2025","date_ts":1746489600000,"profit_abs":0.0,"wins":0,"draws":0,"losses":0,"trades":0,"profit_factor":0.0},{"date":"07/05/2025","date_ts":1746576000000,"profit_abs":0.0,"wins":0,"draws":0,"losses":0,"trades":0,"profit_factor":0.0},{"date":"08/05/2025","date_ts":1746662400000,"profit_abs":9.999824,"wins":1,"draws":0,"losses":0,"trades":1,"profit_factor":0.0},{"date":"09/05/2025","date_ts":1746748800000,"profit_abs":0.0,"wins":0,"draws":0,"losses":0,"trades":0,"profit_factor":0.0},{"date":"10/05/2025","date_ts":1746835200000,"profit_abs":9.999969,"wins":1,"draws":0,"losses":0,"trades":1,"profit_factor":0.0},{"date":"11/05/2025","date_ts":1746921600000,"profit_abs":19.9993446,"wins":2,"draws":0,"losses":0,"trades":2,"profit_factor":0.0},{"date":"12/05/2025","date_ts":1747008000000,"profit_abs":9.9988902,"wins":1,"draws":0,"losses":0,"trades":1,"profit_factor":0.0},{"date":"13/05/2025","date_ts":1747094400000,"profit_abs":9.9999558,"wins":1,"draws":0,"losses":0,"trades":1,"profit_factor":0.0},{"date":"14/05/2025","date_ts":1747180800000,"profit_abs":0.0,"wins":0,"draws":0,"losses":0,"trades":0,"profit_factor":0.0},{"date":"15/05/2025","date_ts":1747267200000,"profit_abs":0.0,"wins":0,"draws":0,"losses":0,"trades":0,"profit_factor":0.0},{"date":"16/05/2025","date_ts":1747353600000,"profit_abs":0.0,"wins":0,"draws":0,"losses":0,"trades":0,"profit_factor":0.0},{"date":"17/05/2025","date_ts":1747440000000,"profit_abs":-101.88017056,"wins":0,"draws":0,"losses":1,"trades":1,"profit_factor":0.0}],"week":[{"date":"05/05/2025","date_ts":1746403200000,"profit_abs":9.9999808,"wins":1,"draws":0,"losses":0,"trades":1,"profit_factor":0.0},{"date":"12/05/2025","date_ts":1747008000000,"profit_abs":49.9980278,"wins":5,"draws":0,"losses":0,"trades":5,"profit_factor":0.0},{"date":"19/05/2025","date_ts":1747612800000,"profit_abs":-91.88021476,"wins":1,"draws":0,"losses":1,"trades":2,"profit_factor":0.09815409}],"month":[{"date":"31/05/2025","date_ts":1748649600000,"profit_abs":-31.88220616,"wins":7,"draws":0,"losses":1,"trades":8,"profit_factor":0.68706171}],"year":[{"date":"31/12/2025","date_ts":1767139200000,"profit_abs":-31.88220616,"wins":7,"draws":0,"losses":1,"trades":8,"profit_factor":0.68706171}],"weekday":[{"date":"Monday","date_ts":0,"profit_abs":9.9988902,"wins":1,"draws":0,"losses":0,"trades":1,"profit_factor":0.0},{"date":"Tuesday","date_ts":1,"profit_abs":9.9999558,"wins":1,"draws":0,"losses":0,"trades":1,"profit_factor":0.0},{"date":"Thursday","date_ts":3,"profit_abs":9.999824,"wins":1,"draws":0,"losses":0,"trades":1,"profit_factor":0.0},{"date":"Friday","date_ts":4,"profit_abs":9.9999808,"wins":1,"draws":0,"losses":0,"trades":1,"profit_factor":0.0},{"date":"Saturday","date_ts":5,"profit_abs":-91.88020156,"wins":1,"draws":0,"losses":1,"trades":2,"profit_factor":0.09815422},{"date":"Sunday","date_ts":6,"profit_abs":19.9993446,"wins":2,"draws":0,"losses":0,"trades":2,"profit_factor":0.0}]},"backtest_best_day":0.019980019980019983,"backtest_worst_day":-0.10177886442176308,"backtest_best_day_abs":19.9993446,"backtest_worst_day_abs":-101.88017056,"winning_days":6,"draw_days":9,"losing_days":1,"daily_profit":[["2025-05-02",9.9999808],["2025-05-03",0.0],["2025-05-04",0.0],["2025-05-05",0.0],["2025-05-06",0.0],["2025-05-07",0.0],["2025-05-08",9.999824],["2025-05-09",0.0],["2025-05-10",9.999969],["2025-05-11",19.9993446],["2025-05-12",9.9988902],["2025-05-13",9.9999558],["2025-05-14",0.0],["2025-05-15",0.0],["2025-05-16",0.0],["2025-05-17",-101.88017056]],"wins":7,"losses":1,"draws":0,"winrate":0.875,"holding_avg":"1 day, 5:14:00","holding_avg_s":105240.0,"winner_holding_min":"0d 01:00","winner_holding_min_s":3600.0,"winner_holding_max":"5d 08:00","winner_holding_max_s":460800.0,"winner_holding_avg":"1d 00:03","winner_holding_avg_s":86580.0,"loser_holding_min":"2d 17:35","loser_holding_min_s":236100.0,"loser_holding_max":"2d 17:35","loser_holding_max_s":236100.0,"loser_holding_avg":"2d 17:35","loser_holding_avg_s":236100.0,"max_consecutive_wins":7,"max_consecutive_losses":1,"max_drawdown_account":0.09521529381331972,"max_relative_drawdown":0.09521529381331972,"max_drawdown_abs":101.88017056,"drawdown_start":"2025-05-13 16:35:00","drawdown_start_ts":1747154100000.0,"drawdown_end":"2025-05-17 01:15:00","drawdown_end_ts":1747444500000.0,"drawdown_duration":"3 days 08:40:00","drawdown_duration_s":290400.0,"max_drawdown_low":-31.882206159999996,"max_drawdown_high":69.9979644,"csum_min":968.11779384,"csum_max":1069.9979644}},"strategy_comparison":[{"key":"SampleStrategy","trades":8,"profit_mean":-0.003981099311461643,"profit_mean_pct":-0.4,"profit_total_abs":-31.882206159999996,"profit_total":-0.031882206159999996,"profit_total_pct":-3.19,"duration_avg":"1 day, 5:14:00","wins":7,"draws":0,"losses":1,"winrate":0.875,"cagr":-0.061604343992284205,"expectancy":-3.9852757699999994,"expectancy_ratio":-0.03911728600466913,"sortino":-100,"sharpe":-0.08850561613001899,"calmar":-3.439340247269752,"sqn":-0.285,"profit_factor":0.6870617119626463,"max_drawdown_account":0.09521529381331972,"max_drawdown_abs":"101.88"}]}