{"strategy":{"SampleStrategy":{"trades":[{"pair":"ATOM/USDT","stake_amount":9999.98384,"max_stake_amount":9999.98384,"amount":2446.18,"open_date":"2025-10-01 03:52:00+00:00","close_date":"2025-10-02 18:34:00+00:00","open_rate":4.088,"close_rate":4.300788788788788,"fee_open":0.001,"fee_close":0.001,"trade_duration":2322,"profit_ratio":0.049950049950049945,"profit_abs":499.999192,"exit_reason":"roi","initial_stop_loss_abs":3.68,"initial_stop_loss_ratio":-0.1,"stop_loss_abs":3.68,"stop_loss_ratio":-0.1,"min_rate":4.062,"max_rate":4.301,"is_open":false,"enter_tag":"","leverage":1.0,"is_short":false,"open_timestamp":1759290720000,"close_timestamp":1759430040000,"orders":[{"amount":2446.18,"safe_price":4.088,"ft_order_side":"buy","order_filled_timestamp":1759290720000,"ft_is_entry":true,"ft_order_tag":"","cost":10009.983823839997},{"amount":2446.18,"safe_price":4.300788788788788,"ft_order_side":"sell","order_filled_timestamp":1759430040000,"ft_is_entry":false,"ft_order_tag":"roi","cost":10531.024022878713}],"funding_fees":0.0,"weekday":3},{"pair":"ATOM/USDT","stake_amount":10099.99752,"max_stake_amount":10099.99752,"amount":2362.02,"open_date":"2025-10-03 00:38:00+00:00","close_date":"2025-10-04 13:13:00+00:00","open_rate":4.276,"close_rate":4.152,"fee_open":0.001,"fee_close":0.001,"trade_duration":2195,"profit_ratio":-0.030939126355403253,"profit_abs":-312.79758456,"exit_reason":"exit_signal","initial_stop_loss_abs":3.849,"initial_stop_loss_ratio":-0.1,"stop_loss_abs":3.849,"stop_loss_ratio":-0.1,"min_rate":4.123,"max_rate":4.353,"is_open":false,"enter_tag":"","leverage":1.0,"is_short":false,"open_timestamp":1759451880000,"close_timestamp":1759583580000,"orders":[{"amount":2362.02,"safe_price":4.276,"ft_order_side":"buy","order_filled_timestamp":1759451880000,"ft_is_entry":true,"ft_order_tag":"","cost":10110.097517519998},{"amount":2362.02,"safe_price":4.152,"ft_order_side":"sell","order_filled_timestamp":1759583580000,"ft_is_entry":false,"ft_order_tag":"exit_signal","cost":9816.914147039999}],"funding_fees":0.0,"weekday":5},{"pair":"ATOM/USDT","stake_amount":10037.43312,"max_stake_amount":10037.43312,"amount":2441.01,"open_date":"2025-10-04 14:59:00+00:00","close_date":"2025-10-10 20:59:00+00:00","open_rate":4.112,"close_rate":3.701,"fee_open":0.001,"fee_close":0.001,"trade_duration":9000,"profit_ratio":-0.10174966084499158,"profit_abs":-1022.32672113,"exit_reason":"stop_loss","initial_stop_loss_abs":3.701,"initial_stop_loss_ratio":-0.1,"stop_loss_abs":3.701,"stop_loss_ratio":-0.1,"min_rate":3.65,"max_rate":4.307,"is_open":false,"enter_tag":"","leverage":1.0,"is_short":false,"open_timestamp":1759589940000,"close_timestamp":1760129940000,"orders":[{"amount":2441.01,"safe_price":4.112,"ft_order_side":"buy","order_filled_timestamp":1759589940000,"ft_is_entry":true,"ft_order_tag":"","cost":10047.47055312},{"amount":2441.01,"safe_price":3.701,"ft_order_side":"sell","order_filled_timestamp":1760129940000,"ft_is_entry":false,"ft_order_tag":"stop_loss","cost":9043.21218801}],"funding_fees":0.0,"weekday":4},{"pair":"ATOM/USDT","stake_amount":9832.96068,"max_stake_amount":9832.96068,"amount":2612.37,"open_date":"2025-10-10 21:05:00+00:00","close_date":"2025-10-10 21:14:00+00:00","open_rate":3.764,"close_rate":3.388,"fee_open":0.001,"fee_close":0.001,"trade_duration":9,"profit_ratio":-0.10169214420011444,"profit_abs":-1000.93479024,"exit_reason":"stop_loss","initial_stop_loss_abs":3.388,"initial_stop_loss_ratio":-0.1,"stop_loss_abs":3.388,"stop_loss_ratio":-0.1,"min_rate":3.302,"max_rate":3.768,"is_open":false,"enter_tag":"","leverage":1.0,"is_short":false,"open_timestamp":1760130300000,"close_timestamp":1760130840000,"orders":[{"amount":2612.37,"safe_price":3.764,"ft_order_side":"buy","order_filled_timestamp":1760130300000,"ft_is_entry":true,"ft_order_tag":"","cost":9842.793640679998},{"amount":2612.37,"safe_price":3.388,"ft_order_side":"sell","order_filled_timestamp":1760130840000,"ft_is_entry":false,"ft_order_tag":"stop_loss","cost":8859.56026956}],"funding_fees":0.0,"weekday":4},{"pair":"ATOM/USDT","stake_amount":9632.78195,"max_stake_amount":9632.78195,"amount":3824.05,"open_date":"2025-10-10 21:27:00+00:00","close_date":"2025-10-10 21:33:00+00:00","open_rate":2.519,"close_rate":2.650119119119119,"fee_open":0.001,"fee_close":0.001,"trade_duration":6,"profit_ratio":0.049950049950049945,"profit_abs":481.6390975,"exit_reason":"roi","initial_stop_loss_abs":2.268,"initial_stop_loss_ratio":-0.1,"stop_loss_abs":2.268,"stop_loss_ratio":-0.1,"min_rate":2.283,"max_rate":2.656,"is_open":false,"enter_tag":"","leverage":1.0,"is_short":false,"open_timestamp":1760131620000,"close_timestamp":1760131980000,"orders":[{"amount":3824.05,"safe_price":2.519,"ft_order_side":"buy","order_filled_timestamp":1760131620000,"ft_is_entry":true,"ft_order_tag":"","cost":9642.414731949999},{"amount":3824.05,"safe_price":2.650119119119119,"ft_order_side":"sell","order_filled_timestamp":1760131980000,"ft_is_entry":false,"ft_order_tag":"roi","cost":10144.322205484934}],"funding_fees":0.0,"weekday":4},{"pair":"ATOM/USDT","stake_amount":9729.10708,"max_stake_amount":9729.10708,"amount":3361.82,"open_date":"2025-10-11 01:14:00+00:00","close_date":"2025-10-11 02:23:00+00:00","open_rate":2.894,"close_rate":3.044638638638638,"fee_open":0.001,"fee_close":0.001,"trade_duration":69,"profit_ratio":0.04995004995004995,"profit_abs":486.455354,"exit_reason":"roi","initial_stop_loss_abs":2.605,"initial_stop_loss_ratio":-0.1,"stop_loss_abs":2.605,"stop_loss_ratio":-0.1,"min_rate":2.866,"max_rate":3.054,"is_open":false,"enter_tag":"","leverage":1.0,"is_short":false,"open_timestamp":1760145240000,"close_timestamp":1760149380000,"orders":[{"amount":3361.82,"safe_price":2.894,"ft_order_side":"buy","order_filled_timestamp":1760145240000,"ft_is_entry":true,"ft_order_tag":"","cost":9738.83618708},{"amount":3361.82,"safe_price":3.044638638638638,"ft_order_side":"sell","order_filled_timestamp":1760149380000,"ft_is_entry":false,"ft_order_tag":"roi","cost":10245.762595216294}],"funding_fees":0.0,"weekday":5},{"pair":"ATOM/USDT","stake_amount":9826.3809,"max_stake_amount":9826.3809,"amount":3243.03,"open_date":"2025-10-11 03:12:00+00:00","close_date":"2025-10-11 05:06:00+00:00","open_rate":3.03,"close_rate":3.17,"fee_open":0.001,"fee_close":0.001,"trade_duration":114,"profit_ratio":0.044114301540044115,"profit_abs":433.917414,"exit_reason":"exit_signal","initial_stop_loss_abs":2.727,"initial_stop_loss_ratio":-0.1,"stop_loss_abs":2.727,"stop_loss_ratio":-0.1,"min_rate":3.011,"max_rate":3.18,"is_open":false,"enter_tag":"","leverage":1.0,"is_short":false,"open_timestamp":1760152320000,"close_timestamp":1760159160000,"orders":[{"amount":3243.03,"safe_price":3.03,"ft_order_side":"buy","order_filled_timestamp":1760152320000,"ft_is_entry":true,"ft_order_tag":"","cost":9836.207280899998},{"amount":3243.03,"safe_price":3.17,"ft_order_side":"sell","order_filled_timestamp":1760159160000,"ft_is_entry":false,"ft_order_tag":"exit_signal","cost":10290.685505099998}],"funding_fees":0.0,"weekday":5},{"pair":"ATOM/USDT","stake_amount":9913.18008,"max_stake_amount":9913.18008,"amount":3181.38,"open_date":"2025-10-11 05:32:00+00:00","close_date":"2025-10-11 09:05:00+00:00","open_rate":3.116,"close_rate":3.278194194194194,"fee_open":0.001,"fee_close":0.001,"trade_duration":213,"profit_ratio":0.049950049950049945,"profit_abs":495.659004,"exit_reason":"roi","initial_stop_loss_abs":2.805,"initial_stop_loss_ratio":-0.1,"stop_loss_abs":2.805,"stop_loss_ratio":-0.1,"min_rate":3.106,"max_rate":3.291,"is_open":false,"enter_tag":"","leverage":1.0,"is_short":false,"open_timestamp":1760160720000,"close_timestamp":1760173500000,"orders":[{"amount":3181.38,"safe_price":3.116,"ft_order_side":"buy","order_filled_timestamp":1760160720000,"ft_is_entry":true,"ft_order_tag":"","cost":9923.093260079999},{"amount":3181.38,"safe_price":3.278194194194194,"ft_order_side":"sell","order_filled_timestamp":1760173500000,"ft_is_entry":false,"ft_order_tag":"roi","cost":10439.61062697105}],"funding_fees":0.0,"weekday":5},{"pair":"ATOM/USDT","stake_amount":10012.29212,"max_stake_amount":10012.29212,"amount":3111.34,"open_date":"2025-10-11 11:23:00+00:00","close_date":"2025-10-12 14:56:00+00:00","open_rate":3.218,"close_rate":3.385503503503503,"fee_open":0.001,"fee_close":0.001,"trade_duration":1653,"profit_ratio":0.049950049950049945,"profit_abs":500.614606,"exit_reason":"roi","initial_stop_loss_abs":2.897,"initial_stop_loss_ratio":-0.1,"stop_loss_abs":2.897,"stop_loss_ratio":-0.1,"min_rate":3.036,"max_rate":3.388,"is_open":false,"enter_tag":"","leverage":1.0,"is_short":false,"open_timestamp":1760181780000,"close_timestamp":1760280960000,"orders":[{"amount":3111.34,"safe_price":3.218,"ft_order_side":"buy","order_filled_timestamp":1760181780000,"ft_is_entry":true,"ft_order_tag":"","cost":10022.304412119998},{"amount":3111.34,"safe_price":3.385503503503503,"ft_order_side":"sell","order_filled_timestamp":1760280960000,"ft_is_entry":false,"ft_order_tag":"roi","cost":10543.985923061178}],"funding_fees":0.0,"weekday":6},{"pair":"ATOM/USDT","stake_amount":10112.4096,"max_stake_amount":10112.4096,"amount":2790.4,"open_date":"2025-10-13 22:37:00+00:00","close_date":"2025-10-16 16:04:00+00:00","open_rate":3.624,"close_rate":3.262,"fee_open":0.001,"fee_close":0.001,"trade_duration":3927,"profit_ratio":-0.10168804705228546,"profit_abs":-1029.3394944,"exit_reason":"stop_loss","initial_stop_loss_abs":3.262,"initial_stop_loss_ratio":-0.1,"stop_loss_abs":3.262,"stop_loss_ratio":-0.1,"min_rate":3.245,"max_rate":3.667,"is_open":false,"enter_tag":"","leverage":1.0,"is_short":false,"open_timestamp":1760395020000,"close_timestamp":1760630640000,"orders":[{"amount":2790.4,"safe_price":3.624,"ft_order_side":"buy","order_filled_timestamp":1760395020000,"ft_is_entry":true,"ft_order_tag":"","cost":10122.5220096},{"amount":2790.4,"safe_price":3.262,"ft_order_side":"sell","order_filled_timestamp":1760630640000,"ft_is_entry":false,"ft_order_tag":"stop_loss","cost":9111.387084799999}],"funding_fees":0.0,"weekday":3},{"pair":"ATOM/USDT","stake_amount":9906.56667,"max_stake_amount":9906.56667,"amount":3012.03,"open_date":"2025-10-16 18:09:00+00:00","close_date":"2025-10-26 11:49:00+00:00","open_rate":3.289,"close_rate":3.212,"fee_open":0.001,"fee_close":0.001,"trade_duration":14020,"profit_ratio":-0.025362597268951785,"profit_abs":-251.50751703,"exit_reason":"exit_signal","initial_stop_loss_abs":2.961,"initial_stop_loss_ratio":-0.1,"stop_loss_abs":2.961,"stop_loss_ratio":-0.1,"min_rate":3.016,"max_rate":3.373,"is_open":false,"enter_tag":"","leverage":1.0,"is_short":false,"open_timestamp":1760638140000,"close_timestamp":1761479340000,"orders":[{"amount":3012.03,"safe_price":3.289,"ft_order_side":"buy","order_filled_timestamp":1760638140000,"ft_is_entry":true,"ft_order_tag":"","cost":9916.473236670001},{"amount":3012.03,"safe_price":3.212,"ft_order_side":"sell","order_filled_timestamp":1761479340000,"ft_is_entry":false,"ft_order_tag":"exit_signal","cost":9684.31500036}],"funding_fees":0.0,"weekday":6},{"pair":"ATOM/USDT","stake_amount":9856.2563,"max_stake_amount":9856.2563,"amount":3058.1,"open_date":"2025-10-26 20:27:00+00:00","close_date":"2025-10-30 06:57:00+00:00","open_rate":3.223,"close_rate":3.106,"fee_open":0.001,"fee_close":0.001,"trade_duration":4950,"profit_ratio":-0.03822705374055048,"profit_abs":-377.1524149,"exit_reason":"exit_signal","initial_stop_loss_abs":2.901,"initial_stop_loss_ratio":-0.1,"stop_loss_abs":2.901,"stop_loss_ratio":-0.1,"min_rate":3.002,"max_rate":3.286,"is_open":false,"enter_tag":"","leverage":1.0,"is_short":false,"open_timestamp":1761510420000,"close_timestamp":1761807420000,"orders":[{"amount":3058.1,"safe_price":3.223,"ft_order_side":"buy","order_filled_timestamp":1761510420000,"ft_is_entry":true,"ft_order_tag":"","cost":9866.112556299999},{"amount":3058.1,"safe_price":3.106,"ft_order_side":"sell","order_filled_timestamp":1761807420000,"ft_is_entry":false,"ft_order_tag":"exit_signal","cost":9507.957058599999}],"funding_fees":0.0,"weekday":3},{"pair":"ATOM/USDT","stake_amount":9780.81636,"max_stake_amount":9780.81636,"amount":3128.86,"open_date":"2025-10-30 07:53:00+00:00","close_date":"2025-11-03 09:50:00+00:00","open_rate":3.126,"close_rate":2.814,"fee_open":0.001,"fee_close":0.001,"trade_duration":5877,"profit_ratio":-0.10160664671221294,"profit_abs":-994.7897484,"exit_reason":"stop_loss","initial_stop_loss_abs":2.814,"initial_stop_loss_ratio":-0.1,"stop_loss_abs":2.814,"stop_loss_ratio":-0.1,"min_rate":2.813,"max_rate":3.127,"is_open":false,"enter_tag":"","leverage":1.0,"is_short":false,"open_timestamp":1761810780000,"close_timestamp":1762163400000,"orders":[{"amount":3128.86,"safe_price":3.126,"ft_order_side":"buy","order_filled_timestamp":1761810780000,"ft_is_entry":true,"ft_order_tag":"","cost":9790.59717636},{"amount":3128.86,"safe_price":2.814,"ft_order_side":"sell","order_filled_timestamp":1762163400000,"ft_is_entry":false,"ft_order_tag":"stop_loss","cost":8813.41665204}],"funding_fees":0.0,"weekday":0},{"pair":"ATOM/USDT","stake_amount":9581.85929,"max_stake_amount":9581.85929,"amount":3418.43,"open_date":"2025-11-03 10:01:00+00:00","close_date":"2025-11-03 20:54:00+00:00","open_rate":2.803,"close_rate":2.523,"fee_open":0.001,"fee_close":0.001,"trade_duration":653,"profit_ratio":-0.10169138745663897,"profit_abs":-975.36695818,"exit_reason":"stop_loss","initial_stop_loss_abs":2.523,"initial_stop_loss_ratio":-0.1,"stop_loss_abs":2.523,"stop_loss_ratio":-0.1,"min_rate":2.516,"max_rate":2.811,"is_open":false,"enter_tag":"","leverage":1.0,"is_short":false,"open_timestamp":1762164060000,"close_timestamp":1762203240000,"orders":[{"amount":3418.43,"safe_price":2.803,"ft_order_side":"buy","order_filled_timestamp":1762164060000,"ft_is_entry":true,"ft_order_tag":"","cost":9591.441149289998},{"amount":3418.43,"safe_price":2.523,"ft_order_side":"sell","order_filled_timestamp":1762203240000,"ft_is_entry":false,"ft_order_tag":"stop_loss","cost":8633.323588889998}],"funding_fees":0.0,"weekday":0},{"pair":"ATOM/USDT","stake_amount":9386.79488,"max_stake_amount":9386.79488,"amount":3748.72,"open_date":"2025-11-03 21:20:00+00:00","close_date":"2025-11-04 05:59:00+00:00","open_rate":2.504,"close_rate":2.437,"fee_open":0.001,"fee_close":0.001,"trade_duration":519,"profit_ratio":-0.028701729580323833,"profit_abs":-269.68666552,"exit_reason":"force_exit","initial_stop_loss_abs":2.254,"initial_stop_loss_ratio":-0.1,"stop_loss_abs":2.254,"stop_loss_ratio":-0.1,"min_rate":2.417,"max_rate":2.541,"is_open":false,"enter_tag":"","leverage":1.0,"is_short":false,"open_timestamp":1762204800000,"close_timestamp":1762235940000,"orders":[{"amount":3748.72,"safe_price":2.504,"ft_order_side":"buy","order_filled_timestamp":1762204800000,"ft_is_entry":true,"ft_order_tag":"","cost":9396.18167488},{"amount":3748.72,"safe_price":2.437,"ft_order_side":"sell","order_filled_timestamp":1762235940000,"ft_is_entry":false,"ft_order_tag":"force_exit","cost":9144.766270639999}],"funding_fees":0.0,"weekday":1}],"locks":[],"best_pair":{"key":"ATOM/USDT","trades":15,"profit_mean":-0.022519589461411926,"profit_mean_pct":-2.25,"profit_total_abs":-3335.61722686,"profit_total":-0.0667123445372,"profit_total_pct":-6.67,"duration_avg":"2 days, 2:35:00","wins":6,"draws":0,"losses":9,"winrate":0.4,"cagr":-0.5234507349181132,"expectancy":-222.37448179066658,"expectancy_ratio":-0.32104617140778224,"sortino":-5.34760304024988,"sharpe":-2.9427842367951356,"calmar":-48.626787699813015,"sqn":-1.3064,"profit_factor":0.464923047653696,"max_drawdown_account":0.07709001639796624,"max_drawdown_abs":3897.84279843},"worst_pair":{"key":"ATOM/USDT","trades":15,"profit_mean":-0.022519589461411926,"profit_mean_pct":-2.25,"profit_total_abs":-3335.61722686,"profit_total":-0.0667123445372,"profit_total_pct":-6.67,"duration_avg":"2 days, 2:35:00","wins":6,"draws":0,"losses":9,"winrate":0.4,"cagr":-0.5234507349181132,"expectancy":-222.37448179066658,"expectancy_ratio":-0.32104617140778224,"sortino":-5.34760304024988,"sharpe":-2.9427842367951356,"calmar":-48.626787699813015,"sqn":-1.3064,"profit_factor":0.464923047653696,"max_drawdown_account":0.07709001639796624,"max_drawdown_abs":3897.84279843},"results_per_pair":[{"key":"ATOM/USDT","trades":15,"profit_mean":-0.022519589461411926,"profit_mean_pct":-2.25,"profit_total_abs":-3335.61722686,"profit_total":-0.0667123445372,"profit_total_pct":-6.67,"duration_avg":"2 days, 2:35:00","wins":6,"draws":0,"losses":9,"winrate":0.4,"cagr":-0.5234507349181132,"expectancy":-222.37448179066658,"expectancy_ratio":-0.32104617140778224,"sortino":-5.34760304024988,"sharpe":-2.9427842367951356,"calmar":-48.626787699813015,"sqn":-1.3064,"profit_factor":0.464923047653696,"max_drawdown_account":0.07709001639796624,"max_drawdown_abs":3897.84279843},{"key":"TOTAL","trades":15,"profit_mean":-0.022519589461411926,"profit_mean_pct":-2.25,"profit_total_abs":-3335.61722686,"profit_total":-0.0667123445372,"profit_total_pct":-6.67,"duration_avg":"2 days, 2:35:00","wins":6,"draws":0,"losses":9,"winrate":0.4,"cagr":-0.5234507349181132,"expectancy":-222.37448179066658,"expectancy_ratio":-0.32104617140778224,"sortino":-5.34760304024988,"sharpe":-2.9427842367951356,"calmar":-48.626787699813015,"sqn":-1.3064,"profit_factor":0.464923047653696,"max_drawdown_account":0.07709001639796624,"max_drawdown_abs":3897.84279843}],"results_per_enter_tag":[{"key":"","trades":15,"profit_mean":-0.022519589461411926,"profit_mean_pct":-2.25,"profit_total_abs":-3335.61722686,"profit_total":-0.0667123445372,"profit_total_pct":-6.67,"duration_avg":"2 days, 2:35:00","wins":6,"draws":0,"losses":9,"winrate":0.4,"cagr":-0.5234507349181132,"expectancy":-222.37448179066658,"expectancy_ratio":-0.32104617140778224,"sortino":-5.34760304024988,"sharpe":-2.9427842367951356,"calmar":-48.626787699813015,"sqn":-1.3064,"profit_factor":0.464923047653696,"max_drawdown_account":0.07709001639796624,"max_drawdown_abs":3897.84279843},{"key":"TOTAL","trades":15,"profit_mean":-0.022519589461411926,"profit_mean_pct":-2.25,"profit_total_abs":-3335.61722686,"profit_total":-0.0667123445372,"profit_total_pct":-6.67,"duration_avg":"2 days, 2:35:00","wins":6,"draws":0,"losses":9,"winrate":0.4,"cagr":-0.5234507349181132,"expectancy":-222.37448179066658,"expectancy_ratio":-0.32104617140778224,"sortino":-5.34760304024988,"sharpe":-2.9427842367951356,"calmar":-48.626787699813015,"sqn":-1.3064,"profit_factor":0.464923047653696,"max_drawdown_account":0.07709001639796624,"max_drawdown_abs":3897.84279843}],"exit_reason_summary":[{"key":"roi","trades":5,"profit_mean":0.049950049950049945,"profit_mean_pct":5.0,"profit_total_abs":2464.3672535,"profit_total":0.04928734507,"profit_total_pct":4.93,"duration_avg":"14:13:00","wins":5,"draws":0,"losses":0,"winrate":1.0,"cagr":0.6761307979425384,"expectancy":492.87345070000003,"expectancy_ratio":100.0,"sortino":-100,"sharpe":183.13800877425692,"calmar":-100,"sqn":130.368,"profit_factor":0.0,"max_drawdown_account":0.0,"max_drawdown_abs":0.0},{"key":"force_exit","trades":1,"profit_mean":-0.028701729580323833,"profit_mean_pct":-2.87,"profit_total_abs":-269.68666552,"profit_total":-0.0053937333104,"profit_total_pct":-0.54,"duration_avg":"8:39:00","wins":0,"draws":0,"losses":1,"winrate":0.0,"cagr":-0.05640670268973069,"expectancy":-269.68666552,"expectancy_ratio":-1.0,"sortino":-100,"sharpe":-100,"calmar":-100,"sqn":-100.0,"profit_factor":0.0,"max_drawdown_account":0.0,"max_drawdown_abs":0.0},{"key":"exit_signal","trades":4,"profit_mean":-0.01260361895621535,"profit_mean_pct":-1.26,"profit_total_abs":-507.54010249,"profit_total":-0.0101508020498,"profit_total_pct":-1.02,"duration_avg":"3 days, 16:40:00","wins":1,"draws":0,"losses":3,"winrate":0.25,"cagr":-0.10374355216227438,"expectancy":-126.8850256225,"expectancy_ratio":-0.4043252830851909,"sortino":-5.559370059057074,"sharpe":-0.8726464599688392,"calmar":-45.47501577147438,"sqn":-0.6725,"profit_factor":0.46089962255307887,"max_drawdown_account":0.01254281496641142,"max_drawdown_abs":628.65993193},{"key":"stop_loss","trades":5,"profit_mean":-0.10168557725324867,"profit_mean_pct":-10.17,"profit_total_abs":-5022.75771235,"profit_total":-0.100455154247,"profit_total_pct":-10.05,"duration_avg":"2 days, 16:53:00","wins":0,"draws":0,"losses":5,"winrate":0.0,"cagr":-0.6790617765616248,"expectancy":-1004.55154247,"expectancy_ratio":-1.0,"sortino":-145.14594606141452,"sharpe":-145.14594606141452,"calmar":-56.19109757218469,"sqn":-103.3231,"profit_factor":0.0,"max_drawdown_account":0.10045515424700002,"max_drawdown_abs":5022.75771235},{"key":"TOTAL","trades":15,"profit_mean":-0.022519589461411926,"profit_mean_pct":-2.25,"profit_total_abs":-3335.61722686,"profit_total":-0.0667123445372,"profit_total_pct":-6.67,"duration_avg":"2 days, 2:35:00","wins":6,"draws":0,"losses":9,"winrate":0.4,"cagr":-0.5234507349181132,"expectancy":-222.37448179066658,"expectancy_ratio":-0.32104617140778224,"sortino":-5.34760304024988,"sharpe":-2.9427842367951356,"calmar":-48.626787699813015,"sqn":-1.3064,"profit_factor":0.464923047653696,"max_drawdown_account":0.07709001639796624,"max_drawdown_abs":3897.84279843}],"mix_tag_stats":[{"key":["","roi"],"trades":5,"profit_mean":0.049950049950049945,"profit_mean_pct":5.0,"profit_total_abs":2464.3672535,"profit_total":0.04928734507,"profit_total_pct":4.93,"duration_avg":"14:13:00","wins":5,"draws":0,"losses":0,"winrate":1.0,"cagr":0.6761307979425384,"expectancy":492.87345070000003,"expectancy_ratio":100.0,"sortino":-100,"sharpe":183.13800877425692,"calmar":-100,"sqn":130.368,"profit_factor":0.0,"max_drawdown_account":0.0,"max_drawdown_abs":0.0},{"key":["","force_exit"],"trades":1,"profit_mean":-0.028701729580323833,"profit_mean_pct":-2.87,"profit_total_abs":-269.68666552,"profit_total":-0.0053937333104,"profit_total_pct":-0.54,"duration_avg":"8:39:00","wins":0,"draws":0,"losses":1,"winrate":0.0,"cagr":-0.05640670268973069,"expectancy":-269.68666552,"expectancy_ratio":-1.0,"sortino":-100,"sharpe":-100,"calmar":-100,"sqn":-100.0,"profit_factor":0.0,"max_drawdown_account":0.0,"max_drawdown_abs":0.0},{"key":["","exit_signal"],"trades":4,"profit_mean":-0.01260361895621535,"profit_mean_pct":-1.26,"profit_total_abs":-507.54010249,"profit_total":-0.0101508020498,"profit_total_pct":-1.02,"duration_avg":"3 days, 16:40:00","wins":1,"draws":0,"losses":3,"winrate":0.25,"cagr":-0.10374355216227438,"expectancy":-126.8850256225,"expectancy_ratio":-0.4043252830851909,"sortino":-5.559370059057074,"sharpe":-0.8726464599688392,"calmar":-45.47501577147438,"sqn":-0.6725,"profit_factor":0.46089962255307887,"max_drawdown_account":0.01254281496641142,"max_drawdown_abs":628.65993193},{"key":["","stop_loss"],"trades":5,"profit_mean":-0.10168557725324867,"profit_mean_pct":-10.17,"profit_total_abs":-5022.75771235,"profit_total":-0.100455154247,"profit_total_pct":-10.05,"duration_avg":"2 days, 16:53:00","wins":0,"draws":0,"losses":5,"winrate":0.0,"cagr":-0.6790617765616248,"expectancy":-1004.55154247,"expectancy_ratio":-1.0,"sortino":-145.14594606141452,"sharpe":-145.14594606141452,"calmar":-56.19109757218469,"sqn":-103.3231,"profit_factor":0.0,"max_drawdown_account":0.10045515424700002,"max_drawdown_abs":5022.75771235},{"key":"TOTAL","trades":15,"profit_mean":-0.022519589461411926,"profit_mean_pct":-2.25,"profit_total_abs":-3335.61722686,"profit_total":-0.0667123445372,"profit_total_pct":-6.67,"duration_avg":"2 days, 2:35:00","wins":6,"draws":0,"losses":9,"winrate":0.4,"cagr":-0.5234507349181132,"expectancy":-222.37448179066658,"expectancy_ratio":-0.32104617140778224,"sortino":-5.34760304024988,"sharpe":-2.9427842367951356,"calmar":-48.626787699813015,"sqn":-1.3064,"profit_factor":0.464923047653696,"max_drawdown_account":0.07709001639796624,"max_drawdown_abs":3897.84279843}],"left_open_trades":[{"key":"ATOM/USDT","trades":1,"profit_mean":-0.028701729580323833,"profit_mean_pct":-2.87,"profit_total_abs":-269.68666552,"profit_total":-0.0053937333104,"profit_total_pct":-0.54,"duration_avg":"8:39:00","wins":0,"draws":0,"losses":1,"winrate":0.0,"cagr":-0.05640670268973069,"expectancy":-269.68666552,"expectancy_ratio":-1.0,"sortino":-100,"sharpe":-100,"calmar":-100,"sqn":-100.0,"profit_factor":0.0,"max_drawdown_account":0.0,"max_drawdown_abs":0.0},{"key":"TOTAL","trades":1,"profit_mean":-0.028701729580323833,"profit_mean_pct":-2.87,"profit_total_abs":-269.68666552,"profit_total":-0.0053937333104,"profit_total_pct":-0.54,"duration_avg":"8:39:00","wins":0,"draws":0,"losses":1,"winrate":0.0,"cagr":-0.05640670268973069,"expectancy":-269.68666552,"expectancy_ratio":-1.0,"sortino":-100,"sharpe":-100,"calmar":-100,"sqn":-100.0,"profit_factor":0.0,"max_drawdown_account":0.0,"max_drawdown_abs":0.0}],"total_trades":15,"trade_count_long":15,"trade_count_short":0,"total_volume":292666.7723490421,"avg_stake_amount":9847.254692666666,"profit_mean":-0.022519589461411926,"profit_median":-0.028701729580323833,"profit_total":-0.0667123445372,"profit_total_long":-0.0667123445372,"profit_total_short":0.0,"profit_total_abs":-3335.61722686,"profit_total_long_abs":-3335.61722686,"profit_total_short_abs":0.0,"cagr":-0.5234507349181132,"expectancy":-222.37448179066658,"expectancy_ratio":-0.32104617140778224,"sortino":-5.34760304024988,"sharpe":-2.9427842367951356,"calmar":-48.626787699813015,"sqn":-1.3064,"profit_factor":0.464923047653696,"backtest_start":"2025-10-01 03:20:00","backtest_start_ts":1759288800000,"backtest_end":"2025-11-04 05:59:00","backtest_end_ts":1762235940000,"backtest_days":34,"backtest_run_start_ts":1762236194,"backtest_run_end_ts":1762236202,"trades_per_day":0.44,"market_change":-0.4065238558909444,"pairlist":["ATOM/USDT"],"stake_amount":"unlimited","stake_currency":"USDT","stake_currency_decimals":3,"starting_balance":50000,"dry_run_wallet":50000,"final_balance":46664.38277314,"rejected_signals":0,"timedout_entry_orders":0,"timedout_exit_orders":0,"canceled_trade_entries":0,"canceled_entry_orders":0,"replaced_entry_orders":0,"max_open_trades":1,"max_open_trades_setting":5,"timeframe":"1m","timeframe_detail":"","timerange":"","enable_protections":false,"strategy_name":"SampleStrategy","freqaimodel":null,"freqai_identifier":null,"stoploss":-0.1,"trailing_stop":false,"trailing_stop_positive":null,"trailing_stop_positive_offset":0.0,"trailing_only_offset_is_reached":false,"use_custom_stoploss":false,"minimal_roi":{"0":0.05},"use_exit_signal":true,"exit_profit_only":false,"exit_profit_offset":0.0,"ignore_roi_if_entry_signal":false,"trading_mode":"spot","margin_mode":"isolated","periodic_breakdown":{"day":[{"date":"02/10/2025","date_ts":1759363200000,"profit_abs":499.999192,"wins":1,"draws":0,"losses":0,"trades":1,"profit_factor":0.0},{"date":"03/10/2025","date_ts":1759449600000,"profit_abs":0.0,"wins":0,"draws":0,"losses":0,"trades":0,"profit_factor":0.0},{"date":"04/10/2025","date_ts":1759536000000,"profit_abs":-312.79758456,"wins":0,"draws":0,"losses":1,"trades":1,"profit_factor":0.0},{"date":"05/10/2025","date_ts":1759622400000,"profit_abs":0.0,"wins":0,"draws":0,"losses":0,"trades":0,"profit_factor":0.0},{"date":"06/10/2025","date_ts":1759708800000,"profit_abs":0.0,"wins":0,"draws":0,"losses":0,"trades":0,"profit_factor":0.0},{"date":"07/10/2025","date_ts":1759795200000,"profit_abs":0.0,"wins":0,"draws":0,"losses":0,"trades":0,"profit_factor":0.0},{"date":"08/10/2025","date_ts":1759881600000,"profit_abs":0.0,"wins":0,"draws":0,"losses":0,"trades":0,"profit_factor":0.0},{"date":"09/10/2025","date_ts":1759968000000,"profit_abs":0.0,"wins":0,"draws":0,"losses":0,"trades":0,"profit_factor":0.0},{"date":"10/10/2025","date_ts":1760054400000,"profit_abs":-1541.62241387,"wins":1,"draws":0,"losses":2,"trades":3,"profit_factor":0.23805084},{"date":"11/10/2025","date_ts":1760140800000,"profit_abs":1416.031772,"wins":3,"draws":0,"losses":0,"trades":3,"profit_factor":0.0},{"date":"12/10/2025","date_ts":1760227200000,"profit_abs":500.614606,"wins":1,"draws":0,"losses":0,"trades":1,"profit_factor":0.0},{"date":"13/10/2025","date_ts":1760313600000,"profit_abs":0.0,"wins":0,"draws":0,"losses":0,"trades":0,"profit_factor":0.0},{"date":"14/10/2025","date_ts":1760400000000,"profit_abs":0.0,"wins":0,"draws":0,"losses":0,"trades":0,"profit_factor":0.0},{"date":"15/10/2025","date_ts":1760486400000,"profit_abs":0.0,"wins":0,"draws":0,"losses":0,"trades":0,"profit_factor":0.0},{"date":"16/10/2025","date_ts":1760572800000,"profit_abs":-1029.3394944,"wins":0,"draws":0,"losses":1,"trades":1,"profit_factor":0.0},{"date":"17/10/2025","date_ts":1760659200000,"profit_abs":0.0,"wins":0,"draws":0,"losses":0,"trades":0,"profit_factor":0.0},{"date":"18/10/2025","date_ts":1760745600000,"profit_abs":0.0,"wins":0,"draws":0,"losses":0,"trades":0,"profit_factor":0.0},{"date":"19/10/2025","date_ts":1760832000000,"profit_abs":0.0,"wins":0,"draws":0,"losses":0,"trades":0,"profit_factor":0.0},{"date":"20/10/2025","date_ts":1760918400000,"profit_abs":0.0,"wins":0,"draws":0,"losses":0,"trades":0,"profit_factor":0.0},{"date":"21/10/2025","date_ts":1761004800000,"profit_abs":0.0,"wins":0,"draws":0,"losses":0,"trades":0,"profit_factor":0.0},{"date":"22/10/2025","date_ts":1761091200000,"profit_abs":0.0,"wins":0,"draws":0,"losses":0,"trades":0,"profit_factor":0.0},{"date":"23/10/2025","date_ts":1761177600000,"profit_abs":0.0,"wins":0,"draws":0,"losses":0,"trades":0,"profit_factor":0.0},{"date":"24/10/2025","date_ts":1761264000000,"profit_abs":0.0,"wins":0,"draws":0,"losses":0,"trades":0,"profit_factor":0.0},{"date":"25/10/2025","date_ts":1761350400000,"profit_abs":0.0,"wins":0,"draws":0,"losses":0,"trades":0,"profit_factor":0.0},{"date":"26/10/2025","date_ts":1761436800000,"profit_abs":-251.50751703,"wins":0,"draws":0,"losses":1,"trades":1,"profit_factor":0.0},{"date":"27/10/2025","date_ts":1761523200000,"profit_abs":0.0,"wins":0,"draws":0,"losses":0,"trades":0,"profit_factor":0.0},{"date":"28/10/2025","date_ts":1761609600000,"profit_abs":0.0,"wins":0,"draws":0,"losses":0,"trades":0,"profit_factor":0.0},{"date":"29/10/2025","date_ts":1761696000000,"profit_abs":0.0,"wins":0,"draws":0,"losses":0,"trades":0,"profit_factor":0.0},{"date":"30/10/2025","date_ts":1761782400000,"profit_abs":-377.1524149,"wins":0,"draws":0,"losses":1,"trades":1,"profit_factor":0.0},{"date":"31/10/2025","date_ts":1761868800000,"profit_abs":0.0,"wins":0,"draws":0,"losses":0,"trades":0,"profit_factor":0.0},{"date":"01/11/2025","date_ts":1761955200000,"profit_abs":0.0,"wins":0,"draws":0,"losses":0,"trades":0,"profit_factor":0.0},{"date":"02/11/2025","date_ts":1762041600000,"profit_abs":0.0,"wins":0,"draws":0,"losses":0,"trades":0,"profit_factor":0.0},{"date":"03/11/2025","date_ts":1762128000000,"profit_abs":-1970.15670658,"wins":0,"draws":0,"losses":2,"trades":2,"profit_factor":0.0},{"date":"04/11/2025","date_ts":1762214400000,"profit_abs":-269.68666552,"wins":0,"draws":0,"losses":1,"trades":1,"profit_factor":0.0}],"week":[{"date":"06/10/2025","date_ts":1759708800000,"profit_abs":187.20160744,"wins":1,"draws":0,"losses":1,"trades":2,"profit_factor":1.59847523},{"date":"13/10/2025","date_ts":1760313600000,"profit_abs":375.02396413,"wins":5,"draws":0,"losses":2,"trades":7,"profit_factor":1.18535615},{"date":"20/10/2025","date_ts":1760918400000,"profit_abs":-1029.3394944,"wins":0,"draws":0,"losses":1,"trades":1,"profit_factor":0.0},{"date":"27/10/2025","date_ts":1761523200000,"profit_abs":-251.50751703,"wins":0,"draws":0,"losses":1,"trades":1,"profit_factor":0.0},{"date":"03/11/2025","date_ts":1762128000000,"profit_abs":-2347.30912148,"wins":0,"draws":0,"losses":3,"trades":3,"profit_factor":0.0},{"date":"10/11/2025","date_ts":1762732800000,"profit_abs":-269.68666552,"wins":0,"draws":0,"losses":1,"trades":1,"profit_factor":0.0}],"month":[{"date":"31/10/2025","date_ts":1761868800000,"profit_abs":-1095.77385476,"wins":6,"draws":0,"losses":6,"trades":12,"profit_factor":0.72564902},{"date":"30/11/2025","date_ts":1764460800000,"profit_abs":-2239.8433721,"wins":0,"draws":0,"losses":3,"trades":3,"profit_factor":0.0}],"year":[{"date":"31/12/2025","date_ts":1767139200000,"profit_abs":-3335.61722686,"wins":6,"draws":0,"losses":9,"trades":15,"profit_factor":0.46492305}],"weekday":[{"date":"Monday","date_ts":0,"profit_abs":-1970.15670658,"wins":0,"draws":0,"losses":2,"trades":2,"profit_factor":0.0},{"date":"Tuesday","date_ts":1,"profit_abs":-269.68666552,"wins":0,"draws":0,"losses":1,"trades":1,"profit_factor":0.0},{"date":"Thursday","date_ts":3,"profit_abs":-906.4927173,"wins":1,"draws":0,"losses":2,"trades":3,"profit_factor":0.35549383},{"date":"Friday","date_ts":4,"profit_abs":-1541.62241387,"wins":1,"draws":0,"losses":2,"trades":3,"profit_factor":0.23805084},{"date":"Saturday","date_ts":5,"profit_abs":1103.23418744,"wins":3,"draws":0,"losses":1,"trades":4,"profit_factor":4.52699075},{"date":"Sunday","date_ts":6,"profit_abs":249.10708897,"wins":1,"draws":0,"losses":1,"trades":2,"profit_factor":1.99045584}]},"backtest_best_day":0.14401440144014402,"backtest_worst_day":-0.2032980341688519,"backtest_best_day_abs":1416.031772,"backtest_worst_day_abs":-1970.15670658,"winning_days":3,"draw_days":24,"losing_days":7,"daily_profit":[["2025-10-02",499.999192],["2025-10-03",0.0],["2025-10-04",-312.79758456],["2025-10-05",0.0],["2025-10-06",0.0],["2025-10-07",0.0],["2025-10-08",0.0],["2025-10-09",0.0],["2025-10-10",-1541.62241387],["2025-10-11",1416.031772],["2025-10-12",500.614606],["2025-10-13",0.0],["2025-10-14",0.0],["2025-10-15",0.0],["2025-10-16",-1029.3394944],["2025-10-17",0.0],["2025-10-18",0.0],["2025-10-19",0.0],["2025-10-20",0.0],["2025-10-21",0.0],["2025-10-22",0.0],["2025-10-23",0.0],["2025-10-24",0.0],["2025-10-25",0.0],["2025-10-26",-251.50751703],["2025-10-27",0.0],["2025-10-28",0.0],["2025-10-29",0.0],["2025-10-30",-377.1524149],["2025-10-31",0.0],["2025-11-01",0.0],["2025-11-02",0.0],["2025-11-03",-1970.15670658],["2025-11-04",-269.68666552]],"wins":6,"losses":9,"draws":0,"winrate":0.4,"holding_avg":"2 days, 2:35:00","holding_avg_s":182100.0,"winner_holding_min":"0d 00:06","winner_holding_min_s":360.0,"winner_holding_max":"1d 14:42","winner_holding_max_s":139320.0,"winner_holding_avg":"0d 12:10","winner_holding_avg_s":43800.0,"loser_holding_min":"0d 00:09","loser_holding_min_s":540.0,"loser_holding_max":"9d 17:40","loser_holding_max_s":841200.0,"loser_holding_avg":"3d 04:12","loser_holding_avg_s":274320.0,"max_consecutive_wins":5,"max_consecutive_losses":6,"max_drawdown_account":0.07709001639796624,"max_relative_drawdown":0.07709001639796624,"max_drawdown_abs":3897.84279843,"drawdown_start":"2025-10-12 14:56:00","drawdown_start_ts":1760280960000.0,"drawdown_end":"2025-11-04 05:59:00","drawdown_end_ts":1762235940000.0,"drawdown_duration":"22 days 15:03:00","drawdown_duration_s":1954980.0,"max_drawdown_low":-3335.6172268600003,"max_drawdown_high":562.2255715699998,"csum_min":46664.38277314,"csum_max":50562.22557157}},"strategy_comparison":[{"key":"SampleStrategy","trades":15,"profit_mean":-0.022519589461411926,"profit_mean_pct":-2.25,"profit_total_abs":-3335.61722686,"profit_total":-0.0667123445372,"profit_total_pct":-6.67,"duration_avg":"2 days, 2:35:00","wins":6,"draws":0,"losses":9,"winrate":0.4,"cagr":-0.5234507349181132,"expectancy":-222.37448179066658,"expectancy_ratio":-0.32104617140778224,"sortino":-5.34760304024988,"sharpe":-2.9427842367951356,"calmar":-48.626787699813015,"sqn":-1.3064,"profit_factor":0.464923047653696,"max_drawdown_account":0.07709001639796624,"max_drawdown_abs":"3897.843"}]}