{"max_open_trades":2,"stake_currency":"USDT","stake_amount":"unlimited","tradable_balance_ratio":0.99,"fiat_display_currency":"USD","dry_run":true,"dry_run_wallet":10000,"trading_mode":"spot","margin_mode":"isolated","timeframe":"5m","cancel_open_orders_on_exit":false,"use_exit_signal":true,"exit_profit_only":false,"ignore_roi_if_entry_signal":false,"unfilledtimeout":{"entry":10,"exit":10,"exit_timeout_count":0,"unit":"minutes"},"entry_pricing":{"price_side":"other","use_order_book":true,"order_book_top":1,"price_last_balance":0.0,"check_depth_of_market":{"enabled":false,"bids_to_ask_delta":1}},"exit_pricing":{"price_side":"other","use_order_book":true,"order_book_top":1},"exchange":{"name":"binance","key":"REDACTED","secret":"REDACTED","ccxt_config":{"enableRateLimit":true},"ccxt_async_config":{"enableRateLimit":true,"rateLimit":100},"pair_whitelist":["TRX/USDT","EDEN/USDT","AVNT/USDT","BONK/USDT","PEPE/USDT","BNB/USDT","APT/USDT","LINEA/USDT"],"pair_blacklist":[]},"pairlists":[{"method":"StaticPairList"}],"telegram":{"enabled":false,"token":"REDACTED","chat_id":"REDACTED"},"api_server":{"enabled":true,"listen_ip_address":"127.0.0.1","listen_port":18081,"verbosity":"error","enable_openapi":false,"jwt_secret_key":"474bbea185b414b4198036ac29501fc20273b79bb47db9097c47ef6ad7797810","ws_token":"KBP8grSjlJQHB5fNa6DHIaeuEKU2E67YfQ","CORS_origins":[],"username":"freqtrader","password":"REDACTED"},"bot_name":"freqtrade_kamafama","initial_state":"running","force_entry_enable":false,"internals":{"process_throttle_secs":5},"config_files":["user_data/config.json"]}