{"strategy":{"KamaFama":{"trades":[{"pair":"TUT/USDT","stake_amount":4949.97687,"max_stake_amount":4949.97687,"amount":183129.0,"open_date":"2025-10-15 12:35:00+00:00","close_date":"2025-10-15 14:40:00+00:00","open_rate":0.02703,"close_rate":0.02867,"fee_open":0.001,"fee_close":0.001,"trade_duration":125,"profit_ratio":0.05855409850970339,"profit_abs":290.1312747,"exit_reason":"trailing_stop_loss","initial_stop_loss_abs":0.02028,"initial_stop_loss_ratio":-0.25,"stop_loss_abs":0.02867,"stop_loss_ratio":-0.002,"min_rate":0.02686,"max_rate":0.02872,"is_open":false,"enter_tag":"buy","leverage":1.0,"is_short":false,"open_timestamp":1760531700000,"close_timestamp":1760539200000,"orders":[{"amount":183129.0,"safe_price":0.02703,"ft_order_side":"buy","order_filled_timestamp":1760531700000,"ft_is_entry":true,"ft_order_tag":"buy","cost":4954.926846869999},{"amount":183129.0,"safe_price":0.02867,"ft_order_side":"sell","order_filled_timestamp":1760539200000,"ft_is_entry":false,"ft_order_tag":"trailing_stop_loss","cost":5255.55873843}],"funding_fees":0.0,"weekday":2},{"pair":"CAKE/USDT","stake_amount":4949.9868,"max_stake_amount":4949.9868,"amount":1551.72,"open_date":"2025-10-15 11:50:00+00:00","close_date":"2025-10-16 00:30:00+00:00","open_rate":3.19,"close_rate":3.09,"fee_open":0.001,"fee_close":0.001,"trade_duration":760,"profit_ratio":-0.033283331088973724,"profit_abs":-164.9168016,"exit_reason":"sell","initial_stop_loss_abs":2.393,"initial_stop_loss_ratio":-0.25,"stop_loss_abs":2.393,"stop_loss_ratio":-0.25,"min_rate":2.989,"max_rate":3.27,"is_open":false,"enter_tag":"buy","leverage":1.0,"is_short":false,"open_timestamp":1760529000000,"close_timestamp":1760574600000,"orders":[{"amount":1551.72,"safe_price":3.19,"ft_order_side":"buy","order_filled_timestamp":1760529000000,"ft_is_entry":true,"ft_order_tag":"buy","cost":4954.936786799999},{"amount":1551.72,"safe_price":3.09,"ft_order_side":"sell","order_filled_timestamp":1760574600000,"ft_is_entry":false,"ft_order_tag":"sell","cost":4799.6096148}],"funding_fees":0.0,"weekday":3},{"pair":"XPL/USDT","stake_amount":5093.59059,"max_stake_amount":5093.59059,"amount":10998.9,"open_date":"2025-10-15 20:55:00+00:00","close_date":"2025-10-16 01:40:00+00:00","open_rate":0.4631,"close_rate":0.4777,"fee_open":0.001,"fee_close":0.001,"trade_duration":285,"profit_ratio":0.029465675762371937,"profit_abs":150.23617488,"exit_reason":"sell","initial_stop_loss_abs":0.3474,"initial_stop_loss_ratio":-0.25,"stop_loss_abs":0.3474,"stop_loss_ratio":-0.25,"min_rate":0.4519,"max_rate":0.4821,"is_open":false,"enter_tag":"buy","leverage":1.0,"is_short":false,"open_timestamp":1760561700000,"close_timestamp":1760578800000,"orders":[{"amount":10998.9,"safe_price":0.4631,"ft_order_side":"buy","order_filled_timestamp":1760561700000,"ft_is_entry":true,"ft_order_tag":"buy","cost":5098.684180589999},{"amount":10998.9,"safe_price":0.4777,"ft_order_side":"sell","order_filled_timestamp":1760578800000,"ft_is_entry":false,"ft_order_tag":"sell","cost":5259.42870453}],"funding_fees":0.0,"weekday":3},{"pair":"STO/USDT","stake_amount":5086.34036,"max_stake_amount":5086.34036,"amount":31090.1,"open_date":"2025-10-16 14:15:00+00:00","close_date":"2025-10-16 22:00:00+00:00","open_rate":0.1636,"close_rate":0.1539,"fee_open":0.001,"fee_close":0.001,"trade_duration":465,"profit_ratio":-0.061170492099587456,"profit_abs":-311.44507675,"exit_reason":"sell","initial_stop_loss_abs":0.1227,"initial_stop_loss_ratio":-0.25,"stop_loss_abs":0.1227,"stop_loss_ratio":-0.25,"min_rate":0.148,"max_rate":0.1669,"is_open":false,"enter_tag":"buy","leverage":1.0,"is_short":false,"open_timestamp":1760624100000,"close_timestamp":1760652000000,"orders":[{"amount":31090.1,"safe_price":0.1636,"ft_order_side":"buy","order_filled_timestamp":1760624100000,"ft_is_entry":true,"ft_order_tag":"buy","cost":5091.426700359999},{"amount":31090.1,"safe_price":0.1539,"ft_order_side":"sell","order_filled_timestamp":1760652000000,"ft_is_entry":false,"ft_order_tag":"sell","cost":4789.551156389999}],"funding_fees":0.0,"weekday":3},{"pair":"XPL/USDT","stake_amount":5086.3449,"max_stake_amount":5086.3449,"amount":11479.0,"open_date":"2025-10-16 15:55:00+00:00","close_date":"2025-10-17 03:05:00+00:00","open_rate":0.4431,"close_rate":0.4344,"fee_open":0.001,"fee_close":0.001,"trade_duration":670,"profit_ratio":-0.02159316648145355,"profit_abs":-109.9401225,"exit_reason":"sell","initial_stop_loss_abs":0.3324,"initial_stop_loss_ratio":-0.25,"stop_loss_abs":0.3324,"stop_loss_ratio":-0.25,"min_rate":0.4179,"max_rate":0.4497,"is_open":false,"enter_tag":"buy","leverage":1.0,"is_short":false,"open_timestamp":1760630100000,"close_timestamp":1760670300000,"orders":[{"amount":11479.0,"safe_price":0.4431,"ft_order_side":"buy","order_filled_timestamp":1760630100000,"ft_is_entry":true,"ft_order_tag":"buy","cost":5091.4312449},{"amount":11479.0,"safe_price":0.4344,"ft_order_side":"sell","order_filled_timestamp":1760670300000,"ft_is_entry":false,"ft_order_tag":"sell","cost":4991.4640776}],"funding_fees":0.0,"weekday":4},{"pair":"CAKE/USDT","stake_amount":4877.74494,"max_stake_amount":4877.74494,"amount":1765.38,"open_date":"2025-10-17 07:00:00+00:00","close_date":"2025-10-17 09:40:00+00:00","open_rate":2.763,"close_rate":2.751,"fee_open":0.001,"fee_close":0.001,"trade_duration":160,"profit_ratio":-0.006332429785198514,"profit_abs":-30.91886532,"exit_reason":"sell","initial_stop_loss_abs":2.073,"initial_stop_loss_ratio":-0.25,"stop_loss_abs":2.073,"stop_loss_ratio":-0.25,"min_rate":2.63,"max_rate":2.774,"is_open":false,"enter_tag":"buy","leverage":1.0,"is_short":false,"open_timestamp":1760684400000,"close_timestamp":1760694000000,"orders":[{"amount":1765.38,"safe_price":2.763,"ft_order_side":"buy","order_filled_timestamp":1760684400000,"ft_is_entry":true,"ft_order_tag":"buy","cost":4882.62268494},{"amount":1765.38,"safe_price":2.751,"ft_order_side":"sell","order_filled_timestamp":1760694000000,"ft_is_entry":false,"ft_order_tag":"sell","cost":4861.41694038}],"funding_fees":0.0,"weekday":4},{"pair":"EDEN/USDT","stake_amount":4877.75886,"max_stake_amount":4877.75886,"amount":30755.1,"open_date":"2025-10-17 07:30:00+00:00","close_date":"2025-10-17 11:20:00+00:00","open_rate":0.1586,"close_rate":0.1494,"fee_open":0.001,"fee_close":0.001,"trade_duration":230,"profit_ratio":-0.05988966896911411,"profit_abs":-292.4194908,"exit_reason":"sell","initial_stop_loss_abs":0.119,"initial_stop_loss_ratio":-0.25,"stop_loss_abs":0.119,"stop_loss_ratio":-0.25,"min_rate":0.1412,"max_rate":0.1587,"is_open":false,"enter_tag":"buy","leverage":1.0,"is_short":false,"open_timestamp":1760686200000,"close_timestamp":1760700000000,"orders":[{"amount":30755.1,"safe_price":0.1586,"ft_order_side":"buy","order_filled_timestamp":1760686200000,"ft_is_entry":true,"ft_order_tag":"buy","cost":4882.6366188599995},{"amount":30755.1,"safe_price":0.1494,"ft_order_side":"sell","order_filled_timestamp":1760700000000,"ft_is_entry":false,"ft_order_tag":"sell","cost":4599.406751939999}],"funding_fees":0.0,"weekday":4},{"pair":"EDEN/USDT","stake_amount":4717.69935,"max_stake_amount":4717.69935,"amount":34561.9,"open_date":"2025-10-18 16:35:00+00:00","close_date":"2025-10-19 03:45:00+00:00","open_rate":0.1365,"close_rate":0.1313,"fee_open":0.001,"fee_close":0.001,"trade_duration":670,"profit_ratio":-0.040017125731411446,"profit_abs":-188.97755682,"exit_reason":"sell","initial_stop_loss_abs":0.1024,"initial_stop_loss_ratio":-0.25,"stop_loss_abs":0.1024,"stop_loss_ratio":-0.25,"min_rate":0.1226,"max_rate":0.1425,"is_open":false,"enter_tag":"buy","leverage":1.0,"is_short":false,"open_timestamp":1760805300000,"close_timestamp":1760845500000,"orders":[{"amount":34561.9,"safe_price":0.1365,"ft_order_side":"buy","order_filled_timestamp":1760805300000,"ft_is_entry":true,"ft_order_tag":"buy","cost":4722.4170493500005},{"amount":34561.9,"safe_price":0.1313,"ft_order_side":"sell","order_filled_timestamp":1760845500000,"ft_is_entry":false,"ft_order_tag":"sell","cost":4542.515447469999}],"funding_fees":0.0,"weekday":6},{"pair":"BIO/USDT","stake_amount":4624.15828,"max_stake_amount":4624.15828,"amount":43706.6,"open_date":"2025-10-20 16:05:00+00:00","close_date":"2025-10-20 17:55:00+00:00","open_rate":0.1058,"close_rate":0.1125,"fee_open":0.001,"fee_close":0.001,"trade_duration":110,"profit_ratio":0.061202502601368385,"profit_abs":283.29306922,"exit_reason":"trailing_stop_loss","initial_stop_loss_abs":0.0794,"initial_stop_loss_ratio":-0.25,"stop_loss_abs":0.1125,"stop_loss_ratio":-0.002,"min_rate":0.1029,"max_rate":0.1127,"is_open":false,"enter_tag":"buy","leverage":1.0,"is_short":false,"open_timestamp":1760976300000,"close_timestamp":1760982900000,"orders":[{"amount":43706.6,"safe_price":0.1058,"ft_order_side":"buy","order_filled_timestamp":1760976300000,"ft_is_entry":true,"ft_order_tag":"buy","cost":4628.782438279999},{"amount":43706.6,"safe_price":0.1125,"ft_order_side":"sell","order_filled_timestamp":1760982900000,"ft_is_entry":false,"ft_order_tag":"trailing_stop_loss","cost":4921.9094925}],"funding_fees":0.0,"weekday":0},{"pair":"EDEN/USDT","stake_amount":4764.38972,"max_stake_amount":4764.38972,"amount":34474.6,"open_date":"2025-10-21 05:10:00+00:00","close_date":"2025-10-21 09:10:00+00:00","open_rate":0.1382,"close_rate":0.1402,"fee_open":0.001,"fee_close":0.001,"trade_duration":240,"profit_ratio":0.012444863385529088,"profit_abs":59.35147136,"exit_reason":"sell","initial_stop_loss_abs":0.1037,"initial_stop_loss_ratio":-0.25,"stop_loss_abs":0.1037,"stop_loss_ratio":-0.25,"min_rate":0.1332,"max_rate":0.141,"is_open":false,"enter_tag":"buy","leverage":1.0,"is_short":false,"open_timestamp":1761023400000,"close_timestamp":1761037800000,"orders":[{"amount":34474.6,"safe_price":0.1382,"ft_order_side":"buy","order_filled_timestamp":1761023400000,"ft_is_entry":true,"ft_order_tag":"buy","cost":4769.154109719999},{"amount":34474.6,"safe_price":0.1402,"ft_order_side":"sell","order_filled_timestamp":1761037800000,"ft_is_entry":false,"ft_order_tag":"sell","cost":4838.172258919999}],"funding_fees":0.0,"weekday":1},{"pair":"ASTER/USDT","stake_amount":4764.38812,"max_stake_amount":4764.38812,"amount":4427.87,"open_date":"2025-10-21 05:00:00+00:00","close_date":"2025-10-21 12:25:00+00:00","open_rate":1.076,"close_rate":1.125,"fee_open":0.001,"fee_close":0.001,"trade_duration":445,"profit_ratio":0.04345004437941241,"profit_abs":207.21988813,"exit_reason":"sell","initial_stop_loss_abs":0.807,"initial_stop_loss_ratio":-0.25,"stop_loss_abs":0.807,"stop_loss_ratio":-0.25,"min_rate":1.064,"max_rate":1.13,"is_open":false,"enter_tag":"buy","leverage":1.0,"is_short":false,"open_timestamp":1761022800000,"close_timestamp":1761049500000,"orders":[{"amount":4427.87,"safe_price":1.076,"ft_order_side":"buy","order_filled_timestamp":1761022800000,"ft_is_entry":true,"ft_order_tag":"buy","cost":4769.15250812},{"amount":4427.87,"safe_price":1.125,"ft_order_side":"sell","order_filled_timestamp":1761049500000,"ft_is_entry":false,"ft_order_tag":"sell","cost":4986.33510375}],"funding_fees":0.0,"weekday":1},{"pair":"AVNT/USDT","stake_amount":4896.306,"max_stake_amount":4896.306,"amount":8000.5,"open_date":"2025-10-21 22:40:00+00:00","close_date":"2025-10-22 00:10:00+00:00","open_rate":0.612,"close_rate":0.6241,"fee_open":0.001,"fee_close":0.001,"trade_duration":90,"profit_ratio":0.017733736851383908,"profit_abs":86.91663195,"exit_reason":"sell","initial_stop_loss_abs":0.459,"initial_stop_loss_ratio":-0.25,"stop_loss_abs":0.459,"stop_loss_ratio":-0.25,"min_rate":0.5893,"max_rate":0.6313,"is_open":false,"enter_tag":"buy","leverage":1.0,"is_short":false,"open_timestamp":1761086400000,"close_timestamp":1761091800000,"orders":[{"amount":8000.5,"safe_price":0.612,"ft_order_side":"buy","order_filled_timestamp":1761086400000,"ft_is_entry":true,"ft_order_tag":"buy","cost":4901.202305999999},{"amount":8000.5,"safe_price":0.6241,"ft_order_side":"sell","order_filled_timestamp":1761091800000,"ft_is_entry":false,"ft_order_tag":"sell","cost":4998.105162049999}],"funding_fees":0.0,"weekday":2},{"pair":"ZEN/USDT","stake_amount":4939.36906,"max_stake_amount":4939.36906,"amount":408.01,"open_date":"2025-10-22 00:30:00+00:00","close_date":"2025-10-22 04:35:00+00:00","open_rate":12.106,"close_rate":12.272,"fee_open":0.001,"fee_close":0.001,"trade_duration":245,"profit_ratio":0.011686809803446182,"profit_abs":57.78319222,"exit_reason":"sell","initial_stop_loss_abs":9.0795,"initial_stop_loss_ratio":-0.25,"stop_loss_abs":9.0795,"stop_loss_ratio":-0.25,"min_rate":11.849,"max_rate":12.452,"is_open":false,"enter_tag":"buy","leverage":1.0,"is_short":false,"open_timestamp":1761093000000,"close_timestamp":1761107700000,"orders":[{"amount":408.01,"safe_price":12.106,"ft_order_side":"buy","order_filled_timestamp":1761093000000,"ft_is_entry":true,"ft_order_tag":"buy","cost":4944.308429059999},{"amount":408.01,"safe_price":12.272,"ft_order_side":"sell","order_filled_timestamp":1761107700000,"ft_is_entry":false,"ft_order_tag":"sell","cost":5012.10581872}],"funding_fees":0.0,"weekday":2},{"pair":"AVNT/USDT","stake_amount":4967.9528,"max_stake_amount":4967.9528,"amount":8018.0,"open_date":"2025-10-22 20:35:00+00:00","close_date":"2025-10-22 22:05:00+00:00","open_rate":0.6196,"close_rate":0.6348,"fee_open":0.001,"fee_close":0.001,"trade_duration":90,"profit_ratio":0.022484939205404023,"profit_abs":111.8158208,"exit_reason":"sell","initial_stop_loss_abs":0.4647,"initial_stop_loss_ratio":-0.25,"stop_loss_abs":0.4647,"stop_loss_ratio":-0.25,"min_rate":0.5981,"max_rate":0.6479,"is_open":false,"enter_tag":"buy","leverage":1.0,"is_short":false,"open_timestamp":1761165300000,"close_timestamp":1761170700000,"orders":[{"amount":8018.0,"safe_price":0.6196,"ft_order_side":"buy","order_filled_timestamp":1761165300000,"ft_is_entry":true,"ft_order_tag":"buy","cost":4972.9207528},{"amount":8018.0,"safe_price":0.6348,"ft_order_side":"sell","order_filled_timestamp":1761170700000,"ft_is_entry":false,"ft_order_tag":"sell","cost":5094.9162264}],"funding_fees":0.0,"weekday":2},{"pair":"OPEN/USDT","stake_amount":4967.96922,"max_stake_amount":4967.96922,"amount":14387.4,"open_date":"2025-10-22 21:20:00+00:00","close_date":"2025-10-23 01:30:00+00:00","open_rate":0.3453,"close_rate":0.3552,"fee_open":0.001,"fee_close":0.001,"trade_duration":250,"profit_ratio":0.026615434956008373,"profit_abs":132.3568863,"exit_reason":"sell","initial_stop_loss_abs":0.259,"initial_stop_loss_ratio":-0.25,"stop_loss_abs":0.259,"stop_loss_ratio":-0.25,"min_rate":0.3377,"max_rate":0.359,"is_open":false,"enter_tag":"buy","leverage":1.0,"is_short":false,"open_timestamp":1761168000000,"close_timestamp":1761183000000,"orders":[{"amount":14387.4,"safe_price":0.3453,"ft_order_side":"buy","order_filled_timestamp":1761168000000,"ft_is_entry":true,"ft_order_tag":"buy","cost":4972.93718922},{"amount":14387.4,"safe_price":0.3552,"ft_order_side":"sell","order_filled_timestamp":1761183000000,"ft_is_entry":false,"ft_order_tag":"sell","cost":5115.51488448}],"funding_fees":0.0,"weekday":3},{"pair":"AVNT/USDT","stake_amount":5088.77033,"max_stake_amount":5088.77033,"amount":6677.3,"open_date":"2025-10-24 22:35:00+00:00","close_date":"2025-10-25 00:05:00+00:00","open_rate":0.7621,"close_rate":0.8041,"fee_open":0.001,"fee_close":0.001,"trade_duration":90,"profit_ratio":0.05300276419552105,"profit_abs":269.98861274,"exit_reason":"trailing_stop_loss","initial_stop_loss_abs":0.5716,"initial_stop_loss_ratio":-0.25,"stop_loss_abs":0.8041,"stop_loss_ratio":-0.002,"min_rate":0.7586,"max_rate":0.8057,"is_open":false,"enter_tag":"buy","leverage":1.0,"is_short":false,"open_timestamp":1761345300000,"close_timestamp":1761350700000,"orders":[{"amount":6677.3,"safe_price":0.7621,"ft_order_side":"buy","order_filled_timestamp":1761345300000,"ft_is_entry":true,"ft_order_tag":"buy","cost":5093.85910033},{"amount":6677.3,"safe_price":0.8041,"ft_order_side":"sell","order_filled_timestamp":1761350700000,"ft_is_entry":false,"ft_order_tag":"trailing_stop_loss","cost":5374.58614693}],"funding_fees":0.0,"weekday":5},{"pair":"AVNT/USDT","stake_amount":5222.48168,"max_stake_amount":5222.48168,"amount":6874.4,"open_date":"2025-10-25 04:05:00+00:00","close_date":"2025-10-25 05:45:00+00:00","open_rate":0.7597,"close_rate":0.7853,"fee_open":0.001,"fee_close":0.001,"trade_duration":100,"profit_ratio":0.03163218248120183,"profit_abs":165.363692,"exit_reason":"sell","initial_stop_loss_abs":0.5698,"initial_stop_loss_ratio":-0.25,"stop_loss_abs":0.5698,"stop_loss_ratio":-0.25,"min_rate":0.7563,"max_rate":0.7883,"is_open":false,"enter_tag":"buy","leverage":1.0,"is_short":false,"open_timestamp":1761365100000,"close_timestamp":1761371100000,"orders":[{"amount":6874.4,"safe_price":0.7597,"ft_order_side":"buy","order_filled_timestamp":1761365100000,"ft_is_entry":true,"ft_order_tag":"buy","cost":5227.70416168},{"amount":6874.4,"safe_price":0.7853,"ft_order_side":"sell","order_filled_timestamp":1761371100000,"ft_is_entry":false,"ft_order_tag":"sell","cost":5403.8647863199985}],"funding_fees":0.0,"weekday":5},{"pair":"EDEN/USDT","stake_amount":5304.336,"max_stake_amount":5304.336,"amount":28095.0,"open_date":"2025-10-25 15:35:00+00:00","close_date":"2025-10-25 16:00:00+00:00","open_rate":0.1888,"close_rate":0.1996,"fee_open":0.001,"fee_close":0.001,"trade_duration":25,"profit_ratio":0.05509109534533262,"profit_abs":292.513902,"exit_reason":"trailing_stop_loss","initial_stop_loss_abs":0.1416,"initial_stop_loss_ratio":-0.25,"stop_loss_abs":0.1996,"stop_loss_ratio":-0.002,"min_rate":0.1876,"max_rate":0.2,"is_open":false,"enter_tag":"buy","leverage":1.0,"is_short":false,"open_timestamp":1761406500000,"close_timestamp":1761408000000,"orders":[{"amount":28095.0,"safe_price":0.1888,"ft_order_side":"buy","order_filled_timestamp":1761406500000,"ft_is_entry":true,"ft_order_tag":"buy","cost":5309.6403359999995},{"amount":28095.0,"safe_price":0.1996,"ft_order_side":"sell","order_filled_timestamp":1761408000000,"ft_is_entry":false,"ft_order_tag":"trailing_stop_loss","cost":5613.369761999999}],"funding_fees":0.0,"weekday":5},{"pair":"EDEN/USDT","stake_amount":5449.12592,"max_stake_amount":5449.12592,"amount":30006.2,"open_date":"2025-10-26 02:35:00+00:00","close_date":"2025-10-26 04:35:00+00:00","open_rate":0.1816,"close_rate":0.1883,"fee_open":0.001,"fee_close":0.001,"trade_duration":120,"profit_ratio":0.03482255629832722,"profit_abs":189.94224662,"exit_reason":"sell","initial_stop_loss_abs":0.1363,"initial_stop_loss_ratio":-0.25,"stop_loss_abs":0.1363,"stop_loss_ratio":-0.25,"min_rate":0.1787,"max_rate":0.1886,"is_open":false,"enter_tag":"buy","leverage":1.0,"is_short":false,"open_timestamp":1761446100000,"close_timestamp":1761453300000,"orders":[{"amount":30006.2,"safe_price":0.1816,"ft_order_side":"buy","order_filled_timestamp":1761446100000,"ft_is_entry":true,"ft_order_tag":"buy","cost":5454.57504592},{"amount":30006.2,"safe_price":0.1883,"ft_order_side":"sell","order_filled_timestamp":1761453300000,"ft_is_entry":false,"ft_order_tag":"sell","cost":5655.817627459999}],"funding_fees":0.0,"weekday":6},{"pair":"VIRTUAL/USDT","stake_amount":5449.0865,"max_stake_amount":5449.0865,"amount":4483.0,"open_date":"2025-10-26 03:30:00+00:00","close_date":"2025-10-26 11:15:00+00:00","open_rate":1.2155,"close_rate":1.2335,"fee_open":0.001,"fee_close":0.001,"trade_duration":465,"profit_ratio":0.012781130839543015,"profit_abs":69.715133,"exit_reason":"sell","initial_stop_loss_abs":0.9117,"initial_stop_loss_ratio":-0.25,"stop_loss_abs":0.9117,"stop_loss_ratio":-0.25,"min_rate":1.175,"max_rate":1.2386,"is_open":false,"enter_tag":"buy","leverage":1.0,"is_short":false,"open_timestamp":1761449400000,"close_timestamp":1761477300000,"orders":[{"amount":4483.0,"safe_price":1.2155,"ft_order_side":"buy","order_filled_timestamp":1761449400000,"ft_is_entry":true,"ft_order_tag":"buy","cost":5454.5355865},{"amount":4483.0,"safe_price":1.2335,"ft_order_side":"sell","order_filled_timestamp":1761477300000,"ft_is_entry":false,"ft_order_tag":"sell","cost":5535.310280499999}],"funding_fees":0.0,"weekday":6},{"pair":"EDEN/USDT","stake_amount":5577.6612,"max_stake_amount":5577.6612,"amount":29859.0,"open_date":"2025-10-27 09:10:00+00:00","close_date":"2025-10-27 11:35:00+00:00","open_rate":0.1868,"close_rate":0.1905,"fee_open":0.001,"fee_close":0.001,"trade_duration":145,"profit_ratio":0.017769703529874836,"profit_abs":99.2124993,"exit_reason":"sell","initial_stop_loss_abs":0.1401,"initial_stop_loss_ratio":-0.25,"stop_loss_abs":0.1401,"stop_loss_ratio":-0.25,"min_rate":0.1822,"max_rate":0.1907,"is_open":false,"enter_tag":"buy","leverage":1.0,"is_short":false,"open_timestamp":1761556200000,"close_timestamp":1761564900000,"orders":[{"amount":29859.0,"safe_price":0.1868,"ft_order_side":"buy","order_filled_timestamp":1761556200000,"ft_is_entry":true,"ft_order_tag":"buy","cost":5583.238861199999},{"amount":29859.0,"safe_price":0.1905,"ft_order_side":"sell","order_filled_timestamp":1761564900000,"ft_is_entry":false,"ft_order_tag":"sell","cost":5693.827639499999}],"funding_fees":0.0,"weekday":0},{"pair":"ZEN/USDT","stake_amount":5626.70082,"max_stake_amount":5626.70082,"amount":439.14,"open_date":"2025-10-28 02:30:00+00:00","close_date":"2025-10-28 13:25:00+00:00","open_rate":12.813,"close_rate":13.194,"fee_open":0.001,"fee_close":0.001,"trade_duration":655,"profit_ratio":0.027678011522544416,"profit_abs":155.89162602,"exit_reason":"sell","initial_stop_loss_abs":9.60975,"initial_stop_loss_ratio":-0.25,"stop_loss_abs":9.60975,"stop_loss_ratio":-0.25,"min_rate":12.552,"max_rate":13.294,"is_open":false,"enter_tag":"buy","leverage":1.0,"is_short":false,"open_timestamp":1761618600000,"close_timestamp":1761657900000,"orders":[{"amount":439.14,"safe_price":12.813,"ft_order_side":"buy","order_filled_timestamp":1761618600000,"ft_is_entry":true,"ft_order_tag":"buy","cost":5632.327520819999},{"amount":439.14,"safe_price":13.194,"ft_order_side":"sell","order_filled_timestamp":1761657900000,"ft_is_entry":false,"ft_order_tag":"sell","cost":5799.807173159999}],"funding_fees":0.0,"weekday":1},{"pair":"EDEN/USDT","stake_amount":5703.94125,"max_stake_amount":5703.94125,"amount":36215.5,"open_date":"2025-10-28 21:10:00+00:00","close_date":"2025-10-29 03:20:00+00:00","open_rate":0.1575,"close_rate":0.1658,"fee_open":0.001,"fee_close":0.001,"trade_duration":370,"profit_ratio":0.05059511916654774,"profit_abs":288.88017885,"exit_reason":"trailing_stop_loss","initial_stop_loss_abs":0.1182,"initial_stop_loss_ratio":-0.25,"stop_loss_abs":0.1658,"stop_loss_ratio":-0.002,"min_rate":0.1565,"max_rate":0.1661,"is_open":false,"enter_tag":"buy","leverage":1.0,"is_short":false,"open_timestamp":1761685800000,"close_timestamp":1761708000000,"orders":[{"amount":36215.5,"safe_price":0.1575,"ft_order_side":"buy","order_filled_timestamp":1761685800000,"ft_is_entry":true,"ft_order_tag":"buy","cost":5709.645191249999},{"amount":36215.5,"safe_price":0.1658,"ft_order_side":"sell","order_filled_timestamp":1761708000000,"ft_is_entry":false,"ft_order_tag":"trailing_stop_loss","cost":6010.5344299}],"funding_fees":0.0,"weekday":2},{"pair":"EDEN/USDT","stake_amount":5846.92445,"max_stake_amount":5846.92445,"amount":39005.5,"open_date":"2025-10-29 14:15:00+00:00","close_date":"2025-10-29 18:15:00+00:00","open_rate":0.1499,"close_rate":0.1527,"fee_open":0.001,"fee_close":0.001,"trade_duration":240,"profit_ratio":0.016643796497031987,"profit_abs":97.4123357,"exit_reason":"sell","initial_stop_loss_abs":0.1125,"initial_stop_loss_ratio":-0.25,"stop_loss_abs":0.1125,"stop_loss_ratio":-0.25,"min_rate":0.1451,"max_rate":0.1535,"is_open":false,"enter_tag":"buy","leverage":1.0,"is_short":false,"open_timestamp":1761747300000,"close_timestamp":1761761700000,"orders":[{"amount":39005.5,"safe_price":0.1499,"ft_order_side":"buy","order_filled_timestamp":1761747300000,"ft_is_entry":true,"ft_order_tag":"buy","cost":5852.77137445},{"amount":39005.5,"safe_price":0.1527,"ft_order_side":"sell","order_filled_timestamp":1761761700000,"ft_is_entry":false,"ft_order_tag":"sell","cost":5962.09598985}],"funding_fees":0.0,"weekday":2},{"pair":"XPL/USDT","stake_amount":5895.1284,"max_stake_amount":5895.1284,"amount":17962.0,"open_date":"2025-10-30 00:20:00+00:00","close_date":"2025-10-30 23:35:00+00:00","open_rate":0.3282,"close_rate":0.2965,"fee_open":0.001,"fee_close":0.001,"trade_duration":1395,"profit_ratio":-0.0983924667654101,"profit_abs":-580.6162614,"exit_reason":"sell","initial_stop_loss_abs":0.2462,"initial_stop_loss_ratio":-0.25,"stop_loss_abs":0.2462,"stop_loss_ratio":-0.25,"min_rate":0.2829,"max_rate":0.3371,"is_open":false,"enter_tag":"buy","leverage":1.0,"is_short":false,"open_timestamp":1761783600000,"close_timestamp":1761867300000,"orders":[{"amount":17962.0,"safe_price":0.3282,"ft_order_side":"buy","order_filled_timestamp":1761783600000,"ft_is_entry":true,"ft_order_tag":"buy","cost":5901.023528399999},{"amount":17962.0,"safe_price":0.2965,"ft_order_side":"sell","order_filled_timestamp":1761867300000,"ft_is_entry":false,"ft_order_tag":"sell","cost":5331.058733}],"funding_fees":0.0,"weekday":3},{"pair":"EDEN/USDT","stake_amount":5895.14541,"max_stake_amount":5895.14541,"amount":44291.1,"open_date":"2025-10-30 11:50:00+00:00","close_date":"2025-10-31 15:10:00+00:00","open_rate":0.1331,"close_rate":0.1269,"fee_open":0.001,"fee_close":0.001,"trade_duration":1640,"profit_ratio":-0.04848644968855337,"profit_abs":-286.120506,"exit_reason":"sell","initial_stop_loss_abs":0.0999,"initial_stop_loss_ratio":-0.25,"stop_loss_abs":0.0999,"stop_loss_ratio":-0.25,"min_rate":0.1188,"max_rate":0.1376,"is_open":false,"enter_tag":"buy","leverage":1.0,"is_short":false,"open_timestamp":1761825000000,"close_timestamp":1761923400000,"orders":[{"amount":44291.1,"safe_price":0.1331,"ft_order_side":"buy","order_filled_timestamp":1761825000000,"ft_is_entry":true,"ft_order_tag":"buy","cost":5901.04055541},{"amount":44291.1,"safe_price":0.1269,"ft_order_side":"sell","order_filled_timestamp":1761923400000,"ft_is_entry":false,"ft_order_tag":"sell","cost":5626.16113059}],"funding_fees":0.0,"weekday":4},{"pair":"ZEN/USDT","stake_amount":5466.06965,"max_stake_amount":5466.06965,"amount":300.35,"open_date":"2025-11-01 14:35:00+00:00","close_date":"2025-11-01 14:40:00+00:00","open_rate":18.199,"close_rate":19.158606,"fee_open":0.001,"fee_close":0.001,"trade_duration":5,"profit_ratio":0.050625147916921354,"profit_abs":276.99730514,"exit_reason":"trailing_stop_loss","initial_stop_loss_abs":13.649250000000002,"initial_stop_loss_ratio":-0.25,"stop_loss_abs":19.158606,"stop_loss_ratio":-0.002,"min_rate":18.165,"max_rate":19.197,"is_open":false,"enter_tag":"buy","leverage":1.0,"is_short":false,"open_timestamp":1762007700000,"close_timestamp":1762008000000,"orders":[{"amount":300.35,"safe_price":18.199,"ft_order_side":"buy","order_filled_timestamp":1762007700000,"ft_is_entry":true,"ft_order_tag":"buy","cost":5471.535719650001},{"amount":300.35,"safe_price":19.158606,"ft_order_side":"sell","order_filled_timestamp":1762008000000,"ft_is_entry":false,"ft_order_tag":"trailing_stop_loss","cost":5760.0415994120995}],"funding_fees":0.0,"weekday":5},{"pair":"ZEN/USDT","stake_amount":5603.15874,"max_stake_amount":5603.15874,"amount":299.41,"open_date":"2025-11-01 14:50:00+00:00","close_date":"2025-11-01 15:05:00+00:00","open_rate":18.714,"close_rate":19.6606,"fee_open":0.001,"fee_close":0.001,"trade_duration":15,"profit_ratio":0.04848338580232636,"profit_abs":271.93176701,"exit_reason":"trailing_stop_loss","initial_stop_loss_abs":14.035499999999999,"initial_stop_loss_ratio":-0.25,"stop_loss_abs":19.6606,"stop_loss_ratio":-0.002,"min_rate":18.644,"max_rate":19.7,"is_open":false,"enter_tag":"buy","leverage":1.0,"is_short":false,"open_timestamp":1762008600000,"close_timestamp":1762009500000,"orders":[{"amount":299.41,"safe_price":18.714,"ft_order_side":"buy","order_filled_timestamp":1762008600000,"ft_is_entry":true,"ft_order_tag":"buy","cost":5608.761898739999},{"amount":299.41,"safe_price":19.6606,"ft_order_side":"sell","order_filled_timestamp":1762009500000,"ft_is_entry":false,"ft_order_tag":"trailing_stop_loss","cost":5892.466826246}],"funding_fees":0.0,"weekday":5},{"pair":"ZEN/USDT","stake_amount":5737.77664,"max_stake_amount":5737.77664,"amount":307.03,"open_date":"2025-11-02 05:55:00+00:00","close_date":"2025-11-02 06:45:00+00:00","open_rate":18.688,"close_rate":19.053,"fee_open":0.001,"fee_close":0.001,"trade_duration":50,"profit_ratio":0.017494224525474528,"profit_abs":100.47833077,"exit_reason":"sell","initial_stop_loss_abs":14.015999999999998,"initial_stop_loss_ratio":-0.25,"stop_loss_abs":14.015999999999998,"stop_loss_ratio":-0.25,"min_rate":17.759,"max_rate":19.35,"is_open":false,"enter_tag":"buy","leverage":1.0,"is_short":false,"open_timestamp":1762062900000,"close_timestamp":1762065900000,"orders":[{"amount":307.03,"safe_price":18.688,"ft_order_side":"buy","order_filled_timestamp":1762062900000,"ft_is_entry":true,"ft_order_tag":"buy","cost":5743.514416639999},{"amount":307.03,"safe_price":19.053,"ft_order_side":"sell","order_filled_timestamp":1762065900000,"ft_is_entry":false,"ft_order_tag":"sell","cost":5855.692432589999}],"funding_fees":0.0,"weekday":6},{"pair":"ZEN/USDT","stake_amount":5787.41568,"max_stake_amount":5787.41568,"amount":317.92,"open_date":"2025-11-02 13:40:00+00:00","close_date":"2025-11-02 17:05:00+00:00","open_rate":18.204,"close_rate":17.499,"fee_open":0.001,"fee_close":0.001,"trade_duration":205,"profit_ratio":-0.04064837601422967,"profit_abs":-235.48429776,"exit_reason":"sell","initial_stop_loss_abs":13.653,"initial_stop_loss_ratio":-0.25,"stop_loss_abs":13.653,"stop_loss_ratio":-0.25,"min_rate":16.351,"max_rate":18.447,"is_open":false,"enter_tag":"buy","leverage":1.0,"is_short":false,"open_timestamp":1762090800000,"close_timestamp":1762103100000,"orders":[{"amount":317.92,"safe_price":18.204,"ft_order_side":"buy","order_filled_timestamp":1762090800000,"ft_is_entry":true,"ft_order_tag":"buy","cost":5793.203095679999},{"amount":317.92,"safe_price":17.499,"ft_order_side":"sell","order_filled_timestamp":1762103100000,"ft_is_entry":false,"ft_order_tag":"sell","cost":5568.845362079999}],"funding_fees":0.0,"weekday":6},{"pair":"EDEN/USDT","stake_amount":5671.01088,"max_stake_amount":5671.01088,"amount":51742.8,"open_date":"2025-11-03 03:35:00+00:00","close_date":"2025-11-03 08:05:00+00:00","open_rate":0.1096,"close_rate":0.1117,"fee_open":0.001,"fee_close":0.001,"trade_duration":270,"profit_ratio":0.01712429905860563,"profit_abs":97.20919836,"exit_reason":"sell","initial_stop_loss_abs":0.0822,"initial_stop_loss_ratio":-0.25,"stop_loss_abs":0.0822,"stop_loss_ratio":-0.25,"min_rate":0.1053,"max_rate":0.1138,"is_open":false,"enter_tag":"buy","leverage":1.0,"is_short":false,"open_timestamp":1762140900000,"close_timestamp":1762157100000,"orders":[{"amount":51742.8,"safe_price":0.1096,"ft_order_side":"buy","order_filled_timestamp":1762140900000,"ft_is_entry":true,"ft_order_tag":"buy","cost":5676.6818908800005},{"amount":51742.8,"safe_price":0.1117,"ft_order_side":"sell","order_filled_timestamp":1762157100000,"ft_is_entry":false,"ft_order_tag":"sell","cost":5785.450430759999}],"funding_fees":0.0,"weekday":0},{"pair":"LINEA/USDT","stake_amount":5719.1228,"max_stake_amount":5719.1228,"amount":474616.0,"open_date":"2025-11-03 15:45:00+00:00","close_date":"2025-11-03 23:30:00+00:00","open_rate":0.01205,"close_rate":0.01186,"fee_open":0.001,"fee_close":0.001,"trade_duration":465,"profit_ratio":-0.01773413308683018,"profit_abs":-101.52510856,"exit_reason":"sell","initial_stop_loss_abs":0.00904,"initial_stop_loss_ratio":-0.25,"stop_loss_abs":0.00904,"stop_loss_ratio":-0.25,"min_rate":0.01138,"max_rate":0.01237,"is_open":false,"enter_tag":"buy","leverage":1.0,"is_short":false,"open_timestamp":1762184700000,"close_timestamp":1762212600000,"orders":[{"amount":474616.0,"safe_price":0.01205,"ft_order_side":"buy","order_filled_timestamp":1762184700000,"ft_is_entry":true,"ft_order_tag":"buy","cost":5724.841922799999},{"amount":474616.0,"safe_price":0.01186,"ft_order_side":"sell","order_filled_timestamp":1762212600000,"ft_is_entry":false,"ft_order_tag":"sell","cost":5634.57470576}],"funding_fees":0.0,"weekday":0},{"pair":"ASTER/USDT","stake_amount":5671.0122,"max_stake_amount":5671.0122,"amount":5109.02,"open_date":"2025-11-03 02:50:00+00:00","close_date":"2025-11-04 00:45:00+00:00","open_rate":1.11,"close_rate":0.922,"fee_open":0.001,"fee_close":0.001,"trade_duration":1315,"profit_ratio":-0.17102897102897102,"profit_abs":-970.87728864,"exit_reason":"sell","initial_stop_loss_abs":0.833,"initial_stop_loss_ratio":-0.25,"stop_loss_abs":0.833,"stop_loss_ratio":-0.25,"min_rate":0.846,"max_rate":1.126,"is_open":false,"enter_tag":"buy","leverage":1.0,"is_short":false,"open_timestamp":1762138200000,"close_timestamp":1762217100000,"orders":[{"amount":5109.02,"safe_price":1.11,"ft_order_side":"buy","order_filled_timestamp":1762138200000,"ft_is_entry":true,"ft_order_tag":"buy","cost":5676.6832122000005},{"amount":5109.02,"safe_price":0.922,"ft_order_side":"sell","order_filled_timestamp":1762217100000,"ft_is_entry":false,"ft_order_tag":"sell","cost":4715.226956439999}],"funding_fees":0.0,"weekday":1},{"pair":"ASTER/USDT","stake_amount":5188.28744,"max_stake_amount":5188.28744,"amount":6147.26,"open_date":"2025-11-04 05:35:00+00:00","close_date":"2025-11-04 08:25:00+00:00","open_rate":0.844,"close_rate":0.874,"fee_open":0.001,"fee_close":0.001,"trade_duration":170,"profit_ratio":0.03347600267031547,"profit_abs":173.85680732,"exit_reason":"sell","initial_stop_loss_abs":0.633,"initial_stop_loss_ratio":-0.25,"stop_loss_abs":0.89,"stop_loss_ratio":-0.002,"min_rate":0.817,"max_rate":0.891,"is_open":false,"enter_tag":"buy","leverage":1.0,"is_short":false,"open_timestamp":1762234500000,"close_timestamp":1762244700000,"orders":[{"amount":6147.26,"safe_price":0.844,"ft_order_side":"buy","order_filled_timestamp":1762234500000,"ft_is_entry":true,"ft_order_tag":"buy","cost":5193.47572744},{"amount":6147.26,"safe_price":0.874,"ft_order_side":"sell","order_filled_timestamp":1762244700000,"ft_is_entry":false,"ft_order_tag":"sell","cost":5378.077945239999}],"funding_fees":0.0,"weekday":1},{"pair":"FORM/USDT","stake_amount":5188.26866,"max_stake_amount":5188.26866,"amount":12797.9,"open_date":"2025-11-04 05:45:00+00:00","close_date":"2025-11-04 10:45:00+00:00","open_rate":0.4054,"close_rate":0.4265,"fee_open":0.001,"fee_close":0.001,"trade_duration":300,"profit_ratio":0.04994536790294067,"profit_abs":259.38911699,"exit_reason":"trailing_stop_loss","initial_stop_loss_abs":0.3041,"initial_stop_loss_ratio":-0.25,"stop_loss_abs":0.4265,"stop_loss_ratio":-0.002,"min_rate":0.3987,"max_rate":0.4273,"is_open":false,"enter_tag":"buy","leverage":1.0,"is_short":false,"open_timestamp":1762235100000,"close_timestamp":1762253100000,"orders":[{"amount":12797.9,"safe_price":0.4054,"ft_order_side":"buy","order_filled_timestamp":1762235100000,"ft_is_entry":true,"ft_order_tag":"buy","cost":5193.456928659999},{"amount":12797.9,"safe_price":0.4265,"ft_order_side":"sell","order_filled_timestamp":1762253100000,"ft_is_entry":false,"ft_order_tag":"trailing_stop_loss","cost":5463.762654349999}],"funding_fees":0.0,"weekday":1},{"pair":"ZEN/USDT","stake_amount":5402.58608,"max_stake_amount":5402.58608,"amount":278.24,"open_date":"2025-11-04 11:45:00+00:00","close_date":"2025-11-04 14:10:00+00:00","open_rate":19.417,"close_rate":19.591,"fee_open":0.001,"fee_close":0.001,"trade_duration":145,"profit_ratio":0.006945313017311781,"profit_abs":37.56017408,"exit_reason":"sell","initial_stop_loss_abs":14.562750000000001,"initial_stop_loss_ratio":-0.25,"stop_loss_abs":14.562750000000001,"stop_loss_ratio":-0.25,"min_rate":18.006,"max_rate":19.857,"is_open":false,"enter_tag":"buy","leverage":1.0,"is_short":false,"open_timestamp":1762256700000,"close_timestamp":1762265400000,"orders":[{"amount":278.24,"safe_price":19.417,"ft_order_side":"buy","order_filled_timestamp":1762256700000,"ft_is_entry":true,"ft_order_tag":"buy","cost":5407.98866608},{"amount":278.24,"safe_price":19.591,"ft_order_side":"sell","order_filled_timestamp":1762265400000,"ft_is_entry":false,"ft_order_tag":"sell","cost":5456.450839839999}],"funding_fees":0.0,"weekday":1},{"pair":"TAO/USDT","stake_amount":5421.31992,"max_stake_amount":5421.31992,"amount":13.8158,"open_date":"2025-11-04 17:05:00+00:00","close_date":"2025-11-04 17:35:00+00:00","open_rate":392.4,"close_rate":408.1,"fee_open":0.001,"fee_close":0.001,"trade_duration":30,"profit_ratio":0.037932251235003524,"profit_abs":205.8485121,"exit_reason":"sell","initial_stop_loss_abs":294.29999999999995,"initial_stop_loss_ratio":-0.25,"stop_loss_abs":412.7728,"stop_loss_ratio":-0.002,"min_rate":388.4,"max_rate":413.6,"is_open":false,"enter_tag":"buy","leverage":1.0,"is_short":false,"open_timestamp":1762275900000,"close_timestamp":1762277700000,"orders":[{"amount":13.8158,"safe_price":392.4,"ft_order_side":"buy","order_filled_timestamp":1762275900000,"ft_is_entry":true,"ft_order_tag":"buy","cost":5426.741239919998},{"amount":13.8158,"safe_price":408.1,"ft_order_side":"sell","order_filled_timestamp":1762277700000,"ft_is_entry":false,"ft_order_tag":"sell","cost":5643.866207979999}],"funding_fees":0.0,"weekday":1},{"pair":"XPL/USDT","stake_amount":5523.2268,"max_stake_amount":5523.2268,"amount":22965.6,"open_date":"2025-11-04 17:55:00+00:00","close_date":"2025-11-04 22:00:00+00:00","open_rate":0.2405,"close_rate":0.2406,"fee_open":0.001,"fee_close":0.001,"trade_duration":245,"profit_ratio":-0.0015830323522631213,"profit_abs":-8.75219016,"exit_reason":"sell","initial_stop_loss_abs":0.1804,"initial_stop_loss_ratio":-0.25,"stop_loss_abs":0.1804,"stop_loss_ratio":-0.25,"min_rate":0.2249,"max_rate":0.2443,"is_open":false,"enter_tag":"buy","leverage":1.0,"is_short":false,"open_timestamp":1762278900000,"close_timestamp":1762293600000,"orders":[{"amount":22965.6,"safe_price":0.2405,"ft_order_side":"buy","order_filled_timestamp":1762278900000,"ft_is_entry":true,"ft_order_tag":"buy","cost":5528.7500267999985},{"amount":22965.6,"safe_price":0.2406,"ft_order_side":"sell","order_filled_timestamp":1762293600000,"ft_is_entry":false,"ft_order_tag":"sell","cost":5531.048883359999}],"funding_fees":0.0,"weekday":1},{"pair":"FIL/USDT","stake_amount":5523.22419,"max_stake_amount":5523.22419,"amount":4094.31,"open_date":"2025-11-04 18:30:00+00:00","close_date":"2025-11-04 22:10:00+00:00","open_rate":1.349,"close_rate":1.345,"fee_open":0.001,"fee_close":0.001,"trade_duration":220,"profit_ratio":-0.004957236980958256,"profit_abs":-27.40731114,"exit_reason":"sell","initial_stop_loss_abs":1.012,"initial_stop_loss_ratio":-0.25,"stop_loss_abs":1.012,"stop_loss_ratio":-0.25,"min_rate":1.27,"max_rate":1.375,"is_open":false,"enter_tag":"buy","leverage":1.0,"is_short":false,"open_timestamp":1762281000000,"close_timestamp":1762294200000,"orders":[{"amount":4094.31,"safe_price":1.349,"ft_order_side":"buy","order_filled_timestamp":1762281000000,"ft_is_entry":true,"ft_order_tag":"buy","cost":5528.747414189999},{"amount":4094.31,"safe_price":1.345,"ft_order_side":"sell","order_filled_timestamp":1762294200000,"ft_is_entry":false,"ft_order_tag":"sell","cost":5512.353796949999}],"funding_fees":0.0,"weekday":1},{"pair":"ICP/USDT","stake_amount":5505.31935,"max_stake_amount":5505.31935,"amount":1093.41,"open_date":"2025-11-05 01:10:00+00:00","close_date":"2025-11-05 02:35:00+00:00","open_rate":5.035,"close_rate":5.123,"fee_open":0.001,"fee_close":0.001,"trade_duration":85,"profit_ratio":0.015444734014743946,"profit_abs":85.11322122,"exit_reason":"sell","initial_stop_loss_abs":3.77625,"initial_stop_loss_ratio":-0.25,"stop_loss_abs":3.77625,"stop_loss_ratio":-0.25,"min_rate":4.8,"max_rate":5.197,"is_open":false,"enter_tag":"buy","leverage":1.0,"is_short":false,"open_timestamp":1762305000000,"close_timestamp":1762310100000,"orders":[{"amount":1093.41,"safe_price":5.035,"ft_order_side":"buy","order_filled_timestamp":1762305000000,"ft_is_entry":true,"ft_order_tag":"buy","cost":5510.8246693500005},{"amount":1093.41,"safe_price":5.123,"ft_order_side":"sell","order_filled_timestamp":1762310100000,"ft_is_entry":false,"ft_order_tag":"sell","cost":5607.14096943}],"funding_fees":0.0,"weekday":2},{"pair":"ZEN/USDT","stake_amount":5547.44004,"max_stake_amount":5547.44004,"amount":287.79,"open_date":"2025-11-05 22:45:00+00:00","close_date":"2025-11-06 04:55:00+00:00","open_rate":19.276,"close_rate":18.839,"fee_open":0.001,"fee_close":0.001,"trade_duration":370,"profit_ratio":-0.02462338450095246,"profit_abs":-136.73334585,"exit_reason":"sell","initial_stop_loss_abs":14.457,"initial_stop_loss_ratio":-0.25,"stop_loss_abs":14.457,"stop_loss_ratio":-0.25,"min_rate":17.833,"max_rate":19.426,"is_open":false,"enter_tag":"buy","leverage":1.0,"is_short":false,"open_timestamp":1762382700000,"close_timestamp":1762404900000,"orders":[{"amount":287.79,"safe_price":19.276,"ft_order_side":"buy","order_filled_timestamp":1762382700000,"ft_is_entry":true,"ft_order_tag":"buy","cost":5552.987480039999},{"amount":287.79,"safe_price":18.839,"ft_order_side":"sell","order_filled_timestamp":1762404900000,"ft_is_entry":false,"ft_order_tag":"sell","cost":5427.097485809999}],"funding_fees":0.0,"weekday":3},{"pair":"ZEN/USDT","stake_amount":5479.77096,"max_stake_amount":5479.77096,"amount":296.91,"open_date":"2025-11-06 22:45:00+00:00","close_date":"2025-11-07 00:55:00+00:00","open_rate":18.456,"close_rate":19.021,"fee_open":0.001,"fee_close":0.001,"trade_duration":130,"profit_ratio":0.028554183138058305,"profit_abs":156.62685393,"exit_reason":"sell","initial_stop_loss_abs":13.841999999999999,"initial_stop_loss_ratio":-0.25,"stop_loss_abs":13.841999999999999,"stop_loss_ratio":-0.25,"min_rate":18.357,"max_rate":19.308,"is_open":false,"enter_tag":"buy","leverage":1.0,"is_short":false,"open_timestamp":1762469100000,"close_timestamp":1762476900000,"orders":[{"amount":296.91,"safe_price":18.456,"ft_order_side":"buy","order_filled_timestamp":1762469100000,"ft_is_entry":true,"ft_order_tag":"buy","cost":5485.2507309600005},{"amount":296.91,"safe_price":19.021,"ft_order_side":"sell","order_filled_timestamp":1762476900000,"ft_is_entry":false,"ft_order_tag":"sell","cost":5653.17263511}],"funding_fees":0.0,"weekday":4},{"pair":"ZEN/USDT","stake_amount":5557.23062,"max_stake_amount":5557.23062,"amount":291.29,"open_date":"2025-11-07 11:10:00+00:00","close_date":"2025-11-07 14:45:00+00:00","open_rate":19.078,"close_rate":19.683,"fee_open":0.001,"fee_close":0.001,"trade_duration":215,"profit_ratio":0.029650557011915643,"profit_abs":164.93975831,"exit_reason":"sell","initial_stop_loss_abs":14.308499999999999,"initial_stop_loss_ratio":-0.25,"stop_loss_abs":14.308499999999999,"stop_loss_ratio":-0.25,"min_rate":18.552,"max_rate":19.824,"is_open":false,"enter_tag":"buy","leverage":1.0,"is_short":false,"open_timestamp":1762513800000,"close_timestamp":1762526700000,"orders":[{"amount":291.29,"safe_price":19.078,"ft_order_side":"buy","order_filled_timestamp":1762513800000,"ft_is_entry":true,"ft_order_tag":"buy","cost":5562.7878506199995},{"amount":291.29,"safe_price":19.683,"ft_order_side":"sell","order_filled_timestamp":1762526700000,"ft_is_entry":false,"ft_order_tag":"sell","cost":5739.194531069999}],"funding_fees":0.0,"weekday":4},{"pair":"ICP/USDT","stake_amount":5557.30947,"max_stake_amount":5557.30947,"amount":735.97,"open_date":"2025-11-07 13:05:00+00:00","close_date":"2025-11-07 14:55:00+00:00","open_rate":7.551,"close_rate":7.801,"fee_open":0.001,"fee_close":0.001,"trade_duration":110,"profit_ratio":0.031044045346786703,"profit_abs":172.69388856,"exit_reason":"sell","initial_stop_loss_abs":5.66325,"initial_stop_loss_ratio":-0.25,"stop_loss_abs":7.9341,"stop_loss_ratio":-0.002,"min_rate":7.336,"max_rate":7.95,"is_open":false,"enter_tag":"buy","leverage":1.0,"is_short":false,"open_timestamp":1762520700000,"close_timestamp":1762527300000,"orders":[{"amount":735.97,"safe_price":7.551,"ft_order_side":"buy","order_filled_timestamp":1762520700000,"ft_is_entry":true,"ft_order_tag":"buy","cost":5562.8667794699995},{"amount":735.97,"safe_price":7.801,"ft_order_side":"sell","order_filled_timestamp":1762527300000,"ft_is_entry":false,"ft_order_tag":"sell","cost":5747.04327197}],"funding_fees":0.0,"weekday":4},{"pair":"FET/USDT","stake_amount":5724.4345,"max_stake_amount":5724.4345,"amount":15945.5,"open_date":"2025-11-07 23:15:00+00:00","close_date":"2025-11-07 23:35:00+00:00","open_rate":0.359,"close_rate":0.3781,"fee_open":0.001,"fee_close":0.001,"trade_duration":20,"profit_ratio":0.05109904023553048,"profit_abs":292.80562195,"exit_reason":"trailing_stop_loss","initial_stop_loss_abs":0.2693,"initial_stop_loss_ratio":-0.25,"stop_loss_abs":0.3781,"stop_loss_ratio":-0.002,"min_rate":0.3506,"max_rate":0.3788,"is_open":false,"enter_tag":"buy","leverage":1.0,"is_short":false,"open_timestamp":1762557300000,"close_timestamp":1762558500000,"orders":[{"amount":15945.5,"safe_price":0.359,"ft_order_side":"buy","order_filled_timestamp":1762557300000,"ft_is_entry":true,"ft_order_tag":"buy","cost":5730.158934499998},{"amount":15945.5,"safe_price":0.3781,"ft_order_side":"sell","order_filled_timestamp":1762558500000,"ft_is_entry":false,"ft_order_tag":"trailing_stop_loss","cost":6035.02254355}],"funding_fees":0.0,"weekday":4}],"locks":[],"best_pair":{"key":"ZEN/USDT","trades":10,"profit_mean":0.015584587222281643,"profit_mean_pct":1.56,"profit_total_abs":849.9913638699999,"profit_total":0.08499913638699999,"profit_total_pct":8.5,"duration_avg":"3:24:00","wins":8,"draws":0,"losses":2,"winrate":0.8,"cagr":2.4579762888149626,"expectancy":84.999136387,"expectancy_ratio":0.45671739556795377,"sortino":13.703717864013953,"sharpe":4.3364692627452825,"calmar":219.63535354867653,"sqn":1.6343,"profit_factor":3.2835869778397684,"max_drawdown_account":0.030806861507328677,"max_drawdown_abs":334.65746952999996},"worst_pair":{"key":"ASTER/USDT","trades":3,"profit_mean":-0.031367641326414376,"profit_mean_pct":-3.14,"profit_total_abs":-589.80059319,"profit_total":-0.058980059318999994,"profit_total_pct":-5.9,"duration_avg":"10:43:00","wins":2,"draws":0,"losses":1,"winrate":0.6666666666666666,"cagr":-0.6032817750358974,"expectancy":-196.60019773,"expectancy_ratio":-0.202497473192927,"sortino":-100,"sharpe":-0.8572838326441247,"calmar":-49.36095166997922,"sqn":-0.5077,"profit_factor":0.39250758042121914,"max_drawdown_account":0.09511672123072747,"max_drawdown_abs":970.87728864},"results_per_pair":[{"key":"ZEN/USDT","trades":10,"profit_mean":0.015584587222281643,"profit_mean_pct":1.56,"profit_total_abs":849.9913638699999,"profit_total":0.08499913638699999,"profit_total_pct":8.5,"duration_avg":"3:24:00","wins":8,"draws":0,"losses":2,"winrate":0.8,"cagr":2.4579762888149626,"expectancy":84.999136387,"expectancy_ratio":0.45671739556795377,"sortino":13.703717864013953,"sharpe":4.3364692627452825,"calmar":219.63535354867653,"sqn":1.6343,"profit_factor":3.2835869778397684,"max_drawdown_account":0.030806861507328677,"max_drawdown_abs":334.65746952999996},{"key":"AVNT/USDT","trades":4,"profit_mean":0.0312134056833777,"profit_mean_pct":3.12,"profit_total_abs":634.08475749,"profit_total":0.063408475749,"profit_total_pct":6.34,"duration_avg":"1:32:00","wins":4,"draws":0,"losses":0,"winrate":1.0,"cagr":1.5472072760164548,"expectancy":158.5211893725,"expectancy_ratio":100.0,"sortino":-100,"sharpe":7.177857803679792,"calmar":-100,"sqn":3.9045,"profit_factor":0.0,"max_drawdown_account":0.0,"max_drawdown_abs":0.0},{"key":"EDEN/USDT","trades":10,"profit_mean":0.005609818889217022,"profit_mean_pct":0.56,"profit_total_abs":357.00427856999994,"profit_total":0.03570042785699999,"profit_total_pct":3.57,"duration_avg":"6:35:00","wins":7,"draws":0,"losses":3,"winrate":0.7,"cagr":0.7048497776999041,"expectancy":35.70042785700002,"expectancy_ratio":0.13954245484791383,"sortino":6.00212714287115,"sharpe":1.3741008805860992,"calmar":59.034404820626726,"sqn":0.5179,"profit_factor":1.4651415161597126,"max_drawdown_account":0.04813970476199993,"max_drawdown_abs":481.39704761999997},{"key":"FET/USDT","trades":1,"profit_mean":0.05109904023553048,"profit_mean_pct":5.11,"profit_total_abs":292.80562195,"profit_total":0.029280562195,"profit_total_pct":2.93,"duration_avg":"0:20:00","wins":1,"draws":0,"losses":0,"winrate":1.0,"cagr":0.5510213336014116,"expectancy":292.80562195,"expectancy_ratio":100.0,"sortino":-100,"sharpe":-100,"calmar":-100,"sqn":-100.0,"profit_factor":0.0,"max_drawdown_account":0.0,"max_drawdown_abs":0.0},{"key":"TUT/USDT","trades":1,"profit_mean":0.05855409850970339,"profit_mean_pct":5.86,"profit_total_abs":290.1312747,"profit_total":0.02901312747,"profit_total_pct":2.9,"duration_avg":"2:05:00","wins":1,"draws":0,"losses":0,"winrate":1.0,"cagr":0.5449037212547851,"expectancy":290.1312747,"expectancy_ratio":100.0,"sortino":-100,"sharpe":-100,"calmar":-100,"sqn":-100.0,"profit_factor":0.0,"max_drawdown_account":0.0,"max_drawdown_abs":0.0},{"key":"BIO/USDT","trades":1,"profit_mean":0.061202502601368385,"profit_mean_pct":6.12,"profit_total_abs":283.29306922,"profit_total":0.028329306922,"profit_total_pct":2.83,"duration_avg":"1:50:00","wins":1,"draws":0,"losses":0,"winrate":1.0,"cagr":0.5293635740820142,"expectancy":283.29306922,"expectancy_ratio":100.0,"sortino":-100,"sharpe":-100,"calmar":-100,"sqn":-100.0,"profit_factor":0.0,"max_drawdown_account":0.0,"max_drawdown_abs":0.0},{"key":"FORM/USDT","trades":1,"profit_mean":0.04994536790294067,"profit_mean_pct":4.99,"profit_total_abs":259.38911699,"profit_total":0.025938911699,"profit_total_pct":2.59,"duration_avg":"5:00:00","wins":1,"draws":0,"losses":0,"winrate":1.0,"cagr":0.4761806547036822,"expectancy":259.38911699,"expectancy_ratio":100.0,"sortino":-100,"sharpe":-100,"calmar":-100,"sqn":-100.0,"profit_factor":0.0,"max_drawdown_account":0.0,"max_drawdown_abs":0.0},{"key":"ICP/USDT","trades":2,"profit_mean":0.023244389680765323,"profit_mean_pct":2.32,"profit_total_abs":257.80710978,"profit_total":0.025780710978000002,"profit_total_pct":2.58,"duration_avg":"1:38:00","wins":2,"draws":0,"losses":0,"winrate":1.0,"cagr":0.47272259573285647,"expectancy":128.90355489,"expectancy_ratio":100.0,"sortino":-100,"sharpe":4.686534584008372,"calmar":-100,"sqn":2.9437,"profit_factor":0.0,"max_drawdown_account":0.0,"max_drawdown_abs":0.0},{"key":"TAO/USDT","trades":1,"profit_mean":0.037932251235003524,"profit_mean_pct":3.79,"profit_total_abs":205.8485121,"profit_total":0.020584851209999998,"profit_total_pct":2.06,"duration_avg":"0:30:00","wins":1,"draws":0,"losses":0,"winrate":1.0,"cagr":0.36326514702899293,"expectancy":205.8485121,"expectancy_ratio":100.0,"sortino":-100,"sharpe":-100,"calmar":-100,"sqn":-100.0,"profit_factor":0.0,"max_drawdown_account":0.0,"max_drawdown_abs":0.0},{"key":"OPEN/USDT","trades":1,"profit_mean":0.026615434956008373,"profit_mean_pct":2.66,"profit_total_abs":132.3568863,"profit_total":0.01323568863,"profit_total_pct":1.32,"duration_avg":"4:10:00","wins":1,"draws":0,"losses":0,"winrate":1.0,"cagr":0.22136890052630087,"expectancy":132.3568863,"expectancy_ratio":100.0,"sortino":-100,"sharpe":-100,"calmar":-100,"sqn":-100.0,"profit_factor":0.0,"max_drawdown_account":0.0,"max_drawdown_abs":0.0},{"key":"VIRTUAL/USDT","trades":1,"profit_mean":0.012781130839543015,"profit_mean_pct":1.28,"profit_total_abs":69.715133,"profit_total":0.006971513299999999,"profit_total_pct":0.7,"duration_avg":"7:45:00","wins":1,"draws":0,"losses":0,"winrate":1.0,"cagr":0.11144084169471635,"expectancy":69.715133,"expectancy_ratio":100.0,"sortino":-100,"sharpe":-100,"calmar":-100,"sqn":-100.0,"profit_factor":0.0,"max_drawdown_account":0.0,"max_drawdown_abs":0.0},{"key":"TRX/USDT","trades":0,"profit_mean":0.0,"profit_mean_pct":0.0,"profit_total_abs":0.0,"profit_total":0.0,"profit_total_pct":0.0,"duration_avg":"0:00","wins":0,"draws":0,"losses":0,"winrate":0.0,"cagr":0.0,"expectancy":0.0,"expectancy_ratio":100.0,"sortino":0,"sharpe":0,"calmar":0,"sqn":0.0,"profit_factor":0.0,"max_drawdown_account":0.0,"max_drawdown_abs":0.0},{"key":"BONK/USDT","trades":0,"profit_mean":0.0,"profit_mean_pct":0.0,"profit_total_abs":0.0,"profit_total":0.0,"profit_total_pct":0.0,"duration_avg":"0:00","wins":0,"draws":0,"losses":0,"winrate":0.0,"cagr":0.0,"expectancy":0.0,"expectancy_ratio":100.0,"sortino":0,"sharpe":0,"calmar":0,"sqn":0.0,"profit_factor":0.0,"max_drawdown_account":0.0,"max_drawdown_abs":0.0},{"key":"PEPE/USDT","trades":0,"profit_mean":0.0,"profit_mean_pct":0.0,"profit_total_abs":0.0,"profit_total":0.0,"profit_total_pct":0.0,"duration_avg":"0:00","wins":0,"draws":0,"losses":0,"winrate":0.0,"cagr":0.0,"expectancy":0.0,"expectancy_ratio":100.0,"sortino":0,"sharpe":0,"calmar":0,"sqn":0.0,"profit_factor":0.0,"max_drawdown_account":0.0,"max_drawdown_abs":0.0},{"key":"BNB/USDT","trades":0,"profit_mean":0.0,"profit_mean_pct":0.0,"profit_total_abs":0.0,"profit_total":0.0,"profit_total_pct":0.0,"duration_avg":"0:00","wins":0,"draws":0,"losses":0,"winrate":0.0,"cagr":0.0,"expectancy":0.0,"expectancy_ratio":100.0,"sortino":0,"sharpe":0,"calmar":0,"sqn":0.0,"profit_factor":0.0,"max_drawdown_account":0.0,"max_drawdown_abs":0.0},{"key":"APT/USDT","trades":0,"profit_mean":0.0,"profit_mean_pct":0.0,"profit_total_abs":0.0,"profit_total":0.0,"profit_total_pct":0.0,"duration_avg":"0:00","wins":0,"draws":0,"losses":0,"winrate":0.0,"cagr":0.0,"expectancy":0.0,"expectancy_ratio":100.0,"sortino":0,"sharpe":0,"calmar":0,"sqn":0.0,"profit_factor":0.0,"max_drawdown_account":0.0,"max_drawdown_abs":0.0},{"key":"WIF/USDT","trades":0,"profit_mean":0.0,"profit_mean_pct":0.0,"profit_total_abs":0.0,"profit_total":0.0,"profit_total_pct":0.0,"duration_avg":"0:00","wins":0,"draws":0,"losses":0,"winrate":0.0,"cagr":0.0,"expectancy":0.0,"expectancy_ratio":100.0,"sortino":0,"sharpe":0,"calmar":0,"sqn":0.0,"profit_factor":0.0,"max_drawdown_account":0.0,"max_drawdown_abs":0.0},{"key":"NEAR/USDT","trades":0,"profit_mean":0.0,"profit_mean_pct":0.0,"profit_total_abs":0.0,"profit_total":0.0,"profit_total_pct":0.0,"duration_avg":"0:00","wins":0,"draws":0,"losses":0,"winrate":0.0,"cagr":0.0,"expectancy":0.0,"expectancy_ratio":100.0,"sortino":0,"sharpe":0,"calmar":0,"sqn":0.0,"profit_factor":0.0,"max_drawdown_account":0.0,"max_drawdown_abs":0.0},{"key":"PUMP/USDT","trades":0,"profit_mean":0.0,"profit_mean_pct":0.0,"profit_total_abs":0.0,"profit_total":0.0,"profit_total_pct":0.0,"duration_avg":"0:00","wins":0,"draws":0,"losses":0,"winrate":0.0,"cagr":0.0,"expectancy":0.0,"expectancy_ratio":100.0,"sortino":0,"sharpe":0,"calmar":0,"sqn":0.0,"profit_factor":0.0,"max_drawdown_account":0.0,"max_drawdown_abs":0.0},{"key":"ADA/USDT","trades":0,"profit_mean":0.0,"profit_mean_pct":0.0,"profit_total_abs":0.0,"profit_total":0.0,"profit_total_pct":0.0,"duration_avg":"0:00","wins":0,"draws":0,"losses":0,"winrate":0.0,"cagr":0.0,"expectancy":0.0,"expectancy_ratio":100.0,"sortino":0,"sharpe":0,"calmar":0,"sqn":0.0,"profit_factor":0.0,"max_drawdown_account":0.0,"max_drawdown_abs":0.0},{"key":"AVAX/USDT","trades":0,"profit_mean":0.0,"profit_mean_pct":0.0,"profit_total_abs":0.0,"profit_total":0.0,"profit_total_pct":0.0,"duration_avg":"0:00","wins":0,"draws":0,"losses":0,"winrate":0.0,"cagr":0.0,"expectancy":0.0,"expectancy_ratio":100.0,"sortino":0,"sharpe":0,"calmar":0,"sqn":0.0,"profit_factor":0.0,"max_drawdown_account":0.0,"max_drawdown_abs":0.0},{"key":"PLUME/USDT","trades":0,"profit_mean":0.0,"profit_mean_pct":0.0,"profit_total_abs":0.0,"profit_total":0.0,"profit_total_pct":0.0,"duration_avg":"0:00","wins":0,"draws":0,"losses":0,"winrate":0.0,"cagr":0.0,"expectancy":0.0,"expectancy_ratio":100.0,"sortino":0,"sharpe":0,"calmar":0,"sqn":0.0,"profit_factor":0.0,"max_drawdown_account":0.0,"max_drawdown_abs":0.0},{"key":"LTC/USDT","trades":0,"profit_mean":0.0,"profit_mean_pct":0.0,"profit_total_abs":0.0,"profit_total":0.0,"profit_total_pct":0.0,"duration_avg":"0:00","wins":0,"draws":0,"losses":0,"winrate":0.0,"cagr":0.0,"expectancy":0.0,"expectancy_ratio":100.0,"sortino":0,"sharpe":0,"calmar":0,"sqn":0.0,"profit_factor":0.0,"max_drawdown_account":0.0,"max_drawdown_abs":0.0},{"key":"CRV/USDT","trades":0,"profit_mean":0.0,"profit_mean_pct":0.0,"profit_total_abs":0.0,"profit_total":0.0,"profit_total_pct":0.0,"duration_avg":"0:00","wins":0,"draws":0,"losses":0,"winrate":0.0,"cagr":0.0,"expectancy":0.0,"expectancy_ratio":100.0,"sortino":0,"sharpe":0,"calmar":0,"sqn":0.0,"profit_factor":0.0,"max_drawdown_account":0.0,"max_drawdown_abs":0.0},{"key":"BTC/USDT","trades":0,"profit_mean":0.0,"profit_mean_pct":0.0,"profit_total_abs":0.0,"profit_total":0.0,"profit_total_pct":0.0,"duration_avg":"0:00","wins":0,"draws":0,"losses":0,"winrate":0.0,"cagr":0.0,"expectancy":0.0,"expectancy_ratio":100.0,"sortino":0,"sharpe":0,"calmar":0,"sqn":0.0,"profit_factor":0.0,"max_drawdown_account":0.0,"max_drawdown_abs":0.0},{"key":"PAXG/USDT","trades":0,"profit_mean":0.0,"profit_mean_pct":0.0,"profit_total_abs":0.0,"profit_total":0.0,"profit_total_pct":0.0,"duration_avg":"0:00","wins":0,"draws":0,"losses":0,"winrate":0.0,"cagr":0.0,"expectancy":0.0,"expectancy_ratio":100.0,"sortino":0,"sharpe":0,"calmar":0,"sqn":0.0,"profit_factor":0.0,"max_drawdown_account":0.0,"max_drawdown_abs":0.0},{"key":"SOMI/USDT","trades":0,"profit_mean":0.0,"profit_mean_pct":0.0,"profit_total_abs":0.0,"profit_total":0.0,"profit_total_pct":0.0,"duration_avg":"0:00","wins":0,"draws":0,"losses":0,"winrate":0.0,"cagr":0.0,"expectancy":0.0,"expectancy_ratio":100.0,"sortino":0,"sharpe":0,"calmar":0,"sqn":0.0,"profit_factor":0.0,"max_drawdown_account":0.0,"max_drawdown_abs":0.0},{"key":"SHIB/USDT","trades":0,"profit_mean":0.0,"profit_mean_pct":0.0,"profit_total_abs":0.0,"profit_total":0.0,"profit_total_pct":0.0,"duration_avg":"0:00","wins":0,"draws":0,"losses":0,"winrate":0.0,"cagr":0.0,"expectancy":0.0,"expectancy_ratio":100.0,"sortino":0,"sharpe":0,"calmar":0,"sqn":0.0,"profit_factor":0.0,"max_drawdown_account":0.0,"max_drawdown_abs":0.0},{"key":"DOT/USDT","trades":0,"profit_mean":0.0,"profit_mean_pct":0.0,"profit_total_abs":0.0,"profit_total":0.0,"profit_total_pct":0.0,"duration_avg":"0:00","wins":0,"draws":0,"losses":0,"winrate":0.0,"cagr":0.0,"expectancy":0.0,"expectancy_ratio":100.0,"sortino":0,"sharpe":0,"calmar":0,"sqn":0.0,"profit_factor":0.0,"max_drawdown_account":0.0,"max_drawdown_abs":0.0},{"key":"S/USDT","trades":0,"profit_mean":0.0,"profit_mean_pct":0.0,"profit_total_abs":0.0,"profit_total":0.0,"profit_total_pct":0.0,"duration_avg":"0:00","wins":0,"draws":0,"losses":0,"winrate":0.0,"cagr":0.0,"expectancy":0.0,"expectancy_ratio":100.0,"sortino":0,"sharpe":0,"calmar":0,"sqn":0.0,"profit_factor":0.0,"max_drawdown_account":0.0,"max_drawdown_abs":0.0},{"key":"SEI/USDT","trades":0,"profit_mean":0.0,"profit_mean_pct":0.0,"profit_total_abs":0.0,"profit_total":0.0,"profit_total_pct":0.0,"duration_avg":"0:00","wins":0,"draws":0,"losses":0,"winrate":0.0,"cagr":0.0,"expectancy":0.0,"expectancy_ratio":100.0,"sortino":0,"sharpe":0,"calmar":0,"sqn":0.0,"profit_factor":0.0,"max_drawdown_account":0.0,"max_drawdown_abs":0.0},{"key":"LISTA/USDT","trades":0,"profit_mean":0.0,"profit_mean_pct":0.0,"profit_total_abs":0.0,"profit_total":0.0,"profit_total_pct":0.0,"duration_avg":"0:00","wins":0,"draws":0,"losses":0,"winrate":0.0,"cagr":0.0,"expectancy":0.0,"expectancy_ratio":100.0,"sortino":0,"sharpe":0,"calmar":0,"sqn":0.0,"profit_factor":0.0,"max_drawdown_account":0.0,"max_drawdown_abs":0.0},{"key":"WLFI/USDT","trades":0,"profit_mean":0.0,"profit_mean_pct":0.0,"profit_total_abs":0.0,"profit_total":0.0,"profit_total_pct":0.0,"duration_avg":"0:00","wins":0,"draws":0,"losses":0,"winrate":0.0,"cagr":0.0,"expectancy":0.0,"expectancy_ratio":100.0,"sortino":0,"sharpe":0,"calmar":0,"sqn":0.0,"profit_factor":0.0,"max_drawdown_account":0.0,"max_drawdown_abs":0.0},{"key":"TRUMP/USDT","trades":0,"profit_mean":0.0,"profit_mean_pct":0.0,"profit_total_abs":0.0,"profit_total":0.0,"profit_total_pct":0.0,"duration_avg":"0:00","wins":0,"draws":0,"losses":0,"winrate":0.0,"cagr":0.0,"expectancy":0.0,"expectancy_ratio":100.0,"sortino":0,"sharpe":0,"calmar":0,"sqn":0.0,"profit_factor":0.0,"max_drawdown_account":0.0,"max_drawdown_abs":0.0},{"key":"ARB/USDT","trades":0,"profit_mean":0.0,"profit_mean_pct":0.0,"profit_total_abs":0.0,"profit_total":0.0,"profit_total_pct":0.0,"duration_avg":"0:00","wins":0,"draws":0,"losses":0,"winrate":0.0,"cagr":0.0,"expectancy":0.0,"expectancy_ratio":100.0,"sortino":0,"sharpe":0,"calmar":0,"sqn":0.0,"profit_factor":0.0,"max_drawdown_account":0.0,"max_drawdown_abs":0.0},{"key":"EIGEN/USDT","trades":0,"profit_mean":0.0,"profit_mean_pct":0.0,"profit_total_abs":0.0,"profit_total":0.0,"profit_total_pct":0.0,"duration_avg":"0:00","wins":0,"draws":0,"losses":0,"winrate":0.0,"cagr":0.0,"expectancy":0.0,"expectancy_ratio":100.0,"sortino":0,"sharpe":0,"calmar":0,"sqn":0.0,"profit_factor":0.0,"max_drawdown_account":0.0,"max_drawdown_abs":0.0},{"key":"LINK/USDT","trades":0,"profit_mean":0.0,"profit_mean_pct":0.0,"profit_total_abs":0.0,"profit_total":0.0,"profit_total_pct":0.0,"duration_avg":"0:00","wins":0,"draws":0,"losses":0,"winrate":0.0,"cagr":0.0,"expectancy":0.0,"expectancy_ratio":100.0,"sortino":0,"sharpe":0,"calmar":0,"sqn":0.0,"profit_factor":0.0,"max_drawdown_account":0.0,"max_drawdown_abs":0.0},{"key":"SUI/USDT","trades":0,"profit_mean":0.0,"profit_mean_pct":0.0,"profit_total_abs":0.0,"profit_total":0.0,"profit_total_pct":0.0,"duration_avg":"0:00","wins":0,"draws":0,"losses":0,"winrate":0.0,"cagr":0.0,"expectancy":0.0,"expectancy_ratio":100.0,"sortino":0,"sharpe":0,"calmar":0,"sqn":0.0,"profit_factor":0.0,"max_drawdown_account":0.0,"max_drawdown_abs":0.0},{"key":"WLD/USDT","trades":0,"profit_mean":0.0,"profit_mean_pct":0.0,"profit_total_abs":0.0,"profit_total":0.0,"profit_total_pct":0.0,"duration_avg":"0:00","wins":0,"draws":0,"losses":0,"winrate":0.0,"cagr":0.0,"expectancy":0.0,"expectancy_ratio":100.0,"sortino":0,"sharpe":0,"calmar":0,"sqn":0.0,"profit_factor":0.0,"max_drawdown_account":0.0,"max_drawdown_abs":0.0},{"key":"XLM/USDT","trades":0,"profit_mean":0.0,"profit_mean_pct":0.0,"profit_total_abs":0.0,"profit_total":0.0,"profit_total_pct":0.0,"duration_avg":"0:00","wins":0,"draws":0,"losses":0,"winrate":0.0,"cagr":0.0,"expectancy":0.0,"expectancy_ratio":100.0,"sortino":0,"sharpe":0,"calmar":0,"sqn":0.0,"profit_factor":0.0,"max_drawdown_account":0.0,"max_drawdown_abs":0.0},{"key":"ENA/USDT","trades":0,"profit_mean":0.0,"profit_mean_pct":0.0,"profit_total_abs":0.0,"profit_total":0.0,"profit_total_pct":0.0,"duration_avg":"0:00","wins":0,"draws":0,"losses":0,"winrate":0.0,"cagr":0.0,"expectancy":0.0,"expectancy_ratio":100.0,"sortino":0,"sharpe":0,"calmar":0,"sqn":0.0,"profit_factor":0.0,"max_drawdown_account":0.0,"max_drawdown_abs":0.0},{"key":"SOL/USDT","trades":0,"profit_mean":0.0,"profit_mean_pct":0.0,"profit_total_abs":0.0,"profit_total":0.0,"profit_total_pct":0.0,"duration_avg":"0:00","wins":0,"draws":0,"losses":0,"winrate":0.0,"cagr":0.0,"expectancy":0.0,"expectancy_ratio":100.0,"sortino":0,"sharpe":0,"calmar":0,"sqn":0.0,"profit_factor":0.0,"max_drawdown_account":0.0,"max_drawdown_abs":0.0},{"key":"FLOKI/USDT","trades":0,"profit_mean":0.0,"profit_mean_pct":0.0,"profit_total_abs":0.0,"profit_total":0.0,"profit_total_pct":0.0,"duration_avg":"0:00","wins":0,"draws":0,"losses":0,"winrate":0.0,"cagr":0.0,"expectancy":0.0,"expectancy_ratio":100.0,"sortino":0,"sharpe":0,"calmar":0,"sqn":0.0,"profit_factor":0.0,"max_drawdown_account":0.0,"max_drawdown_abs":0.0},{"key":"TON/USDT","trades":0,"profit_mean":0.0,"profit_mean_pct":0.0,"profit_total_abs":0.0,"profit_total":0.0,"profit_total_pct":0.0,"duration_avg":"0:00","wins":0,"draws":0,"losses":0,"winrate":0.0,"cagr":0.0,"expectancy":0.0,"expectancy_ratio":100.0,"sortino":0,"sharpe":0,"calmar":0,"sqn":0.0,"profit_factor":0.0,"max_drawdown_account":0.0,"max_drawdown_abs":0.0},{"key":"PENDLE/USDT","trades":0,"profit_mean":0.0,"profit_mean_pct":0.0,"profit_total_abs":0.0,"profit_total":0.0,"profit_total_pct":0.0,"duration_avg":"0:00","wins":0,"draws":0,"losses":0,"winrate":0.0,"cagr":0.0,"expectancy":0.0,"expectancy_ratio":100.0,"sortino":0,"sharpe":0,"calmar":0,"sqn":0.0,"profit_factor":0.0,"max_drawdown_account":0.0,"max_drawdown_abs":0.0},{"key":"POL/USDT","trades":0,"profit_mean":0.0,"profit_mean_pct":0.0,"profit_total_abs":0.0,"profit_total":0.0,"profit_total_pct":0.0,"duration_avg":"0:00","wins":0,"draws":0,"losses":0,"winrate":0.0,"cagr":0.0,"expectancy":0.0,"expectancy_ratio":100.0,"sortino":0,"sharpe":0,"calmar":0,"sqn":0.0,"profit_factor":0.0,"max_drawdown_account":0.0,"max_drawdown_abs":0.0},{"key":"MIRA/USDT","trades":0,"profit_mean":0.0,"profit_mean_pct":0.0,"profit_total_abs":0.0,"profit_total":0.0,"profit_total_pct":0.0,"duration_avg":"0:00","wins":0,"draws":0,"losses":0,"winrate":0.0,"cagr":0.0,"expectancy":0.0,"expectancy_ratio":100.0,"sortino":0,"sharpe":0,"calmar":0,"sqn":0.0,"profit_factor":0.0,"max_drawdown_account":0.0,"max_drawdown_abs":0.0},{"key":"ETH/USDT","trades":0,"profit_mean":0.0,"profit_mean_pct":0.0,"profit_total_abs":0.0,"profit_total":0.0,"profit_total_pct":0.0,"duration_avg":"0:00","wins":0,"draws":0,"losses":0,"winrate":0.0,"cagr":0.0,"expectancy":0.0,"expectancy_ratio":100.0,"sortino":0,"sharpe":0,"calmar":0,"sqn":0.0,"profit_factor":0.0,"max_drawdown_account":0.0,"max_drawdown_abs":0.0},{"key":"DOGE/USDT","trades":0,"profit_mean":0.0,"profit_mean_pct":0.0,"profit_total_abs":0.0,"profit_total":0.0,"profit_total_pct":0.0,"duration_avg":"0:00","wins":0,"draws":0,"losses":0,"winrate":0.0,"cagr":0.0,"expectancy":0.0,"expectancy_ratio":100.0,"sortino":0,"sharpe":0,"calmar":0,"sqn":0.0,"profit_factor":0.0,"max_drawdown_account":0.0,"max_drawdown_abs":0.0},{"key":"ONDO/USDT","trades":0,"profit_mean":0.0,"profit_mean_pct":0.0,"profit_total_abs":0.0,"profit_total":0.0,"profit_total_pct":0.0,"duration_avg":"0:00","wins":0,"draws":0,"losses":0,"winrate":0.0,"cagr":0.0,"expectancy":0.0,"expectancy_ratio":100.0,"sortino":0,"sharpe":0,"calmar":0,"sqn":0.0,"profit_factor":0.0,"max_drawdown_account":0.0,"max_drawdown_abs":0.0},{"key":"BMT/USDT","trades":0,"profit_mean":0.0,"profit_mean_pct":0.0,"profit_total_abs":0.0,"profit_total":0.0,"profit_total_pct":0.0,"duration_avg":"0:00","wins":0,"draws":0,"losses":0,"winrate":0.0,"cagr":0.0,"expectancy":0.0,"expectancy_ratio":100.0,"sortino":0,"sharpe":0,"calmar":0,"sqn":0.0,"profit_factor":0.0,"max_drawdown_account":0.0,"max_drawdown_abs":0.0},{"key":"CFX/USDT","trades":0,"profit_mean":0.0,"profit_mean_pct":0.0,"profit_total_abs":0.0,"profit_total":0.0,"profit_total_pct":0.0,"duration_avg":"0:00","wins":0,"draws":0,"losses":0,"winrate":0.0,"cagr":0.0,"expectancy":0.0,"expectancy_ratio":100.0,"sortino":0,"sharpe":0,"calmar":0,"sqn":0.0,"profit_factor":0.0,"max_drawdown_account":0.0,"max_drawdown_abs":0.0},{"key":"UNI/USDT","trades":0,"profit_mean":0.0,"profit_mean_pct":0.0,"profit_total_abs":0.0,"profit_total":0.0,"profit_total_pct":0.0,"duration_avg":"0:00","wins":0,"draws":0,"losses":0,"winrate":0.0,"cagr":0.0,"expectancy":0.0,"expectancy_ratio":100.0,"sortino":0,"sharpe":0,"calmar":0,"sqn":0.0,"profit_factor":0.0,"max_drawdown_account":0.0,"max_drawdown_abs":0.0},{"key":"AAVE/USDT","trades":0,"profit_mean":0.0,"profit_mean_pct":0.0,"profit_total_abs":0.0,"profit_total":0.0,"profit_total_pct":0.0,"duration_avg":"0:00","wins":0,"draws":0,"losses":0,"winrate":0.0,"cagr":0.0,"expectancy":0.0,"expectancy_ratio":100.0,"sortino":0,"sharpe":0,"calmar":0,"sqn":0.0,"profit_factor":0.0,"max_drawdown_account":0.0,"max_drawdown_abs":0.0},{"key":"HBAR/USDT","trades":0,"profit_mean":0.0,"profit_mean_pct":0.0,"profit_total_abs":0.0,"profit_total":0.0,"profit_total_pct":0.0,"duration_avg":"0:00","wins":0,"draws":0,"losses":0,"winrate":0.0,"cagr":0.0,"expectancy":0.0,"expectancy_ratio":100.0,"sortino":0,"sharpe":0,"calmar":0,"sqn":0.0,"profit_factor":0.0,"max_drawdown_account":0.0,"max_drawdown_abs":0.0},{"key":"FIL/USDT","trades":1,"profit_mean":-0.004957236980958256,"profit_mean_pct":-0.5,"profit_total_abs":-27.40731114,"profit_total":-0.002740731114,"profit_total_pct":-0.27,"duration_avg":"3:40:00","wins":0,"draws":0,"losses":1,"winrate":0.0,"cagr":-0.04088009099077172,"expectancy":-27.40731114,"expectancy_ratio":-1.0,"sortino":-100,"sharpe":-100,"calmar":-100,"sqn":-100.0,"profit_factor":0.0,"max_drawdown_account":0.0,"max_drawdown_abs":0.0},{"key":"LINEA/USDT","trades":1,"profit_mean":-0.01773413308683018,"profit_mean_pct":-1.77,"profit_total_abs":-101.52510856,"profit_total":-0.010152510856,"profit_total_pct":-1.02,"duration_avg":"7:45:00","wins":0,"draws":0,"losses":1,"winrate":0.0,"cagr":-0.14374915524592968,"expectancy":-101.52510856,"expectancy_ratio":-1.0,"sortino":-100,"sharpe":-100,"calmar":-100,"sqn":-100.0,"profit_factor":0.0,"max_drawdown_account":0.0,"max_drawdown_abs":0.0},{"key":"CAKE/USDT","trades":2,"profit_mean":-0.019807880437086117,"profit_mean_pct":-1.98,"profit_total_abs":-195.83566692000002,"profit_total":-0.019583566692000003,"profit_total_pct":-1.96,"duration_avg":"7:40:00","wins":0,"draws":0,"losses":2,"winrate":0.0,"cagr":-0.2597655903158935,"expectancy":-97.91783346000001,"expectancy_ratio":-1.0,"sortino":-2.326798995935812,"sharpe":-2.326798995935812,"calmar":-79.60405489392825,"sqn":-1.4615,"profit_factor":0.0,"max_drawdown_account":0.019583566692000023,"max_drawdown_abs":195.83566692000002},{"key":"STO/USDT","trades":1,"profit_mean":-0.061170492099587456,"profit_mean_pct":-6.12,"profit_total_abs":-311.44507675,"profit_total":-0.031144507675,"profit_total_pct":-3.11,"duration_avg":"7:45:00","wins":0,"draws":0,"losses":1,"winrate":0.0,"cagr":-0.3819517566899574,"expectancy":-311.44507675,"expectancy_ratio":-1.0,"sortino":-100,"sharpe":-100,"calmar":-100,"sqn":-100.0,"profit_factor":0.0,"max_drawdown_account":0.0,"max_drawdown_abs":0.0},{"key":"XPL/USDT","trades":4,"profit_mean":-0.023025747459188707,"profit_mean_pct":-2.3,"profit_total_abs":-549.07239918,"profit_total":-0.054907239918000006,"profit_total_pct":-5.49,"duration_avg":"10:49:00","wins":1,"draws":0,"losses":3,"winrate":0.25,"cagr":-0.5763501555374297,"expectancy":-137.268099795,"expectancy_ratio":-0.5888735168713484,"sortino":-1.754108622853516,"sharpe":-1.6054526282939627,"calmar":-63.44130355921738,"sqn":-0.8733,"profit_factor":0.2148353108382021,"max_drawdown_account":0.06889579336002667,"max_drawdown_abs":699.3085740600001},{"key":"ASTER/USDT","trades":3,"profit_mean":-0.031367641326414376,"profit_mean_pct":-3.14,"profit_total_abs":-589.80059319,"profit_total":-0.058980059318999994,"profit_total_pct":-5.9,"duration_avg":"10:43:00","wins":2,"draws":0,"losses":1,"winrate":0.6666666666666666,"cagr":-0.6032817750358974,"expectancy":-196.60019773,"expectancy_ratio":-0.202497473192927,"sortino":-100,"sharpe":-0.8572838326441247,"calmar":-49.36095166997922,"sqn":-0.5077,"profit_factor":0.39250758042121914,"max_drawdown_account":0.09511672123072747,"max_drawdown_abs":970.87728864},{"key":"TOTAL","trades":45,"profit_mean":0.008260727836279553,"profit_mean_pct":0.83,"profit_total_abs":1857.3409682299996,"profit_total":0.18573409682299996,"profit_total_pct":18.57,"duration_avg":"5:21:00","wins":31,"draws":0,"losses":14,"winrate":0.6888888888888889,"cagr":12.342083400964244,"expectancy":41.27424373844444,"expectancy_ratio":0.16767756996559657,"sortino":5.9756769992426095,"sharpe":5.988609504231104,"calmar":123.30669627109211,"sqn":1.1089,"profit_factor":1.5389636177465602,"max_drawdown_account":0.11990579332907252,"max_drawdown_abs":1428.00686108}],"results_per_enter_tag":[{"key":"buy","trades":45,"profit_mean":0.008260727836279553,"profit_mean_pct":0.83,"profit_total_abs":1857.3409682299996,"profit_total":0.18573409682299996,"profit_total_pct":18.57,"duration_avg":"5:21:00","wins":31,"draws":0,"losses":14,"winrate":0.6888888888888889,"cagr":12.342083400964244,"expectancy":41.27424373844444,"expectancy_ratio":0.16767756996559657,"sortino":5.9756769992426095,"sharpe":5.988609504231104,"calmar":123.30669627109211,"sqn":1.1089,"profit_factor":1.5389636177465602,"max_drawdown_account":0.11990579332907252,"max_drawdown_abs":1428.00686108},{"key":"TOTAL","trades":45,"profit_mean":0.008260727836279553,"profit_mean_pct":0.83,"profit_total_abs":1857.3409682299996,"profit_total":0.18573409682299996,"profit_total_pct":18.57,"duration_avg":"5:21:00","wins":31,"draws":0,"losses":14,"winrate":0.6888888888888889,"cagr":12.342083400964244,"expectancy":41.27424373844444,"expectancy_ratio":0.16767756996559657,"sortino":5.9756769992426095,"sharpe":5.988609504231104,"calmar":123.30669627109211,"sqn":1.1089,"profit_factor":1.5389636177465602,"max_drawdown_account":0.11990579332907252,"max_drawdown_abs":1428.00686108}],"exit_reason_summary":[{"key":"trailing_stop_loss","trades":9,"profit_mean":0.0531776135195769,"profit_mean_pct":5.32,"profit_total_abs":2525.9308485999995,"profit_total":0.25259308485999993,"profit_total_pct":25.26,"duration_avg":"1:58:00","wins":9,"draws":0,"losses":0,"winrate":1.0,"cagr":29.727500334290283,"expectancy":280.6589831777777,"expectancy_ratio":100.0,"sortino":-100,"sharpe":181.20714309177276,"calmar":-100,"sqn":71.539,"profit_factor":0.0,"max_drawdown_account":0.0,"max_drawdown_abs":0.0},{"key":"sell","trades":36,"profit_mean":-0.002968493584544785,"profit_mean_pct":-0.3,"profit_total_abs":-668.58988037,"profit_total":-0.066858988037,"profit_total_pct":-6.69,"duration_avg":"6:12:00","wins":22,"draws":0,"losses":14,"winrate":0.6111111111111112,"cagr":-0.6509013451802648,"expectancy":-18.571941121388903,"expectancy_ratio":-0.07544894042184547,"sortino":-2.1510736253563487,"sharpe":-2.205123336105507,"calmar":-28.22631912411096,"sqn":-0.4552,"profit_factor":0.8059884389152543,"max_drawdown_account":0.18855616739993472,"max_drawdown_abs":1976.9359332299998},{"key":"TOTAL","trades":45,"profit_mean":0.008260727836279553,"profit_mean_pct":0.83,"profit_total_abs":1857.3409682299996,"profit_total":0.18573409682299996,"profit_total_pct":18.57,"duration_avg":"5:21:00","wins":31,"draws":0,"losses":14,"winrate":0.6888888888888889,"cagr":12.342083400964244,"expectancy":41.27424373844444,"expectancy_ratio":0.16767756996559657,"sortino":5.9756769992426095,"sharpe":5.988609504231104,"calmar":123.30669627109211,"sqn":1.1089,"profit_factor":1.5389636177465602,"max_drawdown_account":0.11990579332907252,"max_drawdown_abs":1428.00686108}],"mix_tag_stats":[{"key":["buy","trailing_stop_loss"],"trades":9,"profit_mean":0.0531776135195769,"profit_mean_pct":5.32,"profit_total_abs":2525.9308485999995,"profit_total":0.25259308485999993,"profit_total_pct":25.26,"duration_avg":"1:58:00","wins":9,"draws":0,"losses":0,"winrate":1.0,"cagr":29.727500334290283,"expectancy":280.6589831777777,"expectancy_ratio":100.0,"sortino":-100,"sharpe":181.20714309177276,"calmar":-100,"sqn":71.539,"profit_factor":0.0,"max_drawdown_account":0.0,"max_drawdown_abs":0.0},{"key":["buy","sell"],"trades":36,"profit_mean":-0.002968493584544785,"profit_mean_pct":-0.3,"profit_total_abs":-668.58988037,"profit_total":-0.066858988037,"profit_total_pct":-6.69,"duration_avg":"6:12:00","wins":22,"draws":0,"losses":14,"winrate":0.6111111111111112,"cagr":-0.6509013451802648,"expectancy":-18.571941121388903,"expectancy_ratio":-0.07544894042184547,"sortino":-2.1510736253563487,"sharpe":-2.205123336105507,"calmar":-28.22631912411096,"sqn":-0.4552,"profit_factor":0.8059884389152543,"max_drawdown_account":0.18855616739993472,"max_drawdown_abs":1976.9359332299998},{"key":"TOTAL","trades":45,"profit_mean":0.008260727836279553,"profit_mean_pct":0.83,"profit_total_abs":1857.3409682299996,"profit_total":0.18573409682299996,"profit_total_pct":18.57,"duration_avg":"5:21:00","wins":31,"draws":0,"losses":14,"winrate":0.6888888888888889,"cagr":12.342083400964244,"expectancy":41.27424373844444,"expectancy_ratio":0.16767756996559657,"sortino":5.9756769992426095,"sharpe":5.988609504231104,"calmar":123.30669627109211,"sqn":1.1089,"profit_factor":1.5389636177465602,"max_drawdown_account":0.11990579332907252,"max_drawdown_abs":1428.00686108}],"left_open_trades":[{"key":"TOTAL","trades":0,"profit_mean":0.0,"profit_mean_pct":0.0,"profit_total_abs":0.0,"profit_total":0.0,"profit_total_pct":0.0,"duration_avg":"0:00","wins":0,"draws":0,"losses":0,"winrate":0.0,"cagr":0.0,"expectancy":0.0,"expectancy_ratio":100.0,"sortino":0,"sharpe":0,"calmar":0,"sqn":0.0,"profit_factor":0.0,"max_drawdown_account":0.0,"max_drawdown_abs":0.0}],"total_trades":45,"trade_count_long":45,"trade_count_short":0,"total_volume":482616.13386796805,"avg_stake_amount":5331.050276666666,"profit_mean":0.008260727836279553,"profit_median":0.017733736851383908,"profit_total":0.18573409682299996,"profit_total_long":0.18573409682299996,"profit_total_short":0.0,"profit_total_abs":1857.3409682299996,"profit_total_long_abs":1857.3409682299996,"profit_total_short_abs":0.0,"cagr":12.342083400964281,"expectancy":41.27424373844444,"expectancy_ratio":0.16767756996559657,"sortino":5.9756769992426095,"sharpe":5.988609504231104,"calmar":123.30669627109211,"sqn":1.1089,"profit_factor":1.5389636177465602,"backtest_start":"2025-10-15 00:00:00","backtest_start_ts":1760486400000,"backtest_end":"2025-11-08 00:00:00","backtest_end_ts":1762560000000,"backtest_days":24,"backtest_run_start_ts":1762688094,"backtest_run_end_ts":1762688118,"trades_per_day":1.88,"market_change":-0.0837296490232872,"pairlist":["TRX/USDT","EDEN/USDT","AVNT/USDT","BONK/USDT","PEPE/USDT","BNB/USDT","APT/USDT","LINEA/USDT","WIF/USDT","VIRTUAL/USDT","NEAR/USDT","PUMP/USDT","FET/USDT","ADA/USDT","AVAX/USDT","PLUME/USDT","LTC/USDT","FORM/USDT","CRV/USDT","BTC/USDT","XPL/USDT","TUT/USDT","PAXG/USDT","SOMI/USDT","SHIB/USDT","BIO/USDT","DOT/USDT","FIL/USDT","S/USDT","SEI/USDT","LISTA/USDT","STO/USDT","WLFI/USDT","TRUMP/USDT","ARB/USDT","EIGEN/USDT","LINK/USDT","SUI/USDT","WLD/USDT","ASTER/USDT","TAO/USDT","XLM/USDT","ENA/USDT","SOL/USDT","FLOKI/USDT","TON/USDT","PENDLE/USDT","OPEN/USDT","POL/USDT","MIRA/USDT","ETH/USDT","DOGE/USDT","ONDO/USDT","BMT/USDT","CFX/USDT","ICP/USDT","UNI/USDT","ZEN/USDT","AAVE/USDT","HBAR/USDT","CAKE/USDT"],"stake_amount":"unlimited","stake_currency":"USDT","stake_currency_decimals":3,"starting_balance":10000,"dry_run_wallet":10000,"final_balance":11857.34096823,"rejected_signals":143,"timedout_entry_orders":0,"timedout_exit_orders":0,"canceled_trade_entries":0,"canceled_entry_orders":0,"replaced_entry_orders":0,"max_open_trades":2,"max_open_trades_setting":2,"timeframe":"5m","timeframe_detail":"","timerange":"20251015-20251108","enable_protections":false,"strategy_name":"KamaFama","freqaimodel":null,"freqai_identifier":null,"stoploss":-0.25,"trailing_stop":false,"trailing_stop_positive":0.002,"trailing_stop_positive_offset":0.05,"trailing_only_offset_is_reached":true,"use_custom_stoploss":true,"minimal_roi":{"0":1},"use_exit_signal":true,"exit_profit_only":false,"exit_profit_offset":0.0,"ignore_roi_if_entry_signal":false,"trading_mode":"spot","margin_mode":"isolated","periodic_breakdown":{"day":[{"date":"15/10/2025","date_ts":1760486400000,"profit_abs":290.1312747,"wins":1,"draws":0,"losses":0,"trades":1,"profit_factor":0.0},{"date":"16/10/2025","date_ts":1760572800000,"profit_abs":-326.12570347,"wins":1,"draws":0,"losses":2,"trades":3,"profit_factor":0.31538245},{"date":"17/10/2025","date_ts":1760659200000,"profit_abs":-433.27847862,"wins":0,"draws":0,"losses":3,"trades":3,"profit_factor":0.0},{"date":"18/10/2025","date_ts":1760745600000,"profit_abs":0.0,"wins":0,"draws":0,"losses":0,"trades":0,"profit_factor":0.0},{"date":"19/10/2025","date_ts":1760832000000,"profit_abs":-188.97755682,"wins":0,"draws":0,"losses":1,"trades":1,"profit_factor":0.0},{"date":"20/10/2025","date_ts":1760918400000,"profit_abs":283.29306922,"wins":1,"draws":0,"losses":0,"trades":1,"profit_factor":0.0},{"date":"21/10/2025","date_ts":1761004800000,"profit_abs":266.57135949,"wins":2,"draws":0,"losses":0,"trades":2,"profit_factor":0.0},{"date":"22/10/2025","date_ts":1761091200000,"profit_abs":256.51564497,"wins":3,"draws":0,"losses":0,"trades":3,"profit_factor":0.0},{"date":"23/10/2025","date_ts":1761177600000,"profit_abs":132.3568863,"wins":1,"draws":0,"losses":0,"trades":1,"profit_factor":0.0},{"date":"24/10/2025","date_ts":1761264000000,"profit_abs":0.0,"wins":0,"draws":0,"losses":0,"trades":0,"profit_factor":0.0},{"date":"25/10/2025","date_ts":1761350400000,"profit_abs":727.86620674,"wins":3,"draws":0,"losses":0,"trades":3,"profit_factor":0.0},{"date":"26/10/2025","date_ts":1761436800000,"profit_abs":259.65737962,"wins":2,"draws":0,"losses":0,"trades":2,"profit_factor":0.0},{"date":"27/10/2025","date_ts":1761523200000,"profit_abs":99.2124993,"wins":1,"draws":0,"losses":0,"trades":1,"profit_factor":0.0},{"date":"28/10/2025","date_ts":1761609600000,"profit_abs":155.89162602,"wins":1,"draws":0,"losses":0,"trades":1,"profit_factor":0.0},{"date":"29/10/2025","date_ts":1761696000000,"profit_abs":386.29251455,"wins":2,"draws":0,"losses":0,"trades":2,"profit_factor":0.0},{"date":"30/10/2025","date_ts":1761782400000,"profit_abs":-580.6162614,"wins":0,"draws":0,"losses":1,"trades":1,"profit_factor":0.0},{"date":"31/10/2025","date_ts":1761868800000,"profit_abs":-286.120506,"wins":0,"draws":0,"losses":1,"trades":1,"profit_factor":0.0},{"date":"01/11/2025","date_ts":1761955200000,"profit_abs":548.92907215,"wins":2,"draws":0,"losses":0,"trades":2,"profit_factor":0.0},{"date":"02/11/2025","date_ts":1762041600000,"profit_abs":-135.00596699,"wins":1,"draws":0,"losses":1,"trades":2,"profit_factor":0.42668803},{"date":"03/11/2025","date_ts":1762128000000,"profit_abs":-4.3159102,"wins":1,"draws":0,"losses":1,"trades":2,"profit_factor":0.95748923},{"date":"04/11/2025","date_ts":1762214400000,"profit_abs":-330.38217945,"wins":4,"draws":0,"losses":3,"trades":7,"profit_factor":0.67192641},{"date":"05/11/2025","date_ts":1762300800000,"profit_abs":85.11322122,"wins":1,"draws":0,"losses":0,"trades":1,"profit_factor":0.0},{"date":"06/11/2025","date_ts":1762387200000,"profit_abs":-136.73334585,"wins":0,"draws":0,"losses":1,"trades":1,"profit_factor":0.0},{"date":"07/11/2025","date_ts":1762473600000,"profit_abs":787.06612275,"wins":4,"draws":0,"losses":0,"trades":4,"profit_factor":0.0}],"week":[{"date":"20/10/2025","date_ts":1760918400000,"profit_abs":-374.95739499,"wins":3,"draws":0,"losses":6,"trades":9,"profit_factor":0.65870082},{"date":"27/10/2025","date_ts":1761523200000,"profit_abs":1742.17997642,"wins":12,"draws":0,"losses":0,"trades":12,"profit_factor":0.0},{"date":"03/11/2025","date_ts":1762128000000,"profit_abs":85.05456813,"wins":7,"draws":0,"losses":4,"trades":11,"profit_factor":1.07065823},{"date":"10/11/2025","date_ts":1762732800000,"profit_abs":405.06381867,"wins":9,"draws":0,"losses":4,"trades":13,"profit_factor":1.35414792}],"month":[{"date":"31/10/2025","date_ts":1761868800000,"profit_abs":1042.6699546,"wins":18,"draws":0,"losses":8,"trades":26,"profit_factor":1.53052508},{"date":"30/11/2025","date_ts":1764460800000,"profit_abs":814.67101363,"wins":13,"draws":0,"losses":6,"trades":19,"profit_factor":1.55016361}],"year":[{"date":"31/12/2025","date_ts":1767139200000,"profit_abs":1857.34096823,"wins":31,"draws":0,"losses":14,"trades":45,"profit_factor":1.53896362}],"weekday":[{"date":"Monday","date_ts":0,"profit_abs":378.18965832,"wins":3,"draws":0,"losses":1,"trades":4,"profit_factor":4.72508499},{"date":"Tuesday","date_ts":1,"profit_abs":92.08080606,"wins":7,"draws":0,"losses":3,"trades":10,"profit_factor":1.09143738},{"date":"Wednesday","date_ts":2,"profit_abs":1018.05265544,"wins":7,"draws":0,"losses":0,"trades":7,"profit_factor":0.0},{"date":"Thursday","date_ts":3,"profit_abs":-911.11842442,"wins":2,"draws":0,"losses":4,"trades":6,"profit_factor":0.23673481},{"date":"Friday","date_ts":4,"profit_abs":67.66713813,"wins":4,"draws":0,"losses":4,"trades":8,"profit_factor":1.09406065},{"date":"Saturday","date_ts":5,"profit_abs":1276.79527889,"wins":5,"draws":0,"losses":0,"trades":5,"profit_factor":0.0},{"date":"Sunday","date_ts":6,"profit_abs":-64.32614419,"wins":3,"draws":0,"losses":2,"trades":5,"profit_factor":0.84845247}]},"backtest_best_day":0.14034782573229113,"backtest_worst_day":-0.0983924667654101,"backtest_best_day_abs":787.06612275,"backtest_worst_day_abs":-580.6162614,"winning_days":13,"draw_days":2,"losing_days":9,"daily_profit":[["2025-10-15",290.1312747],["2025-10-16",-326.12570347],["2025-10-17",-433.27847862],["2025-10-18",0.0],["2025-10-19",-188.97755682],["2025-10-20",283.29306922],["2025-10-21",266.57135949],["2025-10-22",256.51564497],["2025-10-23",132.3568863],["2025-10-24",0.0],["2025-10-25",727.86620674],["2025-10-26",259.65737962],["2025-10-27",99.2124993],["2025-10-28",155.89162602],["2025-10-29",386.29251455],["2025-10-30",-580.6162614],["2025-10-31",-286.120506],["2025-11-01",548.92907215],["2025-11-02",-135.00596699],["2025-11-03",-4.3159102],["2025-11-04",-330.38217945],["2025-11-05",85.11322122],["2025-11-06",-136.73334585],["2025-11-07",787.06612275]],"wins":31,"losses":14,"draws":0,"winrate":0.6888888888888889,"holding_avg":"5:21:00","holding_avg_s":19260.0,"winner_holding_min":"0d 00:05","winner_holding_min_s":300.0,"winner_holding_max":"0d 10:55","winner_holding_max_s":39300.0,"winner_holding_avg":"0d 03:02","winner_holding_avg_s":10920.0,"loser_holding_min":"0d 02:40","loser_holding_min_s":9600.0,"loser_holding_max":"1d 03:20","loser_holding_max_s":98400.0,"loser_holding_avg":"0d 10:29","loser_holding_avg_s":37740.0,"max_consecutive_wins":16,"max_consecutive_losses":5,"max_drawdown_account":0.11990579332907252,"max_relative_drawdown":0.11990579332907252,"max_drawdown_abs":1428.00686108,"drawdown_start":"2025-10-29 18:15:00","drawdown_start_ts":1761761700000.0,"drawdown_end":"2025-11-04 00:45:00","drawdown_end_ts":1762217100000.0,"drawdown_duration":"5 days 06:30:00","drawdown_duration_s":455400.0,"max_drawdown_low":481.39986092000004,"max_drawdown_high":1909.406722,"csum_min":9341.74953579,"csum_max":11909.406722}},"strategy_comparison":[{"key":"KamaFama","trades":45,"profit_mean":0.008260727836279553,"profit_mean_pct":0.83,"profit_total_abs":1857.3409682299996,"profit_total":0.18573409682299996,"profit_total_pct":18.57,"duration_avg":"5:21:00","wins":31,"draws":0,"losses":14,"winrate":0.6888888888888889,"cagr":12.342083400964244,"expectancy":41.27424373844444,"expectancy_ratio":0.16767756996559657,"sortino":5.9756769992426095,"sharpe":5.988609504231104,"calmar":123.30669627109211,"sqn":1.1089,"profit_factor":1.5389636177465602,"max_drawdown_account":0.11990579332907252,"max_drawdown_abs":"1428.007"}]}