{"strategy":{"SampleStrategy":{"trades":[{"pair":"SOL/USDT","stake_amount":9999.81346,"max_stake_amount":9999.81346,"amount":46.774,"open_date":"2025-01-05 10:45:00+00:00","close_date":"2025-01-15 21:15:00+00:00","open_rate":213.79,"close_rate":203.01,"fee_open":0.001,"fee_close":0.001,"trade_duration":15030,"profit_ratio":-0.05232056871516154,"profit_abs":-523.7191232,"exit_reason":"exit_signal","initial_stop_loss_abs":0.0,"initial_stop_loss_ratio":-1.0,"stop_loss_abs":0.0,"stop_loss_ratio":-1.0,"min_rate":168.88,"max_rate":223.18,"is_open":false,"enter_tag":"","leverage":1.0,"is_short":false,"open_timestamp":1736073900000,"close_timestamp":1736975700000,"orders":[{"amount":46.774,"safe_price":213.79,"ft_order_side":"buy","order_filled_timestamp":1736073900000,"ft_is_entry":true,"ft_order_tag":"","cost":10009.813273459999},{"amount":46.774,"safe_price":203.01,"ft_order_side":"sell","order_filled_timestamp":1736975700000,"ft_is_entry":false,"ft_order_tag":"exit_signal","cost":9505.085329739999}],"funding_fees":0.0,"weekday":2},{"pair":"NEAR/USDT","stake_amount":9999.554,"max_stake_amount":9999.554,"amount":1754.0,"open_date":"2025-01-05 10:45:00+00:00","close_date":"2025-01-20 09:15:00+00:00","open_rate":5.701,"close_rate":5.504,"fee_open":0.001,"fee_close":0.001,"trade_duration":21510,"profit_ratio":-0.036484301525522365,"profit_abs":-365.19157,"exit_reason":"exit_signal","initial_stop_loss_abs":0.0,"initial_stop_loss_ratio":-1.0,"stop_loss_abs":0.0,"stop_loss_ratio":-1.0,"min_rate":4.413,"max_rate":6.232,"is_open":false,"enter_tag":"","leverage":1.0,"is_short":false,"open_timestamp":1736073900000,"close_timestamp":1737364500000,"orders":[{"amount":1754.0,"safe_price":5.701,"ft_order_side":"buy","order_filled_timestamp":1736073900000,"ft_is_entry":true,"ft_order_tag":"","cost":10009.553553999998},{"amount":1754.0,"safe_price":5.504,"ft_order_side":"sell","order_filled_timestamp":1737364500000,"ft_is_entry":false,"ft_order_tag":"exit_signal","cost":9663.670015999998}],"funding_fees":0.0,"weekday":0},{"pair":"ETH/USDT","stake_amount":9476.905865,"max_stake_amount":9476.905865,"amount":2.8529,"open_date":"2025-01-16 09:45:00+00:00","close_date":"2025-03-02 19:00:00+00:00","open_rate":3321.85,"close_rate":2474.69,"fee_open":0.001,"fee_close":0.001,"trade_duration":65355,"profit_ratio":-0.25651502493063694,"profit_abs":-2433.39971297,"exit_reason":"exit_signal","initial_stop_loss_abs":0.0,"initial_stop_loss_ratio":-1.0,"stop_loss_abs":0.0,"stop_loss_ratio":-1.0,"min_rate":2076.26,"max_rate":3525.72,"is_open":false,"enter_tag":"","leverage":1.0,"is_short":false,"open_timestamp":1737020700000,"close_timestamp":1740942000000,"orders":[{"amount":2.8529,"safe_price":3321.85,"ft_order_side":"buy","order_filled_timestamp":1737020700000,"ft_is_entry":true,"ft_order_tag":"","cost":9486.382770864997},{"amount":2.8529,"safe_price":2474.69,"ft_order_side":"sell","order_filled_timestamp":1740942000000,"ft_is_entry":false,"ft_order_tag":"exit_signal","cost":7067.103144100999}],"funding_fees":0.0,"weekday":6},{"pair":"BTC/USDT","stake_amount":9999.852222,"max_stake_amount":9999.852222,"amount":0.1038,"open_date":"2025-01-03 09:15:00+00:00","close_date":"2025-03-02 19:30:00+00:00","open_rate":96337.69,"close_rate":93144.01,"fee_open":0.001,"fee_close":0.001,"trade_duration":84135,"profit_ratio":-0.03508265475414573,"profit_abs":-351.17218446,"exit_reason":"exit_signal","initial_stop_loss_abs":0.0,"initial_stop_loss_ratio":-1.0,"stop_loss_abs":0.0,"stop_loss_ratio":-1.0,"min_rate":78258.52,"max_rate":109588.0,"is_open":false,"enter_tag":"","leverage":1.0,"is_short":false,"open_timestamp":1735895700000,"close_timestamp":1740943800000,"orders":[{"amount":0.1038,"safe_price":96337.69,"ft_order_side":"buy","order_filled_timestamp":1735895700000,"ft_is_entry":true,"ft_order_tag":"","cost":10009.852074222},{"amount":0.1038,"safe_price":93144.01,"ft_order_side":"sell","order_filled_timestamp":1740943800000,"ft_is_entry":false,"ft_order_tag":"exit_signal","cost":9678.016586238}],"funding_fees":0.0,"weekday":6},{"pair":"ETH/USDT","stake_amount":9265.179315,"max_stake_amount":9265.179315,"amount":3.8815,"open_date":"2025-03-03 08:00:00+00:00","close_date":"2025-03-08 14:45:00+00:00","open_rate":2387.01,"close_rate":2184.9,"fee_open":0.001,"fee_close":0.001,"trade_duration":7605,"profit_ratio":-0.0864996102086492,"profit_abs":-802.23583366,"exit_reason":"exit_signal","initial_stop_loss_abs":0.0,"initial_stop_loss_ratio":-1.0,"stop_loss_abs":0.0,"stop_loss_ratio":-1.0,"min_rate":1993.2,"max_rate":2389.0,"is_open":false,"enter_tag":"","leverage":1.0,"is_short":false,"open_timestamp":1740988800000,"close_timestamp":1741445100000,"orders":[{"amount":3.8815,"safe_price":2387.01,"ft_order_side":"buy","order_filled_timestamp":1740988800000,"ft_is_entry":true,"ft_order_tag":"","cost":9274.444494315001},{"amount":3.8815,"safe_price":2184.9,"ft_order_side":"sell","order_filled_timestamp":1741445100000,"ft_is_entry":false,"ft_order_tag":"exit_signal","cost":8489.17003935}],"funding_fees":0.0,"weekday":5},{"pair":"SOL/USDT","stake_amount":9634.36461,"max_stake_amount":9634.36461,"amount":38.539,"open_date":"2025-01-23 03:15:00+00:00","close_date":"2025-03-14 16:30:00+00:00","open_rate":249.99,"close_rate":132.23,"fee_open":0.001,"fee_close":0.001,"trade_duration":72795,"profit_ratio":-0.47211566784349696,"profit_abs":-4553.08301658,"exit_reason":"exit_signal","initial_stop_loss_abs":0.0,"initial_stop_loss_ratio":-1.0,"stop_loss_abs":0.0,"stop_loss_ratio":-1.0,"min_rate":112.0,"max_rate":270.18,"is_open":false,"enter_tag":"","leverage":1.0,"is_short":false,"open_timestamp":1737602100000,"close_timestamp":1741969800000,"orders":[{"amount":38.539,"safe_price":249.99,"ft_order_side":"buy","order_filled_timestamp":1737602100000,"ft_is_entry":true,"ft_order_tag":"","cost":9643.99897461},{"amount":38.539,"safe_price":132.23,"ft_order_side":"sell","order_filled_timestamp":1741969800000,"ft_is_entry":false,"ft_order_tag":"exit_signal","cost":5101.107981969999}],"funding_fees":0.0,"weekday":4},{"pair":"ATOM/USDT","stake_amount":9999.9984,"max_stake_amount":9999.9984,"amount":1400.56,"open_date":"2025-01-07 16:30:00+00:00","close_date":"2025-03-14 17:30:00+00:00","open_rate":7.14,"close_rate":4.169,"fee_open":0.001,"fee_close":0.001,"trade_duration":95100,"profit_ratio":-0.4172730630713824,"profit_abs":-4176.90269304,"exit_reason":"exit_signal","initial_stop_loss_abs":0.0,"initial_stop_loss_ratio":-1.0,"stop_loss_abs":0.0,"stop_loss_ratio":-1.0,"min_rate":3.386,"max_rate":7.201,"is_open":false,"enter_tag":"","leverage":1.0,"is_short":false,"open_timestamp":1736267400000,"close_timestamp":1741973400000,"orders":[{"amount":1400.56,"safe_price":7.14,"ft_order_side":"buy","order_filled_timestamp":1736267400000,"ft_is_entry":true,"ft_order_tag":"","cost":10009.998398399997},{"amount":1400.56,"safe_price":4.169,"ft_order_side":"sell","order_filled_timestamp":1741973400000,"ft_is_entry":false,"ft_order_tag":"exit_signal","cost":5844.7735746399985}],"funding_fees":0.0,"weekday":4},{"pair":"LINK/USDT","stake_amount":9999.951,"max_stake_amount":9999.951,"amount":432.15,"open_date":"2025-01-07 12:45:00+00:00","close_date":"2025-05-08 06:15:00+00:00","open_rate":23.14,"close_rate":14.49,"fee_open":0.001,"fee_close":0.001,"trade_duration":173850,"profit_ratio":-0.3750627073876857,"profit_abs":-3754.3593045,"exit_reason":"exit_signal","initial_stop_loss_abs":0.0,"initial_stop_loss_ratio":-1.0,"stop_loss_abs":0.0,"stop_loss_ratio":-1.0,"min_rate":10.1,"max_rate":27.21,"is_open":false,"enter_tag":"","leverage":1.0,"is_short":false,"open_timestamp":1736253900000,"close_timestamp":1746684900000,"orders":[{"amount":432.15,"safe_price":23.14,"ft_order_side":"buy","order_filled_timestamp":1736253900000,"ft_is_entry":true,"ft_order_tag":"","cost":10009.950950999999},{"amount":432.15,"safe_price":14.49,"ft_order_side":"sell","order_filled_timestamp":1746684900000,"ft_is_entry":false,"ft_order_tag":"exit_signal","cost":6268.115353499999}],"funding_fees":0.0,"weekday":3},{"pair":"ATOM/USDT","stake_amount":6245.60004,"max_stake_amount":6245.60004,"amount":1206.18,"open_date":"2025-05-11 08:00:00+00:00","close_date":"2025-06-06 16:00:00+00:00","open_rate":5.178,"close_rate":4.257,"fee_open":0.001,"fee_close":0.001,"trade_duration":37920,"profit_ratio":-0.1795105242382183,"profit_abs":-1122.2720883,"exit_reason":"exit_signal","initial_stop_loss_abs":0.0,"initial_stop_loss_ratio":-1.0,"stop_loss_abs":0.0,"stop_loss_ratio":-1.0,"min_rate":4.029,"max_rate":5.499,"is_open":false,"enter_tag":"","leverage":1.0,"is_short":false,"open_timestamp":1746950400000,"close_timestamp":1749225600000,"orders":[{"amount":1206.18,"safe_price":5.178,"ft_order_side":"buy","order_filled_timestamp":1746950400000,"ft_is_entry":true,"ft_order_tag":"","cost":6251.845640039999},{"amount":1206.18,"safe_price":4.257,"ft_order_side":"sell","order_filled_timestamp":1749225600000,"ft_is_entry":false,"ft_order_tag":"exit_signal","cost":5139.842968259999}],"funding_fees":0.0,"weekday":4},{"pair":"BTC/USDT","stake_amount":7358.3919235,"max_stake_amount":7358.3919235,"amount":0.08765,"open_date":"2025-03-16 02:30:00+00:00","close_date":"2025-06-20 09:15:00+00:00","open_rate":83951.99,"close_rate":106038.41,"fee_open":0.001,"fee_close":0.001,"trade_duration":138645,"profit_ratio":0.26056029219742194,"profit_abs":1919.22205444,"exit_reason":"exit_signal","initial_stop_loss_abs":0.0,"initial_stop_loss_ratio":-1.0,"stop_loss_abs":0.0,"stop_loss_ratio":-1.0,"min_rate":74508.0,"max_rate":111980.0,"is_open":false,"enter_tag":"","leverage":1.0,"is_short":false,"open_timestamp":1742092200000,"close_timestamp":1750410900000,"orders":[{"amount":0.08765,"safe_price":83951.99,"ft_order_side":"buy","order_filled_timestamp":1742092200000,"ft_is_entry":true,"ft_order_tag":"","cost":7365.7503154235},{"amount":0.08765,"safe_price":106038.41,"ft_order_side":"sell","order_filled_timestamp":1750410900000,"ft_is_entry":false,"ft_order_tag":"exit_signal","cost":9303.5609031365}],"funding_fees":0.0,"weekday":4},{"pair":"NEAR/USDT","stake_amount":7426.763,"max_stake_amount":7426.763,"amount":2239.0,"open_date":"2025-03-03 08:00:00+00:00","close_date":"2025-06-30 00:15:00+00:00","open_rate":3.317,"close_rate":2.266,"fee_open":0.001,"fee_close":0.001,"trade_duration":170895,"profit_ratio":-0.3182175075452133,"profit_abs":-2365.689337,"exit_reason":"exit_signal","initial_stop_loss_abs":0.0,"initial_stop_loss_ratio":-1.0,"stop_loss_abs":0.0,"stop_loss_ratio":-1.0,"min_rate":1.793,"max_rate":3.383,"is_open":false,"enter_tag":"","leverage":1.0,"is_short":false,"open_timestamp":1740988800000,"close_timestamp":1751242500000,"orders":[{"amount":2239.0,"safe_price":3.317,"ft_order_side":"buy","order_filled_timestamp":1740988800000,"ft_is_entry":true,"ft_order_tag":"","cost":7434.189763},{"amount":2239.0,"safe_price":2.266,"ft_order_side":"sell","order_filled_timestamp":1751242500000,"ft_is_entry":false,"ft_order_tag":"exit_signal","cost":5078.647573999999}],"funding_fees":0.0,"weekday":0},{"pair":"DOT/USDT","stake_amount":8463.17324,"max_stake_amount":8463.17324,"amount":1998.86,"open_date":"2025-03-09 11:30:00+00:00","close_date":"2025-06-30 00:30:00+00:00","open_rate":4.234,"close_rate":3.553,"fee_open":0.001,"fee_close":0.001,"trade_duration":162060,"profit_ratio":-0.1625174542038028,"profit_abs":-1376.78878282,"exit_reason":"exit_signal","initial_stop_loss_abs":0.0,"initial_stop_loss_ratio":-1.0,"stop_loss_abs":0.0,"stop_loss_ratio":-1.0,"min_rate":3.007,"max_rate":5.4,"is_open":false,"enter_tag":"","leverage":1.0,"is_short":false,"open_timestamp":1741519800000,"close_timestamp":1751243400000,"orders":[{"amount":1998.86,"safe_price":4.234,"ft_order_side":"buy","order_filled_timestamp":1741519800000,"ft_is_entry":true,"ft_order_tag":"","cost":8471.63641324},{"amount":1998.86,"safe_price":3.553,"ft_order_side":"sell","order_filled_timestamp":1751243400000,"ft_is_entry":false,"ft_order_tag":"exit_signal","cost":7109.051529579999}],"funding_fees":0.0,"weekday":0},{"pair":"ETH/USDT","stake_amount":3545.958521,"max_stake_amount":3545.958521,"amount":1.8431,"open_date":"2025-03-16 02:30:00+00:00","close_date":"2025-06-30 01:30:00+00:00","open_rate":1923.91,"close_rate":2509.56,"fee_open":0.001,"fee_close":0.001,"trade_duration":152580,"profit_ratio":0.30179992520661986,"profit_abs":1071.24018644,"exit_reason":"exit_signal","initial_stop_loss_abs":0.0,"initial_stop_loss_ratio":-1.0,"stop_loss_abs":0.0,"stop_loss_ratio":-1.0,"min_rate":1385.05,"max_rate":2879.22,"is_open":false,"enter_tag":"","leverage":1.0,"is_short":false,"open_timestamp":1742092200000,"close_timestamp":1751247000000,"orders":[{"amount":1.8431,"safe_price":1923.91,"ft_order_side":"buy","order_filled_timestamp":1742092200000,"ft_is_entry":true,"ft_order_tag":"","cost":3549.5044795209997},{"amount":1.8431,"safe_price":2509.56,"ft_order_side":"sell","order_filled_timestamp":1751247000000,"ft_is_entry":false,"ft_order_tag":"exit_signal","cost":4629.995406036}],"funding_fees":0.0,"weekday":0},{"pair":"AVAX/USDT","stake_amount":5123.2922,"max_stake_amount":5123.2922,"amount":249.43,"open_date":"2025-06-08 01:45:00+00:00","close_date":"2025-07-09 22:45:00+00:00","open_rate":20.54,"close_rate":19.51,"fee_open":0.001,"fee_close":0.001,"trade_duration":45900,"profit_ratio":-0.05204386655214309,"profit_abs":-266.9025715,"exit_reason":"exit_signal","initial_stop_loss_abs":0.0,"initial_stop_loss_ratio":-1.0,"stop_loss_abs":0.0,"stop_loss_ratio":-1.0,"min_rate":15.61,"max_rate":22.77,"is_open":false,"enter_tag":"","leverage":1.0,"is_short":false,"open_timestamp":1749347100000,"close_timestamp":1752101100000,"orders":[{"amount":249.43,"safe_price":20.54,"ft_order_side":"buy","order_filled_timestamp":1749347100000,"ft_is_entry":true,"ft_order_tag":"","cost":5128.415492199999},{"amount":249.43,"safe_price":19.51,"ft_order_side":"sell","order_filled_timestamp":1752101100000,"ft_is_entry":false,"ft_order_tag":"exit_signal","cost":4871.2456793}],"funding_fees":0.0,"weekday":2},{"pair":"BTC/USDT","stake_amount":6766.716141,"max_stake_amount":6766.716141,"amount":0.0647,"open_date":"2025-06-20 15:45:00+00:00","close_date":"2025-07-14 07:15:00+00:00","open_rate":104586.03,"close_rate":122230.55,"fee_open":0.001,"fee_close":0.001,"trade_duration":34050,"profit_ratio":0.16637311041275166,"profit_abs":1126.92541127,"exit_reason":"exit_signal","initial_stop_loss_abs":0.0,"initial_stop_loss_ratio":-1.0,"stop_loss_abs":0.0,"stop_loss_ratio":-1.0,"min_rate":98200.0,"max_rate":122666.0,"is_open":false,"enter_tag":"","leverage":1.0,"is_short":false,"open_timestamp":1750434300000,"close_timestamp":1752477300000,"orders":[{"amount":0.0647,"safe_price":104586.03,"ft_order_side":"buy","order_filled_timestamp":1750434300000,"ft_is_entry":true,"ft_order_tag":"","cost":6773.482857140998},{"amount":0.0647,"safe_price":122230.55,"ft_order_side":"sell","order_filled_timestamp":1752477300000,"ft_is_entry":false,"ft_order_tag":"exit_signal","cost":7916.224901584998}],"funding_fees":0.0,"weekday":0},{"pair":"NEAR/USDT","stake_amount":6232.9386,"max_stake_amount":6232.9386,"amount":2952.6,"open_date":"2025-07-01 06:45:00+00:00","close_date":"2025-07-25 23:30:00+00:00","open_rate":2.111,"close_rate":2.858,"fee_open":0.001,"fee_close":0.001,"trade_duration":35565,"profit_ratio":0.351155713069498,"profit_abs":2190.9207306,"exit_reason":"exit_signal","initial_stop_loss_abs":0.0,"initial_stop_loss_ratio":-1.0,"stop_loss_abs":0.0,"stop_loss_ratio":-1.0,"min_rate":2.017,"max_rate":3.101,"is_open":false,"enter_tag":"","leverage":1.0,"is_short":false,"open_timestamp":1751352300000,"close_timestamp":1753486200000,"orders":[{"amount":2952.6,"safe_price":2.111,"ft_order_side":"buy","order_filled_timestamp":1751352300000,"ft_is_entry":true,"ft_order_tag":"","cost":6239.1715386},{"amount":2952.6,"safe_price":2.858,"ft_order_side":"sell","order_filled_timestamp":1753486200000,"ft_is_entry":false,"ft_order_tag":"exit_signal","cost":8446.969330799999}],"funding_fees":0.0,"weekday":4},{"pair":"AVAX/USDT","stake_amount":5432.7084,"max_stake_amount":5432.7084,"amount":263.98,"open_date":"2025-07-11 23:00:00+00:00","close_date":"2025-08-22 19:15:00+00:00","open_rate":20.58,"close_rate":25.01,"fee_open":0.001,"fee_close":0.001,"trade_duration":60255,"profit_ratio":0.21282944460787026,"profit_abs":1157.3965518,"exit_reason":"exit_signal","initial_stop_loss_abs":0.0,"initial_stop_loss_ratio":-1.0,"stop_loss_abs":0.0,"stop_loss_ratio":-1.0,"min_rate":20.18,"max_rate":27.38,"is_open":false,"enter_tag":"","leverage":1.0,"is_short":false,"open_timestamp":1752274800000,"close_timestamp":1755890100000,"orders":[{"amount":263.98,"safe_price":20.58,"ft_order_side":"buy","order_filled_timestamp":1752274800000,"ft_is_entry":true,"ft_order_tag":"","cost":5438.141108399999},{"amount":263.98,"safe_price":25.01,"ft_order_side":"sell","order_filled_timestamp":1755890100000,"ft_is_entry":false,"ft_order_tag":"exit_signal","cost":6608.7419398}],"funding_fees":0.0,"weekday":4},{"pair":"ETH/USDT","stake_amount":6233.111588,"max_stake_amount":6233.111588,"amount":2.5322,"open_date":"2025-07-01 06:00:00+00:00","close_date":"2025-09-12 20:30:00+00:00","open_rate":2461.54,"close_rate":4643.87,"fee_open":0.001,"fee_close":0.001,"trade_duration":105990,"profit_ratio":0.882801635749298,"profit_abs":5508.1037068,"exit_reason":"exit_signal","initial_stop_loss_abs":0.0,"initial_stop_loss_ratio":-1.0,"stop_loss_abs":0.0,"stop_loss_ratio":-1.0,"min_rate":2373.0,"max_rate":4956.78,"is_open":false,"enter_tag":"","leverage":1.0,"is_short":false,"open_timestamp":1751349600000,"close_timestamp":1757709000000,"orders":[{"amount":2.5322,"safe_price":2461.54,"ft_order_side":"buy","order_filled_timestamp":1751349600000,"ft_is_entry":true,"ft_order_tag":"","cost":6239.3446995879995},{"amount":2.5322,"safe_price":4643.87,"ft_order_side":"sell","order_filled_timestamp":1757709000000,"ft_is_entry":false,"ft_order_tag":"exit_signal","cost":11770.966821613998}],"funding_fees":0.0,"weekday":4},{"pair":"SOL/USDT","stake_amount":8176.34296,"max_stake_amount":8176.34296,"amount":33.938,"open_date":"2025-09-13 14:30:00+00:00","close_date":"2025-10-01 11:00:00+00:00","open_rate":240.92,"close_rate":216.6,"fee_open":0.001,"fee_close":0.001,"trade_duration":25710,"profit_ratio":-0.10274268318432357,"profit_abs":-840.89947376,"exit_reason":"exit_signal","initial_stop_loss_abs":0.0,"initial_stop_loss_ratio":-1.0,"stop_loss_abs":0.0,"stop_loss_ratio":-1.0,"min_rate":190.8,"max_rate":253.51,"is_open":false,"enter_tag":"","leverage":1.0,"is_short":false,"open_timestamp":1757773800000,"close_timestamp":1759316400000,"orders":[{"amount":33.938,"safe_price":240.92,"ft_order_side":"buy","order_filled_timestamp":1757773800000,"ft_is_entry":true,"ft_order_tag":"","cost":8184.519302959999},{"amount":33.938,"safe_price":216.6,"ft_order_side":"sell","order_filled_timestamp":1759316400000,"ft_is_entry":false,"ft_order_tag":"exit_signal","cost":7358.321770799999}],"funding_fees":0.0,"weekday":2},{"pair":"DOT/USDT","stake_amount":6233.11416,"max_stake_amount":6233.11416,"amount":1867.32,"open_date":"2025-07-01 06:00:00+00:00","close_date":"2025-10-10 14:15:00+00:00","open_rate":3.338,"close_rate":4.257,"fee_open":0.001,"fee_close":0.001,"trade_duration":145935,"profit_ratio":0.27276647857834196,"profit_abs":1701.8847846,"exit_reason":"exit_signal","initial_stop_loss_abs":0.0,"initial_stop_loss_ratio":-1.0,"stop_loss_abs":0.0,"stop_loss_ratio":-1.0,"min_rate":3.241,"max_rate":4.882,"is_open":false,"enter_tag":"","leverage":1.0,"is_short":false,"open_timestamp":1751349600000,"close_timestamp":1760105700000,"orders":[{"amount":1867.32,"safe_price":3.338,"ft_order_side":"buy","order_filled_timestamp":1751349600000,"ft_is_entry":true,"ft_order_tag":"","cost":6239.347274159999},{"amount":1867.32,"safe_price":4.257,"ft_order_side":"sell","order_filled_timestamp":1760105700000,"ft_is_entry":false,"ft_order_tag":"exit_signal","cost":7957.130421239998}],"funding_fees":0.0,"weekday":4},{"pair":"LINK/USDT","stake_amount":8348.6154,"max_stake_amount":8348.6154,"amount":389.94,"open_date":"2025-10-10 17:30:00+00:00","close_date":"2025-10-20 08:15:00+00:00","open_rate":21.41,"close_rate":18.75,"fee_open":0.001,"fee_close":0.001,"trade_duration":13845,"profit_ratio":-0.125990777088395,"profit_abs":-1052.9003904,"exit_reason":"exit_signal","initial_stop_loss_abs":0.0,"initial_stop_loss_ratio":-1.0,"stop_loss_abs":0.0,"stop_loss_ratio":-1.0,"min_rate":7.9,"max_rate":21.42,"is_open":false,"enter_tag":"","leverage":1.0,"is_short":false,"open_timestamp":1760117400000,"close_timestamp":1760948100000,"orders":[{"amount":389.94,"safe_price":21.41,"ft_order_side":"buy","order_filled_timestamp":1760117400000,"ft_is_entry":true,"ft_order_tag":"","cost":8356.964015399999},{"amount":389.94,"safe_price":18.75,"ft_order_side":"sell","order_filled_timestamp":1760948100000,"ft_is_entry":false,"ft_order_tag":"exit_signal","cost":7318.686374999999}],"funding_fees":0.0,"weekday":0},{"pair":"BTC/USDT","stake_amount":6404.9656824,"max_stake_amount":6404.9656824,"amount":0.05336,"open_date":"2025-07-14 16:30:00+00:00","close_date":"2025-11-03 17:15:00+00:00","open_rate":120033.09,"close_rate":106850.01,"fee_open":0.001,"fee_close":0.001,"trade_duration":161325,"profit_ratio":-0.1116072787390662,"profit_abs":-715.55563102,"exit_reason":"force_exit","initial_stop_loss_abs":0.0,"initial_stop_loss_ratio":-1.0,"stop_loss_abs":0.0,"stop_loss_ratio":-1.0,"min_rate":102000.0,"max_rate":126199.63,"is_open":false,"enter_tag":"","leverage":1.0,"is_short":false,"open_timestamp":1752510600000,"close_timestamp":1762190100000,"orders":[{"amount":0.05336,"safe_price":120033.09,"ft_order_side":"buy","order_filled_timestamp":1752510600000,"ft_is_entry":true,"ft_order_tag":"","cost":6411.3706480823985},{"amount":0.05336,"safe_price":106850.01,"ft_order_side":"sell","order_filled_timestamp":1762190100000,"ft_is_entry":false,"ft_order_tag":"force_exit","cost":5707.218050133599}],"funding_fees":0.0,"weekday":0},{"pair":"ETH/USDT","stake_amount":8137.915894,"max_stake_amount":8137.915894,"amount":2.0597,"open_date":"2025-10-20 18:00:00+00:00","close_date":"2025-11-03 17:15:00+00:00","open_rate":3951.02,"close_rate":3632.23,"fee_open":0.001,"fee_close":0.001,"trade_duration":20115,"profit_ratio":-0.08252228609188962,"profit_abs":-672.23098302,"exit_reason":"force_exit","initial_stop_loss_abs":0.0,"initial_stop_loss_ratio":-1.0,"stop_loss_abs":0.0,"stop_loss_ratio":-1.0,"min_rate":3564.13,"max_rate":4253.72,"is_open":false,"enter_tag":"","leverage":1.0,"is_short":false,"open_timestamp":1760983200000,"close_timestamp":1762190100000,"orders":[{"amount":2.0597,"safe_price":3951.02,"ft_order_side":"buy","order_filled_timestamp":1760983200000,"ft_is_entry":true,"ft_order_tag":"","cost":8146.053809893999},{"amount":2.0597,"safe_price":3632.23,"ft_order_side":"sell","order_filled_timestamp":1762190100000,"ft_is_entry":false,"ft_order_tag":"force_exit","cost":7488.785435130999}],"funding_fees":0.0,"weekday":0},{"pair":"AVAX/USDT","stake_amount":8008.0518,"max_stake_amount":8008.0518,"amount":267.47,"open_date":"2025-10-02 15:30:00+00:00","close_date":"2025-11-03 17:15:00+00:00","open_rate":29.94,"close_rate":16.87,"fee_open":0.001,"fee_close":0.001,"trade_duration":46185,"profit_ratio":-0.43766554087195375,"profit_abs":-3508.3531707,"exit_reason":"force_exit","initial_stop_loss_abs":0.0,"initial_stop_loss_ratio":-1.0,"stop_loss_abs":0.0,"stop_loss_ratio":-1.0,"min_rate":8.52,"max_rate":31.57,"is_open":false,"enter_tag":"","leverage":1.0,"is_short":false,"open_timestamp":1759419000000,"close_timestamp":1762190100000,"orders":[{"amount":267.47,"safe_price":29.94,"ft_order_side":"buy","order_filled_timestamp":1759419000000,"ft_is_entry":true,"ft_order_tag":"","cost":8016.059851800001},{"amount":267.47,"safe_price":16.87,"ft_order_side":"sell","order_filled_timestamp":1762190100000,"ft_is_entry":false,"ft_order_tag":"force_exit","cost":4516.7311189}],"funding_fees":0.0,"weekday":0},{"pair":"NEAR/USDT","stake_amount":7074.6102,"max_stake_amount":7074.6102,"amount":2673.7,"open_date":"2025-08-24 07:15:00+00:00","close_date":"2025-11-03 17:15:00+00:00","open_rate":2.646,"close_rate":1.949,"fee_open":0.001,"fee_close":0.001,"trade_duration":102840,"profit_ratio":-0.26488817305143836,"profit_abs":-1875.8545515,"exit_reason":"force_exit","initial_stop_loss_abs":0.0,"initial_stop_loss_ratio":-1.0,"stop_loss_abs":0.0,"stop_loss_ratio":-1.0,"min_rate":1.55,"max_rate":3.342,"is_open":false,"enter_tag":"","leverage":1.0,"is_short":false,"open_timestamp":1756019700000,"close_timestamp":1762190100000,"orders":[{"amount":2673.7,"safe_price":2.646,"ft_order_side":"buy","order_filled_timestamp":1756019700000,"ft_is_entry":true,"ft_order_tag":"","cost":7081.6848101999985},{"amount":2673.7,"safe_price":1.949,"ft_order_side":"sell","order_filled_timestamp":1762190100000,"ft_is_entry":false,"ft_order_tag":"force_exit","cost":5216.252341299999}],"funding_fees":0.0,"weekday":0},{"pair":"ATOM/USDT","stake_amount":6843.27655,"max_stake_amount":6843.27655,"amount":1434.95,"open_date":"2025-07-27 10:15:00+00:00","close_date":"2025-11-03 17:15:00+00:00","open_rate":4.769,"close_rate":2.663,"fee_open":0.001,"fee_close":0.001,"trade_duration":142980,"profit_ratio":-0.44271769329433414,"profit_abs":-3032.6692484,"exit_reason":"force_exit","initial_stop_loss_abs":0.0,"initial_stop_loss_ratio":-1.0,"stop_loss_abs":0.0,"stop_loss_ratio":-1.0,"min_rate":0.001,"max_rate":4.971,"is_open":false,"enter_tag":"","leverage":1.0,"is_short":false,"open_timestamp":1753611300000,"close_timestamp":1762190100000,"orders":[{"amount":1434.95,"safe_price":4.769,"ft_order_side":"buy","order_filled_timestamp":1753611300000,"ft_is_entry":true,"ft_order_tag":"","cost":6850.11982655},{"amount":1434.95,"safe_price":2.663,"ft_order_side":"sell","order_filled_timestamp":1762190100000,"ft_is_entry":false,"ft_order_tag":"force_exit","cost":3825.093121849999}],"funding_fees":0.0,"weekday":0}],"locks":[],"best_pair":{"key":"ETH/USDT","trades":5,"profit_mean":0.15181292794494844,"profit_mean_pct":15.18,"profit_total_abs":2671.477363589999,"profit_total":0.053429547271799986,"profit_total_pct":5.34,"duration_avg":"48 days, 20:09:00","wins":2,"draws":0,"losses":3,"winrate":0.4,"cagr":0.06448970772430807,"expectancy":534.2954727179999,"expectancy_ratio":0.4101691820824698,"sortino":0.20951133569883307,"sharpe":0.061653973219526245,"calmar":5.188773929890885,"sqn":0.3924,"profit_factor":1.6836153034707826,"max_drawdown_account":0.06471271093260002,"max_drawdown_abs":3235.63554663},"worst_pair":{"key":"ATOM/USDT","trades":3,"profit_mean":-0.3465004268679783,"profit_mean_pct":-34.65,"profit_total_abs":-8331.84402974,"profit_total":-0.16663688059479997,"profit_total_pct":-16.66,"duration_avg":"63 days, 21:20:00","wins":0,"draws":0,"losses":3,"winrate":0.0,"cagr":-0.19656814037786174,"expectancy":-2777.2813432466664,"expectancy_ratio":-1.0,"sortino":-0.4155510209299102,"sharpe":-0.4155510209299102,"calmar":-6.284530649520656,"sqn":-3.1171,"profit_factor":0.0,"max_drawdown_account":0.16663688059480003,"max_drawdown_abs":8331.84402974},"results_per_pair":[{"key":"ETH/USDT","trades":5,"profit_mean":0.15181292794494844,"profit_mean_pct":15.18,"profit_total_abs":2671.477363589999,"profit_total":0.053429547271799986,"profit_total_pct":5.34,"duration_avg":"48 days, 20:09:00","wins":2,"draws":0,"losses":3,"winrate":0.4,"cagr":0.06448970772430807,"expectancy":534.2954727179999,"expectancy_ratio":0.4101691820824698,"sortino":0.20951133569883307,"sharpe":0.061653973219526245,"calmar":5.188773929890885,"sqn":0.3924,"profit_factor":1.6836153034707826,"max_drawdown_account":0.06471271093260002,"max_drawdown_abs":3235.63554663},{"key":"BTC/USDT","trades":4,"profit_mean":0.07006086727924041,"profit_mean_pct":7.01,"profit_total_abs":1979.4196502300001,"profit_total":0.0395883930046,"profit_total_pct":3.96,"duration_avg":"72 days, 14:19:00","wins":2,"draws":0,"losses":2,"winrate":0.5,"cagr":0.047718950886167066,"expectancy":494.8549125575,"expectancy_ratio":0.9277997730561252,"sortino":0.6827820296214004,"sharpe":0.11588531273360618,"calmar":18.3217318631938,"sqn":0.7985,"profit_factor":2.8555995461122503,"max_drawdown_account":0.013579200430417646,"max_drawdown_abs":715.55563102},{"key":"DOT/USDT","trades":2,"profit_mean":0.055124512187269575,"profit_mean_pct":5.51,"profit_total_abs":325.09600178000005,"profit_total":0.006501920035600001,"profit_total_pct":0.65,"duration_avg":"106 days, 22:38:00","wins":1,"draws":0,"losses":1,"winrate":0.5,"cagr":0.007811665298680381,"expectancy":162.54800089000003,"expectancy_ratio":0.11806313569541294,"sortino":-100,"sharpe":0.013272441799896156,"calmar":1.4839427897126736,"sqn":0.1056,"profit_factor":1.2361262713908259,"max_drawdown_account":0.027535775656400075,"max_drawdown_abs":1376.78878282},{"key":"NEAR/USDT","trades":4,"profit_mean":-0.067108567263169,"profit_mean_pct":-6.71,"profit_total_abs":-2415.8147279,"profit_total":-0.048316294558,"profit_total_pct":-4.83,"duration_avg":"57 days, 10:22:00","wins":1,"draws":0,"losses":3,"winrate":0.25,"cagr":-0.05772642807614636,"expectancy":-603.9536819749999,"expectancy_ratio":-0.393306944200994,"sortino":-0.1783198475179144,"sharpe":-0.08557708523663105,"calmar":-5.559474110399558,"sqn":-0.5896,"profit_factor":0.4755907410653414,"max_drawdown_account":0.05461761813999998,"max_drawdown_abs":2730.8809069999998},{"key":"AVAX/USDT","trades":3,"profit_mean":-0.0922933209387422,"profit_mean_pct":-9.23,"profit_total_abs":-2617.8591904000004,"profit_total":-0.05235718380800001,"profit_total_pct":-5.24,"duration_avg":"35 days, 6:20:00","wins":1,"draws":0,"losses":2,"winrate":0.3333333333333333,"cagr":-0.06252813165678062,"expectancy":-872.6197301333334,"expectancy_ratio":-0.46228377080744276,"sortino":-0.10151020856068912,"sharpe":-0.08426798729560521,"calmar":-4.772901681605835,"sqn":-0.6321,"profit_factor":0.306574343788836,"max_drawdown_account":0.06893926343214714,"max_drawdown_abs":3508.3531707},{"key":"LINK/USDT","trades":2,"profit_mean":-0.2505267422380404,"profit_mean_pct":-25.05,"profit_total_abs":-4807.2596949,"profit_total":-0.096145193898,"profit_total_pct":-9.61,"duration_avg":"65 days, 4:08:00","wins":0,"draws":0,"losses":2,"winrate":0.0,"cagr":-0.11429412884273538,"expectancy":-2403.62984745,"expectancy_ratio":-1.0,"sortino":-0.22366707659419946,"sharpe":-0.22366707659419946,"calmar":-6.284530649520657,"sqn":-1.7795,"profit_factor":0.0,"max_drawdown_account":0.096145193898,"max_drawdown_abs":4807.2596949},{"key":"SOL/USDT","trades":3,"profit_mean":-0.20905963991432733,"profit_mean_pct":-20.91,"profit_total_abs":-5917.70161354,"profit_total":-0.1183540322708,"profit_total_pct":-11.84,"duration_avg":"26 days, 6:45:00","wins":0,"draws":0,"losses":3,"winrate":0.0,"cagr":-0.1403590804559054,"expectancy":-1972.5672045133333,"expectancy_ratio":-1.0,"sortino":-0.20330290979326487,"sharpe":-0.20330290979326487,"calmar":-6.2845306495206605,"sqn":-1.525,"profit_factor":0.0,"max_drawdown_account":0.11835403227079995,"max_drawdown_abs":5917.70161354},{"key":"ATOM/USDT","trades":3,"profit_mean":-0.3465004268679783,"profit_mean_pct":-34.65,"profit_total_abs":-8331.84402974,"profit_total":-0.16663688059479997,"profit_total_pct":-16.66,"duration_avg":"63 days, 21:20:00","wins":0,"draws":0,"losses":3,"winrate":0.0,"cagr":-0.19656814037786174,"expectancy":-2777.2813432466664,"expectancy_ratio":-1.0,"sortino":-0.4155510209299102,"sharpe":-0.4155510209299102,"calmar":-6.284530649520656,"sqn":-3.1171,"profit_factor":0.0,"max_drawdown_account":0.16663688059480003,"max_drawdown_abs":8331.84402974},{"key":"TOTAL","trades":26,"profit_mean":-0.06013426090290988,"profit_mean_pct":-6.01,"profit_total_abs":-19114.48624088,"profit_total":-0.3822897248176,"profit_total_pct":-38.23,"duration_avg":"57 days, 2:38:00","wins":7,"draws":0,"losses":19,"winrate":0.2692307692307692,"cagr":-0.4392049789561149,"expectancy":-735.1725477261539,"expectancy_ratio":-0.41338277998293194,"sortino":-0.873886722310697,"sharpe":-0.5426317212261329,"calmar":-6.034765361024802,"sqn":-1.6605,"profit_factor":0.43431830107598796,"max_drawdown_account":0.39811183184179993,"max_drawdown_abs":19905.591592089997}],"results_per_enter_tag":[{"key":"","trades":26,"profit_mean":-0.06013426090290988,"profit_mean_pct":-6.01,"profit_total_abs":-19114.48624088,"profit_total":-0.3822897248176,"profit_total_pct":-38.23,"duration_avg":"57 days, 2:38:00","wins":7,"draws":0,"losses":19,"winrate":0.2692307692307692,"cagr":-0.4392049789561149,"expectancy":-735.1725477261539,"expectancy_ratio":-0.41338277998293194,"sortino":-0.873886722310697,"sharpe":-0.5426317212261329,"calmar":-6.034765361024802,"sqn":-1.6605,"profit_factor":0.43431830107598796,"max_drawdown_account":0.39811183184179993,"max_drawdown_abs":19905.591592089997},{"key":"TOTAL","trades":26,"profit_mean":-0.06013426090290988,"profit_mean_pct":-6.01,"profit_total_abs":-19114.48624088,"profit_total":-0.3822897248176,"profit_total_pct":-38.23,"duration_avg":"57 days, 2:38:00","wins":7,"draws":0,"losses":19,"winrate":0.2692307692307692,"cagr":-0.4392049789561149,"expectancy":-735.1725477261539,"expectancy_ratio":-0.41338277998293194,"sortino":-0.873886722310697,"sharpe":-0.5426317212261329,"calmar":-6.034765361024802,"sqn":-1.6605,"profit_factor":0.43431830107598796,"max_drawdown_account":0.39811183184179993,"max_drawdown_abs":19905.591592089997}],"exit_reason_summary":[{"key":"exit_signal","trades":21,"profit_mean":-0.010670943401284523,"profit_mean_pct":-1.07,"profit_total_abs":-9309.822656239998,"profit_total":-0.18619645312479996,"profit_total_pct":-18.62,"duration_avg":"55 days, 1:13:00","wins":7,"draws":0,"losses":14,"winrate":0.3333333333333333,"cagr":-0.21915537469261304,"expectancy":-443.3248883923809,"expectancy_ratio":-0.25876234708586876,"sortino":-0.4071248561086959,"sharpe":-0.25407832793771934,"calmar":-2.9392678712443647,"sqn":-0.861,"profit_factor":0.611856479371197,"max_drawdown_account":0.39811183184179993,"max_drawdown_abs":19905.591592089997},{"key":"force_exit","trades":5,"profit_mean":-0.2678801944097364,"profit_mean_pct":-26.79,"profit_total_abs":-9804.66358464,"profit_total":-0.1960932716928,"profit_total_pct":-19.61,"duration_avg":"65 days, 18:09:00","wins":0,"draws":0,"losses":5,"winrate":0.0,"cagr":-0.23054286429232318,"expectancy":-1960.932716928,"expectancy_ratio":-1.0,"sortino":-0.5298467485616706,"sharpe":-0.5298467485616706,"calmar":-6.284530649520656,"sqn":-3.3724,"profit_factor":0.0,"max_drawdown_account":0.19609327169280005,"max_drawdown_abs":9804.66358464},{"key":"TOTAL","trades":26,"profit_mean":-0.06013426090290988,"profit_mean_pct":-6.01,"profit_total_abs":-19114.48624088,"profit_total":-0.3822897248176,"profit_total_pct":-38.23,"duration_avg":"57 days, 2:38:00","wins":7,"draws":0,"losses":19,"winrate":0.2692307692307692,"cagr":-0.4392049789561149,"expectancy":-735.1725477261539,"expectancy_ratio":-0.41338277998293194,"sortino":-0.873886722310697,"sharpe":-0.5426317212261329,"calmar":-6.034765361024802,"sqn":-1.6605,"profit_factor":0.43431830107598796,"max_drawdown_account":0.39811183184179993,"max_drawdown_abs":19905.591592089997}],"mix_tag_stats":[{"key":["","exit_signal"],"trades":21,"profit_mean":-0.010670943401284523,"profit_mean_pct":-1.07,"profit_total_abs":-9309.822656239998,"profit_total":-0.18619645312479996,"profit_total_pct":-18.62,"duration_avg":"55 days, 1:13:00","wins":7,"draws":0,"losses":14,"winrate":0.3333333333333333,"cagr":-0.21915537469261304,"expectancy":-443.3248883923809,"expectancy_ratio":-0.25876234708586876,"sortino":-0.4071248561086959,"sharpe":-0.25407832793771934,"calmar":-2.9392678712443647,"sqn":-0.861,"profit_factor":0.611856479371197,"max_drawdown_account":0.39811183184179993,"max_drawdown_abs":19905.591592089997},{"key":["","force_exit"],"trades":5,"profit_mean":-0.2678801944097364,"profit_mean_pct":-26.79,"profit_total_abs":-9804.66358464,"profit_total":-0.1960932716928,"profit_total_pct":-19.61,"duration_avg":"65 days, 18:09:00","wins":0,"draws":0,"losses":5,"winrate":0.0,"cagr":-0.23054286429232318,"expectancy":-1960.932716928,"expectancy_ratio":-1.0,"sortino":-0.5298467485616706,"sharpe":-0.5298467485616706,"calmar":-6.284530649520656,"sqn":-3.3724,"profit_factor":0.0,"max_drawdown_account":0.19609327169280005,"max_drawdown_abs":9804.66358464},{"key":"TOTAL","trades":26,"profit_mean":-0.06013426090290988,"profit_mean_pct":-6.01,"profit_total_abs":-19114.48624088,"profit_total":-0.3822897248176,"profit_total_pct":-38.23,"duration_avg":"57 days, 2:38:00","wins":7,"draws":0,"losses":19,"winrate":0.2692307692307692,"cagr":-0.4392049789561149,"expectancy":-735.1725477261539,"expectancy_ratio":-0.41338277998293194,"sortino":-0.873886722310697,"sharpe":-0.5426317212261329,"calmar":-6.034765361024802,"sqn":-1.6605,"profit_factor":0.43431830107598796,"max_drawdown_account":0.39811183184179993,"max_drawdown_abs":19905.591592089997}],"left_open_trades":[{"key":"ETH/USDT","trades":1,"profit_mean":-0.08252228609188962,"profit_mean_pct":-8.25,"profit_total_abs":-672.23098302,"profit_total":-0.013444619660400002,"profit_total_pct":-1.34,"duration_avg":"13 days, 23:15:00","wins":0,"draws":0,"losses":1,"winrate":0.0,"cagr":-0.016120536041666633,"expectancy":-672.23098302,"expectancy_ratio":-1.0,"sortino":-100,"sharpe":-100,"calmar":-100,"sqn":-100.0,"profit_factor":0.0,"max_drawdown_account":0.0,"max_drawdown_abs":0.0},{"key":"BTC/USDT","trades":1,"profit_mean":-0.1116072787390662,"profit_mean_pct":-11.16,"profit_total_abs":-715.55563102,"profit_total":-0.0143111126204,"profit_total_pct":-1.43,"duration_avg":"112 days, 0:45:00","wins":0,"draws":0,"losses":1,"winrate":0.0,"cagr":-0.017157984346887978,"expectancy":-715.55563102,"expectancy_ratio":-1.0,"sortino":-100,"sharpe":-100,"calmar":-100,"sqn":-100.0,"profit_factor":0.0,"max_drawdown_account":0.0,"max_drawdown_abs":0.0},{"key":"NEAR/USDT","trades":1,"profit_mean":-0.26488817305143836,"profit_mean_pct":-26.49,"profit_total_abs":-1875.8545515,"profit_total":-0.03751709103,"profit_total_pct":-3.75,"duration_avg":"71 days, 10:00:00","wins":0,"draws":0,"losses":1,"winrate":0.0,"cagr":-0.04487391504729443,"expectancy":-1875.8545515,"expectancy_ratio":-1.0,"sortino":-100,"sharpe":-100,"calmar":-100,"sqn":-100.0,"profit_factor":0.0,"max_drawdown_account":0.0,"max_drawdown_abs":0.0},{"key":"ATOM/USDT","trades":1,"profit_mean":-0.44271769329433414,"profit_mean_pct":-44.27,"profit_total_abs":-3032.6692484,"profit_total":-0.060653384968,"profit_total_pct":-6.07,"duration_avg":"99 days, 7:00:00","wins":0,"draws":0,"losses":1,"winrate":0.0,"cagr":-0.0723734464329504,"expectancy":-3032.6692484,"expectancy_ratio":-1.0,"sortino":-100,"sharpe":-100,"calmar":-100,"sqn":-100.0,"profit_factor":0.0,"max_drawdown_account":0.0,"max_drawdown_abs":0.0},{"key":"AVAX/USDT","trades":1,"profit_mean":-0.43766554087195375,"profit_mean_pct":-43.77,"profit_total_abs":-3508.3531707,"profit_total":-0.070167063414,"profit_total_pct":-7.02,"duration_avg":"32 days, 1:45:00","wins":0,"draws":0,"losses":1,"winrate":0.0,"cagr":-0.08364210773090974,"expectancy":-3508.3531707,"expectancy_ratio":-1.0,"sortino":-100,"sharpe":-100,"calmar":-100,"sqn":-100.0,"profit_factor":0.0,"max_drawdown_account":0.0,"max_drawdown_abs":0.0},{"key":"TOTAL","trades":5,"profit_mean":-0.2678801944097364,"profit_mean_pct":-26.79,"profit_total_abs":-9804.66358464,"profit_total":-0.1960932716928,"profit_total_pct":-19.61,"duration_avg":"65 days, 18:09:00","wins":0,"draws":0,"losses":5,"winrate":0.0,"cagr":-0.23054286429232318,"expectancy":-1960.932716928,"expectancy_ratio":-1.0,"sortino":-0.5298467485616706,"sharpe":-0.5298467485616706,"calmar":-6.284530649520656,"sqn":-3.3724,"profit_factor":0.0,"max_drawdown_account":0.19609327169280005,"max_drawdown_abs":9804.66358464}],"total_trades":26,"trade_count_long":26,"trade_count_short":0,"total_volume":382512.104051077,"avg_stake_amount":7708.89096815,"profit_mean":-0.06013426090290988,"profit_median":-0.09462114669648639,"profit_total":-0.3822897248176,"profit_total_long":-0.3822897248176,"profit_total_short":0.0,"profit_total_abs":-19114.48624088,"profit_total_long_abs":-19114.48624088,"profit_total_short_abs":0.0,"cagr":-0.4392049789561149,"expectancy":-735.1725477261539,"expectancy_ratio":-0.41338277998293194,"sortino":-0.873886722310697,"sharpe":-0.5426317212261329,"calmar":-6.034765361024802,"sqn":-1.6605,"profit_factor":0.43431830107598796,"backtest_start":"2025-01-03 02:00:00","backtest_start_ts":1735869600000,"backtest_end":"2025-11-03 17:15:00","backtest_end_ts":1762190100000,"backtest_days":304,"backtest_run_start_ts":1762202124,"backtest_run_end_ts":1762202136,"trades_per_day":0.09,"market_change":-0.34933842655993064,"pairlist":["BTC/USDT","ETH/USDT","SOL/USDT","AVAX/USDT","LINK/USDT","DOT/USDT","NEAR/USDT","ATOM/USDT"],"stake_amount":"unlimited","stake_currency":"USDT","stake_currency_decimals":3,"starting_balance":50000,"dry_run_wallet":50000,"final_balance":30885.51375912,"rejected_signals":702,"timedout_entry_orders":0,"timedout_exit_orders":0,"canceled_trade_entries":0,"canceled_entry_orders":0,"replaced_entry_orders":0,"max_open_trades":5,"max_open_trades_setting":5,"timeframe":"15m","timeframe_detail":"","timerange":"","enable_protections":false,"strategy_name":"SampleStrategy","freqaimodel":null,"freqai_identifier":null,"stoploss":-1,"trailing_stop":false,"trailing_stop_positive":null,"trailing_stop_positive_offset":0.0,"trailing_only_offset_is_reached":false,"use_custom_stoploss":false,"minimal_roi":{},"use_exit_signal":true,"exit_profit_only":false,"exit_profit_offset":0.0,"ignore_roi_if_entry_signal":false,"trading_mode":"spot","margin_mode":"isolated","periodic_breakdown":{"day":[{"date":"15/01/2025","date_ts":1736899200000,"profit_abs":-523.7191232,"wins":0,"draws":0,"losses":1,"trades":1,"profit_factor":0.0},{"date":"16/01/2025","date_ts":1736985600000,"profit_abs":0.0,"wins":0,"draws":0,"losses":0,"trades":0,"profit_factor":0.0},{"date":"17/01/2025","date_ts":1737072000000,"profit_abs":0.0,"wins":0,"draws":0,"losses":0,"trades":0,"profit_factor":0.0},{"date":"18/01/2025","date_ts":1737158400000,"profit_abs":0.0,"wins":0,"draws":0,"losses":0,"trades":0,"profit_factor":0.0},{"date":"19/01/2025","date_ts":1737244800000,"profit_abs":0.0,"wins":0,"draws":0,"losses":0,"trades":0,"profit_factor":0.0},{"date":"20/01/2025","date_ts":1737331200000,"profit_abs":-365.19157,"wins":0,"draws":0,"losses":1,"trades":1,"profit_factor":0.0},{"date":"21/01/2025","date_ts":1737417600000,"profit_abs":0.0,"wins":0,"draws":0,"losses":0,"trades":0,"profit_factor":0.0},{"date":"22/01/2025","date_ts":1737504000000,"profit_abs":0.0,"wins":0,"draws":0,"losses":0,"trades":0,"profit_factor":0.0},{"date":"23/01/2025","date_ts":1737590400000,"profit_abs":0.0,"wins":0,"draws":0,"losses":0,"trades":0,"profit_factor":0.0},{"date":"24/01/2025","date_ts":1737676800000,"profit_abs":0.0,"wins":0,"draws":0,"losses":0,"trades":0,"profit_factor":0.0},{"date":"25/01/2025","date_ts":1737763200000,"profit_abs":0.0,"wins":0,"draws":0,"losses":0,"trades":0,"profit_factor":0.0},{"date":"26/01/2025","date_ts":1737849600000,"profit_abs":0.0,"wins":0,"draws":0,"losses":0,"trades":0,"profit_factor":0.0},{"date":"27/01/2025","date_ts":1737936000000,"profit_abs":0.0,"wins":0,"draws":0,"losses":0,"trades":0,"profit_factor":0.0},{"date":"28/01/2025","date_ts":1738022400000,"profit_abs":0.0,"wins":0,"draws":0,"losses":0,"trades":0,"profit_factor":0.0},{"date":"29/01/2025","date_ts":1738108800000,"profit_abs":0.0,"wins":0,"draws":0,"losses":0,"trades":0,"profit_factor":0.0},{"date":"30/01/2025","date_ts":1738195200000,"profit_abs":0.0,"wins":0,"draws":0,"losses":0,"trades":0,"profit_factor":0.0},{"date":"31/01/2025","date_ts":1738281600000,"profit_abs":0.0,"wins":0,"draws":0,"losses":0,"trades":0,"profit_factor":0.0},{"date":"01/02/2025","date_ts":1738368000000,"profit_abs":0.0,"wins":0,"draws":0,"losses":0,"trades":0,"profit_factor":0.0},{"date":"02/02/2025","date_ts":1738454400000,"profit_abs":0.0,"wins":0,"draws":0,"losses":0,"trades":0,"profit_factor":0.0},{"date":"03/02/2025","date_ts":1738540800000,"profit_abs":0.0,"wins":0,"draws":0,"losses":0,"trades":0,"profit_factor":0.0},{"date":"04/02/2025","date_ts":1738627200000,"profit_abs":0.0,"wins":0,"draws":0,"losses":0,"trades":0,"profit_factor":0.0},{"date":"05/02/2025","date_ts":1738713600000,"profit_abs":0.0,"wins":0,"draws":0,"losses":0,"trades":0,"profit_factor":0.0},{"date":"06/02/2025","date_ts":1738800000000,"profit_abs":0.0,"wins":0,"draws":0,"losses":0,"trades":0,"profit_factor":0.0},{"date":"07/02/2025","date_ts":1738886400000,"profit_abs":0.0,"wins":0,"draws":0,"losses":0,"trades":0,"profit_factor":0.0},{"date":"08/02/2025","date_ts":1738972800000,"profit_abs":0.0,"wins":0,"draws":0,"losses":0,"trades":0,"profit_factor":0.0},{"date":"09/02/2025","date_ts":1739059200000,"profit_abs":0.0,"wins":0,"draws":0,"losses":0,"trades":0,"profit_factor":0.0},{"date":"10/02/2025","date_ts":1739145600000,"profit_abs":0.0,"wins":0,"draws":0,"losses":0,"trades":0,"profit_factor":0.0},{"date":"11/02/2025","date_ts":1739232000000,"profit_abs":0.0,"wins":0,"draws":0,"losses":0,"trades":0,"profit_factor":0.0},{"date":"12/02/2025","date_ts":1739318400000,"profit_abs":0.0,"wins":0,"draws":0,"losses":0,"trades":0,"profit_factor":0.0},{"date":"13/02/2025","date_ts":1739404800000,"profit_abs":0.0,"wins":0,"draws":0,"losses":0,"trades":0,"profit_factor":0.0},{"date":"14/02/2025","date_ts":1739491200000,"profit_abs":0.0,"wins":0,"draws":0,"losses":0,"trades":0,"profit_factor":0.0},{"date":"15/02/2025","date_ts":1739577600000,"profit_abs":0.0,"wins":0,"draws":0,"losses":0,"trades":0,"profit_factor":0.0},{"date":"16/02/2025","date_ts":1739664000000,"profit_abs":0.0,"wins":0,"draws":0,"losses":0,"trades":0,"profit_factor":0.0},{"date":"17/02/2025","date_ts":1739750400000,"profit_abs":0.0,"wins":0,"draws":0,"losses":0,"trades":0,"profit_factor":0.0},{"date":"18/02/2025","date_ts":1739836800000,"profit_abs":0.0,"wins":0,"draws":0,"losses":0,"trades":0,"profit_factor":0.0},{"date":"19/02/2025","date_ts":1739923200000,"profit_abs":0.0,"wins":0,"draws":0,"losses":0,"trades":0,"profit_factor":0.0},{"date":"20/02/2025","date_ts":1740009600000,"profit_abs":0.0,"wins":0,"draws":0,"losses":0,"trades":0,"profit_factor":0.0},{"date":"21/02/2025","date_ts":1740096000000,"profit_abs":0.0,"wins":0,"draws":0,"losses":0,"trades":0,"profit_factor":0.0},{"date":"22/02/2025","date_ts":1740182400000,"profit_abs":0.0,"wins":0,"draws":0,"losses":0,"trades":0,"profit_factor":0.0},{"date":"23/02/2025","date_ts":1740268800000,"profit_abs":0.0,"wins":0,"draws":0,"losses":0,"trades":0,"profit_factor":0.0},{"date":"24/02/2025","date_ts":1740355200000,"profit_abs":0.0,"wins":0,"draws":0,"losses":0,"trades":0,"profit_factor":0.0},{"date":"25/02/2025","date_ts":1740441600000,"profit_abs":0.0,"wins":0,"draws":0,"losses":0,"trades":0,"profit_factor":0.0},{"date":"26/02/2025","date_ts":1740528000000,"profit_abs":0.0,"wins":0,"draws":0,"losses":0,"trades":0,"profit_factor":0.0},{"date":"27/02/2025","date_ts":1740614400000,"profit_abs":0.0,"wins":0,"draws":0,"losses":0,"trades":0,"profit_factor":0.0},{"date":"28/02/2025","date_ts":1740700800000,"profit_abs":0.0,"wins":0,"draws":0,"losses":0,"trades":0,"profit_factor":0.0},{"date":"01/03/2025","date_ts":1740787200000,"profit_abs":0.0,"wins":0,"draws":0,"losses":0,"trades":0,"profit_factor":0.0},{"date":"02/03/2025","date_ts":1740873600000,"profit_abs":-2784.57189743,"wins":0,"draws":0,"losses":2,"trades":2,"profit_factor":0.0},{"date":"03/03/2025","date_ts":1740960000000,"profit_abs":0.0,"wins":0,"draws":0,"losses":0,"trades":0,"profit_factor":0.0},{"date":"04/03/2025","date_ts":1741046400000,"profit_abs":0.0,"wins":0,"draws":0,"losses":0,"trades":0,"profit_factor":0.0},{"date":"05/03/2025","date_ts":1741132800000,"profit_abs":0.0,"wins":0,"draws":0,"losses":0,"trades":0,"profit_factor":0.0},{"date":"06/03/2025","date_ts":1741219200000,"profit_abs":0.0,"wins":0,"draws":0,"losses":0,"trades":0,"profit_factor":0.0},{"date":"07/03/2025","date_ts":1741305600000,"profit_abs":0.0,"wins":0,"draws":0,"losses":0,"trades":0,"profit_factor":0.0},{"date":"08/03/2025","date_ts":1741392000000,"profit_abs":-802.23583366,"wins":0,"draws":0,"losses":1,"trades":1,"profit_factor":0.0},{"date":"09/03/2025","date_ts":1741478400000,"profit_abs":0.0,"wins":0,"draws":0,"losses":0,"trades":0,"profit_factor":0.0},{"date":"10/03/2025","date_ts":1741564800000,"profit_abs":0.0,"wins":0,"draws":0,"losses":0,"trades":0,"profit_factor":0.0},{"date":"11/03/2025","date_ts":1741651200000,"profit_abs":0.0,"wins":0,"draws":0,"losses":0,"trades":0,"profit_factor":0.0},{"date":"12/03/2025","date_ts":1741737600000,"profit_abs":0.0,"wins":0,"draws":0,"losses":0,"trades":0,"profit_factor":0.0},{"date":"13/03/2025","date_ts":1741824000000,"profit_abs":0.0,"wins":0,"draws":0,"losses":0,"trades":0,"profit_factor":0.0},{"date":"14/03/2025","date_ts":1741910400000,"profit_abs":-8729.98570962,"wins":0,"draws":0,"losses":2,"trades":2,"profit_factor":0.0},{"date":"15/03/2025","date_ts":1741996800000,"profit_abs":0.0,"wins":0,"draws":0,"losses":0,"trades":0,"profit_factor":0.0},{"date":"16/03/2025","date_ts":1742083200000,"profit_abs":0.0,"wins":0,"draws":0,"losses":0,"trades":0,"profit_factor":0.0},{"date":"17/03/2025","date_ts":1742169600000,"profit_abs":0.0,"wins":0,"draws":0,"losses":0,"trades":0,"profit_factor":0.0},{"date":"18/03/2025","date_ts":1742256000000,"profit_abs":0.0,"wins":0,"draws":0,"losses":0,"trades":0,"profit_factor":0.0},{"date":"19/03/2025","date_ts":1742342400000,"profit_abs":0.0,"wins":0,"draws":0,"losses":0,"trades":0,"profit_factor":0.0},{"date":"20/03/2025","date_ts":1742428800000,"profit_abs":0.0,"wins":0,"draws":0,"losses":0,"trades":0,"profit_factor":0.0},{"date":"21/03/2025","date_ts":1742515200000,"profit_abs":0.0,"wins":0,"draws":0,"losses":0,"trades":0,"profit_factor":0.0},{"date":"22/03/2025","date_ts":1742601600000,"profit_abs":0.0,"wins":0,"draws":0,"losses":0,"trades":0,"profit_factor":0.0},{"date":"23/03/2025","date_ts":1742688000000,"profit_abs":0.0,"wins":0,"draws":0,"losses":0,"trades":0,"profit_factor":0.0},{"date":"24/03/2025","date_ts":1742774400000,"profit_abs":0.0,"wins":0,"draws":0,"losses":0,"trades":0,"profit_factor":0.0},{"date":"25/03/2025","date_ts":1742860800000,"profit_abs":0.0,"wins":0,"draws":0,"losses":0,"trades":0,"profit_factor":0.0},{"date":"26/03/2025","date_ts":1742947200000,"profit_abs":0.0,"wins":0,"draws":0,"losses":0,"trades":0,"profit_factor":0.0},{"date":"27/03/2025","date_ts":1743033600000,"profit_abs":0.0,"wins":0,"draws":0,"losses":0,"trades":0,"profit_factor":0.0},{"date":"28/03/2025","date_ts":1743120000000,"profit_abs":0.0,"wins":0,"draws":0,"losses":0,"trades":0,"profit_factor":0.0},{"date":"29/03/2025","date_ts":1743206400000,"profit_abs":0.0,"wins":0,"draws":0,"losses":0,"trades":0,"profit_factor":0.0},{"date":"30/03/2025","date_ts":1743292800000,"profit_abs":0.0,"wins":0,"draws":0,"losses":0,"trades":0,"profit_factor":0.0},{"date":"31/03/2025","date_ts":1743379200000,"profit_abs":0.0,"wins":0,"draws":0,"losses":0,"trades":0,"profit_factor":0.0},{"date":"01/04/2025","date_ts":1743465600000,"profit_abs":0.0,"wins":0,"draws":0,"losses":0,"trades":0,"profit_factor":0.0},{"date":"02/04/2025","date_ts":1743552000000,"profit_abs":0.0,"wins":0,"draws":0,"losses":0,"trades":0,"profit_factor":0.0},{"date":"03/04/2025","date_ts":1743638400000,"profit_abs":0.0,"wins":0,"draws":0,"losses":0,"trades":0,"profit_factor":0.0},{"date":"04/04/2025","date_ts":1743724800000,"profit_abs":0.0,"wins":0,"draws":0,"losses":0,"trades":0,"profit_factor":0.0},{"date":"05/04/2025","date_ts":1743811200000,"profit_abs":0.0,"wins":0,"draws":0,"losses":0,"trades":0,"profit_factor":0.0},{"date":"06/04/2025","date_ts":1743897600000,"profit_abs":0.0,"wins":0,"draws":0,"losses":0,"trades":0,"profit_factor":0.0},{"date":"07/04/2025","date_ts":1743984000000,"profit_abs":0.0,"wins":0,"draws":0,"losses":0,"trades":0,"profit_factor":0.0},{"date":"08/04/2025","date_ts":1744070400000,"profit_abs":0.0,"wins":0,"draws":0,"losses":0,"trades":0,"profit_factor":0.0},{"date":"09/04/2025","date_ts":1744156800000,"profit_abs":0.0,"wins":0,"draws":0,"losses":0,"trades":0,"profit_factor":0.0},{"date":"10/04/2025","date_ts":1744243200000,"profit_abs":0.0,"wins":0,"draws":0,"losses":0,"trades":0,"profit_factor":0.0},{"date":"11/04/2025","date_ts":1744329600000,"profit_abs":0.0,"wins":0,"draws":0,"losses":0,"trades":0,"profit_factor":0.0},{"date":"12/04/2025","date_ts":1744416000000,"profit_abs":0.0,"wins":0,"draws":0,"losses":0,"trades":0,"profit_factor":0.0},{"date":"13/04/2025","date_ts":1744502400000,"profit_abs":0.0,"wins":0,"draws":0,"losses":0,"trades":0,"profit_factor":0.0},{"date":"14/04/2025","date_ts":1744588800000,"profit_abs":0.0,"wins":0,"draws":0,"losses":0,"trades":0,"profit_factor":0.0},{"date":"15/04/2025","date_ts":1744675200000,"profit_abs":0.0,"wins":0,"draws":0,"losses":0,"trades":0,"profit_factor":0.0},{"date":"16/04/2025","date_ts":1744761600000,"profit_abs":0.0,"wins":0,"draws":0,"losses":0,"trades":0,"profit_factor":0.0},{"date":"17/04/2025","date_ts":1744848000000,"profit_abs":0.0,"wins":0,"draws":0,"losses":0,"trades":0,"profit_factor":0.0},{"date":"18/04/2025","date_ts":1744934400000,"profit_abs":0.0,"wins":0,"draws":0,"losses":0,"trades":0,"profit_factor":0.0},{"date":"19/04/2025","date_ts":1745020800000,"profit_abs":0.0,"wins":0,"draws":0,"losses":0,"trades":0,"profit_factor":0.0},{"date":"20/04/2025","date_ts":1745107200000,"profit_abs":0.0,"wins":0,"draws":0,"losses":0,"trades":0,"profit_factor":0.0},{"date":"21/04/2025","date_ts":1745193600000,"profit_abs":0.0,"wins":0,"draws":0,"losses":0,"trades":0,"profit_factor":0.0},{"date":"22/04/2025","date_ts":1745280000000,"profit_abs":0.0,"wins":0,"draws":0,"losses":0,"trades":0,"profit_factor":0.0},{"date":"23/04/2025","date_ts":1745366400000,"profit_abs":0.0,"wins":0,"draws":0,"losses":0,"trades":0,"profit_factor":0.0},{"date":"24/04/2025","date_ts":1745452800000,"profit_abs":0.0,"wins":0,"draws":0,"losses":0,"trades":0,"profit_factor":0.0},{"date":"25/04/2025","date_ts":1745539200000,"profit_abs":0.0,"wins":0,"draws":0,"losses":0,"trades":0,"profit_factor":0.0},{"date":"26/04/2025","date_ts":1745625600000,"profit_abs":0.0,"wins":0,"draws":0,"losses":0,"trades":0,"profit_factor":0.0},{"date":"27/04/2025","date_ts":1745712000000,"profit_abs":0.0,"wins":0,"draws":0,"losses":0,"trades":0,"profit_factor":0.0},{"date":"28/04/2025","date_ts":1745798400000,"profit_abs":0.0,"wins":0,"draws":0,"losses":0,"trades":0,"profit_factor":0.0},{"date":"29/04/2025","date_ts":1745884800000,"profit_abs":0.0,"wins":0,"draws":0,"losses":0,"trades":0,"profit_factor":0.0},{"date":"30/04/2025","date_ts":1745971200000,"profit_abs":0.0,"wins":0,"draws":0,"losses":0,"trades":0,"profit_factor":0.0},{"date":"01/05/2025","date_ts":1746057600000,"profit_abs":0.0,"wins":0,"draws":0,"losses":0,"trades":0,"profit_factor":0.0},{"date":"02/05/2025","date_ts":1746144000000,"profit_abs":0.0,"wins":0,"draws":0,"losses":0,"trades":0,"profit_factor":0.0},{"date":"03/05/2025","date_ts":1746230400000,"profit_abs":0.0,"wins":0,"draws":0,"losses":0,"trades":0,"profit_factor":0.0},{"date":"04/05/2025","date_ts":1746316800000,"profit_abs":0.0,"wins":0,"draws":0,"losses":0,"trades":0,"profit_factor":0.0},{"date":"05/05/2025","date_ts":1746403200000,"profit_abs":0.0,"wins":0,"draws":0,"losses":0,"trades":0,"profit_factor":0.0},{"date":"06/05/2025","date_ts":1746489600000,"profit_abs":0.0,"wins":0,"draws":0,"losses":0,"trades":0,"profit_factor":0.0},{"date":"07/05/2025","date_ts":1746576000000,"profit_abs":0.0,"wins":0,"draws":0,"losses":0,"trades":0,"profit_factor":0.0},{"date":"08/05/2025","date_ts":1746662400000,"profit_abs":-3754.3593045,"wins":0,"draws":0,"losses":1,"trades":1,"profit_factor":0.0},{"date":"09/05/2025","date_ts":1746748800000,"profit_abs":0.0,"wins":0,"draws":0,"losses":0,"trades":0,"profit_factor":0.0},{"date":"10/05/2025","date_ts":1746835200000,"profit_abs":0.0,"wins":0,"draws":0,"losses":0,"trades":0,"profit_factor":0.0},{"date":"11/05/2025","date_ts":1746921600000,"profit_abs":0.0,"wins":0,"draws":0,"losses":0,"trades":0,"profit_factor":0.0},{"date":"12/05/2025","date_ts":1747008000000,"profit_abs":0.0,"wins":0,"draws":0,"losses":0,"trades":0,"profit_factor":0.0},{"date":"13/05/2025","date_ts":1747094400000,"profit_abs":0.0,"wins":0,"draws":0,"losses":0,"trades":0,"profit_factor":0.0},{"date":"14/05/2025","date_ts":1747180800000,"profit_abs":0.0,"wins":0,"draws":0,"losses":0,"trades":0,"profit_factor":0.0},{"date":"15/05/2025","date_ts":1747267200000,"profit_abs":0.0,"wins":0,"draws":0,"losses":0,"trades":0,"profit_factor":0.0},{"date":"16/05/2025","date_ts":1747353600000,"profit_abs":0.0,"wins":0,"draws":0,"losses":0,"trades":0,"profit_factor":0.0},{"date":"17/05/2025","date_ts":1747440000000,"profit_abs":0.0,"wins":0,"draws":0,"losses":0,"trades":0,"profit_factor":0.0},{"date":"18/05/2025","date_ts":1747526400000,"profit_abs":0.0,"wins":0,"draws":0,"losses":0,"trades":0,"profit_factor":0.0},{"date":"19/05/2025","date_ts":1747612800000,"profit_abs":0.0,"wins":0,"draws":0,"losses":0,"trades":0,"profit_factor":0.0},{"date":"20/05/2025","date_ts":1747699200000,"profit_abs":0.0,"wins":0,"draws":0,"losses":0,"trades":0,"profit_factor":0.0},{"date":"21/05/2025","date_ts":1747785600000,"profit_abs":0.0,"wins":0,"draws":0,"losses":0,"trades":0,"profit_factor":0.0},{"date":"22/05/2025","date_ts":1747872000000,"profit_abs":0.0,"wins":0,"draws":0,"losses":0,"trades":0,"profit_factor":0.0},{"date":"23/05/2025","date_ts":1747958400000,"profit_abs":0.0,"wins":0,"draws":0,"losses":0,"trades":0,"profit_factor":0.0},{"date":"24/05/2025","date_ts":1748044800000,"profit_abs":0.0,"wins":0,"draws":0,"losses":0,"trades":0,"profit_factor":0.0},{"date":"25/05/2025","date_ts":1748131200000,"profit_abs":0.0,"wins":0,"draws":0,"losses":0,"trades":0,"profit_factor":0.0},{"date":"26/05/2025","date_ts":1748217600000,"profit_abs":0.0,"wins":0,"draws":0,"losses":0,"trades":0,"profit_factor":0.0},{"date":"27/05/2025","date_ts":1748304000000,"profit_abs":0.0,"wins":0,"draws":0,"losses":0,"trades":0,"profit_factor":0.0},{"date":"28/05/2025","date_ts":1748390400000,"profit_abs":0.0,"wins":0,"draws":0,"losses":0,"trades":0,"profit_factor":0.0},{"date":"29/05/2025","date_ts":1748476800000,"profit_abs":0.0,"wins":0,"draws":0,"losses":0,"trades":0,"profit_factor":0.0},{"date":"30/05/2025","date_ts":1748563200000,"profit_abs":0.0,"wins":0,"draws":0,"losses":0,"trades":0,"profit_factor":0.0},{"date":"31/05/2025","date_ts":1748649600000,"profit_abs":0.0,"wins":0,"draws":0,"losses":0,"trades":0,"profit_factor":0.0},{"date":"01/06/2025","date_ts":1748736000000,"profit_abs":0.0,"wins":0,"draws":0,"losses":0,"trades":0,"profit_factor":0.0},{"date":"02/06/2025","date_ts":1748822400000,"profit_abs":0.0,"wins":0,"draws":0,"losses":0,"trades":0,"profit_factor":0.0},{"date":"03/06/2025","date_ts":1748908800000,"profit_abs":0.0,"wins":0,"draws":0,"losses":0,"trades":0,"profit_factor":0.0},{"date":"04/06/2025","date_ts":1748995200000,"profit_abs":0.0,"wins":0,"draws":0,"losses":0,"trades":0,"profit_factor":0.0},{"date":"05/06/2025","date_ts":1749081600000,"profit_abs":0.0,"wins":0,"draws":0,"losses":0,"trades":0,"profit_factor":0.0},{"date":"06/06/2025","date_ts":1749168000000,"profit_abs":-1122.2720883,"wins":0,"draws":0,"losses":1,"trades":1,"profit_factor":0.0},{"date":"07/06/2025","date_ts":1749254400000,"profit_abs":0.0,"wins":0,"draws":0,"losses":0,"trades":0,"profit_factor":0.0},{"date":"08/06/2025","date_ts":1749340800000,"profit_abs":0.0,"wins":0,"draws":0,"losses":0,"trades":0,"profit_factor":0.0},{"date":"09/06/2025","date_ts":1749427200000,"profit_abs":0.0,"wins":0,"draws":0,"losses":0,"trades":0,"profit_factor":0.0},{"date":"10/06/2025","date_ts":1749513600000,"profit_abs":0.0,"wins":0,"draws":0,"losses":0,"trades":0,"profit_factor":0.0},{"date":"11/06/2025","date_ts":1749600000000,"profit_abs":0.0,"wins":0,"draws":0,"losses":0,"trades":0,"profit_factor":0.0},{"date":"12/06/2025","date_ts":1749686400000,"profit_abs":0.0,"wins":0,"draws":0,"losses":0,"trades":0,"profit_factor":0.0},{"date":"13/06/2025","date_ts":1749772800000,"profit_abs":0.0,"wins":0,"draws":0,"losses":0,"trades":0,"profit_factor":0.0},{"date":"14/06/2025","date_ts":1749859200000,"profit_abs":0.0,"wins":0,"draws":0,"losses":0,"trades":0,"profit_factor":0.0},{"date":"15/06/2025","date_ts":1749945600000,"profit_abs":0.0,"wins":0,"draws":0,"losses":0,"trades":0,"profit_factor":0.0},{"date":"16/06/2025","date_ts":1750032000000,"profit_abs":0.0,"wins":0,"draws":0,"losses":0,"trades":0,"profit_factor":0.0},{"date":"17/06/2025","date_ts":1750118400000,"profit_abs":0.0,"wins":0,"draws":0,"losses":0,"trades":0,"profit_factor":0.0},{"date":"18/06/2025","date_ts":1750204800000,"profit_abs":0.0,"wins":0,"draws":0,"losses":0,"trades":0,"profit_factor":0.0},{"date":"19/06/2025","date_ts":1750291200000,"profit_abs":0.0,"wins":0,"draws":0,"losses":0,"trades":0,"profit_factor":0.0},{"date":"20/06/2025","date_ts":1750377600000,"profit_abs":1919.22205444,"wins":1,"draws":0,"losses":0,"trades":1,"profit_factor":0.0},{"date":"21/06/2025","date_ts":1750464000000,"profit_abs":0.0,"wins":0,"draws":0,"losses":0,"trades":0,"profit_factor":0.0},{"date":"22/06/2025","date_ts":1750550400000,"profit_abs":0.0,"wins":0,"draws":0,"losses":0,"trades":0,"profit_factor":0.0},{"date":"23/06/2025","date_ts":1750636800000,"profit_abs":0.0,"wins":0,"draws":0,"losses":0,"trades":0,"profit_factor":0.0},{"date":"24/06/2025","date_ts":1750723200000,"profit_abs":0.0,"wins":0,"draws":0,"losses":0,"trades":0,"profit_factor":0.0},{"date":"25/06/2025","date_ts":1750809600000,"profit_abs":0.0,"wins":0,"draws":0,"losses":0,"trades":0,"profit_factor":0.0},{"date":"26/06/2025","date_ts":1750896000000,"profit_abs":0.0,"wins":0,"draws":0,"losses":0,"trades":0,"profit_factor":0.0},{"date":"27/06/2025","date_ts":1750982400000,"profit_abs":0.0,"wins":0,"draws":0,"losses":0,"trades":0,"profit_factor":0.0},{"date":"28/06/2025","date_ts":1751068800000,"profit_abs":0.0,"wins":0,"draws":0,"losses":0,"trades":0,"profit_factor":0.0},{"date":"29/06/2025","date_ts":1751155200000,"profit_abs":0.0,"wins":0,"draws":0,"losses":0,"trades":0,"profit_factor":0.0},{"date":"30/06/2025","date_ts":1751241600000,"profit_abs":-2671.23793338,"wins":1,"draws":0,"losses":2,"trades":3,"profit_factor":0.2862382},{"date":"01/07/2025","date_ts":1751328000000,"profit_abs":0.0,"wins":0,"draws":0,"losses":0,"trades":0,"profit_factor":0.0},{"date":"02/07/2025","date_ts":1751414400000,"profit_abs":0.0,"wins":0,"draws":0,"losses":0,"trades":0,"profit_factor":0.0},{"date":"03/07/2025","date_ts":1751500800000,"profit_abs":0.0,"wins":0,"draws":0,"losses":0,"trades":0,"profit_factor":0.0},{"date":"04/07/2025","date_ts":1751587200000,"profit_abs":0.0,"wins":0,"draws":0,"losses":0,"trades":0,"profit_factor":0.0},{"date":"05/07/2025","date_ts":1751673600000,"profit_abs":0.0,"wins":0,"draws":0,"losses":0,"trades":0,"profit_factor":0.0},{"date":"06/07/2025","date_ts":1751760000000,"profit_abs":0.0,"wins":0,"draws":0,"losses":0,"trades":0,"profit_factor":0.0},{"date":"07/07/2025","date_ts":1751846400000,"profit_abs":0.0,"wins":0,"draws":0,"losses":0,"trades":0,"profit_factor":0.0},{"date":"08/07/2025","date_ts":1751932800000,"profit_abs":0.0,"wins":0,"draws":0,"losses":0,"trades":0,"profit_factor":0.0},{"date":"09/07/2025","date_ts":1752019200000,"profit_abs":-266.9025715,"wins":0,"draws":0,"losses":1,"trades":1,"profit_factor":0.0},{"date":"10/07/2025","date_ts":1752105600000,"profit_abs":0.0,"wins":0,"draws":0,"losses":0,"trades":0,"profit_factor":0.0},{"date":"11/07/2025","date_ts":1752192000000,"profit_abs":0.0,"wins":0,"draws":0,"losses":0,"trades":0,"profit_factor":0.0},{"date":"12/07/2025","date_ts":1752278400000,"profit_abs":0.0,"wins":0,"draws":0,"losses":0,"trades":0,"profit_factor":0.0},{"date":"13/07/2025","date_ts":1752364800000,"profit_abs":0.0,"wins":0,"draws":0,"losses":0,"trades":0,"profit_factor":0.0},{"date":"14/07/2025","date_ts":1752451200000,"profit_abs":1126.92541127,"wins":1,"draws":0,"losses":0,"trades":1,"profit_factor":0.0},{"date":"15/07/2025","date_ts":1752537600000,"profit_abs":0.0,"wins":0,"draws":0,"losses":0,"trades":0,"profit_factor":0.0},{"date":"16/07/2025","date_ts":1752624000000,"profit_abs":0.0,"wins":0,"draws":0,"losses":0,"trades":0,"profit_factor":0.0},{"date":"17/07/2025","date_ts":1752710400000,"profit_abs":0.0,"wins":0,"draws":0,"losses":0,"trades":0,"profit_factor":0.0},{"date":"18/07/2025","date_ts":1752796800000,"profit_abs":0.0,"wins":0,"draws":0,"losses":0,"trades":0,"profit_factor":0.0},{"date":"19/07/2025","date_ts":1752883200000,"profit_abs":0.0,"wins":0,"draws":0,"losses":0,"trades":0,"profit_factor":0.0},{"date":"20/07/2025","date_ts":1752969600000,"profit_abs":0.0,"wins":0,"draws":0,"losses":0,"trades":0,"profit_factor":0.0},{"date":"21/07/2025","date_ts":1753056000000,"profit_abs":0.0,"wins":0,"draws":0,"losses":0,"trades":0,"profit_factor":0.0},{"date":"22/07/2025","date_ts":1753142400000,"profit_abs":0.0,"wins":0,"draws":0,"losses":0,"trades":0,"profit_factor":0.0},{"date":"23/07/2025","date_ts":1753228800000,"profit_abs":0.0,"wins":0,"draws":0,"losses":0,"trades":0,"profit_factor":0.0},{"date":"24/07/2025","date_ts":1753315200000,"profit_abs":0.0,"wins":0,"draws":0,"losses":0,"trades":0,"profit_factor":0.0},{"date":"25/07/2025","date_ts":1753401600000,"profit_abs":2190.9207306,"wins":1,"draws":0,"losses":0,"trades":1,"profit_factor":0.0},{"date":"26/07/2025","date_ts":1753488000000,"profit_abs":0.0,"wins":0,"draws":0,"losses":0,"trades":0,"profit_factor":0.0},{"date":"27/07/2025","date_ts":1753574400000,"profit_abs":0.0,"wins":0,"draws":0,"losses":0,"trades":0,"profit_factor":0.0},{"date":"28/07/2025","date_ts":1753660800000,"profit_abs":0.0,"wins":0,"draws":0,"losses":0,"trades":0,"profit_factor":0.0},{"date":"29/07/2025","date_ts":1753747200000,"profit_abs":0.0,"wins":0,"draws":0,"losses":0,"trades":0,"profit_factor":0.0},{"date":"30/07/2025","date_ts":1753833600000,"profit_abs":0.0,"wins":0,"draws":0,"losses":0,"trades":0,"profit_factor":0.0},{"date":"31/07/2025","date_ts":1753920000000,"profit_abs":0.0,"wins":0,"draws":0,"losses":0,"trades":0,"profit_factor":0.0},{"date":"01/08/2025","date_ts":1754006400000,"profit_abs":0.0,"wins":0,"draws":0,"losses":0,"trades":0,"profit_factor":0.0},{"date":"02/08/2025","date_ts":1754092800000,"profit_abs":0.0,"wins":0,"draws":0,"losses":0,"trades":0,"profit_factor":0.0},{"date":"03/08/2025","date_ts":1754179200000,"profit_abs":0.0,"wins":0,"draws":0,"losses":0,"trades":0,"profit_factor":0.0},{"date":"04/08/2025","date_ts":1754265600000,"profit_abs":0.0,"wins":0,"draws":0,"losses":0,"trades":0,"profit_factor":0.0},{"date":"05/08/2025","date_ts":1754352000000,"profit_abs":0.0,"wins":0,"draws":0,"losses":0,"trades":0,"profit_factor":0.0},{"date":"06/08/2025","date_ts":1754438400000,"profit_abs":0.0,"wins":0,"draws":0,"losses":0,"trades":0,"profit_factor":0.0},{"date":"07/08/2025","date_ts":1754524800000,"profit_abs":0.0,"wins":0,"draws":0,"losses":0,"trades":0,"profit_factor":0.0},{"date":"08/08/2025","date_ts":1754611200000,"profit_abs":0.0,"wins":0,"draws":0,"losses":0,"trades":0,"profit_factor":0.0},{"date":"09/08/2025","date_ts":1754697600000,"profit_abs":0.0,"wins":0,"draws":0,"losses":0,"trades":0,"profit_factor":0.0},{"date":"10/08/2025","date_ts":1754784000000,"profit_abs":0.0,"wins":0,"draws":0,"losses":0,"trades":0,"profit_factor":0.0},{"date":"11/08/2025","date_ts":1754870400000,"profit_abs":0.0,"wins":0,"draws":0,"losses":0,"trades":0,"profit_factor":0.0},{"date":"12/08/2025","date_ts":1754956800000,"profit_abs":0.0,"wins":0,"draws":0,"losses":0,"trades":0,"profit_factor":0.0},{"date":"13/08/2025","date_ts":1755043200000,"profit_abs":0.0,"wins":0,"draws":0,"losses":0,"trades":0,"profit_factor":0.0},{"date":"14/08/2025","date_ts":1755129600000,"profit_abs":0.0,"wins":0,"draws":0,"losses":0,"trades":0,"profit_factor":0.0},{"date":"15/08/2025","date_ts":1755216000000,"profit_abs":0.0,"wins":0,"draws":0,"losses":0,"trades":0,"profit_factor":0.0},{"date":"16/08/2025","date_ts":1755302400000,"profit_abs":0.0,"wins":0,"draws":0,"losses":0,"trades":0,"profit_factor":0.0},{"date":"17/08/2025","date_ts":1755388800000,"profit_abs":0.0,"wins":0,"draws":0,"losses":0,"trades":0,"profit_factor":0.0},{"date":"18/08/2025","date_ts":1755475200000,"profit_abs":0.0,"wins":0,"draws":0,"losses":0,"trades":0,"profit_factor":0.0},{"date":"19/08/2025","date_ts":1755561600000,"profit_abs":0.0,"wins":0,"draws":0,"losses":0,"trades":0,"profit_factor":0.0},{"date":"20/08/2025","date_ts":1755648000000,"profit_abs":0.0,"wins":0,"draws":0,"losses":0,"trades":0,"profit_factor":0.0},{"date":"21/08/2025","date_ts":1755734400000,"profit_abs":0.0,"wins":0,"draws":0,"losses":0,"trades":0,"profit_factor":0.0},{"date":"22/08/2025","date_ts":1755820800000,"profit_abs":1157.3965518,"wins":1,"draws":0,"losses":0,"trades":1,"profit_factor":0.0},{"date":"23/08/2025","date_ts":1755907200000,"profit_abs":0.0,"wins":0,"draws":0,"losses":0,"trades":0,"profit_factor":0.0},{"date":"24/08/2025","date_ts":1755993600000,"profit_abs":0.0,"wins":0,"draws":0,"losses":0,"trades":0,"profit_factor":0.0},{"date":"25/08/2025","date_ts":1756080000000,"profit_abs":0.0,"wins":0,"draws":0,"losses":0,"trades":0,"profit_factor":0.0},{"date":"26/08/2025","date_ts":1756166400000,"profit_abs":0.0,"wins":0,"draws":0,"losses":0,"trades":0,"profit_factor":0.0},{"date":"27/08/2025","date_ts":1756252800000,"profit_abs":0.0,"wins":0,"draws":0,"losses":0,"trades":0,"profit_factor":0.0},{"date":"28/08/2025","date_ts":1756339200000,"profit_abs":0.0,"wins":0,"draws":0,"losses":0,"trades":0,"profit_factor":0.0},{"date":"29/08/2025","date_ts":1756425600000,"profit_abs":0.0,"wins":0,"draws":0,"losses":0,"trades":0,"profit_factor":0.0},{"date":"30/08/2025","date_ts":1756512000000,"profit_abs":0.0,"wins":0,"draws":0,"losses":0,"trades":0,"profit_factor":0.0},{"date":"31/08/2025","date_ts":1756598400000,"profit_abs":0.0,"wins":0,"draws":0,"losses":0,"trades":0,"profit_factor":0.0},{"date":"01/09/2025","date_ts":1756684800000,"profit_abs":0.0,"wins":0,"draws":0,"losses":0,"trades":0,"profit_factor":0.0},{"date":"02/09/2025","date_ts":1756771200000,"profit_abs":0.0,"wins":0,"draws":0,"losses":0,"trades":0,"profit_factor":0.0},{"date":"03/09/2025","date_ts":1756857600000,"profit_abs":0.0,"wins":0,"draws":0,"losses":0,"trades":0,"profit_factor":0.0},{"date":"04/09/2025","date_ts":1756944000000,"profit_abs":0.0,"wins":0,"draws":0,"losses":0,"trades":0,"profit_factor":0.0},{"date":"05/09/2025","date_ts":1757030400000,"profit_abs":0.0,"wins":0,"draws":0,"losses":0,"trades":0,"profit_factor":0.0},{"date":"06/09/2025","date_ts":1757116800000,"profit_abs":0.0,"wins":0,"draws":0,"losses":0,"trades":0,"profit_factor":0.0},{"date":"07/09/2025","date_ts":1757203200000,"profit_abs":0.0,"wins":0,"draws":0,"losses":0,"trades":0,"profit_factor":0.0},{"date":"08/09/2025","date_ts":1757289600000,"profit_abs":0.0,"wins":0,"draws":0,"losses":0,"trades":0,"profit_factor":0.0},{"date":"09/09/2025","date_ts":1757376000000,"profit_abs":0.0,"wins":0,"draws":0,"losses":0,"trades":0,"profit_factor":0.0},{"date":"10/09/2025","date_ts":1757462400000,"profit_abs":0.0,"wins":0,"draws":0,"losses":0,"trades":0,"profit_factor":0.0},{"date":"11/09/2025","date_ts":1757548800000,"profit_abs":0.0,"wins":0,"draws":0,"losses":0,"trades":0,"profit_factor":0.0},{"date":"12/09/2025","date_ts":1757635200000,"profit_abs":5508.1037068,"wins":1,"draws":0,"losses":0,"trades":1,"profit_factor":0.0},{"date":"13/09/2025","date_ts":1757721600000,"profit_abs":0.0,"wins":0,"draws":0,"losses":0,"trades":0,"profit_factor":0.0},{"date":"14/09/2025","date_ts":1757808000000,"profit_abs":0.0,"wins":0,"draws":0,"losses":0,"trades":0,"profit_factor":0.0},{"date":"15/09/2025","date_ts":1757894400000,"profit_abs":0.0,"wins":0,"draws":0,"losses":0,"trades":0,"profit_factor":0.0},{"date":"16/09/2025","date_ts":1757980800000,"profit_abs":0.0,"wins":0,"draws":0,"losses":0,"trades":0,"profit_factor":0.0},{"date":"17/09/2025","date_ts":1758067200000,"profit_abs":0.0,"wins":0,"draws":0,"losses":0,"trades":0,"profit_factor":0.0},{"date":"18/09/2025","date_ts":1758153600000,"profit_abs":0.0,"wins":0,"draws":0,"losses":0,"trades":0,"profit_factor":0.0},{"date":"19/09/2025","date_ts":1758240000000,"profit_abs":0.0,"wins":0,"draws":0,"losses":0,"trades":0,"profit_factor":0.0},{"date":"20/09/2025","date_ts":1758326400000,"profit_abs":0.0,"wins":0,"draws":0,"losses":0,"trades":0,"profit_factor":0.0},{"date":"21/09/2025","date_ts":1758412800000,"profit_abs":0.0,"wins":0,"draws":0,"losses":0,"trades":0,"profit_factor":0.0},{"date":"22/09/2025","date_ts":1758499200000,"profit_abs":0.0,"wins":0,"draws":0,"losses":0,"trades":0,"profit_factor":0.0},{"date":"23/09/2025","date_ts":1758585600000,"profit_abs":0.0,"wins":0,"draws":0,"losses":0,"trades":0,"profit_factor":0.0},{"date":"24/09/2025","date_ts":1758672000000,"profit_abs":0.0,"wins":0,"draws":0,"losses":0,"trades":0,"profit_factor":0.0},{"date":"25/09/2025","date_ts":1758758400000,"profit_abs":0.0,"wins":0,"draws":0,"losses":0,"trades":0,"profit_factor":0.0},{"date":"26/09/2025","date_ts":1758844800000,"profit_abs":0.0,"wins":0,"draws":0,"losses":0,"trades":0,"profit_factor":0.0},{"date":"27/09/2025","date_ts":1758931200000,"profit_abs":0.0,"wins":0,"draws":0,"losses":0,"trades":0,"profit_factor":0.0},{"date":"28/09/2025","date_ts":1759017600000,"profit_abs":0.0,"wins":0,"draws":0,"losses":0,"trades":0,"profit_factor":0.0},{"date":"29/09/2025","date_ts":1759104000000,"profit_abs":0.0,"wins":0,"draws":0,"losses":0,"trades":0,"profit_factor":0.0},{"date":"30/09/2025","date_ts":1759190400000,"profit_abs":0.0,"wins":0,"draws":0,"losses":0,"trades":0,"profit_factor":0.0},{"date":"01/10/2025","date_ts":1759276800000,"profit_abs":-840.89947376,"wins":0,"draws":0,"losses":1,"trades":1,"profit_factor":0.0},{"date":"02/10/2025","date_ts":1759363200000,"profit_abs":0.0,"wins":0,"draws":0,"losses":0,"trades":0,"profit_factor":0.0},{"date":"03/10/2025","date_ts":1759449600000,"profit_abs":0.0,"wins":0,"draws":0,"losses":0,"trades":0,"profit_factor":0.0},{"date":"04/10/2025","date_ts":1759536000000,"profit_abs":0.0,"wins":0,"draws":0,"losses":0,"trades":0,"profit_factor":0.0},{"date":"05/10/2025","date_ts":1759622400000,"profit_abs":0.0,"wins":0,"draws":0,"losses":0,"trades":0,"profit_factor":0.0},{"date":"06/10/2025","date_ts":1759708800000,"profit_abs":0.0,"wins":0,"draws":0,"losses":0,"trades":0,"profit_factor":0.0},{"date":"07/10/2025","date_ts":1759795200000,"profit_abs":0.0,"wins":0,"draws":0,"losses":0,"trades":0,"profit_factor":0.0},{"date":"08/10/2025","date_ts":1759881600000,"profit_abs":0.0,"wins":0,"draws":0,"losses":0,"trades":0,"profit_factor":0.0},{"date":"09/10/2025","date_ts":1759968000000,"profit_abs":0.0,"wins":0,"draws":0,"losses":0,"trades":0,"profit_factor":0.0},{"date":"10/10/2025","date_ts":1760054400000,"profit_abs":1701.8847846,"wins":1,"draws":0,"losses":0,"trades":1,"profit_factor":0.0},{"date":"11/10/2025","date_ts":1760140800000,"profit_abs":0.0,"wins":0,"draws":0,"losses":0,"trades":0,"profit_factor":0.0},{"date":"12/10/2025","date_ts":1760227200000,"profit_abs":0.0,"wins":0,"draws":0,"losses":0,"trades":0,"profit_factor":0.0},{"date":"13/10/2025","date_ts":1760313600000,"profit_abs":0.0,"wins":0,"draws":0,"losses":0,"trades":0,"profit_factor":0.0},{"date":"14/10/2025","date_ts":1760400000000,"profit_abs":0.0,"wins":0,"draws":0,"losses":0,"trades":0,"profit_factor":0.0},{"date":"15/10/2025","date_ts":1760486400000,"profit_abs":0.0,"wins":0,"draws":0,"losses":0,"trades":0,"profit_factor":0.0},{"date":"16/10/2025","date_ts":1760572800000,"profit_abs":0.0,"wins":0,"draws":0,"losses":0,"trades":0,"profit_factor":0.0},{"date":"17/10/2025","date_ts":1760659200000,"profit_abs":0.0,"wins":0,"draws":0,"losses":0,"trades":0,"profit_factor":0.0},{"date":"18/10/2025","date_ts":1760745600000,"profit_abs":0.0,"wins":0,"draws":0,"losses":0,"trades":0,"profit_factor":0.0},{"date":"19/10/2025","date_ts":1760832000000,"profit_abs":0.0,"wins":0,"draws":0,"losses":0,"trades":0,"profit_factor":0.0},{"date":"20/10/2025","date_ts":1760918400000,"profit_abs":-1052.9003904,"wins":0,"draws":0,"losses":1,"trades":1,"profit_factor":0.0},{"date":"21/10/2025","date_ts":1761004800000,"profit_abs":0.0,"wins":0,"draws":0,"losses":0,"trades":0,"profit_factor":0.0},{"date":"22/10/2025","date_ts":1761091200000,"profit_abs":0.0,"wins":0,"draws":0,"losses":0,"trades":0,"profit_factor":0.0},{"date":"23/10/2025","date_ts":1761177600000,"profit_abs":0.0,"wins":0,"draws":0,"losses":0,"trades":0,"profit_factor":0.0},{"date":"24/10/2025","date_ts":1761264000000,"profit_abs":0.0,"wins":0,"draws":0,"losses":0,"trades":0,"profit_factor":0.0},{"date":"25/10/2025","date_ts":1761350400000,"profit_abs":0.0,"wins":0,"draws":0,"losses":0,"trades":0,"profit_factor":0.0},{"date":"26/10/2025","date_ts":1761436800000,"profit_abs":0.0,"wins":0,"draws":0,"losses":0,"trades":0,"profit_factor":0.0},{"date":"27/10/2025","date_ts":1761523200000,"profit_abs":0.0,"wins":0,"draws":0,"losses":0,"trades":0,"profit_factor":0.0},{"date":"28/10/2025","date_ts":1761609600000,"profit_abs":0.0,"wins":0,"draws":0,"losses":0,"trades":0,"profit_factor":0.0},{"date":"29/10/2025","date_ts":1761696000000,"profit_abs":0.0,"wins":0,"draws":0,"losses":0,"trades":0,"profit_factor":0.0},{"date":"30/10/2025","date_ts":1761782400000,"profit_abs":0.0,"wins":0,"draws":0,"losses":0,"trades":0,"profit_factor":0.0},{"date":"31/10/2025","date_ts":1761868800000,"profit_abs":0.0,"wins":0,"draws":0,"losses":0,"trades":0,"profit_factor":0.0},{"date":"01/11/2025","date_ts":1761955200000,"profit_abs":0.0,"wins":0,"draws":0,"losses":0,"trades":0,"profit_factor":0.0},{"date":"02/11/2025","date_ts":1762041600000,"profit_abs":0.0,"wins":0,"draws":0,"losses":0,"trades":0,"profit_factor":0.0},{"date":"03/11/2025","date_ts":1762128000000,"profit_abs":-9804.66358464,"wins":0,"draws":0,"losses":5,"trades":5,"profit_factor":0.0}],"week":[{"date":"20/01/2025","date_ts":1737331200000,"profit_abs":-888.9106932,"wins":0,"draws":0,"losses":2,"trades":2,"profit_factor":0.0},{"date":"27/01/2025","date_ts":1737936000000,"profit_abs":0.0,"wins":0,"draws":0,"losses":0,"trades":0,"profit_factor":0.0},{"date":"03/02/2025","date_ts":1738540800000,"profit_abs":0.0,"wins":0,"draws":0,"losses":0,"trades":0,"profit_factor":0.0},{"date":"10/02/2025","date_ts":1739145600000,"profit_abs":0.0,"wins":0,"draws":0,"losses":0,"trades":0,"profit_factor":0.0},{"date":"17/02/2025","date_ts":1739750400000,"profit_abs":0.0,"wins":0,"draws":0,"losses":0,"trades":0,"profit_factor":0.0},{"date":"24/02/2025","date_ts":1740355200000,"profit_abs":0.0,"wins":0,"draws":0,"losses":0,"trades":0,"profit_factor":0.0},{"date":"03/03/2025","date_ts":1740960000000,"profit_abs":-2784.57189743,"wins":0,"draws":0,"losses":2,"trades":2,"profit_factor":0.0},{"date":"10/03/2025","date_ts":1741564800000,"profit_abs":-802.23583366,"wins":0,"draws":0,"losses":1,"trades":1,"profit_factor":0.0},{"date":"17/03/2025","date_ts":1742169600000,"profit_abs":-8729.98570962,"wins":0,"draws":0,"losses":2,"trades":2,"profit_factor":0.0},{"date":"24/03/2025","date_ts":1742774400000,"profit_abs":0.0,"wins":0,"draws":0,"losses":0,"trades":0,"profit_factor":0.0},{"date":"31/03/2025","date_ts":1743379200000,"profit_abs":0.0,"wins":0,"draws":0,"losses":0,"trades":0,"profit_factor":0.0},{"date":"07/04/2025","date_ts":1743984000000,"profit_abs":0.0,"wins":0,"draws":0,"losses":0,"trades":0,"profit_factor":0.0},{"date":"14/04/2025","date_ts":1744588800000,"profit_abs":0.0,"wins":0,"draws":0,"losses":0,"trades":0,"profit_factor":0.0},{"date":"21/04/2025","date_ts":1745193600000,"profit_abs":0.0,"wins":0,"draws":0,"losses":0,"trades":0,"profit_factor":0.0},{"date":"28/04/2025","date_ts":1745798400000,"profit_abs":0.0,"wins":0,"draws":0,"losses":0,"trades":0,"profit_factor":0.0},{"date":"05/05/2025","date_ts":1746403200000,"profit_abs":0.0,"wins":0,"draws":0,"losses":0,"trades":0,"profit_factor":0.0},{"date":"12/05/2025","date_ts":1747008000000,"profit_abs":-3754.3593045,"wins":0,"draws":0,"losses":1,"trades":1,"profit_factor":0.0},{"date":"19/05/2025","date_ts":1747612800000,"profit_abs":0.0,"wins":0,"draws":0,"losses":0,"trades":0,"profit_factor":0.0},{"date":"26/05/2025","date_ts":1748217600000,"profit_abs":0.0,"wins":0,"draws":0,"losses":0,"trades":0,"profit_factor":0.0},{"date":"02/06/2025","date_ts":1748822400000,"profit_abs":0.0,"wins":0,"draws":0,"losses":0,"trades":0,"profit_factor":0.0},{"date":"09/06/2025","date_ts":1749427200000,"profit_abs":-1122.2720883,"wins":0,"draws":0,"losses":1,"trades":1,"profit_factor":0.0},{"date":"16/06/2025","date_ts":1750032000000,"profit_abs":0.0,"wins":0,"draws":0,"losses":0,"trades":0,"profit_factor":0.0},{"date":"23/06/2025","date_ts":1750636800000,"profit_abs":1919.22205444,"wins":1,"draws":0,"losses":0,"trades":1,"profit_factor":0.0},{"date":"30/06/2025","date_ts":1751241600000,"profit_abs":-2671.23793338,"wins":1,"draws":0,"losses":2,"trades":3,"profit_factor":0.2862382},{"date":"07/07/2025","date_ts":1751846400000,"profit_abs":0.0,"wins":0,"draws":0,"losses":0,"trades":0,"profit_factor":0.0},{"date":"14/07/2025","date_ts":1752451200000,"profit_abs":860.02283977,"wins":1,"draws":0,"losses":1,"trades":2,"profit_factor":4.22223512},{"date":"21/07/2025","date_ts":1753056000000,"profit_abs":0.0,"wins":0,"draws":0,"losses":0,"trades":0,"profit_factor":0.0},{"date":"28/07/2025","date_ts":1753660800000,"profit_abs":2190.9207306,"wins":1,"draws":0,"losses":0,"trades":1,"profit_factor":0.0},{"date":"04/08/2025","date_ts":1754265600000,"profit_abs":0.0,"wins":0,"draws":0,"losses":0,"trades":0,"profit_factor":0.0},{"date":"11/08/2025","date_ts":1754870400000,"profit_abs":0.0,"wins":0,"draws":0,"losses":0,"trades":0,"profit_factor":0.0},{"date":"18/08/2025","date_ts":1755475200000,"profit_abs":0.0,"wins":0,"draws":0,"losses":0,"trades":0,"profit_factor":0.0},{"date":"25/08/2025","date_ts":1756080000000,"profit_abs":1157.3965518,"wins":1,"draws":0,"losses":0,"trades":1,"profit_factor":0.0},{"date":"01/09/2025","date_ts":1756684800000,"profit_abs":0.0,"wins":0,"draws":0,"losses":0,"trades":0,"profit_factor":0.0},{"date":"08/09/2025","date_ts":1757289600000,"profit_abs":0.0,"wins":0,"draws":0,"losses":0,"trades":0,"profit_factor":0.0},{"date":"15/09/2025","date_ts":1757894400000,"profit_abs":5508.1037068,"wins":1,"draws":0,"losses":0,"trades":1,"profit_factor":0.0},{"date":"22/09/2025","date_ts":1758499200000,"profit_abs":0.0,"wins":0,"draws":0,"losses":0,"trades":0,"profit_factor":0.0},{"date":"29/09/2025","date_ts":1759104000000,"profit_abs":0.0,"wins":0,"draws":0,"losses":0,"trades":0,"profit_factor":0.0},{"date":"06/10/2025","date_ts":1759708800000,"profit_abs":-840.89947376,"wins":0,"draws":0,"losses":1,"trades":1,"profit_factor":0.0},{"date":"13/10/2025","date_ts":1760313600000,"profit_abs":1701.8847846,"wins":1,"draws":0,"losses":0,"trades":1,"profit_factor":0.0},{"date":"20/10/2025","date_ts":1760918400000,"profit_abs":-1052.9003904,"wins":0,"draws":0,"losses":1,"trades":1,"profit_factor":0.0},{"date":"27/10/2025","date_ts":1761523200000,"profit_abs":0.0,"wins":0,"draws":0,"losses":0,"trades":0,"profit_factor":0.0},{"date":"03/11/2025","date_ts":1762128000000,"profit_abs":-9804.66358464,"wins":0,"draws":0,"losses":5,"trades":5,"profit_factor":0.0}],"month":[{"date":"31/01/2025","date_ts":1738281600000,"profit_abs":-888.9106932,"wins":0,"draws":0,"losses":2,"trades":2,"profit_factor":0.0},{"date":"28/02/2025","date_ts":1740700800000,"profit_abs":0.0,"wins":0,"draws":0,"losses":0,"trades":0,"profit_factor":0.0},{"date":"31/03/2025","date_ts":1743379200000,"profit_abs":-12316.79344071,"wins":0,"draws":0,"losses":5,"trades":5,"profit_factor":0.0},{"date":"30/04/2025","date_ts":1745971200000,"profit_abs":0.0,"wins":0,"draws":0,"losses":0,"trades":0,"profit_factor":0.0},{"date":"31/05/2025","date_ts":1748649600000,"profit_abs":-3754.3593045,"wins":0,"draws":0,"losses":1,"trades":1,"profit_factor":0.0},{"date":"30/06/2025","date_ts":1751241600000,"profit_abs":-1874.28796724,"wins":2,"draws":0,"losses":3,"trades":5,"profit_factor":0.61472062},{"date":"31/07/2025","date_ts":1753920000000,"profit_abs":3050.94357037,"wins":2,"draws":0,"losses":1,"trades":3,"profit_factor":12.4309261},{"date":"31/08/2025","date_ts":1756598400000,"profit_abs":1157.3965518,"wins":1,"draws":0,"losses":0,"trades":1,"profit_factor":0.0},{"date":"30/09/2025","date_ts":1759190400000,"profit_abs":5508.1037068,"wins":1,"draws":0,"losses":0,"trades":1,"profit_factor":0.0},{"date":"31/10/2025","date_ts":1761868800000,"profit_abs":-191.91507956,"wins":1,"draws":0,"losses":2,"trades":3,"profit_factor":0.89866137},{"date":"30/11/2025","date_ts":1764460800000,"profit_abs":-9804.66358464,"wins":0,"draws":0,"losses":5,"trades":5,"profit_factor":0.0}],"year":[{"date":"31/12/2025","date_ts":1767139200000,"profit_abs":-19114.48624088,"wins":7,"draws":0,"losses":19,"trades":26,"profit_factor":0.4343183}],"weekday":[{"date":"Monday","date_ts":0,"profit_abs":-12767.06806715,"wins":2,"draws":0,"losses":9,"trades":11,"profit_factor":0.14688482},{"date":"Wednesday","date_ts":2,"profit_abs":-1631.52116846,"wins":0,"draws":0,"losses":3,"trades":3,"profit_factor":0.0},{"date":"Thursday","date_ts":3,"profit_abs":-3754.3593045,"wins":0,"draws":0,"losses":1,"trades":1,"profit_factor":0.0},{"date":"Friday","date_ts":4,"profit_abs":2625.27003032,"wins":5,"draws":0,"losses":3,"trades":8,"profit_factor":1.2664638},{"date":"Saturday","date_ts":5,"profit_abs":-802.23583366,"wins":0,"draws":0,"losses":1,"trades":1,"profit_factor":0.0},{"date":"Sunday","date_ts":6,"profit_abs":-2784.57189743,"wins":0,"draws":0,"losses":2,"trades":2,"profit_factor":0.0}]},"backtest_best_day":0.882801635749298,"backtest_worst_day":-1.3394009720486821,"backtest_best_day_abs":5508.1037068,"backtest_worst_day_abs":-9804.66358464,"winning_days":6,"draw_days":275,"losing_days":12,"daily_profit":[["2025-01-15",-523.7191232],["2025-01-16",0.0],["2025-01-17",0.0],["2025-01-18",0.0],["2025-01-19",0.0],["2025-01-20",-365.19157],["2025-01-21",0.0],["2025-01-22",0.0],["2025-01-23",0.0],["2025-01-24",0.0],["2025-01-25",0.0],["2025-01-26",0.0],["2025-01-27",0.0],["2025-01-28",0.0],["2025-01-29",0.0],["2025-01-30",0.0],["2025-01-31",0.0],["2025-02-01",0.0],["2025-02-02",0.0],["2025-02-03",0.0],["2025-02-04",0.0],["2025-02-05",0.0],["2025-02-06",0.0],["2025-02-07",0.0],["2025-02-08",0.0],["2025-02-09",0.0],["2025-02-10",0.0],["2025-02-11",0.0],["2025-02-12",0.0],["2025-02-13",0.0],["2025-02-14",0.0],["2025-02-15",0.0],["2025-02-16",0.0],["2025-02-17",0.0],["2025-02-18",0.0],["2025-02-19",0.0],["2025-02-20",0.0],["2025-02-21",0.0],["2025-02-22",0.0],["2025-02-23",0.0],["2025-02-24",0.0],["2025-02-25",0.0],["2025-02-26",0.0],["2025-02-27",0.0],["2025-02-28",0.0],["2025-03-01",0.0],["2025-03-02",-2784.57189743],["2025-03-03",0.0],["2025-03-04",0.0],["2025-03-05",0.0],["2025-03-06",0.0],["2025-03-07",0.0],["2025-03-08",-802.23583366],["2025-03-09",0.0],["2025-03-10",0.0],["2025-03-11",0.0],["2025-03-12",0.0],["2025-03-13",0.0],["2025-03-14",-8729.98570962],["2025-03-15",0.0],["2025-03-16",0.0],["2025-03-17",0.0],["2025-03-18",0.0],["2025-03-19",0.0],["2025-03-20",0.0],["2025-03-21",0.0],["2025-03-22",0.0],["2025-03-23",0.0],["2025-03-24",0.0],["2025-03-25",0.0],["2025-03-26",0.0],["2025-03-27",0.0],["2025-03-28",0.0],["2025-03-29",0.0],["2025-03-30",0.0],["2025-03-31",0.0],["2025-04-01",0.0],["2025-04-02",0.0],["2025-04-03",0.0],["2025-04-04",0.0],["2025-04-05",0.0],["2025-04-06",0.0],["2025-04-07",0.0],["2025-04-08",0.0],["2025-04-09",0.0],["2025-04-10",0.0],["2025-04-11",0.0],["2025-04-12",0.0],["2025-04-13",0.0],["2025-04-14",0.0],["2025-04-15",0.0],["2025-04-16",0.0],["2025-04-17",0.0],["2025-04-18",0.0],["2025-04-19",0.0],["2025-04-20",0.0],["2025-04-21",0.0],["2025-04-22",0.0],["2025-04-23",0.0],["2025-04-24",0.0],["2025-04-25",0.0],["2025-04-26",0.0],["2025-04-27",0.0],["2025-04-28",0.0],["2025-04-29",0.0],["2025-04-30",0.0],["2025-05-01",0.0],["2025-05-02",0.0],["2025-05-03",0.0],["2025-05-04",0.0],["2025-05-05",0.0],["2025-05-06",0.0],["2025-05-07",0.0],["2025-05-08",-3754.3593045],["2025-05-09",0.0],["2025-05-10",0.0],["2025-05-11",0.0],["2025-05-12",0.0],["2025-05-13",0.0],["2025-05-14",0.0],["2025-05-15",0.0],["2025-05-16",0.0],["2025-05-17",0.0],["2025-05-18",0.0],["2025-05-19",0.0],["2025-05-20",0.0],["2025-05-21",0.0],["2025-05-22",0.0],["2025-05-23",0.0],["2025-05-24",0.0],["2025-05-25",0.0],["2025-05-26",0.0],["2025-05-27",0.0],["2025-05-28",0.0],["2025-05-29",0.0],["2025-05-30",0.0],["2025-05-31",0.0],["2025-06-01",0.0],["2025-06-02",0.0],["2025-06-03",0.0],["2025-06-04",0.0],["2025-06-05",0.0],["2025-06-06",-1122.2720883],["2025-06-07",0.0],["2025-06-08",0.0],["2025-06-09",0.0],["2025-06-10",0.0],["2025-06-11",0.0],["2025-06-12",0.0],["2025-06-13",0.0],["2025-06-14",0.0],["2025-06-15",0.0],["2025-06-16",0.0],["2025-06-17",0.0],["2025-06-18",0.0],["2025-06-19",0.0],["2025-06-20",1919.22205444],["2025-06-21",0.0],["2025-06-22",0.0],["2025-06-23",0.0],["2025-06-24",0.0],["2025-06-25",0.0],["2025-06-26",0.0],["2025-06-27",0.0],["2025-06-28",0.0],["2025-06-29",0.0],["2025-06-30",-2671.23793338],["2025-07-01",0.0],["2025-07-02",0.0],["2025-07-03",0.0],["2025-07-04",0.0],["2025-07-05",0.0],["2025-07-06",0.0],["2025-07-07",0.0],["2025-07-08",0.0],["2025-07-09",-266.9025715],["2025-07-10",0.0],["2025-07-11",0.0],["2025-07-12",0.0],["2025-07-13",0.0],["2025-07-14",1126.92541127],["2025-07-15",0.0],["2025-07-16",0.0],["2025-07-17",0.0],["2025-07-18",0.0],["2025-07-19",0.0],["2025-07-20",0.0],["2025-07-21",0.0],["2025-07-22",0.0],["2025-07-23",0.0],["2025-07-24",0.0],["2025-07-25",2190.9207306],["2025-07-26",0.0],["2025-07-27",0.0],["2025-07-28",0.0],["2025-07-29",0.0],["2025-07-30",0.0],["2025-07-31",0.0],["2025-08-01",0.0],["2025-08-02",0.0],["2025-08-03",0.0],["2025-08-04",0.0],["2025-08-05",0.0],["2025-08-06",0.0],["2025-08-07",0.0],["2025-08-08",0.0],["2025-08-09",0.0],["2025-08-10",0.0],["2025-08-11",0.0],["2025-08-12",0.0],["2025-08-13",0.0],["2025-08-14",0.0],["2025-08-15",0.0],["2025-08-16",0.0],["2025-08-17",0.0],["2025-08-18",0.0],["2025-08-19",0.0],["2025-08-20",0.0],["2025-08-21",0.0],["2025-08-22",1157.3965518],["2025-08-23",0.0],["2025-08-24",0.0],["2025-08-25",0.0],["2025-08-26",0.0],["2025-08-27",0.0],["2025-08-28",0.0],["2025-08-29",0.0],["2025-08-30",0.0],["2025-08-31",0.0],["2025-09-01",0.0],["2025-09-02",0.0],["2025-09-03",0.0],["2025-09-04",0.0],["2025-09-05",0.0],["2025-09-06",0.0],["2025-09-07",0.0],["2025-09-08",0.0],["2025-09-09",0.0],["2025-09-10",0.0],["2025-09-11",0.0],["2025-09-12",5508.1037068],["2025-09-13",0.0],["2025-09-14",0.0],["2025-09-15",0.0],["2025-09-16",0.0],["2025-09-17",0.0],["2025-09-18",0.0],["2025-09-19",0.0],["2025-09-20",0.0],["2025-09-21",0.0],["2025-09-22",0.0],["2025-09-23",0.0],["2025-09-24",0.0],["2025-09-25",0.0],["2025-09-26",0.0],["2025-09-27",0.0],["2025-09-28",0.0],["2025-09-29",0.0],["2025-09-30",0.0],["2025-10-01",-840.89947376],["2025-10-02",0.0],["2025-10-03",0.0],["2025-10-04",0.0],["2025-10-05",0.0],["2025-10-06",0.0],["2025-10-07",0.0],["2025-10-08",0.0],["2025-10-09",0.0],["2025-10-10",1701.8847846],["2025-10-11",0.0],["2025-10-12",0.0],["2025-10-13",0.0],["2025-10-14",0.0],["2025-10-15",0.0],["2025-10-16",0.0],["2025-10-17",0.0],["2025-10-18",0.0],["2025-10-19",0.0],["2025-10-20",-1052.9003904],["2025-10-21",0.0],["2025-10-22",0.0],["2025-10-23",0.0],["2025-10-24",0.0],["2025-10-25",0.0],["2025-10-26",0.0],["2025-10-27",0.0],["2025-10-28",0.0],["2025-10-29",0.0],["2025-10-30",0.0],["2025-10-31",0.0],["2025-11-01",0.0],["2025-11-02",0.0],["2025-11-03",-9804.66358464]],"wins":7,"losses":19,"draws":0,"winrate":0.2692307692307692,"holding_avg":"57 days, 2:38:00","holding_avg_s":4934280.0,"winner_holding_min":"23d 15:30","winner_holding_min_s":2043000.0,"winner_holding_max":"105d 23:00","winner_holding_max_s":9154800.0,"winner_holding_avg":"66d 18:26","winner_holding_avg_s":5768760.0,"loser_holding_min":"5d 06:45","loser_holding_min_s":456300.0,"loser_holding_max":"120d 17:30","loser_holding_max_s":10431000.0,"loser_holding_avg":"53d 13:13","loser_holding_avg_s":4626780.0,"max_consecutive_wins":4,"max_consecutive_losses":9,"max_drawdown_account":0.39811183184179993,"max_relative_drawdown":0.39811183184179993,"max_drawdown_abs":19905.591592089997,"drawdown_start":"2025-01-15 21:15:00","drawdown_start_ts":1736975700000.0,"drawdown_end":"2025-06-30 00:30:00","drawdown_end_ts":1751243400000.0,"drawdown_duration":"165 days 03:15:00","drawdown_duration_s":14267700.0,"max_drawdown_low":-19905.591592089997,"max_drawdown_high":-523.7191232,"csum_min":30094.408407910003,"csum_max":49476.2808768}},"strategy_comparison":[{"key":"SampleStrategy","trades":26,"profit_mean":-0.06013426090290988,"profit_mean_pct":-6.01,"profit_total_abs":-19114.48624088,"profit_total":-0.3822897248176,"profit_total_pct":-38.23,"duration_avg":"57 days, 2:38:00","wins":7,"draws":0,"losses":19,"winrate":0.2692307692307692,"cagr":-0.4392049789561149,"expectancy":-735.1725477261539,"expectancy_ratio":-0.41338277998293194,"sortino":-0.873886722310697,"sharpe":-0.5426317212261329,"calmar":-6.034765361024802,"sqn":-1.6605,"profit_factor":0.43431830107598796,"max_drawdown_account":0.39811183184179993,"max_drawdown_abs":"19905.592"}]}