{"strategy":{"KamaFama":{"trades":[{"pair":"FET/USDT","stake_amount":4949.931,"max_stake_amount":4949.931,"amount":15610.0,"open_date":"2025-10-15 00:05:00+00:00","close_date":"2025-10-15 05:10:00+00:00","open_rate":0.3171,"close_rate":0.321,"fee_open":0.002,"fee_close":0.002,"trade_duration":305,"profit_ratio":0.008257845708771671,"profit_abs":40.957518,"exit_reason":"sell","initial_stop_loss_abs":0.2379,"initial_stop_loss_ratio":-0.25,"stop_loss_abs":0.2379,"stop_loss_ratio":-0.25,"min_rate":0.3072,"max_rate":0.3217,"is_open":false,"enter_tag":"buy","leverage":1.0,"is_short":false,"open_timestamp":1760486700000,"close_timestamp":1760505000000,"orders":[{"amount":15610.0,"safe_price":0.3171,"ft_order_side":"buy","order_filled_timestamp":1760486700000,"ft_is_entry":true,"ft_order_tag":"buy","cost":4959.830862},{"amount":15610.0,"safe_price":0.321,"ft_order_side":"sell","order_filled_timestamp":1760505000000,"ft_is_entry":false,"ft_order_tag":"sell","cost":5020.831620000001}],"funding_fees":0.0,"weekday":2},{"pair":"EIGEN/USDT","stake_amount":4949.9922,"max_stake_amount":4949.9922,"amount":3778.62,"open_date":"2025-10-15 00:15:00+00:00","close_date":"2025-10-15 08:30:00+00:00","open_rate":1.31,"close_rate":1.412,"fee_open":0.002,"fee_close":0.002,"trade_duration":495,"profit_ratio":0.07355975072755254,"profit_abs":364.84843272,"exit_reason":"trailing_stop_loss","initial_stop_loss_abs":0.983,"initial_stop_loss_ratio":-0.25,"stop_loss_abs":1.412,"stop_loss_ratio":-0.002,"min_rate":1.3,"max_rate":1.414,"is_open":false,"enter_tag":"buy","leverage":1.0,"is_short":false,"open_timestamp":1760487300000,"close_timestamp":1760517000000,"orders":[{"amount":3778.62,"safe_price":1.31,"ft_order_side":"buy","order_filled_timestamp":1760487300000,"ft_is_entry":true,"ft_order_tag":"buy","cost":4959.8921844},{"amount":3778.62,"safe_price":1.412,"ft_order_side":"sell","order_filled_timestamp":1760517000000,"ft_is_entry":false,"ft_order_tag":"trailing_stop_loss","cost":5346.08226288}],"funding_fees":0.0,"weekday":2},{"pair":"EDEN/USDT","stake_amount":5150.87328,"max_stake_amount":5150.87328,"amount":30659.96,"open_date":"2025-10-15 08:30:00+00:00","close_date":"2025-10-15 14:05:00+00:00","open_rate":0.168,"close_rate":0.1632,"fee_open":0.002,"fee_close":0.002,"trade_duration":335,"profit_ratio":-0.032449386939629885,"profit_abs":-167.4769655,"exit_reason":"sell","initial_stop_loss_abs":0.126,"initial_stop_loss_ratio":-0.25,"stop_loss_abs":0.126,"stop_loss_ratio":-0.25,"min_rate":0.1559,"max_rate":0.1696,"is_open":false,"enter_tag":"buy","leverage":1.0,"is_short":false,"open_timestamp":1760517000000,"close_timestamp":1760537100000,"orders":[{"amount":30659.96,"safe_price":0.168,"ft_order_side":"buy","order_filled_timestamp":1760517000000,"ft_is_entry":true,"ft_order_tag":"buy","cost":5161.175026559999},{"amount":30659.96,"safe_price":0.1632,"ft_order_side":"sell","order_filled_timestamp":1760537100000,"ft_is_entry":false,"ft_order_tag":"sell","cost":5013.712882944001}],"funding_fees":0.0,"weekday":2},{"pair":"ADA/USDT","stake_amount":4970.2734774,"max_stake_amount":4970.2734774,"amount":7111.566,"open_date":"2025-10-15 05:10:00+00:00","close_date":"2025-10-17 11:15:00+00:00","open_rate":0.6989,"close_rate":0.616,"fee_open":0.002,"fee_close":0.002,"trade_duration":3245,"profit_ratio":-0.12213346950461641,"profit_abs":-608.25081767,"exit_reason":"sell","initial_stop_loss_abs":0.5242,"initial_stop_loss_ratio":-0.25,"stop_loss_abs":0.5242,"stop_loss_ratio":-0.25,"min_rate":0.5923,"max_rate":0.716,"is_open":false,"enter_tag":"buy","leverage":1.0,"is_short":false,"open_timestamp":1760505000000,"close_timestamp":1760699700000,"orders":[{"amount":7111.566,"safe_price":0.6989,"ft_order_side":"buy","order_filled_timestamp":1760505000000,"ft_is_entry":true,"ft_order_tag":"buy","cost":4980.2140243548},{"amount":7111.566,"safe_price":0.616,"ft_order_side":"sell","order_filled_timestamp":1760699700000,"ft_is_entry":false,"ft_order_tag":"sell","cost":4389.486105311999}],"funding_fees":0.0,"weekday":4},{"pair":"TRX/USDT","stake_amount":5067.97283121,"max_stake_amount":5067.97283121,"amount":15992.3409,"open_date":"2025-10-15 14:05:00+00:00","close_date":"2025-11-08 00:00:00+00:00","open_rate":0.3169,"close_rate":0.2922,"fee_open":0.002,"fee_close":0.002,"trade_duration":33715,"profit_ratio":-0.08162343662226232,"profit_abs":-414.49268991,"exit_reason":"force_exit","initial_stop_loss_abs":0.2377,"initial_stop_loss_ratio":-0.25,"stop_loss_abs":0.2377,"stop_loss_ratio":-0.25,"min_rate":0.2763,"max_rate":0.3253,"is_open":false,"enter_tag":"buy","leverage":1.0,"is_short":false,"open_timestamp":1760537100000,"close_timestamp":1762560000000,"orders":[{"amount":15992.3409,"safe_price":0.3169,"ft_order_side":"buy","order_filled_timestamp":1760537100000,"ft_is_entry":true,"ft_order_tag":"buy","cost":5078.10877687242},{"amount":15992.3409,"safe_price":0.2922,"ft_order_side":"sell","order_filled_timestamp":1762560000000,"ft_is_entry":false,"ft_order_tag":"force_exit","cost":4682.30793500196}],"funding_fees":0.0,"weekday":5},{"pair":"PAXG/USDT","stake_amount":4465.56,"max_stake_amount":4465.56,"amount":1.02,"open_date":"2025-10-17 11:15:00+00:00","close_date":"2025-11-08 00:00:00+00:00","open_rate":4378.0,"close_rate":3990.0,"fee_open":0.002,"fee_close":0.002,"trade_duration":31005,"profit_ratio":-0.09226316667715277,"profit_abs":-412.83072,"exit_reason":"force_exit","initial_stop_loss_abs":3284.0,"initial_stop_loss_ratio":-0.25,"stop_loss_abs":3284.0,"stop_loss_ratio":-0.25,"min_rate":3896.0,"max_rate":4390.0,"is_open":false,"enter_tag":"buy","leverage":1.0,"is_short":false,"open_timestamp":1760699700000,"close_timestamp":1762560000000,"orders":[{"amount":1.02,"safe_price":4378.0,"ft_order_side":"buy","order_filled_timestamp":1760699700000,"ft_is_entry":true,"ft_order_tag":"buy","cost":4474.491120000001},{"amount":1.02,"safe_price":3990.0,"ft_order_side":"sell","order_filled_timestamp":1762560000000,"ft_is_entry":false,"ft_order_tag":"force_exit","cost":4077.9396}],"funding_fees":0.0,"weekday":5}],"locks":[],"best_pair":{"key":"EIGEN/USDT","trades":1,"profit_mean":0.07355975072755254,"profit_mean_pct":7.36,"profit_total_abs":364.84843272,"profit_total":0.036484843272,"profit_total_pct":3.65,"duration_avg":"8:15:00","wins":1,"draws":0,"losses":0,"winrate":1.0,"cagr":0.7245929957926518,"expectancy":364.84843272,"expectancy_ratio":100.0,"sortino":-100,"sharpe":-100,"calmar":-100,"sqn":-100.0,"profit_factor":0.0,"max_drawdown_account":0.0,"max_drawdown_abs":0.0},"worst_pair":{"key":"ADA/USDT","trades":1,"profit_mean":-0.12213346950461641,"profit_mean_pct":-12.21,"profit_total_abs":-608.25081767,"profit_total":-0.060825081766999994,"profit_total_pct":-6.08,"duration_avg":"2 days, 6:05:00","wins":0,"draws":0,"losses":1,"winrate":0.0,"cagr":-0.6149479230870518,"expectancy":-608.25081767,"expectancy_ratio":-1.0,"sortino":-100,"sharpe":-100,"calmar":-100,"sqn":-100.0,"profit_factor":0.0,"max_drawdown_account":0.0,"max_drawdown_abs":0.0},"results_per_pair":[{"key":"EIGEN/USDT","trades":1,"profit_mean":0.07355975072755254,"profit_mean_pct":7.36,"profit_total_abs":364.84843272,"profit_total":0.036484843272,"profit_total_pct":3.65,"duration_avg":"8:15:00","wins":1,"draws":0,"losses":0,"winrate":1.0,"cagr":0.7245929957926518,"expectancy":364.84843272,"expectancy_ratio":100.0,"sortino":-100,"sharpe":-100,"calmar":-100,"sqn":-100.0,"profit_factor":0.0,"max_drawdown_account":0.0,"max_drawdown_abs":0.0},{"key":"FET/USDT","trades":1,"profit_mean":0.008257845708771671,"profit_mean_pct":0.83,"profit_total_abs":40.957518,"profit_total":0.0040957518,"profit_total_pct":0.41,"duration_avg":"5:05:00","wins":1,"draws":0,"losses":0,"winrate":1.0,"cagr":0.06413508726835682,"expectancy":40.957518,"expectancy_ratio":100.0,"sortino":-100,"sharpe":-100,"calmar":-100,"sqn":-100.0,"profit_factor":0.0,"max_drawdown_account":0.0,"max_drawdown_abs":0.0},{"key":"AVNT/USDT","trades":0,"profit_mean":0.0,"profit_mean_pct":0.0,"profit_total_abs":0.0,"profit_total":0.0,"profit_total_pct":0.0,"duration_avg":"0:00","wins":0,"draws":0,"losses":0,"winrate":0.0,"cagr":0.0,"expectancy":0.0,"expectancy_ratio":100.0,"sortino":0,"sharpe":0,"calmar":0,"sqn":0.0,"profit_factor":0.0,"max_drawdown_account":0.0,"max_drawdown_abs":0.0},{"key":"BONK/USDT","trades":0,"profit_mean":0.0,"profit_mean_pct":0.0,"profit_total_abs":0.0,"profit_total":0.0,"profit_total_pct":0.0,"duration_avg":"0:00","wins":0,"draws":0,"losses":0,"winrate":0.0,"cagr":0.0,"expectancy":0.0,"expectancy_ratio":100.0,"sortino":0,"sharpe":0,"calmar":0,"sqn":0.0,"profit_factor":0.0,"max_drawdown_account":0.0,"max_drawdown_abs":0.0},{"key":"PEPE/USDT","trades":0,"profit_mean":0.0,"profit_mean_pct":0.0,"profit_total_abs":0.0,"profit_total":0.0,"profit_total_pct":0.0,"duration_avg":"0:00","wins":0,"draws":0,"losses":0,"winrate":0.0,"cagr":0.0,"expectancy":0.0,"expectancy_ratio":100.0,"sortino":0,"sharpe":0,"calmar":0,"sqn":0.0,"profit_factor":0.0,"max_drawdown_account":0.0,"max_drawdown_abs":0.0},{"key":"BNB/USDT","trades":0,"profit_mean":0.0,"profit_mean_pct":0.0,"profit_total_abs":0.0,"profit_total":0.0,"profit_total_pct":0.0,"duration_avg":"0:00","wins":0,"draws":0,"losses":0,"winrate":0.0,"cagr":0.0,"expectancy":0.0,"expectancy_ratio":100.0,"sortino":0,"sharpe":0,"calmar":0,"sqn":0.0,"profit_factor":0.0,"max_drawdown_account":0.0,"max_drawdown_abs":0.0},{"key":"APT/USDT","trades":0,"profit_mean":0.0,"profit_mean_pct":0.0,"profit_total_abs":0.0,"profit_total":0.0,"profit_total_pct":0.0,"duration_avg":"0:00","wins":0,"draws":0,"losses":0,"winrate":0.0,"cagr":0.0,"expectancy":0.0,"expectancy_ratio":100.0,"sortino":0,"sharpe":0,"calmar":0,"sqn":0.0,"profit_factor":0.0,"max_drawdown_account":0.0,"max_drawdown_abs":0.0},{"key":"LINEA/USDT","trades":0,"profit_mean":0.0,"profit_mean_pct":0.0,"profit_total_abs":0.0,"profit_total":0.0,"profit_total_pct":0.0,"duration_avg":"0:00","wins":0,"draws":0,"losses":0,"winrate":0.0,"cagr":0.0,"expectancy":0.0,"expectancy_ratio":100.0,"sortino":0,"sharpe":0,"calmar":0,"sqn":0.0,"profit_factor":0.0,"max_drawdown_account":0.0,"max_drawdown_abs":0.0},{"key":"WIF/USDT","trades":0,"profit_mean":0.0,"profit_mean_pct":0.0,"profit_total_abs":0.0,"profit_total":0.0,"profit_total_pct":0.0,"duration_avg":"0:00","wins":0,"draws":0,"losses":0,"winrate":0.0,"cagr":0.0,"expectancy":0.0,"expectancy_ratio":100.0,"sortino":0,"sharpe":0,"calmar":0,"sqn":0.0,"profit_factor":0.0,"max_drawdown_account":0.0,"max_drawdown_abs":0.0},{"key":"VIRTUAL/USDT","trades":0,"profit_mean":0.0,"profit_mean_pct":0.0,"profit_total_abs":0.0,"profit_total":0.0,"profit_total_pct":0.0,"duration_avg":"0:00","wins":0,"draws":0,"losses":0,"winrate":0.0,"cagr":0.0,"expectancy":0.0,"expectancy_ratio":100.0,"sortino":0,"sharpe":0,"calmar":0,"sqn":0.0,"profit_factor":0.0,"max_drawdown_account":0.0,"max_drawdown_abs":0.0},{"key":"NEAR/USDT","trades":0,"profit_mean":0.0,"profit_mean_pct":0.0,"profit_total_abs":0.0,"profit_total":0.0,"profit_total_pct":0.0,"duration_avg":"0:00","wins":0,"draws":0,"losses":0,"winrate":0.0,"cagr":0.0,"expectancy":0.0,"expectancy_ratio":100.0,"sortino":0,"sharpe":0,"calmar":0,"sqn":0.0,"profit_factor":0.0,"max_drawdown_account":0.0,"max_drawdown_abs":0.0},{"key":"PUMP/USDT","trades":0,"profit_mean":0.0,"profit_mean_pct":0.0,"profit_total_abs":0.0,"profit_total":0.0,"profit_total_pct":0.0,"duration_avg":"0:00","wins":0,"draws":0,"losses":0,"winrate":0.0,"cagr":0.0,"expectancy":0.0,"expectancy_ratio":100.0,"sortino":0,"sharpe":0,"calmar":0,"sqn":0.0,"profit_factor":0.0,"max_drawdown_account":0.0,"max_drawdown_abs":0.0},{"key":"AVAX/USDT","trades":0,"profit_mean":0.0,"profit_mean_pct":0.0,"profit_total_abs":0.0,"profit_total":0.0,"profit_total_pct":0.0,"duration_avg":"0:00","wins":0,"draws":0,"losses":0,"winrate":0.0,"cagr":0.0,"expectancy":0.0,"expectancy_ratio":100.0,"sortino":0,"sharpe":0,"calmar":0,"sqn":0.0,"profit_factor":0.0,"max_drawdown_account":0.0,"max_drawdown_abs":0.0},{"key":"PLUME/USDT","trades":0,"profit_mean":0.0,"profit_mean_pct":0.0,"profit_total_abs":0.0,"profit_total":0.0,"profit_total_pct":0.0,"duration_avg":"0:00","wins":0,"draws":0,"losses":0,"winrate":0.0,"cagr":0.0,"expectancy":0.0,"expectancy_ratio":100.0,"sortino":0,"sharpe":0,"calmar":0,"sqn":0.0,"profit_factor":0.0,"max_drawdown_account":0.0,"max_drawdown_abs":0.0},{"key":"LTC/USDT","trades":0,"profit_mean":0.0,"profit_mean_pct":0.0,"profit_total_abs":0.0,"profit_total":0.0,"profit_total_pct":0.0,"duration_avg":"0:00","wins":0,"draws":0,"losses":0,"winrate":0.0,"cagr":0.0,"expectancy":0.0,"expectancy_ratio":100.0,"sortino":0,"sharpe":0,"calmar":0,"sqn":0.0,"profit_factor":0.0,"max_drawdown_account":0.0,"max_drawdown_abs":0.0},{"key":"FORM/USDT","trades":0,"profit_mean":0.0,"profit_mean_pct":0.0,"profit_total_abs":0.0,"profit_total":0.0,"profit_total_pct":0.0,"duration_avg":"0:00","wins":0,"draws":0,"losses":0,"winrate":0.0,"cagr":0.0,"expectancy":0.0,"expectancy_ratio":100.0,"sortino":0,"sharpe":0,"calmar":0,"sqn":0.0,"profit_factor":0.0,"max_drawdown_account":0.0,"max_drawdown_abs":0.0},{"key":"CRV/USDT","trades":0,"profit_mean":0.0,"profit_mean_pct":0.0,"profit_total_abs":0.0,"profit_total":0.0,"profit_total_pct":0.0,"duration_avg":"0:00","wins":0,"draws":0,"losses":0,"winrate":0.0,"cagr":0.0,"expectancy":0.0,"expectancy_ratio":100.0,"sortino":0,"sharpe":0,"calmar":0,"sqn":0.0,"profit_factor":0.0,"max_drawdown_account":0.0,"max_drawdown_abs":0.0},{"key":"BTC/USDT","trades":0,"profit_mean":0.0,"profit_mean_pct":0.0,"profit_total_abs":0.0,"profit_total":0.0,"profit_total_pct":0.0,"duration_avg":"0:00","wins":0,"draws":0,"losses":0,"winrate":0.0,"cagr":0.0,"expectancy":0.0,"expectancy_ratio":100.0,"sortino":0,"sharpe":0,"calmar":0,"sqn":0.0,"profit_factor":0.0,"max_drawdown_account":0.0,"max_drawdown_abs":0.0},{"key":"XPL/USDT","trades":0,"profit_mean":0.0,"profit_mean_pct":0.0,"profit_total_abs":0.0,"profit_total":0.0,"profit_total_pct":0.0,"duration_avg":"0:00","wins":0,"draws":0,"losses":0,"winrate":0.0,"cagr":0.0,"expectancy":0.0,"expectancy_ratio":100.0,"sortino":0,"sharpe":0,"calmar":0,"sqn":0.0,"profit_factor":0.0,"max_drawdown_account":0.0,"max_drawdown_abs":0.0},{"key":"TUT/USDT","trades":0,"profit_mean":0.0,"profit_mean_pct":0.0,"profit_total_abs":0.0,"profit_total":0.0,"profit_total_pct":0.0,"duration_avg":"0:00","wins":0,"draws":0,"losses":0,"winrate":0.0,"cagr":0.0,"expectancy":0.0,"expectancy_ratio":100.0,"sortino":0,"sharpe":0,"calmar":0,"sqn":0.0,"profit_factor":0.0,"max_drawdown_account":0.0,"max_drawdown_abs":0.0},{"key":"SOMI/USDT","trades":0,"profit_mean":0.0,"profit_mean_pct":0.0,"profit_total_abs":0.0,"profit_total":0.0,"profit_total_pct":0.0,"duration_avg":"0:00","wins":0,"draws":0,"losses":0,"winrate":0.0,"cagr":0.0,"expectancy":0.0,"expectancy_ratio":100.0,"sortino":0,"sharpe":0,"calmar":0,"sqn":0.0,"profit_factor":0.0,"max_drawdown_account":0.0,"max_drawdown_abs":0.0},{"key":"SHIB/USDT","trades":0,"profit_mean":0.0,"profit_mean_pct":0.0,"profit_total_abs":0.0,"profit_total":0.0,"profit_total_pct":0.0,"duration_avg":"0:00","wins":0,"draws":0,"losses":0,"winrate":0.0,"cagr":0.0,"expectancy":0.0,"expectancy_ratio":100.0,"sortino":0,"sharpe":0,"calmar":0,"sqn":0.0,"profit_factor":0.0,"max_drawdown_account":0.0,"max_drawdown_abs":0.0},{"key":"BIO/USDT","trades":0,"profit_mean":0.0,"profit_mean_pct":0.0,"profit_total_abs":0.0,"profit_total":0.0,"profit_total_pct":0.0,"duration_avg":"0:00","wins":0,"draws":0,"losses":0,"winrate":0.0,"cagr":0.0,"expectancy":0.0,"expectancy_ratio":100.0,"sortino":0,"sharpe":0,"calmar":0,"sqn":0.0,"profit_factor":0.0,"max_drawdown_account":0.0,"max_drawdown_abs":0.0},{"key":"DOT/USDT","trades":0,"profit_mean":0.0,"profit_mean_pct":0.0,"profit_total_abs":0.0,"profit_total":0.0,"profit_total_pct":0.0,"duration_avg":"0:00","wins":0,"draws":0,"losses":0,"winrate":0.0,"cagr":0.0,"expectancy":0.0,"expectancy_ratio":100.0,"sortino":0,"sharpe":0,"calmar":0,"sqn":0.0,"profit_factor":0.0,"max_drawdown_account":0.0,"max_drawdown_abs":0.0},{"key":"FIL/USDT","trades":0,"profit_mean":0.0,"profit_mean_pct":0.0,"profit_total_abs":0.0,"profit_total":0.0,"profit_total_pct":0.0,"duration_avg":"0:00","wins":0,"draws":0,"losses":0,"winrate":0.0,"cagr":0.0,"expectancy":0.0,"expectancy_ratio":100.0,"sortino":0,"sharpe":0,"calmar":0,"sqn":0.0,"profit_factor":0.0,"max_drawdown_account":0.0,"max_drawdown_abs":0.0},{"key":"S/USDT","trades":0,"profit_mean":0.0,"profit_mean_pct":0.0,"profit_total_abs":0.0,"profit_total":0.0,"profit_total_pct":0.0,"duration_avg":"0:00","wins":0,"draws":0,"losses":0,"winrate":0.0,"cagr":0.0,"expectancy":0.0,"expectancy_ratio":100.0,"sortino":0,"sharpe":0,"calmar":0,"sqn":0.0,"profit_factor":0.0,"max_drawdown_account":0.0,"max_drawdown_abs":0.0},{"key":"SEI/USDT","trades":0,"profit_mean":0.0,"profit_mean_pct":0.0,"profit_total_abs":0.0,"profit_total":0.0,"profit_total_pct":0.0,"duration_avg":"0:00","wins":0,"draws":0,"losses":0,"winrate":0.0,"cagr":0.0,"expectancy":0.0,"expectancy_ratio":100.0,"sortino":0,"sharpe":0,"calmar":0,"sqn":0.0,"profit_factor":0.0,"max_drawdown_account":0.0,"max_drawdown_abs":0.0},{"key":"LISTA/USDT","trades":0,"profit_mean":0.0,"profit_mean_pct":0.0,"profit_total_abs":0.0,"profit_total":0.0,"profit_total_pct":0.0,"duration_avg":"0:00","wins":0,"draws":0,"losses":0,"winrate":0.0,"cagr":0.0,"expectancy":0.0,"expectancy_ratio":100.0,"sortino":0,"sharpe":0,"calmar":0,"sqn":0.0,"profit_factor":0.0,"max_drawdown_account":0.0,"max_drawdown_abs":0.0},{"key":"STO/USDT","trades":0,"profit_mean":0.0,"profit_mean_pct":0.0,"profit_total_abs":0.0,"profit_total":0.0,"profit_total_pct":0.0,"duration_avg":"0:00","wins":0,"draws":0,"losses":0,"winrate":0.0,"cagr":0.0,"expectancy":0.0,"expectancy_ratio":100.0,"sortino":0,"sharpe":0,"calmar":0,"sqn":0.0,"profit_factor":0.0,"max_drawdown_account":0.0,"max_drawdown_abs":0.0},{"key":"WLFI/USDT","trades":0,"profit_mean":0.0,"profit_mean_pct":0.0,"profit_total_abs":0.0,"profit_total":0.0,"profit_total_pct":0.0,"duration_avg":"0:00","wins":0,"draws":0,"losses":0,"winrate":0.0,"cagr":0.0,"expectancy":0.0,"expectancy_ratio":100.0,"sortino":0,"sharpe":0,"calmar":0,"sqn":0.0,"profit_factor":0.0,"max_drawdown_account":0.0,"max_drawdown_abs":0.0},{"key":"TRUMP/USDT","trades":0,"profit_mean":0.0,"profit_mean_pct":0.0,"profit_total_abs":0.0,"profit_total":0.0,"profit_total_pct":0.0,"duration_avg":"0:00","wins":0,"draws":0,"losses":0,"winrate":0.0,"cagr":0.0,"expectancy":0.0,"expectancy_ratio":100.0,"sortino":0,"sharpe":0,"calmar":0,"sqn":0.0,"profit_factor":0.0,"max_drawdown_account":0.0,"max_drawdown_abs":0.0},{"key":"ARB/USDT","trades":0,"profit_mean":0.0,"profit_mean_pct":0.0,"profit_total_abs":0.0,"profit_total":0.0,"profit_total_pct":0.0,"duration_avg":"0:00","wins":0,"draws":0,"losses":0,"winrate":0.0,"cagr":0.0,"expectancy":0.0,"expectancy_ratio":100.0,"sortino":0,"sharpe":0,"calmar":0,"sqn":0.0,"profit_factor":0.0,"max_drawdown_account":0.0,"max_drawdown_abs":0.0},{"key":"LINK/USDT","trades":0,"profit_mean":0.0,"profit_mean_pct":0.0,"profit_total_abs":0.0,"profit_total":0.0,"profit_total_pct":0.0,"duration_avg":"0:00","wins":0,"draws":0,"losses":0,"winrate":0.0,"cagr":0.0,"expectancy":0.0,"expectancy_ratio":100.0,"sortino":0,"sharpe":0,"calmar":0,"sqn":0.0,"profit_factor":0.0,"max_drawdown_account":0.0,"max_drawdown_abs":0.0},{"key":"SUI/USDT","trades":0,"profit_mean":0.0,"profit_mean_pct":0.0,"profit_total_abs":0.0,"profit_total":0.0,"profit_total_pct":0.0,"duration_avg":"0:00","wins":0,"draws":0,"losses":0,"winrate":0.0,"cagr":0.0,"expectancy":0.0,"expectancy_ratio":100.0,"sortino":0,"sharpe":0,"calmar":0,"sqn":0.0,"profit_factor":0.0,"max_drawdown_account":0.0,"max_drawdown_abs":0.0},{"key":"WLD/USDT","trades":0,"profit_mean":0.0,"profit_mean_pct":0.0,"profit_total_abs":0.0,"profit_total":0.0,"profit_total_pct":0.0,"duration_avg":"0:00","wins":0,"draws":0,"losses":0,"winrate":0.0,"cagr":0.0,"expectancy":0.0,"expectancy_ratio":100.0,"sortino":0,"sharpe":0,"calmar":0,"sqn":0.0,"profit_factor":0.0,"max_drawdown_account":0.0,"max_drawdown_abs":0.0},{"key":"ASTER/USDT","trades":0,"profit_mean":0.0,"profit_mean_pct":0.0,"profit_total_abs":0.0,"profit_total":0.0,"profit_total_pct":0.0,"duration_avg":"0:00","wins":0,"draws":0,"losses":0,"winrate":0.0,"cagr":0.0,"expectancy":0.0,"expectancy_ratio":100.0,"sortino":0,"sharpe":0,"calmar":0,"sqn":0.0,"profit_factor":0.0,"max_drawdown_account":0.0,"max_drawdown_abs":0.0},{"key":"TAO/USDT","trades":0,"profit_mean":0.0,"profit_mean_pct":0.0,"profit_total_abs":0.0,"profit_total":0.0,"profit_total_pct":0.0,"duration_avg":"0:00","wins":0,"draws":0,"losses":0,"winrate":0.0,"cagr":0.0,"expectancy":0.0,"expectancy_ratio":100.0,"sortino":0,"sharpe":0,"calmar":0,"sqn":0.0,"profit_factor":0.0,"max_drawdown_account":0.0,"max_drawdown_abs":0.0},{"key":"XLM/USDT","trades":0,"profit_mean":0.0,"profit_mean_pct":0.0,"profit_total_abs":0.0,"profit_total":0.0,"profit_total_pct":0.0,"duration_avg":"0:00","wins":0,"draws":0,"losses":0,"winrate":0.0,"cagr":0.0,"expectancy":0.0,"expectancy_ratio":100.0,"sortino":0,"sharpe":0,"calmar":0,"sqn":0.0,"profit_factor":0.0,"max_drawdown_account":0.0,"max_drawdown_abs":0.0},{"key":"ENA/USDT","trades":0,"profit_mean":0.0,"profit_mean_pct":0.0,"profit_total_abs":0.0,"profit_total":0.0,"profit_total_pct":0.0,"duration_avg":"0:00","wins":0,"draws":0,"losses":0,"winrate":0.0,"cagr":0.0,"expectancy":0.0,"expectancy_ratio":100.0,"sortino":0,"sharpe":0,"calmar":0,"sqn":0.0,"profit_factor":0.0,"max_drawdown_account":0.0,"max_drawdown_abs":0.0},{"key":"SOL/USDT","trades":0,"profit_mean":0.0,"profit_mean_pct":0.0,"profit_total_abs":0.0,"profit_total":0.0,"profit_total_pct":0.0,"duration_avg":"0:00","wins":0,"draws":0,"losses":0,"winrate":0.0,"cagr":0.0,"expectancy":0.0,"expectancy_ratio":100.0,"sortino":0,"sharpe":0,"calmar":0,"sqn":0.0,"profit_factor":0.0,"max_drawdown_account":0.0,"max_drawdown_abs":0.0},{"key":"FLOKI/USDT","trades":0,"profit_mean":0.0,"profit_mean_pct":0.0,"profit_total_abs":0.0,"profit_total":0.0,"profit_total_pct":0.0,"duration_avg":"0:00","wins":0,"draws":0,"losses":0,"winrate":0.0,"cagr":0.0,"expectancy":0.0,"expectancy_ratio":100.0,"sortino":0,"sharpe":0,"calmar":0,"sqn":0.0,"profit_factor":0.0,"max_drawdown_account":0.0,"max_drawdown_abs":0.0},{"key":"TON/USDT","trades":0,"profit_mean":0.0,"profit_mean_pct":0.0,"profit_total_abs":0.0,"profit_total":0.0,"profit_total_pct":0.0,"duration_avg":"0:00","wins":0,"draws":0,"losses":0,"winrate":0.0,"cagr":0.0,"expectancy":0.0,"expectancy_ratio":100.0,"sortino":0,"sharpe":0,"calmar":0,"sqn":0.0,"profit_factor":0.0,"max_drawdown_account":0.0,"max_drawdown_abs":0.0},{"key":"PENDLE/USDT","trades":0,"profit_mean":0.0,"profit_mean_pct":0.0,"profit_total_abs":0.0,"profit_total":0.0,"profit_total_pct":0.0,"duration_avg":"0:00","wins":0,"draws":0,"losses":0,"winrate":0.0,"cagr":0.0,"expectancy":0.0,"expectancy_ratio":100.0,"sortino":0,"sharpe":0,"calmar":0,"sqn":0.0,"profit_factor":0.0,"max_drawdown_account":0.0,"max_drawdown_abs":0.0},{"key":"OPEN/USDT","trades":0,"profit_mean":0.0,"profit_mean_pct":0.0,"profit_total_abs":0.0,"profit_total":0.0,"profit_total_pct":0.0,"duration_avg":"0:00","wins":0,"draws":0,"losses":0,"winrate":0.0,"cagr":0.0,"expectancy":0.0,"expectancy_ratio":100.0,"sortino":0,"sharpe":0,"calmar":0,"sqn":0.0,"profit_factor":0.0,"max_drawdown_account":0.0,"max_drawdown_abs":0.0},{"key":"POL/USDT","trades":0,"profit_mean":0.0,"profit_mean_pct":0.0,"profit_total_abs":0.0,"profit_total":0.0,"profit_total_pct":0.0,"duration_avg":"0:00","wins":0,"draws":0,"losses":0,"winrate":0.0,"cagr":0.0,"expectancy":0.0,"expectancy_ratio":100.0,"sortino":0,"sharpe":0,"calmar":0,"sqn":0.0,"profit_factor":0.0,"max_drawdown_account":0.0,"max_drawdown_abs":0.0},{"key":"MIRA/USDT","trades":0,"profit_mean":0.0,"profit_mean_pct":0.0,"profit_total_abs":0.0,"profit_total":0.0,"profit_total_pct":0.0,"duration_avg":"0:00","wins":0,"draws":0,"losses":0,"winrate":0.0,"cagr":0.0,"expectancy":0.0,"expectancy_ratio":100.0,"sortino":0,"sharpe":0,"calmar":0,"sqn":0.0,"profit_factor":0.0,"max_drawdown_account":0.0,"max_drawdown_abs":0.0},{"key":"ETH/USDT","trades":0,"profit_mean":0.0,"profit_mean_pct":0.0,"profit_total_abs":0.0,"profit_total":0.0,"profit_total_pct":0.0,"duration_avg":"0:00","wins":0,"draws":0,"losses":0,"winrate":0.0,"cagr":0.0,"expectancy":0.0,"expectancy_ratio":100.0,"sortino":0,"sharpe":0,"calmar":0,"sqn":0.0,"profit_factor":0.0,"max_drawdown_account":0.0,"max_drawdown_abs":0.0},{"key":"DOGE/USDT","trades":0,"profit_mean":0.0,"profit_mean_pct":0.0,"profit_total_abs":0.0,"profit_total":0.0,"profit_total_pct":0.0,"duration_avg":"0:00","wins":0,"draws":0,"losses":0,"winrate":0.0,"cagr":0.0,"expectancy":0.0,"expectancy_ratio":100.0,"sortino":0,"sharpe":0,"calmar":0,"sqn":0.0,"profit_factor":0.0,"max_drawdown_account":0.0,"max_drawdown_abs":0.0},{"key":"ONDO/USDT","trades":0,"profit_mean":0.0,"profit_mean_pct":0.0,"profit_total_abs":0.0,"profit_total":0.0,"profit_total_pct":0.0,"duration_avg":"0:00","wins":0,"draws":0,"losses":0,"winrate":0.0,"cagr":0.0,"expectancy":0.0,"expectancy_ratio":100.0,"sortino":0,"sharpe":0,"calmar":0,"sqn":0.0,"profit_factor":0.0,"max_drawdown_account":0.0,"max_drawdown_abs":0.0},{"key":"BMT/USDT","trades":0,"profit_mean":0.0,"profit_mean_pct":0.0,"profit_total_abs":0.0,"profit_total":0.0,"profit_total_pct":0.0,"duration_avg":"0:00","wins":0,"draws":0,"losses":0,"winrate":0.0,"cagr":0.0,"expectancy":0.0,"expectancy_ratio":100.0,"sortino":0,"sharpe":0,"calmar":0,"sqn":0.0,"profit_factor":0.0,"max_drawdown_account":0.0,"max_drawdown_abs":0.0},{"key":"CFX/USDT","trades":0,"profit_mean":0.0,"profit_mean_pct":0.0,"profit_total_abs":0.0,"profit_total":0.0,"profit_total_pct":0.0,"duration_avg":"0:00","wins":0,"draws":0,"losses":0,"winrate":0.0,"cagr":0.0,"expectancy":0.0,"expectancy_ratio":100.0,"sortino":0,"sharpe":0,"calmar":0,"sqn":0.0,"profit_factor":0.0,"max_drawdown_account":0.0,"max_drawdown_abs":0.0},{"key":"ICP/USDT","trades":0,"profit_mean":0.0,"profit_mean_pct":0.0,"profit_total_abs":0.0,"profit_total":0.0,"profit_total_pct":0.0,"duration_avg":"0:00","wins":0,"draws":0,"losses":0,"winrate":0.0,"cagr":0.0,"expectancy":0.0,"expectancy_ratio":100.0,"sortino":0,"sharpe":0,"calmar":0,"sqn":0.0,"profit_factor":0.0,"max_drawdown_account":0.0,"max_drawdown_abs":0.0},{"key":"UNI/USDT","trades":0,"profit_mean":0.0,"profit_mean_pct":0.0,"profit_total_abs":0.0,"profit_total":0.0,"profit_total_pct":0.0,"duration_avg":"0:00","wins":0,"draws":0,"losses":0,"winrate":0.0,"cagr":0.0,"expectancy":0.0,"expectancy_ratio":100.0,"sortino":0,"sharpe":0,"calmar":0,"sqn":0.0,"profit_factor":0.0,"max_drawdown_account":0.0,"max_drawdown_abs":0.0},{"key":"ZEN/USDT","trades":0,"profit_mean":0.0,"profit_mean_pct":0.0,"profit_total_abs":0.0,"profit_total":0.0,"profit_total_pct":0.0,"duration_avg":"0:00","wins":0,"draws":0,"losses":0,"winrate":0.0,"cagr":0.0,"expectancy":0.0,"expectancy_ratio":100.0,"sortino":0,"sharpe":0,"calmar":0,"sqn":0.0,"profit_factor":0.0,"max_drawdown_account":0.0,"max_drawdown_abs":0.0},{"key":"AAVE/USDT","trades":0,"profit_mean":0.0,"profit_mean_pct":0.0,"profit_total_abs":0.0,"profit_total":0.0,"profit_total_pct":0.0,"duration_avg":"0:00","wins":0,"draws":0,"losses":0,"winrate":0.0,"cagr":0.0,"expectancy":0.0,"expectancy_ratio":100.0,"sortino":0,"sharpe":0,"calmar":0,"sqn":0.0,"profit_factor":0.0,"max_drawdown_account":0.0,"max_drawdown_abs":0.0},{"key":"HBAR/USDT","trades":0,"profit_mean":0.0,"profit_mean_pct":0.0,"profit_total_abs":0.0,"profit_total":0.0,"profit_total_pct":0.0,"duration_avg":"0:00","wins":0,"draws":0,"losses":0,"winrate":0.0,"cagr":0.0,"expectancy":0.0,"expectancy_ratio":100.0,"sortino":0,"sharpe":0,"calmar":0,"sqn":0.0,"profit_factor":0.0,"max_drawdown_account":0.0,"max_drawdown_abs":0.0},{"key":"CAKE/USDT","trades":0,"profit_mean":0.0,"profit_mean_pct":0.0,"profit_total_abs":0.0,"profit_total":0.0,"profit_total_pct":0.0,"duration_avg":"0:00","wins":0,"draws":0,"losses":0,"winrate":0.0,"cagr":0.0,"expectancy":0.0,"expectancy_ratio":100.0,"sortino":0,"sharpe":0,"calmar":0,"sqn":0.0,"profit_factor":0.0,"max_drawdown_account":0.0,"max_drawdown_abs":0.0},{"key":"EDEN/USDT","trades":1,"profit_mean":-0.032449386939629885,"profit_mean_pct":-3.24,"profit_total_abs":-167.4769655,"profit_total":-0.01674769655,"profit_total_pct":-1.67,"duration_avg":"5:35:00","wins":0,"draws":0,"losses":1,"winrate":0.0,"cagr":-0.22652468726060915,"expectancy":-167.4769655,"expectancy_ratio":-1.0,"sortino":-100,"sharpe":-100,"calmar":-100,"sqn":-100.0,"profit_factor":0.0,"max_drawdown_account":0.0,"max_drawdown_abs":0.0},{"key":"PAXG/USDT","trades":1,"profit_mean":-0.09226316667715277,"profit_mean_pct":-9.23,"profit_total_abs":-412.83072,"profit_total":-0.041283072,"profit_total_pct":-4.13,"duration_avg":"21 days, 12:45:00","wins":0,"draws":0,"losses":1,"winrate":0.0,"cagr":-0.47332653845281947,"expectancy":-412.83072,"expectancy_ratio":-1.0,"sortino":-100,"sharpe":-100,"calmar":-100,"sqn":-100.0,"profit_factor":0.0,"max_drawdown_account":0.0,"max_drawdown_abs":0.0},{"key":"TRX/USDT","trades":1,"profit_mean":-0.08162343662226232,"profit_mean_pct":-8.16,"profit_total_abs":-414.49268991,"profit_total":-0.041449268991,"profit_total_pct":-4.14,"duration_avg":"23 days, 9:55:00","wins":0,"draws":0,"losses":1,"winrate":0.0,"cagr":-0.47471336149862986,"expectancy":-414.49268991,"expectancy_ratio":-1.0,"sortino":-100,"sharpe":-100,"calmar":-100,"sqn":-100.0,"profit_factor":0.0,"max_drawdown_account":0.0,"max_drawdown_abs":0.0},{"key":"ADA/USDT","trades":1,"profit_mean":-0.12213346950461641,"profit_mean_pct":-12.21,"profit_total_abs":-608.25081767,"profit_total":-0.060825081766999994,"profit_total_pct":-6.08,"duration_avg":"2 days, 6:05:00","wins":0,"draws":0,"losses":1,"winrate":0.0,"cagr":-0.6149479230870518,"expectancy":-608.25081767,"expectancy_ratio":-1.0,"sortino":-100,"sharpe":-100,"calmar":-100,"sqn":-100.0,"profit_factor":0.0,"max_drawdown_account":0.0,"max_drawdown_abs":0.0},{"key":"TOTAL","trades":6,"profit_mean":-0.0411086438845562,"profit_mean_pct":-4.11,"profit_total_abs":-1197.24524236,"profit_total":-0.119724524236,"profit_total_pct":-11.97,"duration_avg":"7 days, 23:57:00","wins":2,"draws":0,"losses":4,"winrate":0.3333333333333333,"cagr":-0.8562058395919132,"expectancy":-199.5408737266666,"expectancy_ratio":-0.49790268604780263,"sortino":-6.094832533299592,"sharpe":-2.926957266627637,"calmar":-61.86523138497172,"sqn":-1.3703,"profit_factor":0.2531459709282961,"max_drawdown_account":0.15405353517754977,"max_drawdown_abs":1603.05119308}],"results_per_enter_tag":[{"key":"buy","trades":6,"profit_mean":-0.0411086438845562,"profit_mean_pct":-4.11,"profit_total_abs":-1197.24524236,"profit_total":-0.119724524236,"profit_total_pct":-11.97,"duration_avg":"7 days, 23:57:00","wins":2,"draws":0,"losses":4,"winrate":0.3333333333333333,"cagr":-0.8562058395919132,"expectancy":-199.5408737266666,"expectancy_ratio":-0.49790268604780263,"sortino":-6.094832533299592,"sharpe":-2.926957266627637,"calmar":-61.86523138497172,"sqn":-1.3703,"profit_factor":0.2531459709282961,"max_drawdown_account":0.15405353517754977,"max_drawdown_abs":1603.05119308},{"key":"TOTAL","trades":6,"profit_mean":-0.0411086438845562,"profit_mean_pct":-4.11,"profit_total_abs":-1197.24524236,"profit_total":-0.119724524236,"profit_total_pct":-11.97,"duration_avg":"7 days, 23:57:00","wins":2,"draws":0,"losses":4,"winrate":0.3333333333333333,"cagr":-0.8562058395919132,"expectancy":-199.5408737266666,"expectancy_ratio":-0.49790268604780263,"sortino":-6.094832533299592,"sharpe":-2.926957266627637,"calmar":-61.86523138497172,"sqn":-1.3703,"profit_factor":0.2531459709282961,"max_drawdown_account":0.15405353517754977,"max_drawdown_abs":1603.05119308}],"exit_reason_summary":[{"key":"trailing_stop_loss","trades":1,"profit_mean":0.07355975072755254,"profit_mean_pct":7.36,"profit_total_abs":364.84843272,"profit_total":0.036484843272,"profit_total_pct":3.65,"duration_avg":"8:15:00","wins":1,"draws":0,"losses":0,"winrate":1.0,"cagr":0.7245929957926518,"expectancy":364.84843272,"expectancy_ratio":100.0,"sortino":-100,"sharpe":-100,"calmar":-100,"sqn":-100.0,"profit_factor":0.0,"max_drawdown_account":0.0,"max_drawdown_abs":0.0},{"key":"sell","trades":3,"profit_mean":-0.048775003578491544,"profit_mean_pct":-4.88,"profit_total_abs":-734.7702651699999,"profit_total":-0.07347702651699999,"profit_total_pct":-7.35,"duration_avg":"21:35:00","wins":1,"draws":0,"losses":2,"winrate":0.3333333333333333,"cagr":-0.6867162098619072,"expectancy":-244.9234217233333,"expectancy_ratio":-0.6314674478267555,"sortino":-2.654000106179618,"sharpe":-2.161225495997954,"calmar":-75.7098780737272,"sqn":-1.2798,"profit_factor":0.05279882825986677,"max_drawdown_account":0.07725635546006294,"max_drawdown_abs":775.72778317},{"key":"force_exit","trades":2,"profit_mean":-0.08694330164970754,"profit_mean_pct":-8.69,"profit_total_abs":-827.32340991,"profit_total":-0.082732340991,"profit_total_pct":-8.27,"duration_avg":"22 days, 11:20:00","wins":0,"draws":0,"losses":2,"winrate":0.0,"cagr":-0.7310770261483728,"expectancy":-413.661704955,"expectancy_ratio":-1.0,"sortino":-792.5329783799245,"sharpe":-792.5329783799245,"calmar":-79.60405489392825,"sqn":-497.7969,"profit_factor":0.0,"max_drawdown_account":0.08273234099100009,"max_drawdown_abs":827.32340991},{"key":"TOTAL","trades":6,"profit_mean":-0.0411086438845562,"profit_mean_pct":-4.11,"profit_total_abs":-1197.24524236,"profit_total":-0.119724524236,"profit_total_pct":-11.97,"duration_avg":"7 days, 23:57:00","wins":2,"draws":0,"losses":4,"winrate":0.3333333333333333,"cagr":-0.8562058395919132,"expectancy":-199.5408737266666,"expectancy_ratio":-0.49790268604780263,"sortino":-6.094832533299592,"sharpe":-2.926957266627637,"calmar":-61.86523138497172,"sqn":-1.3703,"profit_factor":0.2531459709282961,"max_drawdown_account":0.15405353517754977,"max_drawdown_abs":1603.05119308}],"mix_tag_stats":[{"key":["buy","trailing_stop_loss"],"trades":1,"profit_mean":0.07355975072755254,"profit_mean_pct":7.36,"profit_total_abs":364.84843272,"profit_total":0.036484843272,"profit_total_pct":3.65,"duration_avg":"8:15:00","wins":1,"draws":0,"losses":0,"winrate":1.0,"cagr":0.7245929957926518,"expectancy":364.84843272,"expectancy_ratio":100.0,"sortino":-100,"sharpe":-100,"calmar":-100,"sqn":-100.0,"profit_factor":0.0,"max_drawdown_account":0.0,"max_drawdown_abs":0.0},{"key":["buy","sell"],"trades":3,"profit_mean":-0.048775003578491544,"profit_mean_pct":-4.88,"profit_total_abs":-734.7702651699999,"profit_total":-0.07347702651699999,"profit_total_pct":-7.35,"duration_avg":"21:35:00","wins":1,"draws":0,"losses":2,"winrate":0.3333333333333333,"cagr":-0.6867162098619072,"expectancy":-244.9234217233333,"expectancy_ratio":-0.6314674478267555,"sortino":-2.654000106179618,"sharpe":-2.161225495997954,"calmar":-75.7098780737272,"sqn":-1.2798,"profit_factor":0.05279882825986677,"max_drawdown_account":0.07725635546006294,"max_drawdown_abs":775.72778317},{"key":["buy","force_exit"],"trades":2,"profit_mean":-0.08694330164970754,"profit_mean_pct":-8.69,"profit_total_abs":-827.32340991,"profit_total":-0.082732340991,"profit_total_pct":-8.27,"duration_avg":"22 days, 11:20:00","wins":0,"draws":0,"losses":2,"winrate":0.0,"cagr":-0.7310770261483728,"expectancy":-413.661704955,"expectancy_ratio":-1.0,"sortino":-792.5329783799245,"sharpe":-792.5329783799245,"calmar":-79.60405489392825,"sqn":-497.7969,"profit_factor":0.0,"max_drawdown_account":0.08273234099100009,"max_drawdown_abs":827.32340991},{"key":"TOTAL","trades":6,"profit_mean":-0.0411086438845562,"profit_mean_pct":-4.11,"profit_total_abs":-1197.24524236,"profit_total":-0.119724524236,"profit_total_pct":-11.97,"duration_avg":"7 days, 23:57:00","wins":2,"draws":0,"losses":4,"winrate":0.3333333333333333,"cagr":-0.8562058395919132,"expectancy":-199.5408737266666,"expectancy_ratio":-0.49790268604780263,"sortino":-6.094832533299592,"sharpe":-2.926957266627637,"calmar":-61.86523138497172,"sqn":-1.3703,"profit_factor":0.2531459709282961,"max_drawdown_account":0.15405353517754977,"max_drawdown_abs":1603.05119308}],"left_open_trades":[{"key":"PAXG/USDT","trades":1,"profit_mean":-0.09226316667715277,"profit_mean_pct":-9.23,"profit_total_abs":-412.83072,"profit_total":-0.041283072,"profit_total_pct":-4.13,"duration_avg":"21 days, 12:45:00","wins":0,"draws":0,"losses":1,"winrate":0.0,"cagr":-0.47332653845281947,"expectancy":-412.83072,"expectancy_ratio":-1.0,"sortino":-100,"sharpe":-100,"calmar":-100,"sqn":-100.0,"profit_factor":0.0,"max_drawdown_account":0.0,"max_drawdown_abs":0.0},{"key":"TRX/USDT","trades":1,"profit_mean":-0.08162343662226232,"profit_mean_pct":-8.16,"profit_total_abs":-414.49268991,"profit_total":-0.041449268991,"profit_total_pct":-4.14,"duration_avg":"23 days, 9:55:00","wins":0,"draws":0,"losses":1,"winrate":0.0,"cagr":-0.47471336149862986,"expectancy":-414.49268991,"expectancy_ratio":-1.0,"sortino":-100,"sharpe":-100,"calmar":-100,"sqn":-100.0,"profit_factor":0.0,"max_drawdown_account":0.0,"max_drawdown_abs":0.0},{"key":"TOTAL","trades":2,"profit_mean":-0.08694330164970754,"profit_mean_pct":-8.69,"profit_total_abs":-827.32340991,"profit_total":-0.082732340991,"profit_total_pct":-8.27,"duration_avg":"22 days, 11:20:00","wins":0,"draws":0,"losses":2,"winrate":0.0,"cagr":-0.7310770261483728,"expectancy":-413.661704955,"expectancy_ratio":-1.0,"sortino":-792.5329783799245,"sharpe":-792.5329783799245,"calmar":-79.60405489392825,"sqn":-497.7969,"profit_factor":0.0,"max_drawdown_account":0.08273234099100009,"max_drawdown_abs":827.32340991}],"total_trades":6,"trade_count_long":6,"trade_count_short":0,"total_volume":58144.072400325174,"avg_stake_amount":4925.767131435,"profit_mean":-0.0411086438845562,"profit_median":-0.0570364117809461,"profit_total":-0.119724524236,"profit_total_long":-0.119724524236,"profit_total_short":0.0,"profit_total_abs":-1197.24524236,"profit_total_long_abs":-1197.24524236,"profit_total_short_abs":0.0,"cagr":-0.8562058395919132,"expectancy":-199.5408737266666,"expectancy_ratio":-0.49790268604780263,"sortino":-6.094832533299592,"sharpe":-2.926957266627637,"calmar":-61.86523138497172,"sqn":-1.3703,"profit_factor":0.2531459709282961,"backtest_start":"2025-10-15 00:00:00","backtest_start_ts":1760486400000,"backtest_end":"2025-11-08 00:00:00","backtest_end_ts":1762560000000,"backtest_days":24,"backtest_run_start_ts":1762692389,"backtest_run_end_ts":1762692407,"trades_per_day":0.25,"market_change":-0.08414019148588012,"pairlist":["TRX/USDT","EDEN/USDT","AVNT/USDT","BONK/USDT","PEPE/USDT","BNB/USDT","APT/USDT","LINEA/USDT","WIF/USDT","VIRTUAL/USDT","NEAR/USDT","PUMP/USDT","FET/USDT","ADA/USDT","AVAX/USDT","PLUME/USDT","LTC/USDT","FORM/USDT","CRV/USDT","BTC/USDT","XPL/USDT","TUT/USDT","PAXG/USDT","SOMI/USDT","SHIB/USDT","BIO/USDT","DOT/USDT","FIL/USDT","S/USDT","SEI/USDT","LISTA/USDT","STO/USDT","WLFI/USDT","TRUMP/USDT","ARB/USDT","EIGEN/USDT","LINK/USDT","SUI/USDT","WLD/USDT","ASTER/USDT","TAO/USDT","XLM/USDT","ENA/USDT","SOL/USDT","FLOKI/USDT","TON/USDT","PENDLE/USDT","OPEN/USDT","POL/USDT","MIRA/USDT","ETH/USDT","DOGE/USDT","ONDO/USDT","BMT/USDT","CFX/USDT","ICP/USDT","UNI/USDT","ZEN/USDT","AAVE/USDT","HBAR/USDT","CAKE/USDT"],"stake_amount":"unlimited","stake_currency":"USDT","stake_currency_decimals":3,"starting_balance":10000,"dry_run_wallet":10000,"final_balance":8802.75475764,"rejected_signals":113692,"timedout_entry_orders":0,"timedout_exit_orders":0,"canceled_trade_entries":0,"canceled_entry_orders":0,"replaced_entry_orders":0,"max_open_trades":2,"max_open_trades_setting":2,"timeframe":"5m","timeframe_detail":"","timerange":"20251015-20251108","enable_protections":false,"strategy_name":"KamaFama","freqaimodel":null,"freqai_identifier":null,"stoploss":-0.25,"trailing_stop":false,"trailing_stop_positive":0.002,"trailing_stop_positive_offset":0.05,"trailing_only_offset_is_reached":true,"use_custom_stoploss":true,"minimal_roi":{"0":1},"use_exit_signal":true,"exit_profit_only":false,"exit_profit_offset":0.0,"ignore_roi_if_entry_signal":false,"trading_mode":"spot","margin_mode":"isolated","periodic_breakdown":{"day":[{"date":"15/10/2025","date_ts":1760486400000,"profit_abs":238.32898522,"wins":2,"draws":0,"losses":1,"trades":3,"profit_factor":2.42305531},{"date":"16/10/2025","date_ts":1760572800000,"profit_abs":0.0,"wins":0,"draws":0,"losses":0,"trades":0,"profit_factor":0.0},{"date":"17/10/2025","date_ts":1760659200000,"profit_abs":-608.25081767,"wins":0,"draws":0,"losses":1,"trades":1,"profit_factor":0.0},{"date":"18/10/2025","date_ts":1760745600000,"profit_abs":0.0,"wins":0,"draws":0,"losses":0,"trades":0,"profit_factor":0.0},{"date":"19/10/2025","date_ts":1760832000000,"profit_abs":0.0,"wins":0,"draws":0,"losses":0,"trades":0,"profit_factor":0.0},{"date":"20/10/2025","date_ts":1760918400000,"profit_abs":0.0,"wins":0,"draws":0,"losses":0,"trades":0,"profit_factor":0.0},{"date":"21/10/2025","date_ts":1761004800000,"profit_abs":0.0,"wins":0,"draws":0,"losses":0,"trades":0,"profit_factor":0.0},{"date":"22/10/2025","date_ts":1761091200000,"profit_abs":0.0,"wins":0,"draws":0,"losses":0,"trades":0,"profit_factor":0.0},{"date":"23/10/2025","date_ts":1761177600000,"profit_abs":0.0,"wins":0,"draws":0,"losses":0,"trades":0,"profit_factor":0.0},{"date":"24/10/2025","date_ts":1761264000000,"profit_abs":0.0,"wins":0,"draws":0,"losses":0,"trades":0,"profit_factor":0.0},{"date":"25/10/2025","date_ts":1761350400000,"profit_abs":0.0,"wins":0,"draws":0,"losses":0,"trades":0,"profit_factor":0.0},{"date":"26/10/2025","date_ts":1761436800000,"profit_abs":0.0,"wins":0,"draws":0,"losses":0,"trades":0,"profit_factor":0.0},{"date":"27/10/2025","date_ts":1761523200000,"profit_abs":0.0,"wins":0,"draws":0,"losses":0,"trades":0,"profit_factor":0.0},{"date":"28/10/2025","date_ts":1761609600000,"profit_abs":0.0,"wins":0,"draws":0,"losses":0,"trades":0,"profit_factor":0.0},{"date":"29/10/2025","date_ts":1761696000000,"profit_abs":0.0,"wins":0,"draws":0,"losses":0,"trades":0,"profit_factor":0.0},{"date":"30/10/2025","date_ts":1761782400000,"profit_abs":0.0,"wins":0,"draws":0,"losses":0,"trades":0,"profit_factor":0.0},{"date":"31/10/2025","date_ts":1761868800000,"profit_abs":0.0,"wins":0,"draws":0,"losses":0,"trades":0,"profit_factor":0.0},{"date":"01/11/2025","date_ts":1761955200000,"profit_abs":0.0,"wins":0,"draws":0,"losses":0,"trades":0,"profit_factor":0.0},{"date":"02/11/2025","date_ts":1762041600000,"profit_abs":0.0,"wins":0,"draws":0,"losses":0,"trades":0,"profit_factor":0.0},{"date":"03/11/2025","date_ts":1762128000000,"profit_abs":0.0,"wins":0,"draws":0,"losses":0,"trades":0,"profit_factor":0.0},{"date":"04/11/2025","date_ts":1762214400000,"profit_abs":0.0,"wins":0,"draws":0,"losses":0,"trades":0,"profit_factor":0.0},{"date":"05/11/2025","date_ts":1762300800000,"profit_abs":0.0,"wins":0,"draws":0,"losses":0,"trades":0,"profit_factor":0.0},{"date":"06/11/2025","date_ts":1762387200000,"profit_abs":0.0,"wins":0,"draws":0,"losses":0,"trades":0,"profit_factor":0.0},{"date":"07/11/2025","date_ts":1762473600000,"profit_abs":0.0,"wins":0,"draws":0,"losses":0,"trades":0,"profit_factor":0.0},{"date":"08/11/2025","date_ts":1762560000000,"profit_abs":-827.32340991,"wins":0,"draws":0,"losses":2,"trades":2,"profit_factor":0.0}],"week":[{"date":"20/10/2025","date_ts":1760918400000,"profit_abs":-369.92183245,"wins":2,"draws":0,"losses":2,"trades":4,"profit_factor":0.52312932},{"date":"27/10/2025","date_ts":1761523200000,"profit_abs":0.0,"wins":0,"draws":0,"losses":0,"trades":0,"profit_factor":0.0},{"date":"03/11/2025","date_ts":1762128000000,"profit_abs":0.0,"wins":0,"draws":0,"losses":0,"trades":0,"profit_factor":0.0},{"date":"10/11/2025","date_ts":1762732800000,"profit_abs":-827.32340991,"wins":0,"draws":0,"losses":2,"trades":2,"profit_factor":0.0}],"month":[{"date":"31/10/2025","date_ts":1761868800000,"profit_abs":-369.92183245,"wins":2,"draws":0,"losses":2,"trades":4,"profit_factor":0.52312932},{"date":"30/11/2025","date_ts":1764460800000,"profit_abs":-827.32340991,"wins":0,"draws":0,"losses":2,"trades":2,"profit_factor":0.0}],"year":[{"date":"31/12/2025","date_ts":1767139200000,"profit_abs":-1197.24524236,"wins":2,"draws":0,"losses":4,"trades":6,"profit_factor":0.25314597}],"weekday":[{"date":"Wednesday","date_ts":2,"profit_abs":238.32898522,"wins":2,"draws":0,"losses":1,"trades":3,"profit_factor":2.42305531},{"date":"Friday","date_ts":4,"profit_abs":-608.25081767,"wins":0,"draws":0,"losses":1,"trades":1,"profit_factor":0.0},{"date":"Saturday","date_ts":5,"profit_abs":-827.32340991,"wins":0,"draws":0,"losses":2,"trades":2,"profit_factor":0.0}]},"backtest_best_day":0.04936820949669432,"backtest_worst_day":-0.17388660329941508,"backtest_best_day_abs":238.32898522,"backtest_worst_day_abs":-827.32340991,"winning_days":1,"draw_days":22,"losing_days":2,"daily_profit":[["2025-10-15",238.32898522],["2025-10-16",0.0],["2025-10-17",-608.25081767],["2025-10-18",0.0],["2025-10-19",0.0],["2025-10-20",0.0],["2025-10-21",0.0],["2025-10-22",0.0],["2025-10-23",0.0],["2025-10-24",0.0],["2025-10-25",0.0],["2025-10-26",0.0],["2025-10-27",0.0],["2025-10-28",0.0],["2025-10-29",0.0],["2025-10-30",0.0],["2025-10-31",0.0],["2025-11-01",0.0],["2025-11-02",0.0],["2025-11-03",0.0],["2025-11-04",0.0],["2025-11-05",0.0],["2025-11-06",0.0],["2025-11-07",0.0],["2025-11-08",-827.32340991]],"wins":2,"losses":4,"draws":0,"winrate":0.3333333333333333,"holding_avg":"7 days, 23:57:00","holding_avg_s":691020.0,"winner_holding_min":"0d 05:05","winner_holding_min_s":18300.0,"winner_holding_max":"0d 08:15","winner_holding_max_s":29700.0,"winner_holding_avg":"0d 06:40","winner_holding_avg_s":24000.0,"loser_holding_min":"0d 05:35","loser_holding_min_s":20100.0,"loser_holding_max":"23d 09:55","loser_holding_max_s":2022900.0,"loser_holding_avg":"11d 20:35","loser_holding_avg_s":1024500.0,"max_consecutive_wins":2,"max_consecutive_losses":4,"max_drawdown_account":0.15405353517754977,"max_relative_drawdown":0.15405353517754977,"max_drawdown_abs":1603.05119308,"drawdown_start":"2025-10-15 08:30:00","drawdown_start_ts":1760517000000.0,"drawdown_end":"2025-11-08 00:00:00","drawdown_end_ts":1762560000000.0,"drawdown_duration":"23 days 15:30:00","drawdown_duration_s":2043000.0,"max_drawdown_low":-1197.24524236,"max_drawdown_high":405.80595072,"csum_min":8802.75475764,"csum_max":10405.80595072}},"strategy_comparison":[{"key":"KamaFama","trades":6,"profit_mean":-0.0411086438845562,"profit_mean_pct":-4.11,"profit_total_abs":-1197.24524236,"profit_total":-0.119724524236,"profit_total_pct":-11.97,"duration_avg":"7 days, 23:57:00","wins":2,"draws":0,"losses":4,"winrate":0.3333333333333333,"cagr":-0.8562058395919132,"expectancy":-199.5408737266666,"expectancy_ratio":-0.49790268604780263,"sortino":-6.094832533299592,"sharpe":-2.926957266627637,"calmar":-61.86523138497172,"sqn":-1.3703,"profit_factor":0.2531459709282961,"max_drawdown_account":0.15405353517754977,"max_drawdown_abs":"1603.051"}]}