{"strategy":{"ADX_15M_USDT":{"trades":[{"pair":"ADA/USDT","stake_amount":329.97525,"max_stake_amount":329.97525,"amount":521.7,"open_date":"2025-10-18 14:45:00+00:00","close_date":"2025-10-18 23:45:00+00:00","open_rate":0.6325,"close_rate":0.6338,"fee_open":0.001,"fee_close":0.001,"trade_duration":540,"profit_ratio":5.3227405006061136e-05,"profit_abs":0.01758129,"exit_reason":"roi","initial_stop_loss_abs":0.5532,"initial_stop_loss_ratio":-0.1255,"stop_loss_abs":0.5532,"stop_loss_ratio":-0.1255,"min_rate":0.626,"max_rate":0.6392,"is_open":false,"enter_tag":"","leverage":1.0,"is_short":false,"open_timestamp":1760798700000,"close_timestamp":1760831100000,"orders":[{"amount":521.7,"safe_price":0.6325,"ft_order_side":"buy","order_filled_timestamp":1760798700000,"ft_is_entry":true,"ft_order_tag":"","cost":330.30522525},{"amount":521.7,"safe_price":0.6338,"ft_order_side":"sell","order_filled_timestamp":1760831100000,"ft_is_entry":false,"ft_order_tag":"roi","cost":330.98411346}],"funding_fees":0.0,"weekday":5},{"pair":"ETH/USDT","stake_amount":329.908698,"max_stake_amount":329.908698,"amount":0.0846,"open_date":"2025-10-19 03:45:00+00:00","close_date":"2025-10-19 12:45:00+00:00","open_rate":3899.63,"close_rate":3915.78,"fee_open":0.001,"fee_close":0.001,"trade_duration":540,"profit_ratio":0.0021351419721947072,"profit_abs":0.70510631,"exit_reason":"roi","initial_stop_loss_abs":3410.2264350000005,"initial_stop_loss_ratio":-0.1255,"stop_loss_abs":3410.2264350000005,"stop_loss_ratio":-0.1255,"min_rate":3827.04,"max_rate":3955.6,"is_open":false,"enter_tag":"","leverage":1.0,"is_short":false,"open_timestamp":1760845500000,"close_timestamp":1760877900000,"orders":[{"amount":0.0846,"safe_price":3899.63,"ft_order_side":"buy","order_filled_timestamp":1760845500000,"ft_is_entry":true,"ft_order_tag":"","cost":330.23860669799996},{"amount":0.0846,"safe_price":3915.78,"ft_order_side":"sell","order_filled_timestamp":1760877900000,"ft_is_entry":false,"ft_order_tag":"roi","cost":331.60626298799997}],"funding_fees":0.0,"weekday":6},{"pair":"ADA/USDT","stake_amount":329.98053,"max_stake_amount":329.98053,"amount":519.9,"open_date":"2025-10-19 03:45:00+00:00","close_date":"2025-10-19 12:45:00+00:00","open_rate":0.6347,"close_rate":0.6395,"fee_open":0.001,"fee_close":0.001,"trade_duration":540,"profit_ratio":0.005549515869352013,"profit_abs":1.83306342,"exit_reason":"roi","initial_stop_loss_abs":0.5551,"initial_stop_loss_ratio":-0.1255,"stop_loss_abs":0.5551,"stop_loss_ratio":-0.1255,"min_rate":0.6225,"max_rate":0.65,"is_open":false,"enter_tag":"","leverage":1.0,"is_short":false,"open_timestamp":1760845500000,"close_timestamp":1760877900000,"orders":[{"amount":519.9,"safe_price":0.6347,"ft_order_side":"buy","order_filled_timestamp":1760845500000,"ft_is_entry":true,"ft_order_tag":"","cost":330.31051052999993},{"amount":519.9,"safe_price":0.6395,"ft_order_side":"sell","order_filled_timestamp":1760877900000,"ft_is_entry":false,"ft_order_tag":"roi","cost":332.80852604999995}],"funding_fees":0.0,"weekday":6},{"pair":"XRP/USDT","stake_amount":329.90155,"max_stake_amount":329.90155,"amount":139.7,"open_date":"2025-10-19 03:45:00+00:00","close_date":"2025-10-19 12:45:00+00:00","open_rate":2.3615,"close_rate":2.3674,"fee_open":0.001,"fee_close":0.001,"trade_duration":540,"profit_ratio":0.0004954181960322126,"profit_abs":0.16360267,"exit_reason":"roi","initial_stop_loss_abs":2.0652,"initial_stop_loss_ratio":-0.1255,"stop_loss_abs":2.0652,"stop_loss_ratio":-0.1255,"min_rate":2.3177,"max_rate":2.3984,"is_open":false,"enter_tag":"","leverage":1.0,"is_short":false,"open_timestamp":1760845500000,"close_timestamp":1760877900000,"orders":[{"amount":139.7,"safe_price":2.3615,"ft_order_side":"buy","order_filled_timestamp":1760845500000,"ft_is_entry":true,"ft_order_tag":"","cost":330.23145155},{"amount":139.7,"safe_price":2.3674,"ft_order_side":"sell","order_filled_timestamp":1760877900000,"ft_is_entry":false,"ft_order_tag":"roi","cost":331.05650577999995}],"funding_fees":0.0,"weekday":6},{"pair":"BTC/USDT","stake_amount":330.5910928,"max_stake_amount":330.5910928,"amount":0.00304,"open_date":"2025-10-20 02:45:00+00:00","close_date":"2025-10-20 11:45:00+00:00","open_rate":108747.07,"close_rate":110741.38,"fee_open":0.001,"fee_close":0.001,"trade_duration":540,"profit_ratio":0.01630433354058426,"profit_abs":5.39545751,"exit_reason":"roi","initial_stop_loss_abs":95099.31271500001,"initial_stop_loss_ratio":-0.1255,"stop_loss_abs":95099.31271500001,"stop_loss_ratio":-0.1255,"min_rate":108571.59,"max_rate":111679.25,"is_open":false,"enter_tag":"","leverage":1.0,"is_short":false,"open_timestamp":1760928300000,"close_timestamp":1760960700000,"orders":[{"amount":0.00304,"safe_price":108747.07,"ft_order_side":"buy","order_filled_timestamp":1760928300000,"ft_is_entry":true,"ft_order_tag":"","cost":330.9216838928},{"amount":0.00304,"safe_price":110741.38,"ft_order_side":"sell","order_filled_timestamp":1760960700000,"ft_is_entry":false,"ft_order_tag":"roi","cost":336.9904489952}],"funding_fees":0.0,"weekday":0},{"pair":"XRP/USDT","stake_amount":330.8964,"max_stake_amount":330.8964,"amount":138.0,"open_date":"2025-10-20 03:30:00+00:00","close_date":"2025-10-20 12:30:00+00:00","open_rate":2.3978,"close_rate":2.4552,"fee_open":0.001,"fee_close":0.001,"trade_duration":540,"profit_ratio":0.021892779003463796,"profit_abs":7.251486,"exit_reason":"roi","initial_stop_loss_abs":2.0969,"initial_stop_loss_ratio":-0.1255,"stop_loss_abs":2.0969,"stop_loss_ratio":-0.1255,"min_rate":2.394,"max_rate":2.48,"is_open":false,"enter_tag":"","leverage":1.0,"is_short":false,"open_timestamp":1760931000000,"close_timestamp":1760963400000,"orders":[{"amount":138.0,"safe_price":2.3978,"ft_order_side":"buy","order_filled_timestamp":1760931000000,"ft_is_entry":true,"ft_order_tag":"","cost":331.2272964},{"amount":138.0,"safe_price":2.4552,"ft_order_side":"sell","order_filled_timestamp":1760963400000,"ft_is_entry":false,"ft_order_tag":"roi","cost":339.1564176}],"funding_fees":0.0,"weekday":0},{"pair":"ETH/USDT","stake_amount":330.680661,"max_stake_amount":330.680661,"amount":0.0831,"open_date":"2025-10-20 03:45:00+00:00","close_date":"2025-10-20 12:45:00+00:00","open_rate":3979.31,"close_rate":4028.76,"fee_open":0.001,"fee_close":0.001,"trade_duration":540,"profit_ratio":0.010403946773301012,"profit_abs":3.44382438,"exit_reason":"roi","initial_stop_loss_abs":3479.9065950000004,"initial_stop_loss_ratio":-0.1255,"stop_loss_abs":3479.9065950000004,"stop_loss_ratio":-0.1255,"min_rate":3975.56,"max_rate":4085.3,"is_open":false,"enter_tag":"","leverage":1.0,"is_short":false,"open_timestamp":1760931900000,"close_timestamp":1760964300000,"orders":[{"amount":0.0831,"safe_price":3979.31,"ft_order_side":"buy","order_filled_timestamp":1760931900000,"ft_is_entry":true,"ft_order_tag":"","cost":331.01134166099996},{"amount":0.0831,"safe_price":4028.76,"ft_order_side":"sell","order_filled_timestamp":1760964300000,"ft_is_entry":false,"ft_order_tag":"roi","cost":335.12474595599997}],"funding_fees":0.0,"weekday":0},{"pair":"ADA/USDT","stake_amount":335.0522,"max_stake_amount":335.0522,"amount":501.2,"open_date":"2025-10-20 12:30:00+00:00","close_date":"2025-10-21 14:45:00+00:00","open_rate":0.6685,"close_rate":0.6698383383383383,"fee_open":0.001,"fee_close":0.001,"trade_duration":1575,"profit_ratio":0.0,"profit_abs":0.0,"exit_reason":"roi","initial_stop_loss_abs":0.5847,"initial_stop_loss_ratio":-0.1255,"stop_loss_abs":0.5847,"stop_loss_ratio":-0.1255,"min_rate":0.6369,"max_rate":0.6754,"is_open":false,"enter_tag":"","leverage":1.0,"is_short":false,"open_timestamp":1760963400000,"close_timestamp":1761057900000,"orders":[{"amount":501.2,"safe_price":0.6685,"ft_order_side":"buy","order_filled_timestamp":1760963400000,"ft_is_entry":true,"ft_order_tag":"","cost":335.3872521999999},{"amount":501.2,"safe_price":0.6698383383383383,"ft_order_side":"sell","order_filled_timestamp":1761057900000,"ft_is_entry":false,"ft_order_tag":"roi","cost":336.05869815035027}],"funding_fees":0.0,"weekday":1},{"pair":"BTC/USDT","stake_amount":336.1145296,"max_stake_amount":336.1145296,"amount":0.00304,"open_date":"2025-10-20 17:15:00+00:00","close_date":"2025-10-21 14:45:00+00:00","open_rate":110563.99,"close_rate":110785.33932932933,"fee_open":0.001,"fee_close":0.001,"trade_duration":1290,"profit_ratio":0.0,"profit_abs":0.0,"exit_reason":"roi","initial_stop_loss_abs":96688.20925500001,"initial_stop_loss_ratio":-0.1255,"stop_loss_abs":96688.20925500001,"stop_loss_ratio":-0.1255,"min_rate":107473.72,"max_rate":112290.31,"is_open":false,"enter_tag":"","leverage":1.0,"is_short":false,"open_timestamp":1760980500000,"close_timestamp":1761057900000,"orders":[{"amount":0.00304,"safe_price":110563.99,"ft_order_side":"buy","order_filled_timestamp":1760980500000,"ft_is_entry":true,"ft_order_tag":"","cost":336.4506441296},{"amount":0.00304,"safe_price":110785.33932932933,"ft_order_side":"sell","order_filled_timestamp":1761057900000,"ft_is_entry":false,"ft_order_tag":"roi","cost":337.1242189927223}],"funding_fees":0.0,"weekday":1},{"pair":"XRP/USDT","stake_amount":336.13978,"max_stake_amount":336.13978,"amount":136.1,"open_date":"2025-10-20 18:45:00+00:00","close_date":"2025-10-21 14:45:00+00:00","open_rate":2.4698,"close_rate":2.4747445445445444,"fee_open":0.001,"fee_close":0.001,"trade_duration":1200,"profit_ratio":0.0,"profit_abs":0.0,"exit_reason":"roi","initial_stop_loss_abs":2.1599,"initial_stop_loss_ratio":-0.1255,"stop_loss_abs":2.1599,"stop_loss_ratio":-0.1255,"min_rate":2.4011,"max_rate":2.5529,"is_open":false,"enter_tag":"","leverage":1.0,"is_short":false,"open_timestamp":1760985900000,"close_timestamp":1761057900000,"orders":[{"amount":136.1,"safe_price":2.4698,"ft_order_side":"buy","order_filled_timestamp":1760985900000,"ft_is_entry":true,"ft_order_tag":"","cost":336.47591977999997},{"amount":136.1,"safe_price":2.4747445445445444,"ft_order_side":"sell","order_filled_timestamp":1761057900000,"ft_is_entry":false,"ft_order_tag":"roi","cost":337.14954524502497}],"funding_fees":0.0,"weekday":1},{"pair":"BTC/USDT","stake_amount":336.048928,"max_stake_amount":336.048928,"amount":0.0031,"open_date":"2025-10-22 15:15:00+00:00","close_date":"2025-10-23 03:15:00+00:00","open_rate":108402.88,"close_rate":108619.90278278278,"fee_open":0.001,"fee_close":0.001,"trade_duration":720,"profit_ratio":0.0,"profit_abs":0.0,"exit_reason":"roi","initial_stop_loss_abs":94798.31856000001,"initial_stop_loss_ratio":-0.1255,"stop_loss_abs":94798.31856000001,"stop_loss_ratio":-0.1255,"min_rate":106666.69,"max_rate":108796.42,"is_open":false,"enter_tag":"","leverage":1.0,"is_short":false,"open_timestamp":1761146100000,"close_timestamp":1761189300000,"orders":[{"amount":0.0031,"safe_price":108402.88,"ft_order_side":"buy","order_filled_timestamp":1761146100000,"ft_is_entry":true,"ft_order_tag":"","cost":336.38497692799996},{"amount":0.0031,"safe_price":108619.90278278278,"ft_order_side":"sell","order_filled_timestamp":1761189300000,"ft_is_entry":false,"ft_order_tag":"roi","cost":337.0584203252532}],"funding_fees":0.0,"weekday":3},{"pair":"SOL/USDT","stake_amount":336.13272,"max_stake_amount":336.13272,"amount":1.806,"open_date":"2025-10-22 12:30:00+00:00","close_date":"2025-10-23 06:15:00+00:00","open_rate":186.12,"close_rate":186.49261261261262,"fee_open":0.001,"fee_close":0.001,"trade_duration":1065,"profit_ratio":0.0,"profit_abs":0.0,"exit_reason":"roi","initial_stop_loss_abs":162.76194,"initial_stop_loss_ratio":-0.1255,"stop_loss_abs":162.76194,"stop_loss_ratio":-0.1255,"min_rate":177.04,"max_rate":187.04,"is_open":false,"enter_tag":"","leverage":1.0,"is_short":false,"open_timestamp":1761136200000,"close_timestamp":1761200100000,"orders":[{"amount":1.806,"safe_price":186.12,"ft_order_side":"buy","order_filled_timestamp":1761136200000,"ft_is_entry":true,"ft_order_tag":"","cost":336.46885272},{"amount":1.806,"safe_price":186.49261261261262,"ft_order_side":"sell","order_filled_timestamp":1761200100000,"ft_is_entry":false,"ft_order_tag":"roi","cost":337.14246403675673}],"funding_fees":0.0,"weekday":3},{"pair":"XRP/USDT","stake_amount":335.9997,"max_stake_amount":335.9997,"amount":139.5,"open_date":"2025-10-22 13:15:00+00:00","close_date":"2025-10-23 06:15:00+00:00","open_rate":2.4086,"close_rate":2.4134220220220217,"fee_open":0.001,"fee_close":0.001,"trade_duration":1020,"profit_ratio":0.0,"profit_abs":0.0,"exit_reason":"roi","initial_stop_loss_abs":2.1064,"initial_stop_loss_ratio":-0.1255,"stop_loss_abs":2.1064,"stop_loss_ratio":-0.1255,"min_rate":2.3255,"max_rate":2.4168,"is_open":false,"enter_tag":"","leverage":1.0,"is_short":false,"open_timestamp":1761138900000,"close_timestamp":1761200100000,"orders":[{"amount":139.5,"safe_price":2.4086,"ft_order_side":"buy","order_filled_timestamp":1761138900000,"ft_is_entry":true,"ft_order_tag":"","cost":336.3356996999999},{"amount":139.5,"safe_price":2.4134220220220217,"ft_order_side":"sell","order_filled_timestamp":1761200100000,"ft_is_entry":false,"ft_order_tag":"roi","cost":337.0090444441441}],"funding_fees":0.0,"weekday":3},{"pair":"ADA/USDT","stake_amount":336.18515,"max_stake_amount":336.18515,"amount":525.7,"open_date":"2025-10-23 13:00:00+00:00","close_date":"2025-10-23 22:00:00+00:00","open_rate":0.6395,"close_rate":0.6407802802802801,"fee_open":0.001,"fee_close":0.001,"trade_duration":540,"profit_ratio":0.0,"profit_abs":0.0,"exit_reason":"roi","initial_stop_loss_abs":0.5593,"initial_stop_loss_ratio":-0.1255,"stop_loss_abs":0.5593,"stop_loss_ratio":-0.1255,"min_rate":0.6345,"max_rate":0.654,"is_open":false,"enter_tag":"","leverage":1.0,"is_short":false,"open_timestamp":1761224400000,"close_timestamp":1761256800000,"orders":[{"amount":525.7,"safe_price":0.6395,"ft_order_side":"buy","order_filled_timestamp":1761224400000,"ft_is_entry":true,"ft_order_tag":"","cost":336.52133514999997},{"amount":525.7,"safe_price":0.6407802802802801,"ft_order_side":"sell","order_filled_timestamp":1761256800000,"ft_is_entry":false,"ft_order_tag":"roi","cost":337.19505153668655}],"funding_fees":0.0,"weekday":3},{"pair":"BTC/USDT","stake_amount":335.8031698,"max_stake_amount":335.8031698,"amount":0.00307,"open_date":"2025-10-23 13:45:00+00:00","close_date":"2025-10-23 22:45:00+00:00","open_rate":109382.14,"close_rate":110005.62,"fee_open":0.001,"fee_close":0.001,"trade_duration":540,"profit_ratio":0.003690625841566598,"profit_abs":1.24056318,"exit_reason":"roi","initial_stop_loss_abs":95654.68143000001,"initial_stop_loss_ratio":-0.1255,"stop_loss_abs":95654.68143000001,"stop_loss_ratio":-0.1255,"min_rate":108723.13,"max_rate":111293.61,"is_open":false,"enter_tag":"","leverage":1.0,"is_short":false,"open_timestamp":1761227100000,"close_timestamp":1761259500000,"orders":[{"amount":0.00307,"safe_price":109382.14,"ft_order_side":"buy","order_filled_timestamp":1761227100000,"ft_is_entry":true,"ft_order_tag":"","cost":336.13897296979997},{"amount":0.00307,"safe_price":110005.62,"ft_order_side":"sell","order_filled_timestamp":1761259500000,"ft_is_entry":false,"ft_order_tag":"roi","cost":338.0549706533999}],"funding_fees":0.0,"weekday":3},{"pair":"XRP/USDT","stake_amount":336.14193,"max_stake_amount":336.14193,"amount":140.1,"open_date":"2025-10-23 13:45:00+00:00","close_date":"2025-10-24 02:45:00+00:00","open_rate":2.3993,"close_rate":2.4041034034034032,"fee_open":0.001,"fee_close":0.001,"trade_duration":780,"profit_ratio":0.0,"profit_abs":0.0,"exit_reason":"roi","initial_stop_loss_abs":2.0982,"initial_stop_loss_ratio":-0.1255,"stop_loss_abs":2.0982,"stop_loss_ratio":-0.1255,"min_rate":2.378,"max_rate":2.4259,"is_open":false,"enter_tag":"","leverage":1.0,"is_short":false,"open_timestamp":1761227100000,"close_timestamp":1761273900000,"orders":[{"amount":140.1,"safe_price":2.3993,"ft_order_side":"buy","order_filled_timestamp":1761227100000,"ft_is_entry":true,"ft_order_tag":"","cost":336.47807192999994},{"amount":140.1,"safe_price":2.4041034034034032,"ft_order_side":"sell","order_filled_timestamp":1761273900000,"ft_is_entry":false,"ft_order_tag":"roi","cost":337.1517017036336}],"funding_fees":0.0,"weekday":4},{"pair":"ETH/USDT","stake_amount":336.269752,"max_stake_amount":336.269752,"amount":0.0874,"open_date":"2025-10-23 22:45:00+00:00","close_date":"2025-10-24 07:45:00+00:00","open_rate":3847.48,"close_rate":3948.92,"fee_open":0.001,"fee_close":0.001,"trade_duration":540,"profit_ratio":0.02431462930282937,"profit_abs":8.18445064,"exit_reason":"roi","initial_stop_loss_abs":3364.6212600000003,"initial_stop_loss_ratio":-0.1255,"stop_loss_abs":3364.6212600000003,"stop_loss_ratio":-0.1255,"min_rate":3845.1,"max_rate":3989.2,"is_open":false,"enter_tag":"","leverage":1.0,"is_short":false,"open_timestamp":1761259500000,"close_timestamp":1761291900000,"orders":[{"amount":0.0874,"safe_price":3847.48,"ft_order_side":"buy","order_filled_timestamp":1761259500000,"ft_is_entry":true,"ft_order_tag":"","cost":336.606021752},{"amount":0.0874,"safe_price":3948.92,"ft_order_side":"sell","order_filled_timestamp":1761291900000,"ft_is_entry":false,"ft_order_tag":"roi","cost":345.480743608}],"funding_fees":0.0,"weekday":4},{"pair":"SOL/USDT","stake_amount":336.4947,"max_stake_amount":336.4947,"amount":1.77,"open_date":"2025-10-23 22:45:00+00:00","close_date":"2025-10-24 07:45:00+00:00","open_rate":190.11,"close_rate":192.33,"fee_open":0.001,"fee_close":0.001,"trade_duration":540,"profit_ratio":0.009656116331199177,"profit_abs":3.2524812,"exit_reason":"roi","initial_stop_loss_abs":166.25119500000002,"initial_stop_loss_ratio":-0.1255,"stop_loss_abs":166.25119500000002,"stop_loss_ratio":-0.1255,"min_rate":189.91,"max_rate":194.6,"is_open":false,"enter_tag":"","leverage":1.0,"is_short":false,"open_timestamp":1761259500000,"close_timestamp":1761291900000,"orders":[{"amount":1.77,"safe_price":190.11,"ft_order_side":"buy","order_filled_timestamp":1761259500000,"ft_is_entry":true,"ft_order_tag":"","cost":336.83119469999997},{"amount":1.77,"safe_price":192.33,"ft_order_side":"sell","order_filled_timestamp":1761291900000,"ft_is_entry":false,"ft_order_tag":"roi","cost":340.76452409999996}],"funding_fees":0.0,"weekday":4},{"pair":"ADA/USDT","stake_amount":340.36996,"max_stake_amount":340.36996,"amount":522.2,"open_date":"2025-10-24 12:15:00+00:00","close_date":"2025-10-24 21:15:00+00:00","open_rate":0.6518,"close_rate":0.6554,"fee_open":0.001,"fee_close":0.001,"trade_duration":540,"profit_ratio":0.0035141293195911174,"profit_abs":1.19730016,"exit_reason":"roi","initial_stop_loss_abs":0.57,"initial_stop_loss_ratio":-0.1255,"stop_loss_abs":0.57,"stop_loss_ratio":-0.1255,"min_rate":0.6425,"max_rate":0.6643,"is_open":false,"enter_tag":"","leverage":1.0,"is_short":false,"open_timestamp":1761308100000,"close_timestamp":1761340500000,"orders":[{"amount":522.2,"safe_price":0.6518,"ft_order_side":"buy","order_filled_timestamp":1761308100000,"ft_is_entry":true,"ft_order_tag":"","cost":340.71032996},{"amount":522.2,"safe_price":0.6554,"ft_order_side":"sell","order_filled_timestamp":1761340500000,"ft_is_entry":false,"ft_order_tag":"roi","cost":342.59212987999996}],"funding_fees":0.0,"weekday":4},{"pair":"SOL/USDT","stake_amount":340.24032,"max_stake_amount":340.24032,"amount":1.764,"open_date":"2025-10-24 12:15:00+00:00","close_date":"2025-10-24 21:15:00+00:00","open_rate":192.88,"close_rate":193.46,"fee_open":0.001,"fee_close":0.001,"trade_duration":540,"profit_ratio":0.0010030409242354494,"profit_abs":0.34161624,"exit_reason":"roi","initial_stop_loss_abs":168.67356,"initial_stop_loss_ratio":-0.1255,"stop_loss_abs":168.67356,"stop_loss_ratio":-0.1255,"min_rate":188.83,"max_rate":197.0,"is_open":false,"enter_tag":"","leverage":1.0,"is_short":false,"open_timestamp":1761308100000,"close_timestamp":1761340500000,"orders":[{"amount":1.764,"safe_price":192.88,"ft_order_side":"buy","order_filled_timestamp":1761308100000,"ft_is_entry":true,"ft_order_tag":"","cost":340.58056031999996},{"amount":1.764,"safe_price":193.46,"ft_order_side":"sell","order_filled_timestamp":1761340500000,"ft_is_entry":false,"ft_order_tag":"roi","cost":341.60470344}],"funding_fees":0.0,"weekday":4},{"pair":"BTC/USDT","stake_amount":340.2792585,"max_stake_amount":340.2792585,"amount":0.00305,"open_date":"2025-10-24 12:45:00+00:00","close_date":"2025-10-25 07:30:00+00:00","open_rate":111566.97,"close_rate":111790.32729729728,"fee_open":0.001,"fee_close":0.001,"trade_duration":1125,"profit_ratio":0.0,"profit_abs":0.0,"exit_reason":"roi","initial_stop_loss_abs":97565.31526500001,"initial_stop_loss_ratio":-0.1255,"stop_loss_abs":97565.31526500001,"stop_loss_ratio":-0.1255,"min_rate":109700.01,"max_rate":111820.87,"is_open":false,"enter_tag":"","leverage":1.0,"is_short":false,"open_timestamp":1761309900000,"close_timestamp":1761377400000,"orders":[{"amount":0.00305,"safe_price":111566.97,"ft_order_side":"buy","order_filled_timestamp":1761309900000,"ft_is_entry":true,"ft_order_tag":"","cost":340.6195377585},{"amount":0.00305,"safe_price":111790.32729729728,"ft_order_side":"sell","order_filled_timestamp":1761377400000,"ft_is_entry":false,"ft_order_tag":"roi","cost":341.3014587550134}],"funding_fees":0.0,"weekday":5},{"pair":"SOL/USDT","stake_amount":340.87605,"max_stake_amount":340.87605,"amount":1.763,"open_date":"2025-10-25 12:15:00+00:00","close_date":"2025-10-25 21:15:00+00:00","open_rate":193.35,"close_rate":194.61,"fee_open":0.001,"fee_close":0.001,"trade_duration":540,"profit_ratio":0.004505657259730185,"profit_abs":1.53740652,"exit_reason":"roi","initial_stop_loss_abs":169.084575,"initial_stop_loss_ratio":-0.1255,"stop_loss_abs":169.084575,"stop_loss_ratio":-0.1255,"min_rate":191.42,"max_rate":194.91,"is_open":false,"enter_tag":"","leverage":1.0,"is_short":false,"open_timestamp":1761394500000,"close_timestamp":1761426900000,"orders":[{"amount":1.763,"safe_price":193.35,"ft_order_side":"buy","order_filled_timestamp":1761394500000,"ft_is_entry":true,"ft_order_tag":"","cost":341.2169260499999},{"amount":1.763,"safe_price":194.61,"ft_order_side":"sell","order_filled_timestamp":1761426900000,"ft_is_entry":false,"ft_order_tag":"roi","cost":343.44052743}],"funding_fees":0.0,"weekday":5},{"pair":"BTC/USDT","stake_amount":340.799085,"max_stake_amount":340.799085,"amount":0.00306,"open_date":"2025-10-25 17:00:00+00:00","close_date":"2025-10-26 02:00:00+00:00","open_rate":111372.25,"close_rate":111644.41,"fee_open":0.001,"fee_close":0.001,"trade_duration":540,"profit_ratio":0.0004408121917592343,"profit_abs":0.15037862,"exit_reason":"roi","initial_stop_loss_abs":97395.032625,"initial_stop_loss_ratio":-0.1255,"stop_loss_abs":97395.032625,"stop_loss_ratio":-0.1255,"min_rate":111300.0,"max_rate":111899.56,"is_open":false,"enter_tag":"","leverage":1.0,"is_short":false,"open_timestamp":1761411600000,"close_timestamp":1761444000000,"orders":[{"amount":0.00306,"safe_price":111372.25,"ft_order_side":"buy","order_filled_timestamp":1761411600000,"ft_is_entry":true,"ft_order_tag":"","cost":341.13988408499995},{"amount":0.00306,"safe_price":111644.41,"ft_order_side":"sell","order_filled_timestamp":1761444000000,"ft_is_entry":false,"ft_order_tag":"roi","cost":341.9735264946}],"funding_fees":0.0,"weekday":6},{"pair":"SOL/USDT","stake_amount":341.3157,"max_stake_amount":341.3157,"amount":1.758,"open_date":"2025-10-26 00:45:00+00:00","close_date":"2025-10-26 09:45:00+00:00","open_rate":194.15,"close_rate":195.87,"fee_open":0.001,"fee_close":0.001,"trade_duration":540,"profit_ratio":0.006843426982494715,"profit_abs":2.33810484,"exit_reason":"roi","initial_stop_loss_abs":169.784175,"initial_stop_loss_ratio":-0.1255,"stop_loss_abs":169.784175,"stop_loss_ratio":-0.1255,"min_rate":191.9,"max_rate":196.43,"is_open":false,"enter_tag":"","leverage":1.0,"is_short":false,"open_timestamp":1761439500000,"close_timestamp":1761471900000,"orders":[{"amount":1.758,"safe_price":194.15,"ft_order_side":"buy","order_filled_timestamp":1761439500000,"ft_is_entry":true,"ft_order_tag":"","cost":341.65701569999993},{"amount":1.758,"safe_price":195.87,"ft_order_side":"sell","order_filled_timestamp":1761471900000,"ft_is_entry":false,"ft_order_tag":"roi","cost":344.68379946}],"funding_fees":0.0,"weekday":6},{"pair":"ADA/USDT","stake_amount":341.42764,"max_stake_amount":341.42764,"amount":522.7,"open_date":"2025-10-26 05:45:00+00:00","close_date":"2025-10-26 13:15:00+00:00","open_rate":0.6532,"close_rate":0.6776868268268267,"fee_open":0.001,"fee_close":0.001,"trade_duration":450,"profit_ratio":0.03541458542043732,"profit_abs":12.10360984,"exit_reason":"roi","initial_stop_loss_abs":0.5713,"initial_stop_loss_ratio":-0.1255,"stop_loss_abs":0.5713,"stop_loss_ratio":-0.1255,"min_rate":0.6519,"max_rate":0.6791,"is_open":false,"enter_tag":"","leverage":1.0,"is_short":false,"open_timestamp":1761457500000,"close_timestamp":1761484500000,"orders":[{"amount":522.7,"safe_price":0.6532,"ft_order_side":"buy","order_filled_timestamp":1761457500000,"ft_is_entry":true,"ft_order_tag":"","cost":341.76906764},{"amount":522.7,"safe_price":0.6776868268268267,"ft_order_side":"sell","order_filled_timestamp":1761484500000,"ft_is_entry":false,"ft_order_tag":"roi","cost":354.5811312867647}],"funding_fees":0.0,"weekday":6},{"pair":"BTC/USDT","stake_amount":340.466071,"max_stake_amount":340.466071,"amount":0.00305,"open_date":"2025-10-26 05:45:00+00:00","close_date":"2025-10-26 14:45:00+00:00","open_rate":111628.22,"close_rate":113864.55,"fee_open":0.001,"fee_close":0.001,"trade_duration":540,"profit_ratio":0.017995703963631145,"profit_abs":6.13305355,"exit_reason":"roi","initial_stop_loss_abs":97618.87839000001,"initial_stop_loss_ratio":-0.1255,"stop_loss_abs":97618.87839000001,"stop_loss_ratio":-0.1255,"min_rate":111548.75,"max_rate":114000.0,"is_open":false,"enter_tag":"","leverage":1.0,"is_short":false,"open_timestamp":1761457500000,"close_timestamp":1761489900000,"orders":[{"amount":0.00305,"safe_price":111628.22,"ft_order_side":"buy","order_filled_timestamp":1761457500000,"ft_is_entry":true,"ft_order_tag":"","cost":340.806537071},{"amount":0.00305,"safe_price":113864.55,"ft_order_side":"sell","order_filled_timestamp":1761489900000,"ft_is_entry":false,"ft_order_tag":"roi","cost":347.6341643775}],"funding_fees":0.0,"weekday":6},{"pair":"BTC/USDT","stake_amount":347.1745644,"max_stake_amount":347.1745644,"amount":0.00306,"open_date":"2025-10-26 21:45:00+00:00","close_date":"2025-10-27 06:45:00+00:00","open_rate":113455.74,"close_rate":115689.68,"fee_open":0.001,"fee_close":0.001,"trade_duration":540,"profit_ratio":0.017652626360241692,"profit_abs":6.13467141,"exit_reason":"roi","initial_stop_loss_abs":99217.04463,"initial_stop_loss_ratio":-0.1255,"stop_loss_abs":99217.04463,"stop_loss_ratio":-0.1255,"min_rate":113380.6,"max_rate":116129.5,"is_open":false,"enter_tag":"","leverage":1.0,"is_short":false,"open_timestamp":1761515100000,"close_timestamp":1761547500000,"orders":[{"amount":0.00306,"safe_price":113455.74,"ft_order_side":"buy","order_filled_timestamp":1761515100000,"ft_is_entry":true,"ft_order_tag":"","cost":347.52173896439996},{"amount":0.00306,"safe_price":115689.68,"ft_order_side":"sell","order_filled_timestamp":1761547500000,"ft_is_entry":false,"ft_order_tag":"roi","cost":354.36443122079993}],"funding_fees":0.0,"weekday":0},{"pair":"ADA/USDT","stake_amount":348.17814,"max_stake_amount":348.17814,"amount":510.6,"open_date":"2025-10-26 22:15:00+00:00","close_date":"2025-10-27 07:15:00+00:00","open_rate":0.6819,"close_rate":0.683265165165165,"fee_open":0.001,"fee_close":0.001,"trade_duration":540,"profit_ratio":0.0,"profit_abs":0.0,"exit_reason":"roi","initial_stop_loss_abs":0.5964,"initial_stop_loss_ratio":-0.1255,"stop_loss_abs":0.5964,"stop_loss_ratio":-0.1255,"min_rate":0.6792,"max_rate":0.6938,"is_open":false,"enter_tag":"","leverage":1.0,"is_short":false,"open_timestamp":1761516900000,"close_timestamp":1761549300000,"orders":[{"amount":510.6,"safe_price":0.6819,"ft_order_side":"buy","order_filled_timestamp":1761516900000,"ft_is_entry":true,"ft_order_tag":"","cost":348.52631813999994},{"amount":510.6,"safe_price":0.683265165165165,"ft_order_side":"sell","order_filled_timestamp":1761549300000,"ft_is_entry":false,"ft_order_tag":"roi","cost":349.22406852666654}],"funding_fees":0.0,"weekday":0},{"pair":"XRP/USDT","stake_amount":348.0162,"max_stake_amount":348.0162,"amount":131.6,"open_date":"2025-10-26 22:15:00+00:00","close_date":"2025-10-27 07:15:00+00:00","open_rate":2.6445,"close_rate":2.649794294294294,"fee_open":0.001,"fee_close":0.001,"trade_duration":540,"profit_ratio":0.0,"profit_abs":0.0,"exit_reason":"roi","initial_stop_loss_abs":2.3127,"initial_stop_loss_ratio":-0.1255,"stop_loss_abs":2.3127,"stop_loss_ratio":-0.1255,"min_rate":2.6222,"max_rate":2.6749,"is_open":false,"enter_tag":"","leverage":1.0,"is_short":false,"open_timestamp":1761516900000,"close_timestamp":1761549300000,"orders":[{"amount":131.6,"safe_price":2.6445,"ft_order_side":"buy","order_filled_timestamp":1761516900000,"ft_is_entry":true,"ft_order_tag":"","cost":348.36421619999993},{"amount":131.6,"safe_price":2.649794294294294,"ft_order_side":"sell","order_filled_timestamp":1761549300000,"ft_is_entry":false,"ft_order_tag":"roi","cost":349.06164205825814}],"funding_fees":0.0,"weekday":0},{"pair":"XRP/USDT","stake_amount":350.14812,"max_stake_amount":350.14812,"amount":131.6,"open_date":"2025-10-27 15:15:00+00:00","close_date":"2025-10-28 09:45:00+00:00","open_rate":2.6607,"close_rate":2.6660267267267264,"fee_open":0.001,"fee_close":0.001,"trade_duration":1110,"profit_ratio":0.0,"profit_abs":0.0,"exit_reason":"roi","initial_stop_loss_abs":2.3268,"initial_stop_loss_ratio":-0.1255,"stop_loss_abs":2.3268,"stop_loss_ratio":-0.1255,"min_rate":2.6084,"max_rate":2.6975,"is_open":false,"enter_tag":"","leverage":1.0,"is_short":false,"open_timestamp":1761578100000,"close_timestamp":1761644700000,"orders":[{"amount":131.6,"safe_price":2.6607,"ft_order_side":"buy","order_filled_timestamp":1761578100000,"ft_is_entry":true,"ft_order_tag":"","cost":350.4982681199999},{"amount":131.6,"safe_price":2.6660267267267264,"ft_order_side":"sell","order_filled_timestamp":1761644700000,"ft_is_entry":false,"ft_order_tag":"roi","cost":351.1999663544744}],"funding_fees":0.0,"weekday":1},{"pair":"BTC/USDT","stake_amount":350.01192,"max_stake_amount":350.01192,"amount":0.00304,"open_date":"2025-10-27 13:15:00+00:00","close_date":"2025-10-28 13:45:00+00:00","open_rate":115135.5,"close_rate":115366.0015015015,"fee_open":0.001,"fee_close":0.001,"trade_duration":1470,"profit_ratio":0.0,"profit_abs":0.0,"exit_reason":"roi","initial_stop_loss_abs":100685.99475000001,"initial_stop_loss_ratio":-0.1255,"stop_loss_abs":100685.99475000001,"stop_loss_ratio":-0.1255,"min_rate":113483.3,"max_rate":115790.0,"is_open":false,"enter_tag":"","leverage":1.0,"is_short":false,"open_timestamp":1761570900000,"close_timestamp":1761659100000,"orders":[{"amount":0.00304,"safe_price":115135.5,"ft_order_side":"buy","order_filled_timestamp":1761570900000,"ft_is_entry":true,"ft_order_tag":"","cost":350.36193192},{"amount":0.00304,"safe_price":115366.0015015015,"ft_order_side":"sell","order_filled_timestamp":1761659100000,"ft_is_entry":false,"ft_order_tag":"roi","cost":351.0633572091291}],"funding_fees":0.0,"weekday":1},{"pair":"XRP/USDT","stake_amount":350.1981,"max_stake_amount":350.1981,"amount":132.3,"open_date":"2025-10-28 12:15:00+00:00","close_date":"2025-10-29 09:30:00+00:00","open_rate":2.647,"close_rate":2.652299299299299,"fee_open":0.001,"fee_close":0.001,"trade_duration":1275,"profit_ratio":0.0,"profit_abs":0.0,"exit_reason":"roi","initial_stop_loss_abs":2.3149,"initial_stop_loss_ratio":-0.1255,"stop_loss_abs":2.3149,"stop_loss_ratio":-0.1255,"min_rate":2.5675,"max_rate":2.6887,"is_open":false,"enter_tag":"","leverage":1.0,"is_short":false,"open_timestamp":1761653700000,"close_timestamp":1761730200000,"orders":[{"amount":132.3,"safe_price":2.647,"ft_order_side":"buy","order_filled_timestamp":1761653700000,"ft_is_entry":true,"ft_order_tag":"","cost":350.54829809999995},{"amount":132.3,"safe_price":2.652299299299299,"ft_order_side":"sell","order_filled_timestamp":1761730200000,"ft_is_entry":false,"ft_order_tag":"roi","cost":351.2500964945946}],"funding_fees":0.0,"weekday":2},{"pair":"BTC/USDT","stake_amount":349.4655651,"max_stake_amount":349.4655651,"amount":0.00303,"open_date":"2025-10-28 15:15:00+00:00","close_date":"2025-11-02 00:00:00+00:00","open_rate":115335.17,"close_rate":110098.1,"fee_open":0.001,"fee_close":0.001,"trade_duration":6285,"profit_ratio":-0.04731467621197125,"profit_abs":-16.55138491,"exit_reason":"force_exit","initial_stop_loss_abs":100860.606165,"initial_stop_loss_ratio":-0.1255,"stop_loss_abs":100860.606165,"stop_loss_ratio":-0.1255,"min_rate":106304.34,"max_rate":115591.41,"is_open":false,"enter_tag":"","leverage":1.0,"is_short":false,"open_timestamp":1761664500000,"close_timestamp":1762041600000,"orders":[{"amount":0.00303,"safe_price":115335.17,"ft_order_side":"buy","order_filled_timestamp":1761664500000,"ft_is_entry":true,"ft_order_tag":"","cost":349.8150306650999},{"amount":0.00303,"safe_price":110098.1,"ft_order_side":"sell","order_filled_timestamp":1762041600000,"ft_is_entry":false,"ft_order_tag":"force_exit","cost":333.93084024300003}],"funding_fees":0.0,"weekday":6},{"pair":"ETH/USDT","stake_amount":350.0541,"max_stake_amount":350.0541,"amount":0.0836,"open_date":"2025-10-27 16:15:00+00:00","close_date":"2025-11-02 00:00:00+00:00","open_rate":4187.25,"close_rate":3873.78,"fee_open":0.001,"fee_close":0.001,"trade_duration":7665,"profit_ratio":-0.07671140252044174,"profit_abs":-26.87999411,"exit_reason":"force_exit","initial_stop_loss_abs":3661.750125,"initial_stop_loss_ratio":-0.1255,"stop_loss_abs":3661.750125,"stop_loss_ratio":-0.1255,"min_rate":3680.0,"max_rate":4233.48,"is_open":false,"enter_tag":"","leverage":1.0,"is_short":false,"open_timestamp":1761581700000,"close_timestamp":1762041600000,"orders":[{"amount":0.0836,"safe_price":4187.25,"ft_order_side":"buy","order_filled_timestamp":1761581700000,"ft_is_entry":true,"ft_order_tag":"","cost":350.4041540999999},{"amount":0.0836,"safe_price":3873.78,"ft_order_side":"sell","order_filled_timestamp":1762041600000,"ft_is_entry":false,"ft_order_tag":"force_exit","cost":324.17185600799996}],"funding_fees":0.0,"weekday":6},{"pair":"XRP/USDT","stake_amount":350.0508,"max_stake_amount":350.0508,"amount":132.0,"open_date":"2025-10-29 09:45:00+00:00","close_date":"2025-11-02 00:00:00+00:00","open_rate":2.6519,"close_rate":2.5053,"fee_open":0.001,"fee_close":0.001,"trade_duration":5175,"profit_ratio":-0.05716866940894996,"profit_abs":-20.0319504,"exit_reason":"force_exit","initial_stop_loss_abs":2.3191,"initial_stop_loss_ratio":-0.1255,"stop_loss_abs":2.3191,"stop_loss_ratio":-0.1255,"min_rate":2.3769,"max_rate":2.664,"is_open":false,"enter_tag":"","leverage":1.0,"is_short":false,"open_timestamp":1761731100000,"close_timestamp":1762041600000,"orders":[{"amount":132.0,"safe_price":2.6519,"ft_order_side":"buy","order_filled_timestamp":1761731100000,"ft_is_entry":true,"ft_order_tag":"","cost":350.40085079999994},{"amount":132.0,"safe_price":2.5053,"ft_order_side":"sell","order_filled_timestamp":1762041600000,"ft_is_entry":false,"ft_order_tag":"force_exit","cost":331.0302996}],"funding_fees":0.0,"weekday":6}],"locks":[],"best_pair":{"key":"ADA/USDT","trades":7,"profit_mean":0.006361636859198073,"profit_mean_pct":0.64,"profit_total_abs":15.151554710000001,"profit_total":0.015151554710000001,"profit_total_pct":1.52,"duration_avg":"11:15:00","wins":4,"draws":3,"losses":0,"winrate":0.5714285714285714,"cagr":0.44184368398882534,"expectancy":2.164507815714286,"expectancy_ratio":100.0,"sortino":-100,"sharpe":4.690402898112858,"calmar":-100,"sqn":1.2886,"profit_factor":0.0,"max_drawdown_account":0.0,"max_drawdown_abs":0.0},"worst_pair":{"key":"ETH/USDT","trades":4,"profit_mean":-0.009964421118029164,"profit_mean_pct":-1.0,"profit_total_abs":-14.546612779999998,"profit_total":-0.014546612779999999,"profit_total_pct":-1.45,"duration_avg":"1 day, 14:41:00","wins":3,"draws":0,"losses":1,"winrate":0.75,"cagr":-0.29992466959670017,"expectancy":-3.6366531949999996,"expectancy_ratio":-0.13529218719758118,"sortino":-100,"sharpe":-1.353983155427274,"calmar":-69.77686290709072,"sqn":-0.4603,"profit_factor":0.4588312512096752,"max_drawdown_account":0.02655251185601046,"max_drawdown_abs":26.87999411},"results_per_pair":[{"key":"ADA/USDT","trades":7,"profit_mean":0.006361636859198073,"profit_mean_pct":0.64,"profit_total_abs":15.151554710000001,"profit_total":0.015151554710000001,"profit_total_pct":1.52,"duration_avg":"11:15:00","wins":4,"draws":3,"losses":0,"winrate":0.5714285714285714,"cagr":0.44184368398882534,"expectancy":2.164507815714286,"expectancy_ratio":100.0,"sortino":-100,"sharpe":4.690402898112858,"calmar":-100,"sqn":1.2886,"profit_factor":0.0,"max_drawdown_account":0.0,"max_drawdown_abs":0.0},{"key":"SOL/USDT","trades":5,"profit_mean":0.0044016482995319055,"profit_mean_pct":0.44,"profit_total_abs":7.4696088,"profit_total":0.007469608799999999,"profit_total_pct":0.75,"duration_avg":"10:45:00","wins":4,"draws":1,"losses":0,"winrate":0.8,"cagr":0.19851705200075975,"expectancy":1.49392176,"expectancy_ratio":100.0,"sortino":-100,"sharpe":7.837944841584715,"calmar":-100,"sqn":2.4615,"profit_factor":0.0,"max_drawdown_account":0.0,"max_drawdown_abs":0.0},{"key":"BTC/USDT","trades":10,"profit_mean":0.0008769425685811675,"profit_mean_pct":0.09,"profit_total_abs":2.5027393599999996,"profit_total":0.0025027393599999998,"profit_total_pct":0.25,"duration_avg":"22:39:00","wins":5,"draws":4,"losses":1,"winrate":0.5,"cagr":0.06271176437668258,"expectancy":0.2502739359999999,"expectancy_ratio":-0.3848789731275726,"sortino":-100,"sharpe":0.5176210892168104,"calmar":19.626086533315764,"sqn":0.1219,"profit_factor":1.1512102687242745,"max_drawdown_account":0.01624190954710734,"max_drawdown_abs":16.55138491},{"key":"XRP/USDT","trades":9,"profit_mean":-0.0038644969121615505,"profit_mean_pct":-0.39,"profit_total_abs":-12.61686173,"profit_total":-0.01261686173,"profit_total_pct":-1.26,"duration_avg":"22:33:00","wins":2,"draws":6,"losses":1,"winrate":0.2222222222222222,"cagr":-0.2657924330501019,"expectancy":-1.4018735255555557,"expectancy_ratio":-0.7366485454933812,"sortino":-100,"sharpe":-2.3082542445686127,"calmar":-80.81495432760626,"sqn":-0.5695,"profit_factor":0.3701630905595693,"max_drawdown_account":0.019884505032028474,"max_drawdown_abs":20.0319504},{"key":"ETH/USDT","trades":4,"profit_mean":-0.009964421118029164,"profit_mean_pct":-1.0,"profit_total_abs":-14.546612779999998,"profit_total":-0.014546612779999999,"profit_total_pct":-1.45,"duration_avg":"1 day, 14:41:00","wins":3,"draws":0,"losses":1,"winrate":0.75,"cagr":-0.29992466959670017,"expectancy":-3.6366531949999996,"expectancy_ratio":-0.13529218719758118,"sortino":-100,"sharpe":-1.353983155427274,"calmar":-69.77686290709072,"sqn":-0.4603,"profit_factor":0.4588312512096752,"max_drawdown_account":0.02655251185601046,"max_drawdown_abs":26.87999411},{"key":"TOTAL","trades":35,"profit_mean":1.9170529036774408e-05,"profit_mean_pct":0.0,"profit_total_abs":-2.0395716399999912,"profit_total":-0.0020395716399999914,"profit_total_pct":-0.2,"duration_avg":"20:29:00","wins":18,"draws":14,"losses":3,"winrate":0.5142857142857142,"cagr":-0.048466377952261275,"expectancy":-0.05827347542857164,"expectancy_ratio":-0.4027546683712221,"sortino":-0.6054342314024712,"sharpe":-0.36170073616475606,"calmar":-4.344702956991651,"sqn":-0.0473,"profit_factor":0.9678622023357438,"max_drawdown_account":0.059790756476692596,"max_drawdown_abs":63.463329419999994}],"results_per_enter_tag":[{"key":"","trades":35,"profit_mean":1.9170529036774408e-05,"profit_mean_pct":0.0,"profit_total_abs":-2.0395716399999912,"profit_total":-0.0020395716399999914,"profit_total_pct":-0.2,"duration_avg":"20:29:00","wins":18,"draws":14,"losses":3,"winrate":0.5142857142857142,"cagr":-0.048466377952261275,"expectancy":-0.05827347542857164,"expectancy_ratio":-0.4027546683712221,"sortino":-0.6054342314024712,"sharpe":-0.36170073616475606,"calmar":-4.344702956991651,"sqn":-0.0473,"profit_factor":0.9678622023357438,"max_drawdown_account":0.059790756476692596,"max_drawdown_abs":63.463329419999994},{"key":"TOTAL","trades":35,"profit_mean":1.9170529036774408e-05,"profit_mean_pct":0.0,"profit_total_abs":-2.0395716399999912,"profit_total":-0.0020395716399999914,"profit_total_pct":-0.2,"duration_avg":"20:29:00","wins":18,"draws":14,"losses":3,"winrate":0.5142857142857142,"cagr":-0.048466377952261275,"expectancy":-0.05827347542857164,"expectancy_ratio":-0.4027546683712221,"sortino":-0.6054342314024712,"sharpe":-0.36170073616475606,"calmar":-4.344702956991651,"sqn":-0.0473,"profit_factor":0.9678622023357438,"max_drawdown_account":0.059790756476692596,"max_drawdown_abs":63.463329419999994}],"exit_reason_summary":[{"key":"roi","trades":32,"profit_mean":0.005683303645551564,"profit_mean_pct":0.57,"profit_total_abs":61.42375778,"profit_total":0.061423757780000005,"profit_total_pct":6.14,"duration_avg":"12:26:00","wins":18,"draws":14,"losses":0,"winrate":0.5625,"cagr":3.2654111698443993,"expectancy":1.9194924306249999,"expectancy_ratio":100.0,"sortino":-100,"sharpe":25.997148571302,"calmar":-100,"sqn":3.5514,"profit_factor":0.0,"max_drawdown_account":0.0,"max_drawdown_abs":0.0},{"key":"force_exit","trades":3,"profit_mean":-0.06039824938045432,"profit_mean_pct":-6.04,"profit_total_abs":-63.463329419999994,"profit_total":-0.06346332941999999,"profit_total_pct":-6.35,"duration_avg":"4 days, 10:15:00","wins":0,"draws":0,"losses":3,"winrate":0.0,"cagr":-0.7971835615462901,"expectancy":-21.154443139999998,"expectancy_ratio":-1.0,"sortino":-18.838696967584706,"sharpe":-18.838696967584706,"calmar":-127.36648783028525,"sqn":-6.9725,"profit_factor":0.0,"max_drawdown_account":0.06346332942000003,"max_drawdown_abs":63.463329419999994},{"key":"TOTAL","trades":35,"profit_mean":1.9170529036774408e-05,"profit_mean_pct":0.0,"profit_total_abs":-2.0395716399999912,"profit_total":-0.0020395716399999914,"profit_total_pct":-0.2,"duration_avg":"20:29:00","wins":18,"draws":14,"losses":3,"winrate":0.5142857142857142,"cagr":-0.048466377952261275,"expectancy":-0.05827347542857164,"expectancy_ratio":-0.4027546683712221,"sortino":-0.6054342314024712,"sharpe":-0.36170073616475606,"calmar":-4.344702956991651,"sqn":-0.0473,"profit_factor":0.9678622023357438,"max_drawdown_account":0.059790756476692596,"max_drawdown_abs":63.463329419999994}],"mix_tag_stats":[{"key":["","roi"],"trades":32,"profit_mean":0.005683303645551564,"profit_mean_pct":0.57,"profit_total_abs":61.42375778,"profit_total":0.061423757780000005,"profit_total_pct":6.14,"duration_avg":"12:26:00","wins":18,"draws":14,"losses":0,"winrate":0.5625,"cagr":3.2654111698443993,"expectancy":1.9194924306249999,"expectancy_ratio":100.0,"sortino":-100,"sharpe":25.997148571302,"calmar":-100,"sqn":3.5514,"profit_factor":0.0,"max_drawdown_account":0.0,"max_drawdown_abs":0.0},{"key":["","force_exit"],"trades":3,"profit_mean":-0.06039824938045432,"profit_mean_pct":-6.04,"profit_total_abs":-63.463329419999994,"profit_total":-0.06346332941999999,"profit_total_pct":-6.35,"duration_avg":"4 days, 10:15:00","wins":0,"draws":0,"losses":3,"winrate":0.0,"cagr":-0.7971835615462901,"expectancy":-21.154443139999998,"expectancy_ratio":-1.0,"sortino":-18.838696967584706,"sharpe":-18.838696967584706,"calmar":-127.36648783028525,"sqn":-6.9725,"profit_factor":0.0,"max_drawdown_account":0.06346332942000003,"max_drawdown_abs":63.463329419999994},{"key":"TOTAL","trades":35,"profit_mean":1.9170529036774408e-05,"profit_mean_pct":0.0,"profit_total_abs":-2.0395716399999912,"profit_total":-0.0020395716399999914,"profit_total_pct":-0.2,"duration_avg":"20:29:00","wins":18,"draws":14,"losses":3,"winrate":0.5142857142857142,"cagr":-0.048466377952261275,"expectancy":-0.05827347542857164,"expectancy_ratio":-0.4027546683712221,"sortino":-0.6054342314024712,"sharpe":-0.36170073616475606,"calmar":-4.344702956991651,"sqn":-0.0473,"profit_factor":0.9678622023357438,"max_drawdown_account":0.059790756476692596,"max_drawdown_abs":63.463329419999994}],"left_open_trades":[{"key":"BTC/USDT","trades":1,"profit_mean":-0.04731467621197125,"profit_mean_pct":-4.73,"profit_total_abs":-16.55138491,"profit_total":-0.016551384909999998,"profit_total_pct":-1.66,"duration_avg":"4 days, 8:45:00","wins":0,"draws":0,"losses":1,"winrate":0.0,"cagr":-0.333770214435098,"expectancy":-16.55138491,"expectancy_ratio":-1.0,"sortino":-100,"sharpe":-100,"calmar":-100,"sqn":-100.0,"profit_factor":0.0,"max_drawdown_account":0.0,"max_drawdown_abs":0.0},{"key":"XRP/USDT","trades":1,"profit_mean":-0.05716866940894996,"profit_mean_pct":-5.72,"profit_total_abs":-20.0319504,"profit_total":-0.020031950399999998,"profit_total_pct":-2.0,"duration_avg":"3 days, 14:15:00","wins":0,"draws":0,"losses":1,"winrate":0.0,"cagr":-0.38883759342217217,"expectancy":-20.0319504,"expectancy_ratio":-1.0,"sortino":-100,"sharpe":-100,"calmar":-100,"sqn":-100.0,"profit_factor":0.0,"max_drawdown_account":0.0,"max_drawdown_abs":0.0},{"key":"ETH/USDT","trades":1,"profit_mean":-0.07671140252044174,"profit_mean_pct":-7.67,"profit_total_abs":-26.87999411,"profit_total":-0.02687999411,"profit_total_pct":-2.69,"duration_avg":"5 days, 7:45:00","wins":0,"draws":0,"losses":1,"winrate":0.0,"cagr":-0.4847131099598413,"expectancy":-26.87999411,"expectancy_ratio":-1.0,"sortino":-100,"sharpe":-100,"calmar":-100,"sqn":-100.0,"profit_factor":0.0,"max_drawdown_account":0.0,"max_drawdown_abs":0.0},{"key":"TOTAL","trades":3,"profit_mean":-0.06039824938045432,"profit_mean_pct":-6.04,"profit_total_abs":-63.463329419999994,"profit_total":-0.06346332941999999,"profit_total_pct":-6.35,"duration_avg":"4 days, 10:15:00","wins":0,"draws":0,"losses":3,"winrate":0.0,"cagr":-0.7971835615462901,"expectancy":-21.154443139999998,"expectancy_ratio":-1.0,"sortino":-18.838696967584706,"sharpe":-18.838696967584706,"calmar":-127.36648783028525,"sqn":-6.9725,"profit_factor":0.0,"max_drawdown_account":0.06346332942000003,"max_drawdown_abs":63.463329419999994}],"total_trades":35,"trade_count_long":35,"trade_count_short":0,"total_volume":23800.29012599917,"avg_stake_amount":339.35395243428565,"profit_mean":1.9170529036774408e-05,"profit_median":5.3227405006061136e-05,"profit_total":-0.0020395716399999914,"profit_total_long":-0.0020395716399999914,"profit_total_short":0.0,"profit_total_abs":-2.0395716399999912,"profit_total_long_abs":-2.0395716399999912,"profit_total_short_abs":0.0,"cagr":-0.048466377952261275,"expectancy":-0.05827347542857164,"expectancy_ratio":-0.4027546683712221,"sortino":-0.6054342314024712,"sharpe":-0.36170073616475606,"calmar":-4.344702956991651,"sqn":-0.0473,"profit_factor":0.9678622023357438,"backtest_start":"2025-10-18 00:00:00","backtest_start_ts":1760745600000,"backtest_end":"2025-11-02 00:00:00","backtest_end_ts":1762041600000,"backtest_days":15,"backtest_run_start_ts":1762141559,"backtest_run_end_ts":1762141559,"trades_per_day":2.33,"market_change":0.027634996102303005,"pairlist":["BTC/USDT","ETH/USDT","ADA/USDT","XRP/USDT","SOL/USDT"],"stake_amount":"unlimited","stake_currency":"USDT","stake_currency_decimals":3,"starting_balance":1000.0,"dry_run_wallet":1000.0,"final_balance":997.96042836,"rejected_signals":30,"timedout_entry_orders":0,"timedout_exit_orders":0,"canceled_trade_entries":0,"canceled_entry_orders":0,"replaced_entry_orders":0,"max_open_trades":3,"max_open_trades_setting":3,"timeframe":"15m","timeframe_detail":"","timerange":"20251018-20251102","enable_protections":false,"strategy_name":"ADX_15M_USDT","freqaimodel":null,"freqai_identifier":null,"stoploss":-0.1255,"trailing_stop":false,"trailing_stop_positive":null,"trailing_stop_positive_offset":0.0,"trailing_only_offset_is_reached":false,"use_custom_stoploss":false,"minimal_roi":{"0":0.26552,"30":0.10255,"210":0.03545,"540":0},"use_exit_signal":true,"exit_profit_only":false,"exit_profit_offset":0.0,"ignore_roi_if_entry_signal":false,"trading_mode":"spot","margin_mode":"","periodic_breakdown":{"day":[{"date":"18/10/2025","date_ts":1760745600000,"profit_abs":0.01758129,"wins":1,"draws":0,"losses":0,"trades":1,"profit_factor":0.0},{"date":"19/10/2025","date_ts":1760832000000,"profit_abs":2.7017724,"wins":3,"draws":0,"losses":0,"trades":3,"profit_factor":0.0},{"date":"20/10/2025","date_ts":1760918400000,"profit_abs":16.09076789,"wins":3,"draws":0,"losses":0,"trades":3,"profit_factor":0.0},{"date":"21/10/2025","date_ts":1761004800000,"profit_abs":0.0,"wins":0,"draws":3,"losses":0,"trades":3,"profit_factor":0.0},{"date":"22/10/2025","date_ts":1761091200000,"profit_abs":0.0,"wins":0,"draws":0,"losses":0,"trades":0,"profit_factor":0.0},{"date":"23/10/2025","date_ts":1761177600000,"profit_abs":1.24056318,"wins":1,"draws":4,"losses":0,"trades":5,"profit_factor":0.0},{"date":"24/10/2025","date_ts":1761264000000,"profit_abs":12.97584824,"wins":4,"draws":1,"losses":0,"trades":5,"profit_factor":0.0},{"date":"25/10/2025","date_ts":1761350400000,"profit_abs":1.53740652,"wins":1,"draws":1,"losses":0,"trades":2,"profit_factor":0.0},{"date":"26/10/2025","date_ts":1761436800000,"profit_abs":20.72514685,"wins":4,"draws":0,"losses":0,"trades":4,"profit_factor":0.0},{"date":"27/10/2025","date_ts":1761523200000,"profit_abs":6.13467141,"wins":1,"draws":2,"losses":0,"trades":3,"profit_factor":0.0},{"date":"28/10/2025","date_ts":1761609600000,"profit_abs":0.0,"wins":0,"draws":2,"losses":0,"trades":2,"profit_factor":0.0},{"date":"29/10/2025","date_ts":1761696000000,"profit_abs":0.0,"wins":0,"draws":1,"losses":0,"trades":1,"profit_factor":0.0},{"date":"30/10/2025","date_ts":1761782400000,"profit_abs":0.0,"wins":0,"draws":0,"losses":0,"trades":0,"profit_factor":0.0},{"date":"31/10/2025","date_ts":1761868800000,"profit_abs":0.0,"wins":0,"draws":0,"losses":0,"trades":0,"profit_factor":0.0},{"date":"01/11/2025","date_ts":1761955200000,"profit_abs":0.0,"wins":0,"draws":0,"losses":0,"trades":0,"profit_factor":0.0},{"date":"02/11/2025","date_ts":1762041600000,"profit_abs":-63.46332942,"wins":0,"draws":0,"losses":3,"trades":3,"profit_factor":0.0}],"week":[{"date":"20/10/2025","date_ts":1760918400000,"profit_abs":18.81012158,"wins":7,"draws":0,"losses":0,"trades":7,"profit_factor":0.0},{"date":"27/10/2025","date_ts":1761523200000,"profit_abs":42.6136362,"wins":11,"draws":11,"losses":0,"trades":22,"profit_factor":0.0},{"date":"03/11/2025","date_ts":1762128000000,"profit_abs":-63.46332942,"wins":0,"draws":3,"losses":3,"trades":6,"profit_factor":0.0}],"month":[{"date":"31/10/2025","date_ts":1761868800000,"profit_abs":61.42375778,"wins":18,"draws":14,"losses":0,"trades":32,"profit_factor":0.0},{"date":"30/11/2025","date_ts":1764460800000,"profit_abs":-63.46332942,"wins":0,"draws":0,"losses":3,"trades":3,"profit_factor":0.0}],"year":[{"date":"31/12/2025","date_ts":1767139200000,"profit_abs":-2.03957164,"wins":18,"draws":14,"losses":3,"trades":35,"profit_factor":0.9678622}],"weekday":[{"date":"Monday","date_ts":0,"profit_abs":22.2254393,"wins":4,"draws":2,"losses":0,"trades":6,"profit_factor":0.0},{"date":"Tuesday","date_ts":1,"profit_abs":0.0,"wins":0,"draws":5,"losses":0,"trades":5,"profit_factor":0.0},{"date":"Wednesday","date_ts":2,"profit_abs":0.0,"wins":0,"draws":1,"losses":0,"trades":1,"profit_factor":0.0},{"date":"Thursday","date_ts":3,"profit_abs":1.24056318,"wins":1,"draws":4,"losses":0,"trades":5,"profit_factor":0.0},{"date":"Friday","date_ts":4,"profit_abs":12.97584824,"wins":4,"draws":1,"losses":0,"trades":5,"profit_factor":0.0},{"date":"Saturday","date_ts":5,"profit_abs":1.55498781,"wins":2,"draws":1,"losses":0,"trades":3,"profit_factor":0.0},{"date":"Sunday","date_ts":6,"profit_abs":-40.03641017,"wins":7,"draws":0,"losses":3,"trades":10,"profit_factor":0.36914104}]},"backtest_best_day":0.060694528558322414,"backtest_worst_day":-0.18119474814136294,"backtest_best_day_abs":20.72514685,"backtest_worst_day_abs":-63.46332942,"winning_days":8,"draw_days":7,"losing_days":1,"daily_profit":[["2025-10-18",0.01758129],["2025-10-19",2.7017724],["2025-10-20",16.09076789],["2025-10-21",0.0],["2025-10-22",0.0],["2025-10-23",1.24056318],["2025-10-24",12.97584824],["2025-10-25",1.53740652],["2025-10-26",20.72514685],["2025-10-27",6.13467141],["2025-10-28",0.0],["2025-10-29",0.0],["2025-10-30",0.0],["2025-10-31",0.0],["2025-11-01",0.0],["2025-11-02",-63.46332942]],"wins":18,"losses":3,"draws":14,"winrate":0.5142857142857142,"holding_avg":"20:29:00","holding_avg_s":73740.0,"winner_holding_min":"0d 07:30","winner_holding_min_s":27000.0,"winner_holding_max":"0d 09:00","winner_holding_max_s":32400.0,"winner_holding_avg":"0d 08:55","winner_holding_avg_s":32100.0,"loser_holding_min":"3d 14:15","loser_holding_min_s":310500.0,"loser_holding_max":"5d 07:45","loser_holding_max_s":459900.0,"loser_holding_avg":"4d 10:15","loser_holding_avg_s":382500.0,"max_consecutive_wins":7,"max_consecutive_losses":8,"max_drawdown_account":0.059790756476692596,"max_relative_drawdown":0.059790756476692596,"max_drawdown_abs":63.463329419999994,"drawdown_start":"2025-10-27 06:45:00","drawdown_start_ts":1761547500000.0,"drawdown_end":"2025-11-02 00:00:00","drawdown_end_ts":1762041600000.0,"drawdown_duration":"5 days 17:15:00","drawdown_duration_s":494100.0,"max_drawdown_low":-2.039571640000002,"max_drawdown_high":61.423757779999995,"csum_min":997.96042836,"csum_max":1061.42375778}},"strategy_comparison":[{"key":"ADX_15M_USDT","trades":35,"profit_mean":1.9170529036774408e-05,"profit_mean_pct":0.0,"profit_total_abs":-2.0395716399999912,"profit_total":-0.0020395716399999914,"profit_total_pct":-0.2,"duration_avg":"20:29:00","wins":18,"draws":14,"losses":3,"winrate":0.5142857142857142,"cagr":-0.048466377952261275,"expectancy":-0.05827347542857164,"expectancy_ratio":-0.4027546683712221,"sortino":-0.6054342314024712,"sharpe":-0.36170073616475606,"calmar":-4.344702956991651,"sqn":-0.0473,"profit_factor":0.9678622023357438,"max_drawdown_account":0.059790756476692596,"max_drawdown_abs":"63.463"}]}