{"strategy":{"KamaFama":{"trades":[{"pair":"TUT/USDT","stake_amount":24749.993232,"max_stake_amount":24749.993232,"amount":917584.0,"open_date":"2025-10-15 12:35:00+00:00","close_date":"2025-10-15 14:40:00+00:00","open_rate":0.026973,"close_rate":0.028593,"fee_open":0.002,"fee_close":0.002,"trade_duration":125,"profit_ratio":0.05582828337311291,"profit_abs":1384.51313491,"exit_reason":"trailing_stop_loss","initial_stop_loss_abs":0.02023,"initial_stop_loss_ratio":-0.25,"stop_loss_abs":0.028593,"stop_loss_ratio":-0.002,"min_rate":0.026816,"max_rate":0.02865,"is_open":false,"enter_tag":"buy","leverage":1.0,"is_short":false,"open_timestamp":1760531700000,"close_timestamp":1760539200000,"orders":[{"amount":917584.0,"safe_price":0.026973,"ft_order_side":"buy","order_filled_timestamp":1760531700000,"ft_is_entry":true,"ft_order_tag":"buy","cost":24799.493218464002},{"amount":917584.0,"safe_price":0.028593,"ft_order_side":"sell","order_filled_timestamp":1760539200000,"ft_is_entry":false,"ft_order_tag":"trailing_stop_loss","cost":26288.952270624}],"funding_fees":0.0,"weekday":2},{"pair":"CAKE/USDT","stake_amount":24749.999739,"max_stake_amount":24749.999739,"amount":7768.3615,"open_date":"2025-10-15 11:50:00+00:00","close_date":"2025-10-16 00:30:00+00:00","open_rate":3.186,"close_rate":3.099,"fee_open":0.002,"fee_close":0.002,"trade_duration":760,"profit_ratio":-0.031189974100561076,"profit_abs":-773.49575455,"exit_reason":"sell","initial_stop_loss_abs":2.39,"initial_stop_loss_ratio":-0.25,"stop_loss_abs":2.39,"stop_loss_ratio":-0.25,"min_rate":2.991,"max_rate":3.269,"is_open":false,"enter_tag":"buy","leverage":1.0,"is_short":false,"open_timestamp":1760529000000,"close_timestamp":1760574600000,"orders":[{"amount":7768.3615,"safe_price":3.186,"ft_order_side":"buy","order_filled_timestamp":1760529000000,"ft_is_entry":true,"ft_order_tag":"buy","cost":24799.499738478},{"amount":7768.3615,"safe_price":3.099,"ft_order_side":"sell","order_filled_timestamp":1760574600000,"ft_is_entry":false,"ft_order_tag":"sell","cost":24122.300593077}],"funding_fees":0.0,"weekday":3},{"pair":"XPL/USDT","stake_amount":25435.3331141,"max_stake_amount":25435.3331141,"amount":54913.39,"open_date":"2025-10-15 20:55:00+00:00","close_date":"2025-10-16 01:30:00+00:00","open_rate":0.46319,"close_rate":0.47386,"fee_open":0.002,"fee_close":0.002,"trade_duration":275,"profit_ratio":0.01895192753158548,"profit_abs":483.0126871,"exit_reason":"sell","initial_stop_loss_abs":0.3474,"initial_stop_loss_ratio":-0.25,"stop_loss_abs":0.3474,"stop_loss_ratio":-0.25,"min_rate":0.45197,"max_rate":0.47697,"is_open":false,"enter_tag":"buy","leverage":1.0,"is_short":false,"open_timestamp":1760561700000,"close_timestamp":1760578200000,"orders":[{"amount":54913.39,"safe_price":0.46319,"ft_order_side":"buy","order_filled_timestamp":1760561700000,"ft_is_entry":true,"ft_order_tag":"buy","cost":25486.203780328196},{"amount":54913.39,"safe_price":0.47386,"ft_order_side":"sell","order_filled_timestamp":1760578200000,"ft_is_entry":false,"ft_order_tag":"sell","cost":26073.3015033708}],"funding_fees":0.0,"weekday":3},{"pair":"STO/USDT","stake_amount":25291.543834,"max_stake_amount":25291.543834,"amount":154783.01,"open_date":"2025-10-16 14:15:00+00:00","close_date":"2025-10-16 22:00:00+00:00","open_rate":0.1634,"close_rate":0.15383,"fee_open":0.002,"fee_close":0.002,"trade_duration":465,"profit_ratio":-0.062326143306839686,"profit_abs":-1579.47703422,"exit_reason":"sell","initial_stop_loss_abs":0.12255,"initial_stop_loss_ratio":-0.25,"stop_loss_abs":0.12255,"stop_loss_ratio":-0.25,"min_rate":0.1481,"max_rate":0.1665,"is_open":false,"enter_tag":"buy","leverage":1.0,"is_short":false,"open_timestamp":1760624100000,"close_timestamp":1760652000000,"orders":[{"amount":154783.01,"safe_price":0.1634,"ft_order_side":"buy","order_filled_timestamp":1760624100000,"ft_is_entry":true,"ft_order_tag":"buy","cost":25342.126921668},{"amount":154783.01,"safe_price":0.15383,"ft_order_side":"sell","order_filled_timestamp":1760652000000,"ft_is_entry":false,"ft_order_tag":"sell","cost":23857.8909691566}],"funding_fees":0.0,"weekday":3},{"pair":"XPL/USDT","stake_amount":25291.54336,"max_stake_amount":25291.54336,"amount":57091.52,"open_date":"2025-10-16 15:55:00+00:00","close_date":"2025-10-17 03:05:00+00:00","open_rate":0.443,"close_rate":0.4343,"fee_open":0.002,"fee_close":0.002,"trade_duration":670,"profit_ratio":-0.023552443645361576,"profit_abs":-596.86900499,"exit_reason":"sell","initial_stop_loss_abs":0.33225,"initial_stop_loss_ratio":-0.25,"stop_loss_abs":0.33225,"stop_loss_ratio":-0.25,"min_rate":0.41806,"max_rate":0.44973,"is_open":false,"enter_tag":"buy","leverage":1.0,"is_short":false,"open_timestamp":1760630100000,"close_timestamp":1760670300000,"orders":[{"amount":57091.52,"safe_price":0.443,"ft_order_side":"buy","order_filled_timestamp":1760630100000,"ft_is_entry":true,"ft_order_tag":"buy","cost":25342.126446719998},{"amount":57091.52,"safe_price":0.4343,"ft_order_side":"sell","order_filled_timestamp":1760670300000,"ft_is_entry":false,"ft_order_tag":"sell","cost":24844.436830272}],"funding_fees":0.0,"weekday":4},{"pair":"TAO/USDT","stake_amount":24213.9078,"max_stake_amount":24213.9078,"amount":68.517,"open_date":"2025-10-17 07:30:00+00:00","close_date":"2025-10-17 09:30:00+00:00","open_rate":353.4,"close_rate":361.7,"fee_open":0.002,"fee_close":0.002,"trade_duration":120,"profit_ratio":0.01940036169878692,"profit_abs":470.6980866,"exit_reason":"sell","initial_stop_loss_abs":265.04999999999995,"initial_stop_loss_ratio":-0.25,"stop_loss_abs":265.04999999999995,"stop_loss_ratio":-0.25,"min_rate":342.0,"max_rate":368.0,"is_open":false,"enter_tag":"buy","leverage":1.0,"is_short":false,"open_timestamp":1760686200000,"close_timestamp":1760693400000,"orders":[{"amount":68.517,"safe_price":353.4,"ft_order_side":"buy","order_filled_timestamp":1760686200000,"ft_is_entry":true,"ft_order_tag":"buy","cost":24262.335615599997},{"amount":68.517,"safe_price":361.7,"ft_order_side":"sell","order_filled_timestamp":1760693400000,"ft_is_entry":false,"ft_order_tag":"sell","cost":24832.164097799996}],"funding_fees":0.0,"weekday":4},{"pair":"EDEN/USDT","stake_amount":24214.253414,"max_stake_amount":24214.253414,"amount":152674.99,"open_date":"2025-10-17 07:30:00+00:00","close_date":"2025-10-17 11:20:00+00:00","open_rate":0.1586,"close_rate":0.1489,"fee_open":0.002,"fee_close":0.002,"trade_duration":230,"profit_ratio":-0.06490801499145467,"profit_abs":-1574.84252185,"exit_reason":"sell","initial_stop_loss_abs":0.119,"initial_stop_loss_ratio":-0.25,"stop_loss_abs":0.119,"stop_loss_ratio":-0.25,"min_rate":0.1411,"max_rate":0.1586,"is_open":false,"enter_tag":"buy","leverage":1.0,"is_short":false,"open_timestamp":1760686200000,"close_timestamp":1760700000000,"orders":[{"amount":152674.99,"safe_price":0.1586,"ft_order_side":"buy","order_filled_timestamp":1760686200000,"ft_is_entry":true,"ft_order_tag":"buy","cost":24262.681920828},{"amount":152674.99,"safe_price":0.1489,"ft_order_side":"sell","order_filled_timestamp":1760700000000,"ft_is_entry":false,"ft_order_tag":"sell","cost":22778.772623022}],"funding_fees":0.0,"weekday":4},{"pair":"EDEN/USDT","stake_amount":23667.701866,"max_stake_amount":23667.701866,"amount":172883.14,"open_date":"2025-10-18 16:35:00+00:00","close_date":"2025-10-18 16:50:00+00:00","open_rate":0.1369,"close_rate":0.1469,"fee_open":0.002,"fee_close":0.002,"trade_duration":15,"profit_ratio":0.06876240214985031,"profit_abs":1630.70292974,"exit_reason":"trailing_stop_loss","initial_stop_loss_abs":0.1027,"initial_stop_loss_ratio":-0.25,"stop_loss_abs":0.1469,"stop_loss_ratio":-0.002,"min_rate":0.1368,"max_rate":0.1471,"is_open":false,"enter_tag":"buy","leverage":1.0,"is_short":false,"open_timestamp":1760805300000,"close_timestamp":1760806200000,"orders":[{"amount":172883.14,"safe_price":0.1369,"ft_order_side":"buy","order_filled_timestamp":1760805300000,"ft_is_entry":true,"ft_order_tag":"buy","cost":23715.037269731998},{"amount":172883.14,"safe_price":0.1469,"ft_order_side":"sell","order_filled_timestamp":1760806200000,"ft_is_entry":false,"ft_order_tag":"trailing_stop_loss","cost":25447.326332532004}],"funding_fees":0.0,"weekday":5},{"pair":"BIO/USDT","stake_amount":24474.9000468,"max_stake_amount":24474.9000468,"amount":229423.51,"open_date":"2025-10-20 16:15:00+00:00","close_date":"2025-10-20 18:00:00+00:00","open_rate":0.10668,"close_rate":0.1113,"fee_open":0.002,"fee_close":0.002,"trade_duration":105,"profit_ratio":0.03914218806479894,"profit_abs":959.91714278,"exit_reason":"sell","initial_stop_loss_abs":0.08001,"initial_stop_loss_ratio":-0.25,"stop_loss_abs":0.08001,"stop_loss_ratio":-0.25,"min_rate":0.10321,"max_rate":0.1123,"is_open":false,"enter_tag":"buy","leverage":1.0,"is_short":false,"open_timestamp":1760976900000,"close_timestamp":1760983200000,"orders":[{"amount":229423.51,"safe_price":0.10668,"ft_order_side":"buy","order_filled_timestamp":1760976900000,"ft_is_entry":true,"ft_order_tag":"buy","cost":24523.8498468936},{"amount":229423.51,"safe_price":0.1113,"ft_order_side":"sell","order_filled_timestamp":1760983200000,"ft_is_entry":false,"ft_order_tag":"sell","cost":25585.906336326003}],"funding_fees":0.0,"weekday":0},{"pair":"ASTER/USDT","stake_amount":24950.054288,"max_stake_amount":24950.054288,"amount":23200.72,"open_date":"2025-10-21 05:00:00+00:00","close_date":"2025-10-21 12:25:00+00:00","open_rate":1.0754,"close_rate":1.1261,"fee_open":0.002,"fee_close":0.002,"trade_duration":445,"profit_ratio":0.042965027727695074,"profit_abs":1074.12373384,"exit_reason":"sell","initial_stop_loss_abs":0.8066,"initial_stop_loss_ratio":-0.25,"stop_loss_abs":0.8066,"stop_loss_ratio":-0.25,"min_rate":1.064,"max_rate":1.1301,"is_open":false,"enter_tag":"buy","leverage":1.0,"is_short":false,"open_timestamp":1761022800000,"close_timestamp":1761049500000,"orders":[{"amount":23200.72,"safe_price":1.0754,"ft_order_side":"buy","order_filled_timestamp":1761022800000,"ft_is_entry":true,"ft_order_tag":"buy","cost":24999.954396576},{"amount":23200.72,"safe_price":1.1261,"ft_order_side":"sell","order_filled_timestamp":1761049500000,"ft_is_entry":false,"ft_order_tag":"sell","cost":26178.583453584004}],"funding_fees":0.0,"weekday":1},{"pair":"BIO/USDT","stake_amount":24950.058296,"max_stake_amount":24950.058296,"amount":254748.4,"open_date":"2025-10-21 01:30:00+00:00","close_date":"2025-10-21 14:50:00+00:00","open_rate":0.09794,"close_rate":0.09308,"fee_open":0.002,"fee_close":0.002,"trade_duration":800,"profit_ratio":-0.05341614096715392,"profit_abs":-1335.40130274,"exit_reason":"sell","initial_stop_loss_abs":0.07346,"initial_stop_loss_ratio":-0.25,"stop_loss_abs":0.07346,"stop_loss_ratio":-0.25,"min_rate":0.08959,"max_rate":0.09812,"is_open":false,"enter_tag":"buy","leverage":1.0,"is_short":false,"open_timestamp":1761010200000,"close_timestamp":1761058200000,"orders":[{"amount":254748.4,"safe_price":0.09794,"ft_order_side":"buy","order_filled_timestamp":1761010200000,"ft_is_entry":true,"ft_order_tag":"buy","cost":24999.958412592},{"amount":254748.4,"safe_price":0.09308,"ft_order_side":"sell","order_filled_timestamp":1761058200000,"ft_is_entry":false,"ft_order_tag":"sell","cost":23759.405034143998}],"funding_fees":0.0,"weekday":1},{"pair":"OPEN/USDT","stake_amount":25481.748388,"max_stake_amount":25481.748388,"amount":66098.8,"open_date":"2025-10-21 14:30:00+00:00","close_date":"2025-10-21 16:40:00+00:00","open_rate":0.38551,"close_rate":0.41795,"fee_open":0.002,"fee_close":0.002,"trade_duration":130,"profit_ratio":0.07982033391114966,"profit_abs":2038.0295883,"exit_reason":"trailing_stop_loss","initial_stop_loss_abs":0.28914,"initial_stop_loss_ratio":-0.25,"stop_loss_abs":0.41795,"stop_loss_ratio":-0.002,"min_rate":0.38476,"max_rate":0.41878,"is_open":false,"enter_tag":"buy","leverage":1.0,"is_short":false,"open_timestamp":1761057000000,"close_timestamp":1761064800000,"orders":[{"amount":66098.8,"safe_price":0.38551,"ft_order_side":"buy","order_filled_timestamp":1761057000000,"ft_is_entry":true,"ft_order_tag":"buy","cost":25532.711884776003},{"amount":66098.8,"safe_price":0.41795,"ft_order_side":"sell","order_filled_timestamp":1761064800000,"ft_is_entry":false,"ft_order_tag":"trailing_stop_loss","cost":27681.245446920002}],"funding_fees":0.0,"weekday":1},{"pair":"AVNT/USDT","stake_amount":25829.5460709,"max_stake_amount":25829.5460709,"amount":42157.61,"open_date":"2025-10-21 23:05:00+00:00","close_date":"2025-10-22 00:10:00+00:00","open_rate":0.61269,"close_rate":0.62372,"fee_open":0.002,"fee_close":0.002,"trade_duration":65,"profit_ratio":0.013938696241825288,"profit_abs":360.75025714,"exit_reason":"sell","initial_stop_loss_abs":0.45952,"initial_stop_loss_ratio":-0.25,"stop_loss_abs":0.45952,"stop_loss_ratio":-0.25,"min_rate":0.59026,"max_rate":0.63274,"is_open":false,"enter_tag":"buy","leverage":1.0,"is_short":false,"open_timestamp":1761087900000,"close_timestamp":1761091800000,"orders":[{"amount":42157.61,"safe_price":0.61269,"ft_order_side":"buy","order_filled_timestamp":1761087900000,"ft_is_entry":true,"ft_order_tag":"buy","cost":25881.2051630418},{"amount":42157.61,"safe_price":0.62372,"ft_order_side":"sell","order_filled_timestamp":1761091800000,"ft_is_entry":false,"ft_order_tag":"sell","cost":26347.133598218403}],"funding_fees":0.0,"weekday":2},{"pair":"ZEN/USDT","stake_amount":25829.49186,"max_stake_amount":25829.49186,"amount":2127.46,"open_date":"2025-10-21 23:45:00+00:00","close_date":"2025-10-22 04:35:00+00:00","open_rate":12.141,"close_rate":12.271,"fee_open":0.002,"fee_close":0.002,"trade_duration":290,"profit_ratio":0.006672759414866009,"profit_abs":172.69869296,"exit_reason":"sell","initial_stop_loss_abs":9.10575,"initial_stop_loss_ratio":-0.25,"stop_loss_abs":9.10575,"stop_loss_ratio":-0.25,"min_rate":11.88,"max_rate":12.423,"is_open":false,"enter_tag":"buy","leverage":1.0,"is_short":false,"open_timestamp":1761090300000,"close_timestamp":1761107700000,"orders":[{"amount":2127.46,"safe_price":12.141,"ft_order_side":"buy","order_filled_timestamp":1761090300000,"ft_is_entry":true,"ft_order_tag":"buy","cost":25881.150843720003},{"amount":2127.46,"safe_price":12.271,"ft_order_side":"sell","order_filled_timestamp":1761107700000,"ft_is_entry":false,"ft_order_tag":"sell","cost":26158.273783320004}],"funding_fees":0.0,"weekday":2},{"pair":"AVNT/USDT","stake_amount":26093.603246,"max_stake_amount":26093.603246,"amount":42198.76,"open_date":"2025-10-22 20:30:00+00:00","close_date":"2025-10-22 22:05:00+00:00","open_rate":0.61835,"close_rate":0.63445,"fee_open":0.002,"fee_close":0.002,"trade_duration":95,"profit_ratio":0.02194107781833472,"profit_abs":573.66682294,"exit_reason":"sell","initial_stop_loss_abs":0.46377,"initial_stop_loss_ratio":-0.25,"stop_loss_abs":0.46377,"stop_loss_ratio":-0.25,"min_rate":0.59798,"max_rate":0.64705,"is_open":false,"enter_tag":"buy","leverage":1.0,"is_short":false,"open_timestamp":1761165000000,"close_timestamp":1761170700000,"orders":[{"amount":42198.76,"safe_price":0.61835,"ft_order_side":"buy","order_filled_timestamp":1761165000000,"ft_is_entry":true,"ft_order_tag":"buy","cost":26145.790452491998},{"amount":42198.76,"safe_price":0.63445,"ft_order_side":"sell","order_filled_timestamp":1761170700000,"ft_is_entry":false,"ft_order_tag":"sell","cost":26826.549288563998}],"funding_fees":0.0,"weekday":2},{"pair":"OPEN/USDT","stake_amount":26093.6070668,"max_stake_amount":26093.6070668,"amount":75504.52,"open_date":"2025-10-22 21:20:00+00:00","close_date":"2025-10-23 01:30:00+00:00","open_rate":0.34559,"close_rate":0.35523,"fee_open":0.002,"fee_close":0.002,"trade_duration":250,"profit_ratio":0.02379095508464273,"profit_abs":622.03341739,"exit_reason":"sell","initial_stop_loss_abs":0.2592,"initial_stop_loss_ratio":-0.25,"stop_loss_abs":0.2592,"stop_loss_ratio":-0.25,"min_rate":0.33772,"max_rate":0.35892,"is_open":false,"enter_tag":"buy","leverage":1.0,"is_short":false,"open_timestamp":1761168000000,"close_timestamp":1761183000000,"orders":[{"amount":75504.52,"safe_price":0.34559,"ft_order_side":"buy","order_filled_timestamp":1761168000000,"ft_is_entry":true,"ft_order_tag":"buy","cost":26145.794280933602},{"amount":75504.52,"safe_price":0.35523,"ft_order_side":"sell","order_filled_timestamp":1761183000000,"ft_is_entry":false,"ft_order_tag":"sell","cost":26875.1135808792}],"funding_fees":0.0,"weekday":3},{"pair":"AVNT/USDT","stake_amount":26685.4786772,"max_stake_amount":26685.4786772,"amount":34561.31,"open_date":"2025-10-24 22:30:00+00:00","close_date":"2025-10-25 00:15:00+00:00","open_rate":0.77212,"close_rate":0.80387,"fee_open":0.002,"fee_close":0.002,"trade_duration":105,"profit_ratio":0.03696438134469024,"profit_abs":988.38503461,"exit_reason":"sell","initial_stop_loss_abs":0.57909,"initial_stop_loss_ratio":-0.25,"stop_loss_abs":0.57909,"stop_loss_ratio":-0.25,"min_rate":0.75232,"max_rate":0.81363,"is_open":false,"enter_tag":"buy","leverage":1.0,"is_short":false,"open_timestamp":1761345000000,"close_timestamp":1761351300000,"orders":[{"amount":34561.31,"safe_price":0.77212,"ft_order_side":"buy","order_filled_timestamp":1761345000000,"ft_is_entry":true,"ft_order_tag":"buy","cost":26738.8496345544},{"amount":34561.31,"safe_price":0.80387,"ft_order_side":"sell","order_filled_timestamp":1761351300000,"ft_is_entry":false,"ft_order_tag":"sell","cost":27838.3658702394}],"funding_fees":0.0,"weekday":5},{"pair":"AVNT/USDT","stake_amount":27174.727665,"max_stake_amount":27174.727665,"amount":35919.75,"open_date":"2025-10-25 03:40:00+00:00","close_date":"2025-10-25 05:45:00+00:00","open_rate":0.75654,"close_rate":0.78491,"fee_open":0.002,"fee_close":0.002,"trade_duration":125,"profit_ratio":0.03335795430069251,"profit_abs":908.30631023,"exit_reason":"sell","initial_stop_loss_abs":0.56741,"initial_stop_loss_ratio":-0.25,"stop_loss_abs":0.56741,"stop_loss_ratio":-0.25,"min_rate":0.74839,"max_rate":0.78709,"is_open":false,"enter_tag":"buy","leverage":1.0,"is_short":false,"open_timestamp":1761363600000,"close_timestamp":1761371100000,"orders":[{"amount":35919.75,"safe_price":0.75654,"ft_order_side":"buy","order_filled_timestamp":1761363600000,"ft_is_entry":true,"ft_order_tag":"buy","cost":27229.07712033},{"amount":35919.75,"safe_price":0.78491,"ft_order_side":"sell","order_filled_timestamp":1761371100000,"ft_is_entry":false,"ft_order_tag":"sell","cost":28250.158514445}],"funding_fees":0.0,"weekday":5},{"pair":"EDEN/USDT","stake_amount":27624.34125,"max_stake_amount":27624.34125,"amount":147723.75,"open_date":"2025-10-25 15:30:00+00:00","close_date":"2025-10-25 16:25:00+00:00","open_rate":0.187,"close_rate":0.1993,"fee_open":0.002,"fee_close":0.002,"trade_duration":55,"profit_ratio":0.06152080865007952,"profit_abs":1702.87075575,"exit_reason":"trailing_stop_loss","initial_stop_loss_abs":0.1403,"initial_stop_loss_ratio":-0.25,"stop_loss_abs":0.1993,"stop_loss_ratio":-0.002,"min_rate":0.1833,"max_rate":0.1996,"is_open":false,"enter_tag":"buy","leverage":1.0,"is_short":false,"open_timestamp":1761406200000,"close_timestamp":1761409500000,"orders":[{"amount":147723.75,"safe_price":0.187,"ft_order_side":"buy","order_filled_timestamp":1761406200000,"ft_is_entry":true,"ft_order_tag":"buy","cost":27679.589932500003},{"amount":147723.75,"safe_price":0.1993,"ft_order_side":"sell","order_filled_timestamp":1761409500000,"ft_is_entry":false,"ft_order_tag":"trailing_stop_loss","cost":29500.22606175}],"funding_fees":0.0,"weekday":5},{"pair":"EDEN/USDT","stake_amount":28467.261648,"max_stake_amount":28467.261648,"amount":155814.24,"open_date":"2025-10-26 02:30:00+00:00","close_date":"2025-10-26 04:35:00+00:00","open_rate":0.1827,"close_rate":0.1881,"fee_open":0.002,"fee_close":0.002,"trade_duration":125,"profit_ratio":0.02544664365863605,"profit_abs":725.84505562,"exit_reason":"sell","initial_stop_loss_abs":0.1371,"initial_stop_loss_ratio":-0.25,"stop_loss_abs":0.1371,"stop_loss_ratio":-0.25,"min_rate":0.1787,"max_rate":0.1881,"is_open":false,"enter_tag":"buy","leverage":1.0,"is_short":false,"open_timestamp":1761445800000,"close_timestamp":1761453300000,"orders":[{"amount":155814.24,"safe_price":0.1827,"ft_order_side":"buy","order_filled_timestamp":1761445800000,"ft_is_entry":true,"ft_order_tag":"buy","cost":28524.196171296},{"amount":155814.24,"safe_price":0.1881,"ft_order_side":"sell","order_filled_timestamp":1761453300000,"ft_is_entry":false,"ft_order_tag":"sell","cost":29367.275861087997}],"funding_fees":0.0,"weekday":6},{"pair":"VIRTUAL/USDT","stake_amount":28467.255705,"max_stake_amount":28467.255705,"amount":23493.65,"open_date":"2025-10-26 03:35:00+00:00","close_date":"2025-10-26 11:15:00+00:00","open_rate":1.2117,"close_rate":1.2341,"fee_open":0.002,"fee_close":0.002,"trade_duration":460,"profit_ratio":0.014420609964357824,"profit_abs":411.33622166,"exit_reason":"sell","initial_stop_loss_abs":0.9088,"initial_stop_loss_ratio":-0.25,"stop_loss_abs":0.9088,"stop_loss_ratio":-0.25,"min_rate":1.1775,"max_rate":1.2385,"is_open":false,"enter_tag":"buy","leverage":1.0,"is_short":false,"open_timestamp":1761449700000,"close_timestamp":1761477300000,"orders":[{"amount":23493.65,"safe_price":1.2117,"ft_order_side":"buy","order_filled_timestamp":1761449700000,"ft_is_entry":true,"ft_order_tag":"buy","cost":28524.190216410003},{"amount":23493.65,"safe_price":1.2341,"ft_order_side":"sell","order_filled_timestamp":1761477300000,"ft_is_entry":false,"ft_order_tag":"sell","cost":29051.50049193}],"funding_fees":0.0,"weekday":6},{"pair":"EDEN/USDT","stake_amount":29030.166246,"max_stake_amount":29030.166246,"amount":155574.31,"open_date":"2025-10-27 09:15:00+00:00","close_date":"2025-10-27 11:35:00+00:00","open_rate":0.1866,"close_rate":0.1897,"fee_open":0.002,"fee_close":0.002,"trade_duration":140,"profit_ratio":0.012554740465340964,"profit_abs":365.19513529,"exit_reason":"sell","initial_stop_loss_abs":0.14,"initial_stop_loss_ratio":-0.25,"stop_loss_abs":0.14,"stop_loss_ratio":-0.25,"min_rate":0.1822,"max_rate":0.1904,"is_open":false,"enter_tag":"buy","leverage":1.0,"is_short":false,"open_timestamp":1761556500000,"close_timestamp":1761564900000,"orders":[{"amount":155574.31,"safe_price":0.1866,"ft_order_side":"buy","order_filled_timestamp":1761556500000,"ft_is_entry":true,"ft_order_tag":"buy","cost":29088.226578492},{"amount":155574.31,"safe_price":0.1897,"ft_order_side":"sell","order_filled_timestamp":1761564900000,"ft_is_entry":false,"ft_order_tag":"sell","cost":29571.471500214}],"funding_fees":0.0,"weekday":0},{"pair":"EDEN/USDT","stake_amount":29210.93835,"max_stake_amount":29210.93835,"amount":185938.5,"open_date":"2025-10-28 21:10:00+00:00","close_date":"2025-10-29 03:20:00+00:00","open_rate":0.1571,"close_rate":0.1642,"fee_open":0.002,"fee_close":0.002,"trade_duration":370,"profit_ratio":0.04102171214541001,"profit_abs":1200.6792699,"exit_reason":"sell","initial_stop_loss_abs":0.1179,"initial_stop_loss_ratio":-0.25,"stop_loss_abs":0.1656,"stop_loss_ratio":-0.002,"min_rate":0.1565,"max_rate":0.1659,"is_open":false,"enter_tag":"buy","leverage":1.0,"is_short":false,"open_timestamp":1761685800000,"close_timestamp":1761708000000,"orders":[{"amount":185938.5,"safe_price":0.1571,"ft_order_side":"buy","order_filled_timestamp":1761685800000,"ft_is_entry":true,"ft_order_tag":"buy","cost":29269.360226699995},{"amount":185938.5,"safe_price":0.1642,"ft_order_side":"sell","order_filled_timestamp":1761708000000,"ft_is_entry":false,"ft_order_tag":"sell","cost":30592.163903400004}],"funding_fees":0.0,"weekday":2},{"pair":"XPL/USDT","stake_amount":29805.2738947,"max_stake_amount":29805.2738947,"amount":90817.13,"open_date":"2025-10-30 00:20:00+00:00","close_date":"2025-10-30 23:35:00+00:00","open_rate":0.32819,"close_rate":0.29626,"fee_open":0.002,"fee_close":0.002,"trade_duration":1395,"profit_ratio":-0.10089483119757325,"profit_abs":-3013.21247456,"exit_reason":"sell","initial_stop_loss_abs":0.24615,"initial_stop_loss_ratio":-0.25,"stop_loss_abs":0.24615,"stop_loss_ratio":-0.25,"min_rate":0.28223,"max_rate":0.33712,"is_open":false,"enter_tag":"buy","leverage":1.0,"is_short":false,"open_timestamp":1761783600000,"close_timestamp":1761867300000,"orders":[{"amount":90817.13,"safe_price":0.32819,"ft_order_side":"buy","order_filled_timestamp":1761783600000,"ft_is_entry":true,"ft_order_tag":"buy","cost":29864.8844424894},{"amount":90817.13,"safe_price":0.29626,"ft_order_side":"sell","order_filled_timestamp":1761867300000,"ft_is_entry":false,"ft_order_tag":"sell","cost":26959.293899667602}],"funding_fees":0.0,"weekday":3},{"pair":"EDEN/USDT","stake_amount":29805.27473,"max_stake_amount":29805.27473,"amount":224099.81,"open_date":"2025-10-30 11:50:00+00:00","close_date":"2025-10-31 04:25:00+00:00","open_rate":0.133,"close_rate":0.1321,"fee_open":0.002,"fee_close":0.002,"trade_duration":995,"profit_ratio":-0.010731919619340833,"profit_abs":-320.50754826,"exit_reason":"sell","initial_stop_loss_abs":0.0998,"initial_stop_loss_ratio":-0.25,"stop_loss_abs":0.0998,"stop_loss_ratio":-0.25,"min_rate":0.1262,"max_rate":0.137,"is_open":false,"enter_tag":"buy","leverage":1.0,"is_short":false,"open_timestamp":1761825000000,"close_timestamp":1761884700000,"orders":[{"amount":224099.81,"safe_price":0.133,"ft_order_side":"buy","order_filled_timestamp":1761825000000,"ft_is_entry":true,"ft_order_tag":"buy","cost":29864.885279460002},{"amount":224099.81,"safe_price":0.1321,"ft_order_side":"sell","order_filled_timestamp":1761884700000,"ft_is_entry":false,"ft_order_tag":"sell","cost":29662.792070802}],"funding_fees":0.0,"weekday":4},{"pair":"ZEN/USDT","stake_amount":28155.0234,"max_stake_amount":28155.0234,"amount":1549.96,"open_date":"2025-11-01 14:35:00+00:00","close_date":"2025-11-01 14:40:00+00:00","open_rate":18.165,"close_rate":19.14164,"fee_open":0.002,"fee_close":0.002,"trade_duration":5,"profit_ratio":0.04955828612520216,"profit_abs":1398.10533493,"exit_reason":"trailing_stop_loss","initial_stop_loss_abs":13.62375,"initial_stop_loss_ratio":-0.25,"stop_loss_abs":19.14164,"stop_loss_ratio":-0.002,"min_rate":18.149,"max_rate":19.18,"is_open":false,"enter_tag":"buy","leverage":1.0,"is_short":false,"open_timestamp":1762007700000,"close_timestamp":1762008000000,"orders":[{"amount":1549.96,"safe_price":18.165,"ft_order_side":"buy","order_filled_timestamp":1762007700000,"ft_is_entry":true,"ft_order_tag":"buy","cost":28211.3334468},{"amount":1549.96,"safe_price":19.14164,"ft_order_side":"sell","order_filled_timestamp":1762008000000,"ft_is_entry":false,"ft_order_tag":"trailing_stop_loss","cost":29728.113887068797}],"funding_fees":0.0,"weekday":5},{"pair":"ZEN/USDT","stake_amount":28847.10685,"max_stake_amount":28847.10685,"amount":1545.85,"open_date":"2025-11-02 05:50:00+00:00","close_date":"2025-11-02 06:45:00+00:00","open_rate":18.661,"close_rate":19.075,"fee_open":0.002,"fee_close":0.002,"trade_duration":55,"profit_ratio":0.018104726188799186,"profit_abs":523.3135088,"exit_reason":"sell","initial_stop_loss_abs":13.995750000000001,"initial_stop_loss_ratio":-0.25,"stop_loss_abs":13.995750000000001,"stop_loss_ratio":-0.25,"min_rate":17.732,"max_rate":19.311,"is_open":false,"enter_tag":"buy","leverage":1.0,"is_short":false,"open_timestamp":1762062600000,"close_timestamp":1762065900000,"orders":[{"amount":1545.85,"safe_price":18.661,"ft_order_side":"buy","order_filled_timestamp":1762062600000,"ft_is_entry":true,"ft_order_tag":"buy","cost":28904.8010637},{"amount":1545.85,"safe_price":19.075,"ft_order_side":"sell","order_filled_timestamp":1762065900000,"ft_is_entry":false,"ft_order_tag":"sell","cost":29546.0629275}],"funding_fees":0.0,"weekday":6},{"pair":"ZEN/USDT","stake_amount":29106.17541,"max_stake_amount":29106.17541,"amount":1674.79,"open_date":"2025-11-02 14:25:00+00:00","close_date":"2025-11-02 22:15:00+00:00","open_rate":17.379,"close_rate":17.646,"fee_open":0.002,"fee_close":0.002,"trade_duration":470,"profit_ratio":0.011310022799214278,"profit_abs":329.8498905,"exit_reason":"sell","initial_stop_loss_abs":13.03425,"initial_stop_loss_ratio":-0.25,"stop_loss_abs":13.03425,"stop_loss_ratio":-0.25,"min_rate":16.366,"max_rate":17.822,"is_open":false,"enter_tag":"buy","leverage":1.0,"is_short":false,"open_timestamp":1762093500000,"close_timestamp":1762121700000,"orders":[{"amount":1674.79,"safe_price":17.379,"ft_order_side":"buy","order_filled_timestamp":1762093500000,"ft_is_entry":true,"ft_order_tag":"buy","cost":29164.38776082},{"amount":1674.79,"safe_price":17.646,"ft_order_side":"sell","order_filled_timestamp":1762121700000,"ft_is_entry":false,"ft_order_tag":"sell","cost":29612.45102868}],"funding_fees":0.0,"weekday":6},{"pair":"ZEN/USDT","stake_amount":29269.40706,"max_stake_amount":29269.40706,"amount":1823.98,"open_date":"2025-11-03 03:50:00+00:00","close_date":"2025-11-03 05:15:00+00:00","open_rate":16.047,"close_rate":16.466,"fee_open":0.002,"fee_close":0.002,"trade_duration":85,"profit_ratio":0.022014548829679088,"profit_abs":645.64149652,"exit_reason":"sell","initial_stop_loss_abs":12.035250000000001,"initial_stop_loss_ratio":-0.25,"stop_loss_abs":12.035250000000001,"stop_loss_ratio":-0.25,"min_rate":15.714,"max_rate":16.497,"is_open":false,"enter_tag":"buy","leverage":1.0,"is_short":false,"open_timestamp":1762141800000,"close_timestamp":1762146900000,"orders":[{"amount":1823.98,"safe_price":16.047,"ft_order_side":"buy","order_filled_timestamp":1762141800000,"ft_is_entry":true,"ft_order_tag":"buy","cost":29327.94587412},{"amount":1823.98,"safe_price":16.466,"ft_order_side":"sell","order_filled_timestamp":1762146900000,"ft_is_entry":false,"ft_order_tag":"sell","cost":30093.721989360005}],"funding_fees":0.0,"weekday":0},{"pair":"ICP/USDT","stake_amount":29589.0549408,"max_stake_amount":29589.0549408,"amount":7873.6176,"open_date":"2025-11-03 07:35:00+00:00","close_date":"2025-11-03 09:10:00+00:00","open_rate":3.758,"close_rate":3.892,"fee_open":0.002,"fee_close":0.002,"trade_duration":95,"profit_ratio":0.031522904165059984,"profit_abs":934.59840912,"exit_reason":"sell","initial_stop_loss_abs":2.8185,"initial_stop_loss_ratio":-0.25,"stop_loss_abs":2.8185,"stop_loss_ratio":-0.25,"min_rate":3.738,"max_rate":3.908,"is_open":false,"enter_tag":"buy","leverage":1.0,"is_short":false,"open_timestamp":1762155300000,"close_timestamp":1762161000000,"orders":[{"amount":7873.6176,"safe_price":3.758,"ft_order_side":"buy","order_filled_timestamp":1762155300000,"ft_is_entry":true,"ft_order_tag":"buy","cost":29648.233050681596},{"amount":7873.6176,"safe_price":3.892,"ft_order_side":"sell","order_filled_timestamp":1762161000000,"ft_is_entry":false,"ft_order_tag":"sell","cost":30705.407938598397}],"funding_fees":0.0,"weekday":0},{"pair":"BONK/USDT","stake_amount":30051.68129635,"max_stake_amount":30051.68129635,"amount":2457210245.0,"open_date":"2025-11-03 15:45:00+00:00","close_date":"2025-11-04 00:40:00+00:00","open_rate":1.223e-05,"close_rate":1.222e-05,"fee_open":0.002,"fee_close":0.002,"trade_duration":535,"profit_ratio":-0.004806413338474034,"profit_abs":-144.72968343,"exit_reason":"sell","initial_stop_loss_abs":9.18e-06,"initial_stop_loss_ratio":-0.25,"stop_loss_abs":9.18e-06,"stop_loss_ratio":-0.25,"min_rate":1.17e-05,"max_rate":1.26e-05,"is_open":false,"enter_tag":"buy","leverage":1.0,"is_short":false,"open_timestamp":1762184700000,"close_timestamp":1762216800000,"orders":[{"amount":2457210245.0,"safe_price":1.223e-05,"ft_order_side":"buy","order_filled_timestamp":1762184700000,"ft_is_entry":true,"ft_order_tag":"buy","cost":30111.7846589427},{"amount":2457210245.0,"safe_price":1.222e-05,"ft_order_side":"sell","order_filled_timestamp":1762216800000,"ft_is_entry":false,"ft_order_tag":"sell","cost":30087.1634122878}],"funding_fees":0.0,"weekday":1},{"pair":"ASTER/USDT","stake_amount":29269.454574,"max_stake_amount":29269.454574,"amount":26373.63,"open_date":"2025-11-03 02:50:00+00:00","close_date":"2025-11-04 00:45:00+00:00","open_rate":1.1098,"close_rate":0.9222,"fee_open":0.002,"fee_close":0.002,"trade_duration":1315,"profit_ratio":-0.17235667428883447,"profit_abs":-5054.87542032,"exit_reason":"sell","initial_stop_loss_abs":0.8324,"initial_stop_loss_ratio":-0.25,"stop_loss_abs":0.8324,"stop_loss_ratio":-0.25,"min_rate":0.8466,"max_rate":1.1266,"is_open":false,"enter_tag":"buy","leverage":1.0,"is_short":false,"open_timestamp":1762138200000,"close_timestamp":1762217100000,"orders":[{"amount":26373.63,"safe_price":1.1098,"ft_order_side":"buy","order_filled_timestamp":1762138200000,"ft_is_entry":true,"ft_order_tag":"buy","cost":29327.993483148},{"amount":26373.63,"safe_price":0.9222,"ft_order_side":"sell","order_filled_timestamp":1762217100000,"ft_is_entry":false,"ft_order_tag":"sell","cost":24370.405109172}],"funding_fees":0.0,"weekday":1},{"pair":"ASTER/USDT","stake_amount":27477.868506,"max_stake_amount":27477.868506,"amount":32610.81,"open_date":"2025-11-04 05:35:00+00:00","close_date":"2025-11-04 08:25:00+00:00","open_rate":0.8426,"close_rate":0.8745,"fee_open":0.002,"fee_close":0.002,"trade_duration":170,"profit_ratio":0.033715858101102954,"profit_abs":928.2927953,"exit_reason":"sell","initial_stop_loss_abs":0.632,"initial_stop_loss_ratio":-0.25,"stop_loss_abs":0.8895,"stop_loss_ratio":-0.002,"min_rate":0.8168,"max_rate":0.8912,"is_open":false,"enter_tag":"buy","leverage":1.0,"is_short":false,"open_timestamp":1762234500000,"close_timestamp":1762244700000,"orders":[{"amount":32610.81,"safe_price":0.8426,"ft_order_side":"buy","order_filled_timestamp":1762234500000,"ft_is_entry":true,"ft_order_tag":"buy","cost":27532.824243012},{"amount":32610.81,"safe_price":0.8745,"ft_order_side":"sell","order_filled_timestamp":1762244700000,"ft_is_entry":false,"ft_order_tag":"sell","cost":28575.18965169}],"funding_fees":0.0,"weekday":1},{"pair":"FORM/USDT","stake_amount":27477.87294,"max_stake_amount":27477.87294,"amount":67679.49,"open_date":"2025-11-04 05:45:00+00:00","close_date":"2025-11-04 08:35:00+00:00","open_rate":0.406,"close_rate":0.4146,"fee_open":0.002,"fee_close":0.002,"trade_duration":170,"profit_ratio":0.0171056900975646,"profit_abs":470.96803501,"exit_reason":"sell","initial_stop_loss_abs":0.3045,"initial_stop_loss_ratio":-0.25,"stop_loss_abs":0.3045,"stop_loss_ratio":-0.25,"min_rate":0.3999,"max_rate":0.4248,"is_open":false,"enter_tag":"buy","leverage":1.0,"is_short":false,"open_timestamp":1762235100000,"close_timestamp":1762245300000,"orders":[{"amount":67679.49,"safe_price":0.406,"ft_order_side":"buy","order_filled_timestamp":1762235100000,"ft_is_entry":true,"ft_order_tag":"buy","cost":27532.828685880006},{"amount":67679.49,"safe_price":0.4146,"ft_order_side":"sell","order_filled_timestamp":1762245300000,"ft_is_entry":false,"ft_order_tag":"sell","cost":28116.036387108004}],"funding_fees":0.0,"weekday":1},{"pair":"ZEN/USDT","stake_amount":28170.34228,"max_stake_amount":28170.34228,"amount":1450.36,"open_date":"2025-11-04 11:45:00+00:00","close_date":"2025-11-04 14:10:00+00:00","open_rate":19.423,"close_rate":19.58,"fee_open":0.002,"fee_close":0.002,"trade_duration":145,"profit_ratio":0.004058916096653935,"profit_abs":114.56973784,"exit_reason":"sell","initial_stop_loss_abs":14.567249999999998,"initial_stop_loss_ratio":-0.25,"stop_loss_abs":14.567249999999998,"stop_loss_ratio":-0.25,"min_rate":18.05,"max_rate":19.85,"is_open":false,"enter_tag":"buy","leverage":1.0,"is_short":false,"open_timestamp":1762256700000,"close_timestamp":1762265400000,"orders":[{"amount":1450.36,"safe_price":19.423,"ft_order_side":"buy","order_filled_timestamp":1762256700000,"ft_is_entry":true,"ft_order_tag":"buy","cost":28226.682964559997},{"amount":1450.36,"safe_price":19.58,"ft_order_side":"sell","order_filled_timestamp":1762265400000,"ft_is_entry":false,"ft_order_tag":"sell","cost":28454.844897599996}],"funding_fees":0.0,"weekday":1},{"pair":"TAO/USDT","stake_amount":28227.03,"max_stake_amount":28227.03,"amount":71.916,"open_date":"2025-11-04 17:05:00+00:00","close_date":"2025-11-04 17:35:00+00:00","open_rate":392.5,"close_rate":407.9,"fee_open":0.002,"fee_close":0.002,"trade_duration":30,"profit_ratio":0.035087023405418465,"profit_abs":992.3832672,"exit_reason":"sell","initial_stop_loss_abs":294.375,"initial_stop_loss_ratio":-0.25,"stop_loss_abs":294.375,"stop_loss_ratio":-0.25,"min_rate":388.6,"max_rate":413.5,"is_open":false,"enter_tag":"buy","leverage":1.0,"is_short":false,"open_timestamp":1762275900000,"close_timestamp":1762277700000,"orders":[{"amount":71.916,"safe_price":392.5,"ft_order_side":"buy","order_filled_timestamp":1762275900000,"ft_is_entry":true,"ft_order_tag":"buy","cost":28283.48406},{"amount":71.916,"safe_price":407.9,"ft_order_side":"sell","order_filled_timestamp":1762277700000,"ft_is_entry":false,"ft_order_tag":"sell","cost":29393.205472799997}],"funding_fees":0.0,"weekday":1},{"pair":"XPL/USDT","stake_amount":28718.450999,"max_stake_amount":28718.450999,"amount":119471.05,"open_date":"2025-11-04 17:55:00+00:00","close_date":"2025-11-04 22:00:00+00:00","open_rate":0.24038,"close_rate":0.2406,"fee_open":0.002,"fee_close":0.002,"trade_duration":245,"profit_ratio":-0.003080451959118374,"profit_abs":-88.64274026,"exit_reason":"sell","initial_stop_loss_abs":0.18029,"initial_stop_loss_ratio":-0.25,"stop_loss_abs":0.18029,"stop_loss_ratio":-0.25,"min_rate":0.22477,"max_rate":0.2443,"is_open":false,"enter_tag":"buy","leverage":1.0,"is_short":false,"open_timestamp":1762278900000,"close_timestamp":1762293600000,"orders":[{"amount":119471.05,"safe_price":0.24038,"ft_order_side":"buy","order_filled_timestamp":1762278900000,"ft_is_entry":true,"ft_order_tag":"buy","cost":28775.887900998},{"amount":119471.05,"safe_price":0.2406,"ft_order_side":"sell","order_filled_timestamp":1762293600000,"ft_is_entry":false,"ft_order_tag":"sell","cost":28802.224099260002}],"funding_fees":0.0,"weekday":1},{"pair":"FIL/USDT","stake_amount":28718.4525618,"max_stake_amount":28718.4525618,"amount":21100.9938,"open_date":"2025-11-04 18:25:00+00:00","close_date":"2025-11-04 22:10:00+00:00","open_rate":1.361,"close_rate":1.344,"fee_open":0.002,"fee_close":0.002,"trade_duration":225,"profit_ratio":-0.0164329680096785,"profit_abs":-472.87327106,"exit_reason":"sell","initial_stop_loss_abs":1.021,"initial_stop_loss_ratio":-0.25,"stop_loss_abs":1.021,"stop_loss_ratio":-0.25,"min_rate":1.271,"max_rate":1.373,"is_open":false,"enter_tag":"buy","leverage":1.0,"is_short":false,"open_timestamp":1762280700000,"close_timestamp":1762294200000,"orders":[{"amount":21100.9938,"safe_price":1.361,"ft_order_side":"buy","order_filled_timestamp":1762280700000,"ft_is_entry":true,"ft_order_tag":"buy","cost":28775.8894669236},{"amount":21100.9938,"safe_price":1.344,"ft_order_side":"sell","order_filled_timestamp":1762294200000,"ft_is_entry":false,"ft_order_tag":"sell","cost":28416.455138534402}],"funding_fees":0.0,"weekday":1},{"pair":"ICP/USDT","stake_amount":28440.5019822,"max_stake_amount":28440.5019822,"amount":5645.1969,"open_date":"2025-11-05 01:10:00+00:00","close_date":"2025-11-05 02:35:00+00:00","open_rate":5.038,"close_rate":5.126,"fee_open":0.002,"fee_close":0.002,"trade_duration":85,"profit_ratio":0.013405503403785294,"profit_abs":382.02176462,"exit_reason":"sell","initial_stop_loss_abs":3.7785,"initial_stop_loss_ratio":-0.25,"stop_loss_abs":3.7785,"stop_loss_ratio":-0.25,"min_rate":4.809,"max_rate":5.193,"is_open":false,"enter_tag":"buy","leverage":1.0,"is_short":false,"open_timestamp":1762305000000,"close_timestamp":1762310100000,"orders":[{"amount":5645.1969,"safe_price":5.038,"ft_order_side":"buy","order_filled_timestamp":1762305000000,"ft_is_entry":true,"ft_order_tag":"buy","cost":28497.3829861644},{"amount":5645.1969,"safe_price":5.126,"ft_order_side":"sell","order_filled_timestamp":1762310100000,"ft_is_entry":false,"ft_order_tag":"sell","cost":28995.153868018802}],"funding_fees":0.0,"weekday":2},{"pair":"ZEN/USDT","stake_amount":28629.49584,"max_stake_amount":28629.49584,"amount":1486.32,"open_date":"2025-11-05 22:45:00+00:00","close_date":"2025-11-06 04:55:00+00:00","open_rate":19.262,"close_rate":18.841,"fee_open":0.002,"fee_close":0.002,"trade_duration":370,"profit_ratio":-0.02576126948677663,"profit_abs":-739.00722192,"exit_reason":"sell","initial_stop_loss_abs":14.4465,"initial_stop_loss_ratio":-0.25,"stop_loss_abs":14.4465,"stop_loss_ratio":-0.25,"min_rate":17.867,"max_rate":19.404,"is_open":false,"enter_tag":"buy","leverage":1.0,"is_short":false,"open_timestamp":1762382700000,"close_timestamp":1762404900000,"orders":[{"amount":1486.32,"safe_price":19.262,"ft_order_side":"buy","order_filled_timestamp":1762382700000,"ft_is_entry":true,"ft_order_tag":"buy","cost":28686.75483168},{"amount":1486.32,"safe_price":18.841,"ft_order_side":"sell","order_filled_timestamp":1762404900000,"ft_is_entry":false,"ft_order_tag":"sell","cost":28059.762630240002}],"funding_fees":0.0,"weekday":3},{"pair":"VIRTUAL/USDT","stake_amount":28263.784146,"max_stake_amount":28263.784146,"amount":23795.07,"open_date":"2025-11-06 16:45:00+00:00","close_date":"2025-11-06 17:40:00+00:00","open_rate":1.1878,"close_rate":1.231,"fee_open":0.002,"fee_close":0.002,"trade_duration":55,"profit_ratio":0.032232554591174654,"profit_abs":912.83599337,"exit_reason":"sell","initial_stop_loss_abs":0.8909,"initial_stop_loss_ratio":-0.25,"stop_loss_abs":0.8909,"stop_loss_ratio":-0.25,"min_rate":1.1843,"max_rate":1.2363,"is_open":false,"enter_tag":"buy","leverage":1.0,"is_short":false,"open_timestamp":1762447500000,"close_timestamp":1762450800000,"orders":[{"amount":23795.07,"safe_price":1.1878,"ft_order_side":"buy","order_filled_timestamp":1762447500000,"ft_is_entry":true,"ft_order_tag":"buy","cost":28320.311714292},{"amount":23795.07,"safe_price":1.231,"ft_order_side":"sell","order_filled_timestamp":1762450800000,"ft_is_entry":false,"ft_order_tag":"sell","cost":29350.314632340003}],"funding_fees":0.0,"weekday":3},{"pair":"ASTER/USDT","stake_amount":28263.792558,"max_stake_amount":28263.792558,"amount":28326.11,"open_date":"2025-11-06 17:05:00+00:00","close_date":"2025-11-06 22:20:00+00:00","open_rate":0.9978,"close_rate":1.0443,"fee_open":0.002,"fee_close":0.002,"trade_duration":315,"profit_ratio":0.042424471562057885,"profit_abs":1201.47461654,"exit_reason":"sell","initial_stop_loss_abs":0.7484,"initial_stop_loss_ratio":-0.25,"stop_loss_abs":0.7484,"stop_loss_ratio":-0.25,"min_rate":0.9852,"max_rate":1.0457,"is_open":false,"enter_tag":"buy","leverage":1.0,"is_short":false,"open_timestamp":1762448700000,"close_timestamp":1762467600000,"orders":[{"amount":28326.11,"safe_price":0.9978,"ft_order_side":"buy","order_filled_timestamp":1762448700000,"ft_is_entry":true,"ft_order_tag":"buy","cost":28320.320143116},{"amount":28326.11,"safe_price":1.0443,"ft_order_side":"sell","order_filled_timestamp":1762467600000,"ft_is_entry":false,"ft_order_tag":"sell","cost":29640.118586346}],"funding_fees":0.0,"weekday":3},{"pair":"ZEN/USDT","stake_amount":29310.27032,"max_stake_amount":29310.27032,"amount":1538.92,"open_date":"2025-11-07 11:10:00+00:00","close_date":"2025-11-07 14:45:00+00:00","open_rate":19.046,"close_rate":19.673,"fee_open":0.002,"fee_close":0.002,"trade_duration":215,"profit_ratio":0.028796863901096263,"profit_abs":845.73195304,"exit_reason":"sell","initial_stop_loss_abs":14.2845,"initial_stop_loss_ratio":-0.25,"stop_loss_abs":14.2845,"stop_loss_ratio":-0.25,"min_rate":18.579,"max_rate":19.785,"is_open":false,"enter_tag":"buy","leverage":1.0,"is_short":false,"open_timestamp":1762513800000,"close_timestamp":1762526700000,"orders":[{"amount":1538.92,"safe_price":19.046,"ft_order_side":"buy","order_filled_timestamp":1762513800000,"ft_is_entry":true,"ft_order_tag":"buy","cost":29368.89086064},{"amount":1538.92,"safe_price":19.673,"ft_order_side":"sell","order_filled_timestamp":1762526700000,"ft_is_entry":false,"ft_order_tag":"sell","cost":30335.72350632}],"funding_fees":0.0,"weekday":4},{"pair":"ICP/USDT","stake_amount":29310.3779969,"max_stake_amount":29310.3779969,"amount":3880.6273,"open_date":"2025-11-07 13:05:00+00:00","close_date":"2025-11-07 14:55:00+00:00","open_rate":7.553,"close_rate":7.785,"fee_open":0.002,"fee_close":0.002,"trade_duration":110,"profit_ratio":0.026601635865200212,"profit_abs":781.26341055,"exit_reason":"sell","initial_stop_loss_abs":5.66475,"initial_stop_loss_ratio":-0.25,"stop_loss_abs":5.66475,"stop_loss_ratio":-0.25,"min_rate":7.343,"max_rate":7.95,"is_open":false,"enter_tag":"buy","leverage":1.0,"is_short":false,"open_timestamp":1762520700000,"close_timestamp":1762527300000,"orders":[{"amount":3880.6273,"safe_price":7.553,"ft_order_side":"buy","order_filled_timestamp":1762520700000,"ft_is_entry":true,"ft_order_tag":"buy","cost":29368.9987528938},{"amount":3880.6273,"safe_price":7.785,"ft_order_side":"sell","order_filled_timestamp":1762527300000,"ft_is_entry":false,"ft_order_tag":"sell","cost":30271.104897561003}],"funding_fees":0.0,"weekday":4},{"pair":"FET/USDT","stake_amount":30115.5192,"max_stake_amount":30115.5192,"amount":83934.0,"open_date":"2025-11-07 23:15:00+00:00","close_date":"2025-11-08 00:00:00+00:00","open_rate":0.3588,"close_rate":0.365,"fee_open":0.002,"fee_close":0.002,"trade_duration":45,"profit_ratio":0.013218824335720976,"profit_abs":398.8879416,"exit_reason":"force_exit","initial_stop_loss_abs":0.2691,"initial_stop_loss_ratio":-0.25,"stop_loss_abs":0.2691,"stop_loss_ratio":-0.25,"min_rate":0.3511,"max_rate":0.3775,"is_open":false,"enter_tag":"buy","leverage":1.0,"is_short":false,"open_timestamp":1762557300000,"close_timestamp":1762560000000,"orders":[{"amount":83934.0,"safe_price":0.3588,"ft_order_side":"buy","order_filled_timestamp":1762557300000,"ft_is_entry":true,"ft_order_tag":"buy","cost":30175.750238400004},{"amount":83934.0,"safe_price":0.365,"ft_order_side":"sell","order_filled_timestamp":1762560000000,"ft_is_entry":false,"ft_order_tag":"force_exit","cost":30697.18182}],"funding_fees":0.0,"weekday":5}],"locks":[],"best_pair":{"key":"EDEN/USDT","trades":7,"profit_mean":0.019095196065503053,"profit_mean_pct":1.91,"profit_total_abs":3729.94307619,"profit_total":0.07459886152379999,"profit_total_pct":7.46,"duration_avg":"4:36:00","wins":5,"draws":0,"losses":2,"winrate":0.7142857142857143,"cagr":1.9867942290489222,"expectancy":532.8490108842857,"expectancy_ratio":0.562269756165267,"sortino":4.734279114269668,"sharpe":2.7339915140448006,"calmar":188.53859307752288,"sqn":1.2018,"profit_factor":2.9679441465784344,"max_drawdown_account":0.03149685043699996,"max_drawdown_abs":1574.84252185},"worst_pair":{"key":"XPL/USDT","trades":4,"profit_mean":-0.027143949817616933,"profit_mean_pct":-2.71,"profit_total_abs":-3215.71153271,"profit_total":-0.0643142306542,"profit_total_pct":-6.43,"duration_avg":"10:46:00","wins":1,"draws":0,"losses":3,"winrate":0.25,"cagr":-0.6361387658588514,"expectancy":-803.9278831775,"expectancy_ratio":-0.6520582520359929,"sortino":-2.006378981455442,"sharpe":-1.922508623467933,"calmar":-69.8772142204735,"sqn":-1.0458,"profit_factor":0.13058899728534284,"max_drawdown_account":0.07326670939262599,"max_drawdown_abs":3698.7242198100002},"results_per_pair":[{"key":"EDEN/USDT","trades":7,"profit_mean":0.019095196065503053,"profit_mean_pct":1.91,"profit_total_abs":3729.94307619,"profit_total":0.07459886152379999,"profit_total_pct":7.46,"duration_avg":"4:36:00","wins":5,"draws":0,"losses":2,"winrate":0.7142857142857143,"cagr":1.9867942290489222,"expectancy":532.8490108842857,"expectancy_ratio":0.562269756165267,"sortino":4.734279114269668,"sharpe":2.7339915140448006,"calmar":188.53859307752288,"sqn":1.2018,"profit_factor":2.9679441465784344,"max_drawdown_account":0.03149685043699996,"max_drawdown_abs":1574.84252185},{"key":"ZEN/USDT","trades":8,"profit_mean":0.014344356733591785,"profit_mean_pct":1.43,"profit_total_abs":3290.9033926700004,"profit_total":0.06581806785340001,"profit_total_pct":6.58,"duration_avg":"3:24:00","wins":7,"draws":0,"losses":1,"winrate":0.875,"cagr":1.6364132188620104,"expectancy":411.36292408375004,"expectancy_ratio":0.5566426306565666,"sortino":-100,"sharpe":4.5053425041449335,"calmar":377.06315208741796,"sqn":1.8718,"profit_factor":5.453141045252535,"max_drawdown_account":0.013895245550802746,"max_drawdown_abs":739.0072219200001},{"key":"AVNT/USDT","trades":4,"profit_mean":0.026550527426385688,"profit_mean_pct":2.66,"profit_total_abs":2831.1084249200003,"profit_total":0.0566221684984,"profit_total_pct":5.66,"duration_avg":"1:38:00","wins":4,"draws":0,"losses":0,"winrate":1.0,"cagr":1.3108887976105685,"expectancy":707.7771062300001,"expectancy_ratio":100.0,"sortino":-100,"sharpe":8.884768667434823,"calmar":-100,"sqn":4.8329,"profit_factor":0.0,"max_drawdown_account":0.0,"max_drawdown_abs":0.0},{"key":"OPEN/USDT","trades":2,"profit_mean":0.051805644497896194,"profit_mean_pct":5.18,"profit_total_abs":2660.06300569,"profit_total":0.0532012601138,"profit_total_pct":5.32,"duration_avg":"3:10:00","wins":2,"draws":0,"losses":0,"winrate":1.0,"cagr":1.1996846263205012,"expectancy":1330.031502845,"expectancy_ratio":100.0,"sortino":-100,"sharpe":2.9908527420688,"calmar":-100,"sqn":1.8786,"profit_factor":0.0,"max_drawdown_account":0.0,"max_drawdown_abs":0.0},{"key":"ICP/USDT","trades":3,"profit_mean":0.0238433478113485,"profit_mean_pct":2.38,"profit_total_abs":2097.8835842900003,"profit_total":0.0419576716858,"profit_total_pct":4.2,"duration_avg":"1:37:00","wins":3,"draws":0,"losses":0,"winrate":1.0,"cagr":0.8684002434052007,"expectancy":699.2945280966668,"expectancy_ratio":100.0,"sortino":-100,"sharpe":7.169985503240174,"calmar":-100,"sqn":4.246,"profit_factor":0.0,"max_drawdown_account":0.0,"max_drawdown_abs":0.0},{"key":"TAO/USDT","trades":2,"profit_mean":0.02724369255210269,"profit_mean_pct":2.72,"profit_total_abs":1463.0813538,"profit_total":0.029261627076,"profit_total_pct":2.93,"duration_avg":"1:15:00","wins":2,"draws":0,"losses":0,"winrate":1.0,"cagr":0.5505874463358003,"expectancy":731.5406769,"expectancy_ratio":100.0,"sortino":-100,"sharpe":4.4650380242055965,"calmar":-100,"sqn":2.8045,"profit_factor":0.0,"max_drawdown_account":0.0,"max_drawdown_abs":0.0},{"key":"TUT/USDT","trades":1,"profit_mean":0.05582828337311291,"profit_mean_pct":5.58,"profit_total_abs":1384.51313491,"profit_total":0.027690262698199998,"profit_total_pct":2.77,"duration_avg":"2:05:00","wins":1,"draws":0,"losses":0,"winrate":1.0,"cagr":0.5149731115570455,"expectancy":1384.51313491,"expectancy_ratio":100.0,"sortino":-100,"sharpe":-100,"calmar":-100,"sqn":-100.0,"profit_factor":0.0,"max_drawdown_account":0.0,"max_drawdown_abs":0.0},{"key":"VIRTUAL/USDT","trades":2,"profit_mean":0.02332658227776624,"profit_mean_pct":2.33,"profit_total_abs":1324.17221503,"profit_total":0.026483444300599998,"profit_total_pct":2.65,"duration_avg":"4:18:00","wins":2,"draws":0,"losses":0,"winrate":1.0,"cagr":0.48814149868888945,"expectancy":662.086107515,"expectancy_ratio":100.0,"sortino":-100,"sharpe":4.203769717973767,"calmar":-100,"sqn":2.6404,"profit_factor":0.0,"max_drawdown_account":0.0,"max_drawdown_abs":0.0},{"key":"FORM/USDT","trades":1,"profit_mean":0.0171056900975646,"profit_mean_pct":1.71,"profit_total_abs":470.96803501,"profit_total":0.0094193607002,"profit_total_pct":0.94,"duration_avg":"2:50:00","wins":1,"draws":0,"losses":0,"winrate":1.0,"cagr":0.15324800030452645,"expectancy":470.96803501,"expectancy_ratio":100.0,"sortino":-100,"sharpe":-100,"calmar":-100,"sqn":-100.0,"profit_factor":0.0,"max_drawdown_account":0.0,"max_drawdown_abs":0.0},{"key":"FET/USDT","trades":1,"profit_mean":0.013218824335720976,"profit_mean_pct":1.32,"profit_total_abs":398.8879416,"profit_total":0.007977758832,"profit_total_pct":0.8,"duration_avg":"0:45:00","wins":1,"draws":0,"losses":0,"winrate":1.0,"cagr":0.12845225704076468,"expectancy":398.8879416,"expectancy_ratio":100.0,"sortino":-100,"sharpe":-100,"calmar":-100,"sqn":-100.0,"profit_factor":0.0,"max_drawdown_account":0.0,"max_drawdown_abs":0.0},{"key":"TRX/USDT","trades":0,"profit_mean":0.0,"profit_mean_pct":0.0,"profit_total_abs":0.0,"profit_total":0.0,"profit_total_pct":0.0,"duration_avg":"0:00","wins":0,"draws":0,"losses":0,"winrate":0.0,"cagr":0.0,"expectancy":0.0,"expectancy_ratio":100.0,"sortino":0,"sharpe":0,"calmar":0,"sqn":0.0,"profit_factor":0.0,"max_drawdown_account":0.0,"max_drawdown_abs":0.0},{"key":"PEPE/USDT","trades":0,"profit_mean":0.0,"profit_mean_pct":0.0,"profit_total_abs":0.0,"profit_total":0.0,"profit_total_pct":0.0,"duration_avg":"0:00","wins":0,"draws":0,"losses":0,"winrate":0.0,"cagr":0.0,"expectancy":0.0,"expectancy_ratio":100.0,"sortino":0,"sharpe":0,"calmar":0,"sqn":0.0,"profit_factor":0.0,"max_drawdown_account":0.0,"max_drawdown_abs":0.0},{"key":"BNB/USDT","trades":0,"profit_mean":0.0,"profit_mean_pct":0.0,"profit_total_abs":0.0,"profit_total":0.0,"profit_total_pct":0.0,"duration_avg":"0:00","wins":0,"draws":0,"losses":0,"winrate":0.0,"cagr":0.0,"expectancy":0.0,"expectancy_ratio":100.0,"sortino":0,"sharpe":0,"calmar":0,"sqn":0.0,"profit_factor":0.0,"max_drawdown_account":0.0,"max_drawdown_abs":0.0},{"key":"APT/USDT","trades":0,"profit_mean":0.0,"profit_mean_pct":0.0,"profit_total_abs":0.0,"profit_total":0.0,"profit_total_pct":0.0,"duration_avg":"0:00","wins":0,"draws":0,"losses":0,"winrate":0.0,"cagr":0.0,"expectancy":0.0,"expectancy_ratio":100.0,"sortino":0,"sharpe":0,"calmar":0,"sqn":0.0,"profit_factor":0.0,"max_drawdown_account":0.0,"max_drawdown_abs":0.0},{"key":"LINEA/USDT","trades":0,"profit_mean":0.0,"profit_mean_pct":0.0,"profit_total_abs":0.0,"profit_total":0.0,"profit_total_pct":0.0,"duration_avg":"0:00","wins":0,"draws":0,"losses":0,"winrate":0.0,"cagr":0.0,"expectancy":0.0,"expectancy_ratio":100.0,"sortino":0,"sharpe":0,"calmar":0,"sqn":0.0,"profit_factor":0.0,"max_drawdown_account":0.0,"max_drawdown_abs":0.0},{"key":"WIF/USDT","trades":0,"profit_mean":0.0,"profit_mean_pct":0.0,"profit_total_abs":0.0,"profit_total":0.0,"profit_total_pct":0.0,"duration_avg":"0:00","wins":0,"draws":0,"losses":0,"winrate":0.0,"cagr":0.0,"expectancy":0.0,"expectancy_ratio":100.0,"sortino":0,"sharpe":0,"calmar":0,"sqn":0.0,"profit_factor":0.0,"max_drawdown_account":0.0,"max_drawdown_abs":0.0},{"key":"NEAR/USDT","trades":0,"profit_mean":0.0,"profit_mean_pct":0.0,"profit_total_abs":0.0,"profit_total":0.0,"profit_total_pct":0.0,"duration_avg":"0:00","wins":0,"draws":0,"losses":0,"winrate":0.0,"cagr":0.0,"expectancy":0.0,"expectancy_ratio":100.0,"sortino":0,"sharpe":0,"calmar":0,"sqn":0.0,"profit_factor":0.0,"max_drawdown_account":0.0,"max_drawdown_abs":0.0},{"key":"PUMP/USDT","trades":0,"profit_mean":0.0,"profit_mean_pct":0.0,"profit_total_abs":0.0,"profit_total":0.0,"profit_total_pct":0.0,"duration_avg":"0:00","wins":0,"draws":0,"losses":0,"winrate":0.0,"cagr":0.0,"expectancy":0.0,"expectancy_ratio":100.0,"sortino":0,"sharpe":0,"calmar":0,"sqn":0.0,"profit_factor":0.0,"max_drawdown_account":0.0,"max_drawdown_abs":0.0},{"key":"ADA/USDT","trades":0,"profit_mean":0.0,"profit_mean_pct":0.0,"profit_total_abs":0.0,"profit_total":0.0,"profit_total_pct":0.0,"duration_avg":"0:00","wins":0,"draws":0,"losses":0,"winrate":0.0,"cagr":0.0,"expectancy":0.0,"expectancy_ratio":100.0,"sortino":0,"sharpe":0,"calmar":0,"sqn":0.0,"profit_factor":0.0,"max_drawdown_account":0.0,"max_drawdown_abs":0.0},{"key":"AVAX/USDT","trades":0,"profit_mean":0.0,"profit_mean_pct":0.0,"profit_total_abs":0.0,"profit_total":0.0,"profit_total_pct":0.0,"duration_avg":"0:00","wins":0,"draws":0,"losses":0,"winrate":0.0,"cagr":0.0,"expectancy":0.0,"expectancy_ratio":100.0,"sortino":0,"sharpe":0,"calmar":0,"sqn":0.0,"profit_factor":0.0,"max_drawdown_account":0.0,"max_drawdown_abs":0.0},{"key":"PLUME/USDT","trades":0,"profit_mean":0.0,"profit_mean_pct":0.0,"profit_total_abs":0.0,"profit_total":0.0,"profit_total_pct":0.0,"duration_avg":"0:00","wins":0,"draws":0,"losses":0,"winrate":0.0,"cagr":0.0,"expectancy":0.0,"expectancy_ratio":100.0,"sortino":0,"sharpe":0,"calmar":0,"sqn":0.0,"profit_factor":0.0,"max_drawdown_account":0.0,"max_drawdown_abs":0.0},{"key":"LTC/USDT","trades":0,"profit_mean":0.0,"profit_mean_pct":0.0,"profit_total_abs":0.0,"profit_total":0.0,"profit_total_pct":0.0,"duration_avg":"0:00","wins":0,"draws":0,"losses":0,"winrate":0.0,"cagr":0.0,"expectancy":0.0,"expectancy_ratio":100.0,"sortino":0,"sharpe":0,"calmar":0,"sqn":0.0,"profit_factor":0.0,"max_drawdown_account":0.0,"max_drawdown_abs":0.0},{"key":"CRV/USDT","trades":0,"profit_mean":0.0,"profit_mean_pct":0.0,"profit_total_abs":0.0,"profit_total":0.0,"profit_total_pct":0.0,"duration_avg":"0:00","wins":0,"draws":0,"losses":0,"winrate":0.0,"cagr":0.0,"expectancy":0.0,"expectancy_ratio":100.0,"sortino":0,"sharpe":0,"calmar":0,"sqn":0.0,"profit_factor":0.0,"max_drawdown_account":0.0,"max_drawdown_abs":0.0},{"key":"BTC/USDT","trades":0,"profit_mean":0.0,"profit_mean_pct":0.0,"profit_total_abs":0.0,"profit_total":0.0,"profit_total_pct":0.0,"duration_avg":"0:00","wins":0,"draws":0,"losses":0,"winrate":0.0,"cagr":0.0,"expectancy":0.0,"expectancy_ratio":100.0,"sortino":0,"sharpe":0,"calmar":0,"sqn":0.0,"profit_factor":0.0,"max_drawdown_account":0.0,"max_drawdown_abs":0.0},{"key":"PAXG/USDT","trades":0,"profit_mean":0.0,"profit_mean_pct":0.0,"profit_total_abs":0.0,"profit_total":0.0,"profit_total_pct":0.0,"duration_avg":"0:00","wins":0,"draws":0,"losses":0,"winrate":0.0,"cagr":0.0,"expectancy":0.0,"expectancy_ratio":100.0,"sortino":0,"sharpe":0,"calmar":0,"sqn":0.0,"profit_factor":0.0,"max_drawdown_account":0.0,"max_drawdown_abs":0.0},{"key":"SOMI/USDT","trades":0,"profit_mean":0.0,"profit_mean_pct":0.0,"profit_total_abs":0.0,"profit_total":0.0,"profit_total_pct":0.0,"duration_avg":"0:00","wins":0,"draws":0,"losses":0,"winrate":0.0,"cagr":0.0,"expectancy":0.0,"expectancy_ratio":100.0,"sortino":0,"sharpe":0,"calmar":0,"sqn":0.0,"profit_factor":0.0,"max_drawdown_account":0.0,"max_drawdown_abs":0.0},{"key":"SHIB/USDT","trades":0,"profit_mean":0.0,"profit_mean_pct":0.0,"profit_total_abs":0.0,"profit_total":0.0,"profit_total_pct":0.0,"duration_avg":"0:00","wins":0,"draws":0,"losses":0,"winrate":0.0,"cagr":0.0,"expectancy":0.0,"expectancy_ratio":100.0,"sortino":0,"sharpe":0,"calmar":0,"sqn":0.0,"profit_factor":0.0,"max_drawdown_account":0.0,"max_drawdown_abs":0.0},{"key":"DOT/USDT","trades":0,"profit_mean":0.0,"profit_mean_pct":0.0,"profit_total_abs":0.0,"profit_total":0.0,"profit_total_pct":0.0,"duration_avg":"0:00","wins":0,"draws":0,"losses":0,"winrate":0.0,"cagr":0.0,"expectancy":0.0,"expectancy_ratio":100.0,"sortino":0,"sharpe":0,"calmar":0,"sqn":0.0,"profit_factor":0.0,"max_drawdown_account":0.0,"max_drawdown_abs":0.0},{"key":"S/USDT","trades":0,"profit_mean":0.0,"profit_mean_pct":0.0,"profit_total_abs":0.0,"profit_total":0.0,"profit_total_pct":0.0,"duration_avg":"0:00","wins":0,"draws":0,"losses":0,"winrate":0.0,"cagr":0.0,"expectancy":0.0,"expectancy_ratio":100.0,"sortino":0,"sharpe":0,"calmar":0,"sqn":0.0,"profit_factor":0.0,"max_drawdown_account":0.0,"max_drawdown_abs":0.0},{"key":"SEI/USDT","trades":0,"profit_mean":0.0,"profit_mean_pct":0.0,"profit_total_abs":0.0,"profit_total":0.0,"profit_total_pct":0.0,"duration_avg":"0:00","wins":0,"draws":0,"losses":0,"winrate":0.0,"cagr":0.0,"expectancy":0.0,"expectancy_ratio":100.0,"sortino":0,"sharpe":0,"calmar":0,"sqn":0.0,"profit_factor":0.0,"max_drawdown_account":0.0,"max_drawdown_abs":0.0},{"key":"LISTA/USDT","trades":0,"profit_mean":0.0,"profit_mean_pct":0.0,"profit_total_abs":0.0,"profit_total":0.0,"profit_total_pct":0.0,"duration_avg":"0:00","wins":0,"draws":0,"losses":0,"winrate":0.0,"cagr":0.0,"expectancy":0.0,"expectancy_ratio":100.0,"sortino":0,"sharpe":0,"calmar":0,"sqn":0.0,"profit_factor":0.0,"max_drawdown_account":0.0,"max_drawdown_abs":0.0},{"key":"WLFI/USDT","trades":0,"profit_mean":0.0,"profit_mean_pct":0.0,"profit_total_abs":0.0,"profit_total":0.0,"profit_total_pct":0.0,"duration_avg":"0:00","wins":0,"draws":0,"losses":0,"winrate":0.0,"cagr":0.0,"expectancy":0.0,"expectancy_ratio":100.0,"sortino":0,"sharpe":0,"calmar":0,"sqn":0.0,"profit_factor":0.0,"max_drawdown_account":0.0,"max_drawdown_abs":0.0},{"key":"TRUMP/USDT","trades":0,"profit_mean":0.0,"profit_mean_pct":0.0,"profit_total_abs":0.0,"profit_total":0.0,"profit_total_pct":0.0,"duration_avg":"0:00","wins":0,"draws":0,"losses":0,"winrate":0.0,"cagr":0.0,"expectancy":0.0,"expectancy_ratio":100.0,"sortino":0,"sharpe":0,"calmar":0,"sqn":0.0,"profit_factor":0.0,"max_drawdown_account":0.0,"max_drawdown_abs":0.0},{"key":"ARB/USDT","trades":0,"profit_mean":0.0,"profit_mean_pct":0.0,"profit_total_abs":0.0,"profit_total":0.0,"profit_total_pct":0.0,"duration_avg":"0:00","wins":0,"draws":0,"losses":0,"winrate":0.0,"cagr":0.0,"expectancy":0.0,"expectancy_ratio":100.0,"sortino":0,"sharpe":0,"calmar":0,"sqn":0.0,"profit_factor":0.0,"max_drawdown_account":0.0,"max_drawdown_abs":0.0},{"key":"EIGEN/USDT","trades":0,"profit_mean":0.0,"profit_mean_pct":0.0,"profit_total_abs":0.0,"profit_total":0.0,"profit_total_pct":0.0,"duration_avg":"0:00","wins":0,"draws":0,"losses":0,"winrate":0.0,"cagr":0.0,"expectancy":0.0,"expectancy_ratio":100.0,"sortino":0,"sharpe":0,"calmar":0,"sqn":0.0,"profit_factor":0.0,"max_drawdown_account":0.0,"max_drawdown_abs":0.0},{"key":"LINK/USDT","trades":0,"profit_mean":0.0,"profit_mean_pct":0.0,"profit_total_abs":0.0,"profit_total":0.0,"profit_total_pct":0.0,"duration_avg":"0:00","wins":0,"draws":0,"losses":0,"winrate":0.0,"cagr":0.0,"expectancy":0.0,"expectancy_ratio":100.0,"sortino":0,"sharpe":0,"calmar":0,"sqn":0.0,"profit_factor":0.0,"max_drawdown_account":0.0,"max_drawdown_abs":0.0},{"key":"SUI/USDT","trades":0,"profit_mean":0.0,"profit_mean_pct":0.0,"profit_total_abs":0.0,"profit_total":0.0,"profit_total_pct":0.0,"duration_avg":"0:00","wins":0,"draws":0,"losses":0,"winrate":0.0,"cagr":0.0,"expectancy":0.0,"expectancy_ratio":100.0,"sortino":0,"sharpe":0,"calmar":0,"sqn":0.0,"profit_factor":0.0,"max_drawdown_account":0.0,"max_drawdown_abs":0.0},{"key":"WLD/USDT","trades":0,"profit_mean":0.0,"profit_mean_pct":0.0,"profit_total_abs":0.0,"profit_total":0.0,"profit_total_pct":0.0,"duration_avg":"0:00","wins":0,"draws":0,"losses":0,"winrate":0.0,"cagr":0.0,"expectancy":0.0,"expectancy_ratio":100.0,"sortino":0,"sharpe":0,"calmar":0,"sqn":0.0,"profit_factor":0.0,"max_drawdown_account":0.0,"max_drawdown_abs":0.0},{"key":"XLM/USDT","trades":0,"profit_mean":0.0,"profit_mean_pct":0.0,"profit_total_abs":0.0,"profit_total":0.0,"profit_total_pct":0.0,"duration_avg":"0:00","wins":0,"draws":0,"losses":0,"winrate":0.0,"cagr":0.0,"expectancy":0.0,"expectancy_ratio":100.0,"sortino":0,"sharpe":0,"calmar":0,"sqn":0.0,"profit_factor":0.0,"max_drawdown_account":0.0,"max_drawdown_abs":0.0},{"key":"ENA/USDT","trades":0,"profit_mean":0.0,"profit_mean_pct":0.0,"profit_total_abs":0.0,"profit_total":0.0,"profit_total_pct":0.0,"duration_avg":"0:00","wins":0,"draws":0,"losses":0,"winrate":0.0,"cagr":0.0,"expectancy":0.0,"expectancy_ratio":100.0,"sortino":0,"sharpe":0,"calmar":0,"sqn":0.0,"profit_factor":0.0,"max_drawdown_account":0.0,"max_drawdown_abs":0.0},{"key":"SOL/USDT","trades":0,"profit_mean":0.0,"profit_mean_pct":0.0,"profit_total_abs":0.0,"profit_total":0.0,"profit_total_pct":0.0,"duration_avg":"0:00","wins":0,"draws":0,"losses":0,"winrate":0.0,"cagr":0.0,"expectancy":0.0,"expectancy_ratio":100.0,"sortino":0,"sharpe":0,"calmar":0,"sqn":0.0,"profit_factor":0.0,"max_drawdown_account":0.0,"max_drawdown_abs":0.0},{"key":"FLOKI/USDT","trades":0,"profit_mean":0.0,"profit_mean_pct":0.0,"profit_total_abs":0.0,"profit_total":0.0,"profit_total_pct":0.0,"duration_avg":"0:00","wins":0,"draws":0,"losses":0,"winrate":0.0,"cagr":0.0,"expectancy":0.0,"expectancy_ratio":100.0,"sortino":0,"sharpe":0,"calmar":0,"sqn":0.0,"profit_factor":0.0,"max_drawdown_account":0.0,"max_drawdown_abs":0.0},{"key":"TON/USDT","trades":0,"profit_mean":0.0,"profit_mean_pct":0.0,"profit_total_abs":0.0,"profit_total":0.0,"profit_total_pct":0.0,"duration_avg":"0:00","wins":0,"draws":0,"losses":0,"winrate":0.0,"cagr":0.0,"expectancy":0.0,"expectancy_ratio":100.0,"sortino":0,"sharpe":0,"calmar":0,"sqn":0.0,"profit_factor":0.0,"max_drawdown_account":0.0,"max_drawdown_abs":0.0},{"key":"PENDLE/USDT","trades":0,"profit_mean":0.0,"profit_mean_pct":0.0,"profit_total_abs":0.0,"profit_total":0.0,"profit_total_pct":0.0,"duration_avg":"0:00","wins":0,"draws":0,"losses":0,"winrate":0.0,"cagr":0.0,"expectancy":0.0,"expectancy_ratio":100.0,"sortino":0,"sharpe":0,"calmar":0,"sqn":0.0,"profit_factor":0.0,"max_drawdown_account":0.0,"max_drawdown_abs":0.0},{"key":"POL/USDT","trades":0,"profit_mean":0.0,"profit_mean_pct":0.0,"profit_total_abs":0.0,"profit_total":0.0,"profit_total_pct":0.0,"duration_avg":"0:00","wins":0,"draws":0,"losses":0,"winrate":0.0,"cagr":0.0,"expectancy":0.0,"expectancy_ratio":100.0,"sortino":0,"sharpe":0,"calmar":0,"sqn":0.0,"profit_factor":0.0,"max_drawdown_account":0.0,"max_drawdown_abs":0.0},{"key":"MIRA/USDT","trades":0,"profit_mean":0.0,"profit_mean_pct":0.0,"profit_total_abs":0.0,"profit_total":0.0,"profit_total_pct":0.0,"duration_avg":"0:00","wins":0,"draws":0,"losses":0,"winrate":0.0,"cagr":0.0,"expectancy":0.0,"expectancy_ratio":100.0,"sortino":0,"sharpe":0,"calmar":0,"sqn":0.0,"profit_factor":0.0,"max_drawdown_account":0.0,"max_drawdown_abs":0.0},{"key":"ETH/USDT","trades":0,"profit_mean":0.0,"profit_mean_pct":0.0,"profit_total_abs":0.0,"profit_total":0.0,"profit_total_pct":0.0,"duration_avg":"0:00","wins":0,"draws":0,"losses":0,"winrate":0.0,"cagr":0.0,"expectancy":0.0,"expectancy_ratio":100.0,"sortino":0,"sharpe":0,"calmar":0,"sqn":0.0,"profit_factor":0.0,"max_drawdown_account":0.0,"max_drawdown_abs":0.0},{"key":"DOGE/USDT","trades":0,"profit_mean":0.0,"profit_mean_pct":0.0,"profit_total_abs":0.0,"profit_total":0.0,"profit_total_pct":0.0,"duration_avg":"0:00","wins":0,"draws":0,"losses":0,"winrate":0.0,"cagr":0.0,"expectancy":0.0,"expectancy_ratio":100.0,"sortino":0,"sharpe":0,"calmar":0,"sqn":0.0,"profit_factor":0.0,"max_drawdown_account":0.0,"max_drawdown_abs":0.0},{"key":"ONDO/USDT","trades":0,"profit_mean":0.0,"profit_mean_pct":0.0,"profit_total_abs":0.0,"profit_total":0.0,"profit_total_pct":0.0,"duration_avg":"0:00","wins":0,"draws":0,"losses":0,"winrate":0.0,"cagr":0.0,"expectancy":0.0,"expectancy_ratio":100.0,"sortino":0,"sharpe":0,"calmar":0,"sqn":0.0,"profit_factor":0.0,"max_drawdown_account":0.0,"max_drawdown_abs":0.0},{"key":"BMT/USDT","trades":0,"profit_mean":0.0,"profit_mean_pct":0.0,"profit_total_abs":0.0,"profit_total":0.0,"profit_total_pct":0.0,"duration_avg":"0:00","wins":0,"draws":0,"losses":0,"winrate":0.0,"cagr":0.0,"expectancy":0.0,"expectancy_ratio":100.0,"sortino":0,"sharpe":0,"calmar":0,"sqn":0.0,"profit_factor":0.0,"max_drawdown_account":0.0,"max_drawdown_abs":0.0},{"key":"CFX/USDT","trades":0,"profit_mean":0.0,"profit_mean_pct":0.0,"profit_total_abs":0.0,"profit_total":0.0,"profit_total_pct":0.0,"duration_avg":"0:00","wins":0,"draws":0,"losses":0,"winrate":0.0,"cagr":0.0,"expectancy":0.0,"expectancy_ratio":100.0,"sortino":0,"sharpe":0,"calmar":0,"sqn":0.0,"profit_factor":0.0,"max_drawdown_account":0.0,"max_drawdown_abs":0.0},{"key":"UNI/USDT","trades":0,"profit_mean":0.0,"profit_mean_pct":0.0,"profit_total_abs":0.0,"profit_total":0.0,"profit_total_pct":0.0,"duration_avg":"0:00","wins":0,"draws":0,"losses":0,"winrate":0.0,"cagr":0.0,"expectancy":0.0,"expectancy_ratio":100.0,"sortino":0,"sharpe":0,"calmar":0,"sqn":0.0,"profit_factor":0.0,"max_drawdown_account":0.0,"max_drawdown_abs":0.0},{"key":"AAVE/USDT","trades":0,"profit_mean":0.0,"profit_mean_pct":0.0,"profit_total_abs":0.0,"profit_total":0.0,"profit_total_pct":0.0,"duration_avg":"0:00","wins":0,"draws":0,"losses":0,"winrate":0.0,"cagr":0.0,"expectancy":0.0,"expectancy_ratio":100.0,"sortino":0,"sharpe":0,"calmar":0,"sqn":0.0,"profit_factor":0.0,"max_drawdown_account":0.0,"max_drawdown_abs":0.0},{"key":"HBAR/USDT","trades":0,"profit_mean":0.0,"profit_mean_pct":0.0,"profit_total_abs":0.0,"profit_total":0.0,"profit_total_pct":0.0,"duration_avg":"0:00","wins":0,"draws":0,"losses":0,"winrate":0.0,"cagr":0.0,"expectancy":0.0,"expectancy_ratio":100.0,"sortino":0,"sharpe":0,"calmar":0,"sqn":0.0,"profit_factor":0.0,"max_drawdown_account":0.0,"max_drawdown_abs":0.0},{"key":"BONK/USDT","trades":1,"profit_mean":-0.004806413338474034,"profit_mean_pct":-0.48,"profit_total_abs":-144.72968343,"profit_total":-0.0028945936686,"profit_total_pct":-0.29,"duration_avg":"8:55:00","wins":0,"draws":0,"losses":1,"winrate":0.0,"cagr":-0.04312812787060405,"expectancy":-144.72968343,"expectancy_ratio":-1.0,"sortino":-100,"sharpe":-100,"calmar":-100,"sqn":-100.0,"profit_factor":0.0,"max_drawdown_account":0.0,"max_drawdown_abs":0.0},{"key":"BIO/USDT","trades":2,"profit_mean":-0.007136976451177491,"profit_mean_pct":-0.71,"profit_total_abs":-375.48415995999994,"profit_total":-0.007509683199199999,"profit_total_pct":-0.75,"duration_avg":"7:32:00","wins":1,"draws":0,"losses":1,"winrate":0.5,"cagr":-0.10831358778996336,"expectancy":-187.74207997999997,"expectancy_ratio":-0.14058851043112464,"sortino":-100,"sharpe":-0.26044370217645224,"calmar":-22.812544267316376,"sqn":-0.1636,"profit_factor":0.7188229791377506,"max_drawdown_account":0.026204934733281827,"max_drawdown_abs":1335.40130274},{"key":"FIL/USDT","trades":1,"profit_mean":-0.0164329680096785,"profit_mean_pct":-1.64,"profit_total_abs":-472.87327106,"profit_total":-0.0094574654212,"profit_total_pct":-0.95,"duration_avg":"3:45:00","wins":0,"draws":0,"losses":1,"winrate":0.0,"cagr":-0.1345595838425946,"expectancy":-472.87327106,"expectancy_ratio":-1.0,"sortino":-100,"sharpe":-100,"calmar":-100,"sqn":-100.0,"profit_factor":0.0,"max_drawdown_account":0.0,"max_drawdown_abs":0.0},{"key":"CAKE/USDT","trades":1,"profit_mean":-0.031189974100561076,"profit_mean_pct":-3.12,"profit_total_abs":-773.49575455,"profit_total":-0.015469915091,"profit_total_pct":-1.55,"duration_avg":"12:40:00","wins":0,"draws":0,"losses":1,"winrate":0.0,"cagr":-0.21109583558235145,"expectancy":-773.49575455,"expectancy_ratio":-1.0,"sortino":-100,"sharpe":-100,"calmar":-100,"sqn":-100.0,"profit_factor":0.0,"max_drawdown_account":0.0,"max_drawdown_abs":0.0},{"key":"STO/USDT","trades":1,"profit_mean":-0.062326143306839686,"profit_mean_pct":-6.23,"profit_total_abs":-1579.47703422,"profit_total":-0.0315895406844,"profit_total_pct":-3.16,"duration_avg":"7:45:00","wins":0,"draws":0,"losses":1,"winrate":0.0,"cagr":-0.3862552444712093,"expectancy":-1579.47703422,"expectancy_ratio":-1.0,"sortino":-100,"sharpe":-100,"calmar":-100,"sqn":-100.0,"profit_factor":0.0,"max_drawdown_account":0.0,"max_drawdown_abs":0.0},{"key":"ASTER/USDT","trades":4,"profit_mean":-0.013312829224494638,"profit_mean_pct":-1.33,"profit_total_abs":-1850.9842746399997,"profit_total":-0.03701968549279999,"profit_total_pct":-3.7,"duration_avg":"9:21:00","wins":3,"draws":0,"losses":1,"winrate":0.75,"cagr":-0.43655945030016263,"expectancy":-462.74606866,"expectancy_ratio":-0.09154450509300704,"sortino":-100,"sharpe":-0.5553873813551182,"calmar":-29.775453372070746,"sqn":-0.3021,"profit_factor":0.633821979627972,"max_drawdown_account":0.09897135869941141,"max_drawdown_abs":5054.87542032},{"key":"XPL/USDT","trades":4,"profit_mean":-0.027143949817616933,"profit_mean_pct":-2.71,"profit_total_abs":-3215.71153271,"profit_total":-0.0643142306542,"profit_total_pct":-6.43,"duration_avg":"10:46:00","wins":1,"draws":0,"losses":3,"winrate":0.25,"cagr":-0.6361387658588514,"expectancy":-803.9278831775,"expectancy_ratio":-0.6520582520359929,"sortino":-2.006378981455442,"sharpe":-1.922508623467933,"calmar":-69.8772142204735,"sqn":-1.0458,"profit_factor":0.13058899728534284,"max_drawdown_account":0.07326670939262599,"max_drawdown_abs":3698.7242198100002},{"key":"TOTAL","trades":45,"profit_mean":0.009471143291164845,"profit_mean_pct":0.95,"profit_total_abs":11238.76845354,"profit_total":0.2247753690708,"profit_total_pct":22.48,"duration_avg":"4:57:00","wins":33,"draws":0,"losses":12,"winrate":0.7333333333333333,"cagr":20.836938475995062,"expectancy":249.75041007866662,"expectancy_ratio":0.19096581679996172,"sortino":6.501866548596221,"sharpe":7.216423880649818,"calmar":208.91860829405357,"sqn":1.3363,"profit_factor":1.7161218129998572,"max_drawdown_account":0.08564594108884006,"max_drawdown_abs":5199.605103749999}],"results_per_enter_tag":[{"key":"buy","trades":45,"profit_mean":0.009471143291164845,"profit_mean_pct":0.95,"profit_total_abs":11238.76845354,"profit_total":0.2247753690708,"profit_total_pct":22.48,"duration_avg":"4:57:00","wins":33,"draws":0,"losses":12,"winrate":0.7333333333333333,"cagr":20.836938475995062,"expectancy":249.75041007866662,"expectancy_ratio":0.19096581679996172,"sortino":6.501866548596221,"sharpe":7.216423880649818,"calmar":208.91860829405357,"sqn":1.3363,"profit_factor":1.7161218129998572,"max_drawdown_account":0.08564594108884006,"max_drawdown_abs":5199.605103749999},{"key":"TOTAL","trades":45,"profit_mean":0.009471143291164845,"profit_mean_pct":0.95,"profit_total_abs":11238.76845354,"profit_total":0.2247753690708,"profit_total_pct":22.48,"duration_avg":"4:57:00","wins":33,"draws":0,"losses":12,"winrate":0.7333333333333333,"cagr":20.836938475995062,"expectancy":249.75041007866662,"expectancy_ratio":0.19096581679996172,"sortino":6.501866548596221,"sharpe":7.216423880649818,"calmar":208.91860829405357,"sqn":1.3363,"profit_factor":1.7161218129998572,"max_drawdown_account":0.08564594108884006,"max_drawdown_abs":5199.605103749999}],"exit_reason_summary":[{"key":"trailing_stop_loss","trades":5,"profit_mean":0.0630980228418789,"profit_mean_pct":6.31,"profit_total_abs":8154.22174363,"profit_total":0.1630844348726,"profit_total_pct":16.31,"duration_avg":"1:06:00","wins":5,"draws":0,"losses":0,"winrate":1.0,"cagr":8.950334154585903,"expectancy":1630.844348726,"expectancy_ratio":100.0,"sortino":-100,"sharpe":27.148487960145587,"calmar":-100,"sqn":13.6418,"profit_factor":0.0,"max_drawdown_account":0.0,"max_drawdown_abs":0.0},{"key":"sell","trades":39,"profit_mean":0.0024998079373667326,"profit_mean_pct":0.25,"profit_total_abs":2685.658768310001,"profit_total":0.053713175366200024,"profit_total_pct":5.37,"duration_avg":"5:33:00","wins":27,"draws":0,"losses":12,"winrate":0.6923076923076923,"cagr":1.2160012009423067,"expectancy":68.86304534128209,"expectancy_ratio":0.052654518952695906,"sortino":1.5537107093899416,"sharpe":1.7524542292273084,"calmar":37.47078357969061,"sqn":0.348,"profit_factor":1.171127186596262,"max_drawdown_account":0.11410987846797223,"max_drawdown_abs":6099.92182163},{"key":"force_exit","trades":1,"profit_mean":0.013218824335720976,"profit_mean_pct":1.32,"profit_total_abs":398.8879416,"profit_total":0.007977758832,"profit_total_pct":0.8,"duration_avg":"0:45:00","wins":1,"draws":0,"losses":0,"winrate":1.0,"cagr":0.12845225704076468,"expectancy":398.8879416,"expectancy_ratio":100.0,"sortino":-100,"sharpe":-100,"calmar":-100,"sqn":-100.0,"profit_factor":0.0,"max_drawdown_account":0.0,"max_drawdown_abs":0.0},{"key":"TOTAL","trades":45,"profit_mean":0.009471143291164845,"profit_mean_pct":0.95,"profit_total_abs":11238.76845354,"profit_total":0.2247753690708,"profit_total_pct":22.48,"duration_avg":"4:57:00","wins":33,"draws":0,"losses":12,"winrate":0.7333333333333333,"cagr":20.836938475995062,"expectancy":249.75041007866662,"expectancy_ratio":0.19096581679996172,"sortino":6.501866548596221,"sharpe":7.216423880649818,"calmar":208.91860829405357,"sqn":1.3363,"profit_factor":1.7161218129998572,"max_drawdown_account":0.08564594108884006,"max_drawdown_abs":5199.605103749999}],"mix_tag_stats":[{"key":["buy","trailing_stop_loss"],"trades":5,"profit_mean":0.0630980228418789,"profit_mean_pct":6.31,"profit_total_abs":8154.22174363,"profit_total":0.1630844348726,"profit_total_pct":16.31,"duration_avg":"1:06:00","wins":5,"draws":0,"losses":0,"winrate":1.0,"cagr":8.950334154585903,"expectancy":1630.844348726,"expectancy_ratio":100.0,"sortino":-100,"sharpe":27.148487960145587,"calmar":-100,"sqn":13.6418,"profit_factor":0.0,"max_drawdown_account":0.0,"max_drawdown_abs":0.0},{"key":["buy","sell"],"trades":39,"profit_mean":0.0024998079373667326,"profit_mean_pct":0.25,"profit_total_abs":2685.658768310001,"profit_total":0.053713175366200024,"profit_total_pct":5.37,"duration_avg":"5:33:00","wins":27,"draws":0,"losses":12,"winrate":0.6923076923076923,"cagr":1.2160012009423067,"expectancy":68.86304534128209,"expectancy_ratio":0.052654518952695906,"sortino":1.5537107093899416,"sharpe":1.7524542292273084,"calmar":37.47078357969061,"sqn":0.348,"profit_factor":1.171127186596262,"max_drawdown_account":0.11410987846797223,"max_drawdown_abs":6099.92182163},{"key":["buy","force_exit"],"trades":1,"profit_mean":0.013218824335720976,"profit_mean_pct":1.32,"profit_total_abs":398.8879416,"profit_total":0.007977758832,"profit_total_pct":0.8,"duration_avg":"0:45:00","wins":1,"draws":0,"losses":0,"winrate":1.0,"cagr":0.12845225704076468,"expectancy":398.8879416,"expectancy_ratio":100.0,"sortino":-100,"sharpe":-100,"calmar":-100,"sqn":-100.0,"profit_factor":0.0,"max_drawdown_account":0.0,"max_drawdown_abs":0.0},{"key":"TOTAL","trades":45,"profit_mean":0.009471143291164845,"profit_mean_pct":0.95,"profit_total_abs":11238.76845354,"profit_total":0.2247753690708,"profit_total_pct":22.48,"duration_avg":"4:57:00","wins":33,"draws":0,"losses":12,"winrate":0.7333333333333333,"cagr":20.836938475995062,"expectancy":249.75041007866662,"expectancy_ratio":0.19096581679996172,"sortino":6.501866548596221,"sharpe":7.216423880649818,"calmar":208.91860829405357,"sqn":1.3363,"profit_factor":1.7161218129998572,"max_drawdown_account":0.08564594108884006,"max_drawdown_abs":5199.605103749999}],"left_open_trades":[{"key":"FET/USDT","trades":1,"profit_mean":0.013218824335720976,"profit_mean_pct":1.32,"profit_total_abs":398.8879416,"profit_total":0.007977758832,"profit_total_pct":0.8,"duration_avg":"0:45:00","wins":1,"draws":0,"losses":0,"winrate":1.0,"cagr":0.12845225704076468,"expectancy":398.8879416,"expectancy_ratio":100.0,"sortino":-100,"sharpe":-100,"calmar":-100,"sqn":-100.0,"profit_factor":0.0,"max_drawdown_account":0.0,"max_drawdown_abs":0.0},{"key":"TOTAL","trades":1,"profit_mean":0.013218824335720976,"profit_mean_pct":1.32,"profit_total_abs":398.8879416,"profit_total":0.007977758832,"profit_total_pct":0.8,"duration_avg":"0:45:00","wins":1,"draws":0,"losses":0,"winrate":1.0,"cagr":0.12845225704076468,"expectancy":398.8879416,"expectancy_ratio":100.0,"sortino":-100,"sharpe":-100,"calmar":-100,"sqn":-100.0,"profit_factor":0.0,"max_drawdown_account":0.0,"max_drawdown_abs":0.0}],"total_trades":45,"trade_count_long":45,"trade_count_short":0,"total_volume":2487166.9117776784,"avg_stake_amount":27399.992592189992,"profit_mean":0.009471143291164845,"profit_median":0.01895192753158548,"profit_total":0.2247753690708,"profit_total_long":0.2247753690708,"profit_total_short":0.0,"profit_total_abs":11238.76845354,"profit_total_long_abs":11238.76845354,"profit_total_short_abs":0.0,"cagr":20.836938475995062,"expectancy":249.75041007866662,"expectancy_ratio":0.19096581679996172,"sortino":6.501866548596221,"sharpe":7.216423880649818,"calmar":208.91860829405357,"sqn":1.3363,"profit_factor":1.7161218129998572,"backtest_start":"2025-10-15 00:00:00","backtest_start_ts":1760486400000,"backtest_end":"2025-11-08 00:00:00","backtest_end_ts":1762560000000,"backtest_days":24,"backtest_run_start_ts":1762744518,"backtest_run_end_ts":1762744529,"trades_per_day":1.88,"market_change":-0.08414019148588012,"pairlist":["TRX/USDT","EDEN/USDT","AVNT/USDT","BONK/USDT","PEPE/USDT","BNB/USDT","APT/USDT","LINEA/USDT","WIF/USDT","VIRTUAL/USDT","NEAR/USDT","PUMP/USDT","FET/USDT","ADA/USDT","AVAX/USDT","PLUME/USDT","LTC/USDT","FORM/USDT","CRV/USDT","BTC/USDT","XPL/USDT","TUT/USDT","PAXG/USDT","SOMI/USDT","SHIB/USDT","BIO/USDT","DOT/USDT","FIL/USDT","S/USDT","SEI/USDT","LISTA/USDT","STO/USDT","WLFI/USDT","TRUMP/USDT","ARB/USDT","EIGEN/USDT","LINK/USDT","SUI/USDT","WLD/USDT","ASTER/USDT","TAO/USDT","XLM/USDT","ENA/USDT","SOL/USDT","FLOKI/USDT","TON/USDT","PENDLE/USDT","OPEN/USDT","POL/USDT","MIRA/USDT","ETH/USDT","DOGE/USDT","ONDO/USDT","BMT/USDT","CFX/USDT","ICP/USDT","UNI/USDT","ZEN/USDT","AAVE/USDT","HBAR/USDT","CAKE/USDT"],"stake_amount":"unlimited","stake_currency":"USDT","stake_currency_decimals":3,"starting_balance":50000,"dry_run_wallet":50000,"final_balance":61238.768453540004,"rejected_signals":167,"timedout_entry_orders":0,"timedout_exit_orders":0,"canceled_trade_entries":0,"canceled_entry_orders":0,"replaced_entry_orders":0,"max_open_trades":2,"max_open_trades_setting":2,"timeframe":"5m","timeframe_detail":"","timerange":"20251015-20251108","enable_protections":false,"strategy_name":"KamaFama","freqaimodel":null,"freqai_identifier":null,"stoploss":-0.25,"trailing_stop":false,"trailing_stop_positive":0.002,"trailing_stop_positive_offset":0.05,"trailing_only_offset_is_reached":true,"use_custom_stoploss":true,"minimal_roi":{"0":1},"use_exit_signal":true,"exit_profit_only":false,"exit_profit_offset":0.0,"ignore_roi_if_entry_signal":false,"trading_mode":"spot","margin_mode":"isolated","periodic_breakdown":{"day":[{"date":"15/10/2025","date_ts":1760486400000,"profit_abs":1384.51313491,"wins":1,"draws":0,"losses":0,"trades":1,"profit_factor":0.0},{"date":"16/10/2025","date_ts":1760572800000,"profit_abs":-1869.96010167,"wins":1,"draws":0,"losses":2,"trades":3,"profit_factor":0.20527763},{"date":"17/10/2025","date_ts":1760659200000,"profit_abs":-1701.01344024,"wins":1,"draws":0,"losses":2,"trades":3,"profit_factor":0.21674061},{"date":"18/10/2025","date_ts":1760745600000,"profit_abs":1630.70292974,"wins":1,"draws":0,"losses":0,"trades":1,"profit_factor":0.0},{"date":"19/10/2025","date_ts":1760832000000,"profit_abs":0.0,"wins":0,"draws":0,"losses":0,"trades":0,"profit_factor":0.0},{"date":"20/10/2025","date_ts":1760918400000,"profit_abs":959.91714278,"wins":1,"draws":0,"losses":0,"trades":1,"profit_factor":0.0},{"date":"21/10/2025","date_ts":1761004800000,"profit_abs":1776.7520194,"wins":2,"draws":0,"losses":1,"trades":3,"profit_factor":2.33050044},{"date":"22/10/2025","date_ts":1761091200000,"profit_abs":1107.11577304,"wins":3,"draws":0,"losses":0,"trades":3,"profit_factor":0.0},{"date":"23/10/2025","date_ts":1761177600000,"profit_abs":622.03341739,"wins":1,"draws":0,"losses":0,"trades":1,"profit_factor":0.0},{"date":"24/10/2025","date_ts":1761264000000,"profit_abs":0.0,"wins":0,"draws":0,"losses":0,"trades":0,"profit_factor":0.0},{"date":"25/10/2025","date_ts":1761350400000,"profit_abs":3599.56210059,"wins":3,"draws":0,"losses":0,"trades":3,"profit_factor":0.0},{"date":"26/10/2025","date_ts":1761436800000,"profit_abs":1137.18127728,"wins":2,"draws":0,"losses":0,"trades":2,"profit_factor":0.0},{"date":"27/10/2025","date_ts":1761523200000,"profit_abs":365.19513529,"wins":1,"draws":0,"losses":0,"trades":1,"profit_factor":0.0},{"date":"28/10/2025","date_ts":1761609600000,"profit_abs":0.0,"wins":0,"draws":0,"losses":0,"trades":0,"profit_factor":0.0},{"date":"29/10/2025","date_ts":1761696000000,"profit_abs":1200.6792699,"wins":1,"draws":0,"losses":0,"trades":1,"profit_factor":0.0},{"date":"30/10/2025","date_ts":1761782400000,"profit_abs":-3013.21247456,"wins":0,"draws":0,"losses":1,"trades":1,"profit_factor":0.0},{"date":"31/10/2025","date_ts":1761868800000,"profit_abs":-320.50754826,"wins":0,"draws":0,"losses":1,"trades":1,"profit_factor":0.0},{"date":"01/11/2025","date_ts":1761955200000,"profit_abs":1398.10533493,"wins":1,"draws":0,"losses":0,"trades":1,"profit_factor":0.0},{"date":"02/11/2025","date_ts":1762041600000,"profit_abs":853.1633993,"wins":2,"draws":0,"losses":0,"trades":2,"profit_factor":0.0},{"date":"03/11/2025","date_ts":1762128000000,"profit_abs":1580.23990564,"wins":2,"draws":0,"losses":0,"trades":2,"profit_factor":0.0},{"date":"04/11/2025","date_ts":1762214400000,"profit_abs":-3254.90727972,"wins":4,"draws":0,"losses":4,"trades":8,"profit_factor":0.4350219},{"date":"05/11/2025","date_ts":1762300800000,"profit_abs":382.02176462,"wins":1,"draws":0,"losses":0,"trades":1,"profit_factor":0.0},{"date":"06/11/2025","date_ts":1762387200000,"profit_abs":1375.30338799,"wins":2,"draws":0,"losses":1,"trades":3,"profit_factor":2.86101481},{"date":"07/11/2025","date_ts":1762473600000,"profit_abs":1626.99536359,"wins":2,"draws":0,"losses":0,"trades":2,"profit_factor":0.0},{"date":"08/11/2025","date_ts":1762560000000,"profit_abs":398.8879416,"wins":1,"draws":0,"losses":0,"trades":1,"profit_factor":0.0}],"week":[{"date":"20/10/2025","date_ts":1760918400000,"profit_abs":404.15966552,"wins":5,"draws":0,"losses":4,"trades":9,"profit_factor":1.08932328},{"date":"27/10/2025","date_ts":1761523200000,"profit_abs":8607.83972299,"wins":12,"draws":0,"losses":1,"trades":13,"profit_factor":7.44588238},{"date":"03/11/2025","date_ts":1762128000000,"profit_abs":1698.46788695,"wins":6,"draws":0,"losses":2,"trades":8,"profit_factor":1.50948126},{"date":"10/11/2025","date_ts":1762732800000,"profit_abs":528.30117808,"wins":10,"draws":0,"losses":5,"trades":15,"profit_factor":1.0812755}],"month":[{"date":"31/10/2025","date_ts":1761868800000,"profit_abs":6878.95863559,"wins":18,"draws":0,"losses":7,"trades":25,"profit_factor":1.74821667},{"date":"30/11/2025","date_ts":1764460800000,"profit_abs":4359.80981795,"wins":15,"draws":0,"losses":5,"trades":20,"profit_factor":1.67072673}],"year":[{"date":"31/12/2025","date_ts":1767139200000,"profit_abs":11238.76845354,"wins":33,"draws":0,"losses":12,"trades":45,"profit_factor":1.71612181}],"weekday":[{"date":"Monday","date_ts":0,"profit_abs":2905.35218371,"wins":4,"draws":0,"losses":0,"trades":4,"profit_factor":0.0},{"date":"Tuesday","date_ts":1,"profit_abs":-1478.15526032,"wins":6,"draws":0,"losses":5,"trades":11,"profit_factor":0.7917071},{"date":"Wednesday","date_ts":2,"profit_abs":4074.32994247,"wins":6,"draws":0,"losses":0,"trades":6,"profit_factor":0.0},{"date":"Thursday","date_ts":3,"profit_abs":-2885.83577085,"wins":4,"draws":0,"losses":4,"trades":8,"profit_factor":0.52731453},{"date":"Friday","date_ts":4,"profit_abs":-394.52562491,"wins":3,"draws":0,"losses":3,"trades":6,"profit_factor":0.84169705},{"date":"Saturday","date_ts":5,"profit_abs":7027.25830686,"wins":6,"draws":0,"losses":0,"trades":6,"profit_factor":0.0},{"date":"Sunday","date_ts":6,"profit_abs":1990.34467658,"wins":4,"draws":0,"losses":0,"trades":4,"profit_factor":0.0}]},"backtest_best_day":0.13184314429546226,"backtest_worst_day":-0.10670901989536544,"backtest_best_day_abs":3599.56210059,"backtest_worst_day_abs":-3254.90727972,"winning_days":17,"draw_days":3,"losing_days":5,"daily_profit":[["2025-10-15",1384.51313491],["2025-10-16",-1869.96010167],["2025-10-17",-1701.01344024],["2025-10-18",1630.70292974],["2025-10-19",0.0],["2025-10-20",959.91714278],["2025-10-21",1776.7520194],["2025-10-22",1107.11577304],["2025-10-23",622.03341739],["2025-10-24",0.0],["2025-10-25",3599.56210059],["2025-10-26",1137.18127728],["2025-10-27",365.19513529],["2025-10-28",0.0],["2025-10-29",1200.6792699],["2025-10-30",-3013.21247456],["2025-10-31",-320.50754826],["2025-11-01",1398.10533493],["2025-11-02",853.1633993],["2025-11-03",1580.23990564],["2025-11-04",-3254.90727972],["2025-11-05",382.02176462],["2025-11-06",1375.30338799],["2025-11-07",1626.99536359],["2025-11-08",398.8879416]],"wins":33,"losses":12,"draws":0,"winrate":0.7333333333333333,"holding_avg":"4:57:00","holding_avg_s":17820.0,"winner_holding_min":"0d 00:05","winner_holding_min_s":300.0,"winner_holding_max":"0d 07:50","winner_holding_max_s":28200.0,"winner_holding_avg":"0d 02:42","winner_holding_avg_s":9720.0,"loser_holding_min":"0d 03:45","loser_holding_min_s":13500.0,"loser_holding_max":"0d 23:15","loser_holding_max_s":83700.0,"loser_holding_avg":"0d 11:07","loser_holding_avg_s":40020.0,"max_consecutive_wins":12,"max_consecutive_losses":2,"max_drawdown_account":0.08564594108884006,"max_relative_drawdown":0.08564594108884006,"max_drawdown_abs":5199.605103749999,"drawdown_start":"2025-11-03 09:10:00","drawdown_start_ts":1762161000000.0,"drawdown_end":"2025-11-04 00:45:00","drawdown_end_ts":1762217100000.0,"drawdown_duration":"0 days 15:35:00","drawdown_duration_s":56100.0,"max_drawdown_low":5510.86217171,"max_drawdown_high":10710.46727546,"csum_min":47813.539593,"csum_max":61238.768453540004}},"strategy_comparison":[{"key":"KamaFama","trades":45,"profit_mean":0.009471143291164845,"profit_mean_pct":0.95,"profit_total_abs":11238.76845354,"profit_total":0.2247753690708,"profit_total_pct":22.48,"duration_avg":"4:57:00","wins":33,"draws":0,"losses":12,"winrate":0.7333333333333333,"cagr":20.836938475995062,"expectancy":249.75041007866662,"expectancy_ratio":0.19096581679996172,"sortino":6.501866548596221,"sharpe":7.216423880649818,"calmar":208.91860829405357,"sqn":1.3363,"profit_factor":1.7161218129998572,"max_drawdown_account":0.08564594108884006,"max_drawdown_abs":"5199.605"}]}