{"strategy":{"KamaFama":{"trades":[{"pair":"TUT/USDT","stake_amount":4949.999067,"max_stake_amount":4949.999067,"amount":179017.0,"open_date":"2025-10-15 11:20:00+00:00","close_date":"2025-10-15 19:10:00+00:00","open_rate":0.027651,"close_rate":0.028324,"fee_open":0.002,"fee_close":0.002,"trade_duration":470,"profit_ratio":0.020249905599094387,"profit_abs":100.43748785,"exit_reason":"sell","initial_stop_loss_abs":0.020739,"initial_stop_loss_ratio":-0.25,"stop_loss_abs":0.020739,"stop_loss_ratio":-0.25,"min_rate":0.026551,"max_rate":0.02865,"is_open":false,"enter_tag":"buy","leverage":1.0,"is_short":false,"open_timestamp":1760527200000,"close_timestamp":1760555400000,"orders":[{"amount":179017.0,"safe_price":0.027651,"ft_order_side":"buy","order_filled_timestamp":1760527200000,"ft_is_entry":true,"ft_order_tag":"buy","cost":4959.899065134},{"amount":179017.0,"safe_price":0.028324,"ft_order_side":"sell","order_filled_timestamp":1760555400000,"ft_is_entry":false,"ft_order_tag":"sell","cost":5080.618463016}],"funding_fees":0.0,"weekday":2},{"pair":"CAKE/USDT","stake_amount":4949.9999478,"max_stake_amount":4949.9999478,"amount":1553.6723,"open_date":"2025-10-15 11:50:00+00:00","close_date":"2025-10-16 00:30:00+00:00","open_rate":3.186,"close_rate":3.099,"fee_open":0.002,"fee_close":0.002,"trade_duration":760,"profit_ratio":-0.031189974100561076,"profit_abs":-154.69915091,"exit_reason":"sell","initial_stop_loss_abs":2.39,"initial_stop_loss_ratio":-0.25,"stop_loss_abs":2.39,"stop_loss_ratio":-0.25,"min_rate":2.991,"max_rate":3.269,"is_open":false,"enter_tag":"buy","leverage":1.0,"is_short":false,"open_timestamp":1760529000000,"close_timestamp":1760574600000,"orders":[{"amount":1553.6723,"safe_price":3.186,"ft_order_side":"buy","order_filled_timestamp":1760529000000,"ft_is_entry":true,"ft_order_tag":"buy","cost":4959.8999476956},{"amount":1553.6723,"safe_price":3.099,"ft_order_side":"sell","order_filled_timestamp":1760574600000,"ft_is_entry":false,"ft_order_tag":"sell","cost":4824.4601186154}],"funding_fees":0.0,"weekday":3},{"pair":"XPL/USDT","stake_amount":4999.7145471,"max_stake_amount":4999.7145471,"amount":10794.09,"open_date":"2025-10-15 20:55:00+00:00","close_date":"2025-10-16 01:30:00+00:00","open_rate":0.46319,"close_rate":0.47386,"fee_open":0.002,"fee_close":0.002,"trade_duration":275,"profit_ratio":0.018951927531425106,"profit_abs":94.94373623,"exit_reason":"sell","initial_stop_loss_abs":0.3474,"initial_stop_loss_ratio":-0.25,"stop_loss_abs":0.3474,"stop_loss_ratio":-0.25,"min_rate":0.45197,"max_rate":0.47697,"is_open":false,"enter_tag":"buy","leverage":1.0,"is_short":false,"open_timestamp":1760561700000,"close_timestamp":1760578200000,"orders":[{"amount":10794.09,"safe_price":0.46319,"ft_order_side":"buy","order_filled_timestamp":1760561700000,"ft_is_entry":true,"ft_order_tag":"buy","cost":5009.713976194201},{"amount":10794.09,"safe_price":0.47386,"ft_order_side":"sell","order_filled_timestamp":1760578200000,"ft_is_entry":false,"ft_order_tag":"sell","cost":5125.117262374801}],"funding_fees":0.0,"weekday":3},{"pair":"SOMI/USDT","stake_amount":4970.1344,"max_stake_amount":4970.1344,"amount":9647.0,"open_date":"2025-10-16 09:40:00+00:00","close_date":"2025-10-16 09:50:00+00:00","open_rate":0.5152,"close_rate":0.5394,"fee_open":0.002,"fee_close":0.002,"trade_duration":10,"profit_ratio":0.04279252054896418,"profit_abs":213.1099476,"exit_reason":"sell","initial_stop_loss_abs":0.3864,"initial_stop_loss_ratio":-0.25,"stop_loss_abs":0.3864,"stop_loss_ratio":-0.25,"min_rate":0.5152,"max_rate":0.5394,"is_open":false,"enter_tag":"buy","leverage":1.0,"is_short":false,"open_timestamp":1760607600000,"close_timestamp":1760608200000,"orders":[{"amount":9647.0,"safe_price":0.5152,"ft_order_side":"buy","order_filled_timestamp":1760607600000,"ft_is_entry":true,"ft_order_tag":"buy","cost":4980.0746688},{"amount":9647.0,"safe_price":0.5394,"ft_order_side":"sell","order_filled_timestamp":1760608200000,"ft_is_entry":false,"ft_order_tag":"sell","cost":5213.9989836}],"funding_fees":0.0,"weekday":3},{"pair":"STO/USDT","stake_amount":5075.6262881,"max_stake_amount":5075.6262881,"amount":30725.99,"open_date":"2025-10-16 14:05:00+00:00","close_date":"2025-10-16 22:00:00+00:00","open_rate":0.16519,"close_rate":0.15383,"fee_open":0.002,"fee_close":0.002,"trade_duration":475,"profit_ratio":-0.07248678380277412,"profit_abs":-368.65165706,"exit_reason":"sell","initial_stop_loss_abs":0.1239,"initial_stop_loss_ratio":-0.25,"stop_loss_abs":0.1239,"stop_loss_ratio":-0.25,"min_rate":0.1481,"max_rate":0.1665,"is_open":false,"enter_tag":"buy","leverage":1.0,"is_short":false,"open_timestamp":1760623500000,"close_timestamp":1760652000000,"orders":[{"amount":30725.99,"safe_price":0.16519,"ft_order_side":"buy","order_filled_timestamp":1760623500000,"ft_is_entry":true,"ft_order_tag":"buy","cost":5085.7775406762},{"amount":30725.99,"safe_price":0.15383,"ft_order_side":"sell","order_filled_timestamp":1760652000000,"ft_is_entry":false,"ft_order_tag":"sell","cost":4736.0321997834}],"funding_fees":0.0,"weekday":3},{"pair":"PUMP/USDT","stake_amount":5075.6270256,"max_stake_amount":5075.6270256,"amount":1428949.05,"open_date":"2025-10-16 15:45:00+00:00","close_date":"2025-10-17 09:35:00+00:00","open_rate":0.003552,"close_rate":0.003373,"fee_open":0.002,"fee_close":0.002,"trade_duration":1070,"profit_ratio":-0.05418498588359612,"profit_abs":-275.57282429,"exit_reason":"sell","initial_stop_loss_abs":0.002664,"initial_stop_loss_ratio":-0.25,"stop_loss_abs":0.002664,"stop_loss_ratio":-0.25,"min_rate":0.003215,"max_rate":0.003712,"is_open":false,"enter_tag":"buy","leverage":1.0,"is_short":false,"open_timestamp":1760629500000,"close_timestamp":1760693700000,"orders":[{"amount":1428949.05,"safe_price":0.003552,"ft_order_side":"buy","order_filled_timestamp":1760629500000,"ft_is_entry":true,"ft_order_tag":"buy","cost":5085.7782796512},{"amount":1428949.05,"safe_price":0.003373,"ft_order_side":"sell","order_filled_timestamp":1760693700000,"ft_is_entry":false,"ft_order_tag":"sell","cost":4829.484835941301}],"funding_fees":0.0,"weekday":4},{"pair":"EDEN/USDT","stake_amount":4710.661072,"max_stake_amount":4710.661072,"amount":29701.52,"open_date":"2025-10-17 07:30:00+00:00","close_date":"2025-10-17 11:20:00+00:00","open_rate":0.1586,"close_rate":0.1489,"fee_open":0.002,"fee_close":0.002,"trade_duration":230,"profit_ratio":-0.06490801499145467,"profit_abs":-306.3711788,"exit_reason":"sell","initial_stop_loss_abs":0.119,"initial_stop_loss_ratio":-0.25,"stop_loss_abs":0.119,"stop_loss_ratio":-0.25,"min_rate":0.1411,"max_rate":0.1586,"is_open":false,"enter_tag":"buy","leverage":1.0,"is_short":false,"open_timestamp":1760686200000,"close_timestamp":1760700000000,"orders":[{"amount":29701.52,"safe_price":0.1586,"ft_order_side":"buy","order_filled_timestamp":1760686200000,"ft_is_entry":true,"ft_order_tag":"buy","cost":4720.082394144},{"amount":29701.52,"safe_price":0.1489,"ft_order_side":"sell","order_filled_timestamp":1760700000000,"ft_is_entry":false,"ft_order_tag":"sell","cost":4431.401440656001}],"funding_fees":0.0,"weekday":4},{"pair":"EDEN/USDT","stake_amount":4605.081901,"max_stake_amount":4605.081901,"amount":33638.29,"open_date":"2025-10-18 16:35:00+00:00","close_date":"2025-10-18 16:50:00+00:00","open_rate":0.1369,"close_rate":0.1469,"fee_open":0.002,"fee_close":0.002,"trade_duration":15,"profit_ratio":0.06876240215054852,"profit_abs":317.2898066,"exit_reason":"trailing_stop_loss","initial_stop_loss_abs":0.1027,"initial_stop_loss_ratio":-0.25,"stop_loss_abs":0.1469,"stop_loss_ratio":-0.002,"min_rate":0.1368,"max_rate":0.1471,"is_open":false,"enter_tag":"buy","leverage":1.0,"is_short":false,"open_timestamp":1760805300000,"close_timestamp":1760806200000,"orders":[{"amount":33638.29,"safe_price":0.1369,"ft_order_side":"buy","order_filled_timestamp":1760805300000,"ft_is_entry":true,"ft_order_tag":"buy","cost":4614.292064802},{"amount":33638.29,"safe_price":0.1469,"ft_order_side":"sell","order_filled_timestamp":1760806200000,"ft_is_entry":false,"ft_order_tag":"trailing_stop_loss","cost":4951.347730602}],"funding_fees":0.0,"weekday":5},{"pair":"EDEN/USDT","stake_amount":4762.1404,"max_stake_amount":4762.1404,"amount":32617.4,"open_date":"2025-10-18 16:55:00+00:00","close_date":"2025-10-19 03:45:00+00:00","open_rate":0.146,"close_rate":0.1313,"fee_open":0.002,"fee_close":0.002,"trade_duration":650,"profit_ratio":-0.10427501162059444,"profit_abs":-497.56539004,"exit_reason":"sell","initial_stop_loss_abs":0.1095,"initial_stop_loss_ratio":-0.25,"stop_loss_abs":0.1095,"stop_loss_ratio":-0.25,"min_rate":0.1228,"max_rate":0.1461,"is_open":false,"enter_tag":"buy","leverage":1.0,"is_short":false,"open_timestamp":1760806500000,"close_timestamp":1760845500000,"orders":[{"amount":32617.4,"safe_price":0.146,"ft_order_side":"buy","order_filled_timestamp":1760806500000,"ft_is_entry":true,"ft_order_tag":"buy","cost":4771.6646808000005},{"amount":32617.4,"safe_price":0.1313,"ft_order_side":"sell","order_filled_timestamp":1760845500000,"ft_is_entry":false,"ft_order_tag":"sell","cost":4291.229949240001}],"funding_fees":0.0,"weekday":6},{"pair":"BIO/USDT","stake_amount":4515.8454768,"max_stake_amount":4515.8454768,"amount":42330.76,"open_date":"2025-10-20 16:15:00+00:00","close_date":"2025-10-20 18:00:00+00:00","open_rate":0.10668,"close_rate":0.1113,"fee_open":0.002,"fee_close":0.002,"trade_duration":105,"profit_ratio":0.03914218806472686,"profit_abs":177.11359307,"exit_reason":"sell","initial_stop_loss_abs":0.08001,"initial_stop_loss_ratio":-0.25,"stop_loss_abs":0.08001,"stop_loss_ratio":-0.25,"min_rate":0.10321,"max_rate":0.1123,"is_open":false,"enter_tag":"buy","leverage":1.0,"is_short":false,"open_timestamp":1760976900000,"close_timestamp":1760983200000,"orders":[{"amount":42330.76,"safe_price":0.10668,"ft_order_side":"buy","order_filled_timestamp":1760976900000,"ft_is_entry":true,"ft_order_tag":"buy","cost":4524.877167753601},{"amount":42330.76,"safe_price":0.1113,"ft_order_side":"sell","order_filled_timestamp":1760983200000,"ft_is_entry":false,"ft_order_tag":"sell","cost":4720.836415176001}],"funding_fees":0.0,"weekday":0},{"pair":"ASTER/USDT","stake_amount":4603.507796,"max_stake_amount":4603.507796,"amount":4280.74,"open_date":"2025-10-21 05:00:00+00:00","close_date":"2025-10-21 12:25:00+00:00","open_rate":1.0754,"close_rate":1.1261,"fee_open":0.002,"fee_close":0.002,"trade_duration":445,"profit_ratio":0.04296502772769507,"profit_abs":198.18541978,"exit_reason":"sell","initial_stop_loss_abs":0.8066,"initial_stop_loss_ratio":-0.25,"stop_loss_abs":0.8066,"stop_loss_ratio":-0.25,"min_rate":1.064,"max_rate":1.1301,"is_open":false,"enter_tag":"buy","leverage":1.0,"is_short":false,"open_timestamp":1761022800000,"close_timestamp":1761049500000,"orders":[{"amount":4280.74,"safe_price":1.0754,"ft_order_side":"buy","order_filled_timestamp":1761022800000,"ft_is_entry":true,"ft_order_tag":"buy","cost":4612.714811591999},{"amount":4280.74,"safe_price":1.1261,"ft_order_side":"sell","order_filled_timestamp":1761049500000,"ft_is_entry":false,"ft_order_tag":"sell","cost":4830.182396628}],"funding_fees":0.0,"weekday":1},{"pair":"BIO/USDT","stake_amount":4603.5169136,"max_stake_amount":4603.5169136,"amount":47003.44,"open_date":"2025-10-21 01:30:00+00:00","close_date":"2025-10-21 14:50:00+00:00","open_rate":0.09794,"close_rate":0.09308,"fee_open":0.002,"fee_close":0.002,"trade_duration":800,"profit_ratio":-0.05341614096751423,"profit_abs":-246.39391262,"exit_reason":"sell","initial_stop_loss_abs":0.07346,"initial_stop_loss_ratio":-0.25,"stop_loss_abs":0.07346,"stop_loss_ratio":-0.25,"min_rate":0.08959,"max_rate":0.09812,"is_open":false,"enter_tag":"buy","leverage":1.0,"is_short":false,"open_timestamp":1761010200000,"close_timestamp":1761058200000,"orders":[{"amount":47003.44,"safe_price":0.09794,"ft_order_side":"buy","order_filled_timestamp":1761010200000,"ft_is_entry":true,"ft_order_tag":"buy","cost":4612.7239474272},{"amount":47003.44,"safe_price":0.09308,"ft_order_side":"sell","order_filled_timestamp":1761058200000,"ft_is_entry":false,"ft_order_tag":"sell","cost":4383.8303555904}],"funding_fees":0.0,"weekday":1},{"pair":"OPEN/USDT","stake_amount":4701.6182784,"max_stake_amount":4701.6182784,"amount":12195.84,"open_date":"2025-10-21 14:30:00+00:00","close_date":"2025-10-21 16:40:00+00:00","open_rate":0.38551,"close_rate":0.41795,"fee_open":0.002,"fee_close":0.002,"trade_duration":130,"profit_ratio":0.07982033391190069,"profit_abs":376.03531039,"exit_reason":"trailing_stop_loss","initial_stop_loss_abs":0.28914,"initial_stop_loss_ratio":-0.25,"stop_loss_abs":0.41795,"stop_loss_ratio":-0.002,"min_rate":0.38476,"max_rate":0.41878,"is_open":false,"enter_tag":"buy","leverage":1.0,"is_short":false,"open_timestamp":1761057000000,"close_timestamp":1761064800000,"orders":[{"amount":12195.84,"safe_price":0.38551,"ft_order_side":"buy","order_filled_timestamp":1761057000000,"ft_is_entry":true,"ft_order_tag":"buy","cost":4711.0215149568},{"amount":12195.84,"safe_price":0.41795,"ft_order_side":"sell","order_filled_timestamp":1761064800000,"ft_is_entry":false,"ft_order_tag":"trailing_stop_loss","cost":5107.445830656}],"funding_fees":0.0,"weekday":1},{"pair":"AVNT/USDT","stake_amount":4765.7907843,"max_stake_amount":4765.7907843,"amount":7778.47,"open_date":"2025-10-21 23:05:00+00:00","close_date":"2025-10-22 00:10:00+00:00","open_rate":0.61269,"close_rate":0.62372,"fee_open":0.002,"fee_close":0.002,"trade_duration":65,"profit_ratio":0.013938696240854274,"profit_abs":66.56176791,"exit_reason":"sell","initial_stop_loss_abs":0.45952,"initial_stop_loss_ratio":-0.25,"stop_loss_abs":0.45952,"stop_loss_ratio":-0.25,"min_rate":0.59026,"max_rate":0.63274,"is_open":false,"enter_tag":"buy","leverage":1.0,"is_short":false,"open_timestamp":1761087900000,"close_timestamp":1761091800000,"orders":[{"amount":7778.47,"safe_price":0.61269,"ft_order_side":"buy","order_filled_timestamp":1761087900000,"ft_is_entry":true,"ft_order_tag":"buy","cost":4775.3223658686},{"amount":7778.47,"safe_price":0.62372,"ft_order_side":"sell","order_filled_timestamp":1761091800000,"ft_is_entry":false,"ft_order_tag":"sell","cost":4861.290483016801}],"funding_fees":0.0,"weekday":2},{"pair":"ZEN/USDT","stake_amount":4798.71543,"max_stake_amount":4798.71543,"amount":392.79,"open_date":"2025-10-22 00:10:00+00:00","close_date":"2025-10-22 04:35:00+00:00","open_rate":12.217,"close_rate":12.271,"fee_open":0.002,"fee_close":0.002,"trade_duration":265,"profit_ratio":0.00041040943405813403,"profit_abs":1.97337696,"exit_reason":"sell","initial_stop_loss_abs":9.16275,"initial_stop_loss_ratio":-0.25,"stop_loss_abs":9.16275,"stop_loss_ratio":-0.25,"min_rate":11.88,"max_rate":12.423,"is_open":false,"enter_tag":"buy","leverage":1.0,"is_short":false,"open_timestamp":1761091800000,"close_timestamp":1761107700000,"orders":[{"amount":392.79,"safe_price":12.217,"ft_order_side":"buy","order_filled_timestamp":1761091800000,"ft_is_entry":true,"ft_order_tag":"buy","cost":4808.31286086},{"amount":392.79,"safe_price":12.271,"ft_order_side":"sell","order_filled_timestamp":1761107700000,"ft_is_entry":false,"ft_order_tag":"sell","cost":4829.565942180001}],"funding_fees":0.0,"weekday":2},{"pair":"EIGEN/USDT","stake_amount":4765.78486,"max_stake_amount":4765.78486,"amount":4344.38,"open_date":"2025-10-21 23:05:00+00:00","close_date":"2025-10-22 11:20:00+00:00","open_rate":1.097,"close_rate":1.093,"fee_open":0.002,"fee_close":0.002,"trade_duration":735,"profit_ratio":-0.0076237679608877045,"profit_abs":-36.4059044,"exit_reason":"sell","initial_stop_loss_abs":0.823,"initial_stop_loss_ratio":-0.25,"stop_loss_abs":0.823,"stop_loss_ratio":-0.25,"min_rate":1.054,"max_rate":1.1,"is_open":false,"enter_tag":"buy","leverage":1.0,"is_short":false,"open_timestamp":1761087900000,"close_timestamp":1761132000000,"orders":[{"amount":4344.38,"safe_price":1.097,"ft_order_side":"buy","order_filled_timestamp":1761087900000,"ft_is_entry":true,"ft_order_tag":"buy","cost":4775.31642972},{"amount":4344.38,"safe_price":1.093,"ft_order_side":"sell","order_filled_timestamp":1761132000000,"ft_is_entry":false,"ft_order_tag":"sell","cost":4757.90415468}],"funding_fees":0.0,"weekday":2},{"pair":"ASTER/USDT","stake_amount":4799.715585,"max_stake_amount":4799.715585,"amount":4823.35,"open_date":"2025-10-22 10:10:00+00:00","close_date":"2025-10-22 12:40:00+00:00","open_rate":0.9951,"close_rate":1.0246,"fee_open":0.002,"fee_close":0.002,"trade_duration":150,"profit_ratio":0.02553490145625742,"profit_abs":122.80538501,"exit_reason":"sell","initial_stop_loss_abs":0.7464,"initial_stop_loss_ratio":-0.25,"stop_loss_abs":0.7464,"stop_loss_ratio":-0.25,"min_rate":0.9804,"max_rate":1.0263,"is_open":false,"enter_tag":"buy","leverage":1.0,"is_short":false,"open_timestamp":1761127800000,"close_timestamp":1761136800000,"orders":[{"amount":4823.35,"safe_price":0.9951,"ft_order_side":"buy","order_filled_timestamp":1761127800000,"ft_is_entry":true,"ft_order_tag":"buy","cost":4809.31501617},{"amount":4823.35,"safe_price":1.0246,"ft_order_side":"sell","order_filled_timestamp":1761136800000,"ft_is_entry":false,"ft_order_tag":"sell","cost":4951.888418820001}],"funding_fees":0.0,"weekday":2},{"pair":"AVNT/USDT","stake_amount":4842.4781715,"max_stake_amount":4842.4781715,"amount":7831.29,"open_date":"2025-10-22 20:30:00+00:00","close_date":"2025-10-22 22:05:00+00:00","open_rate":0.61835,"close_rate":0.63445,"fee_open":0.002,"fee_close":0.002,"trade_duration":95,"profit_ratio":0.021941077819312083,"profit_abs":106.46168878,"exit_reason":"sell","initial_stop_loss_abs":0.46377,"initial_stop_loss_ratio":-0.25,"stop_loss_abs":0.46377,"stop_loss_ratio":-0.25,"min_rate":0.59798,"max_rate":0.64705,"is_open":false,"enter_tag":"buy","leverage":1.0,"is_short":false,"open_timestamp":1761165000000,"close_timestamp":1761170700000,"orders":[{"amount":7831.29,"safe_price":0.61835,"ft_order_side":"buy","order_filled_timestamp":1761165000000,"ft_is_entry":true,"ft_order_tag":"buy","cost":4852.1631278429995},{"amount":7831.29,"safe_price":0.63445,"ft_order_side":"sell","order_filled_timestamp":1761170700000,"ft_is_entry":false,"ft_order_tag":"sell","cost":4978.499064381}],"funding_fees":0.0,"weekday":2},{"pair":"ENA/USDT","stake_amount":4842.483336,"max_stake_amount":4842.483336,"amount":11282.58,"open_date":"2025-10-22 15:10:00+00:00","close_date":"2025-10-23 00:20:00+00:00","open_rate":0.4292,"close_rate":0.44,"fee_open":0.002,"fee_close":0.002,"trade_duration":550,"profit_ratio":0.02107062668739237,"profit_abs":102.23822693,"exit_reason":"sell","initial_stop_loss_abs":0.3219,"initial_stop_loss_ratio":-0.25,"stop_loss_abs":0.3219,"stop_loss_ratio":-0.25,"min_rate":0.42,"max_rate":0.4448,"is_open":false,"enter_tag":"buy","leverage":1.0,"is_short":false,"open_timestamp":1761145800000,"close_timestamp":1761178800000,"orders":[{"amount":11282.58,"safe_price":0.4292,"ft_order_side":"buy","order_filled_timestamp":1761145800000,"ft_is_entry":true,"ft_order_tag":"buy","cost":4852.168302672},{"amount":11282.58,"safe_price":0.44,"ft_order_side":"sell","order_filled_timestamp":1761178800000,"ft_is_entry":false,"ft_order_tag":"sell","cost":4974.2638704}],"funding_fees":0.0,"weekday":3},{"pair":"AVNT/USDT","stake_amount":4945.7837752,"max_stake_amount":4945.7837752,"amount":6405.46,"open_date":"2025-10-24 22:30:00+00:00","close_date":"2025-10-25 00:15:00+00:00","open_rate":0.77212,"close_rate":0.80387,"fee_open":0.002,"fee_close":0.002,"trade_duration":105,"profit_ratio":0.03696438134470955,"profit_abs":183.18347319,"exit_reason":"sell","initial_stop_loss_abs":0.57909,"initial_stop_loss_ratio":-0.25,"stop_loss_abs":0.57909,"stop_loss_ratio":-0.25,"min_rate":0.75232,"max_rate":0.81363,"is_open":false,"enter_tag":"buy","leverage":1.0,"is_short":false,"open_timestamp":1761345000000,"close_timestamp":1761351300000,"orders":[{"amount":6405.46,"safe_price":0.77212,"ft_order_side":"buy","order_filled_timestamp":1761345000000,"ft_is_entry":true,"ft_order_tag":"buy","cost":4955.675342750401},{"amount":6405.46,"safe_price":0.80387,"ft_order_side":"sell","order_filled_timestamp":1761351300000,"ft_is_entry":false,"ft_order_tag":"sell","cost":5159.4554444604}],"funding_fees":0.0,"weekday":5},{"pair":"AVNT/USDT","stake_amount":5036.4607842,"max_stake_amount":5036.4607842,"amount":6657.23,"open_date":"2025-10-25 03:40:00+00:00","close_date":"2025-10-25 05:45:00+00:00","open_rate":0.75654,"close_rate":0.78491,"fee_open":0.002,"fee_close":0.002,"trade_duration":125,"profit_ratio":0.03335795429991441,"profit_abs":168.34204073,"exit_reason":"sell","initial_stop_loss_abs":0.56741,"initial_stop_loss_ratio":-0.25,"stop_loss_abs":0.56741,"stop_loss_ratio":-0.25,"min_rate":0.74839,"max_rate":0.78709,"is_open":false,"enter_tag":"buy","leverage":1.0,"is_short":false,"open_timestamp":1761363600000,"close_timestamp":1761371100000,"orders":[{"amount":6657.23,"safe_price":0.75654,"ft_order_side":"buy","order_filled_timestamp":1761363600000,"ft_is_entry":true,"ft_order_tag":"buy","cost":5046.533705768399},{"amount":6657.23,"safe_price":0.78491,"ft_order_side":"sell","order_filled_timestamp":1761371100000,"ft_is_entry":false,"ft_order_tag":"sell","cost":5235.7770520986005}],"funding_fees":0.0,"weekday":5},{"pair":"EDEN/USDT","stake_amount":5119.79446,"max_stake_amount":5119.79446,"amount":27378.58,"open_date":"2025-10-25 15:30:00+00:00","close_date":"2025-10-25 16:25:00+00:00","open_rate":0.187,"close_rate":0.1993,"fee_open":0.002,"fee_close":0.002,"trade_duration":55,"profit_ratio":0.06152080864968966,"profit_abs":315.60384309,"exit_reason":"trailing_stop_loss","initial_stop_loss_abs":0.1403,"initial_stop_loss_ratio":-0.25,"stop_loss_abs":0.1993,"stop_loss_ratio":-0.002,"min_rate":0.1833,"max_rate":0.1996,"is_open":false,"enter_tag":"buy","leverage":1.0,"is_short":false,"open_timestamp":1761406200000,"close_timestamp":1761409500000,"orders":[{"amount":27378.58,"safe_price":0.187,"ft_order_side":"buy","order_filled_timestamp":1761406200000,"ft_is_entry":true,"ft_order_tag":"buy","cost":5130.03404892},{"amount":27378.58,"safe_price":0.1993,"ft_order_side":"sell","order_filled_timestamp":1761409500000,"ft_is_entry":false,"ft_order_tag":"trailing_stop_loss","cost":5467.464095988}],"funding_fees":0.0,"weekday":5},{"pair":"EDEN/USDT","stake_amount":5276.017908,"max_stake_amount":5276.017908,"amount":28878.04,"open_date":"2025-10-26 02:30:00+00:00","close_date":"2025-10-26 04:35:00+00:00","open_rate":0.1827,"close_rate":0.1881,"fee_open":0.002,"fee_close":0.002,"trade_duration":125,"profit_ratio":0.025446643659252453,"profit_abs":134.52546154,"exit_reason":"sell","initial_stop_loss_abs":0.1371,"initial_stop_loss_ratio":-0.25,"stop_loss_abs":0.1371,"stop_loss_ratio":-0.25,"min_rate":0.1787,"max_rate":0.1881,"is_open":false,"enter_tag":"buy","leverage":1.0,"is_short":false,"open_timestamp":1761445800000,"close_timestamp":1761453300000,"orders":[{"amount":28878.04,"safe_price":0.1827,"ft_order_side":"buy","order_filled_timestamp":1761445800000,"ft_is_entry":true,"ft_order_tag":"buy","cost":5286.569943816},{"amount":28878.04,"safe_price":0.1881,"ft_order_side":"sell","order_filled_timestamp":1761453300000,"ft_is_entry":false,"ft_order_tag":"sell","cost":5442.823242648}],"funding_fees":0.0,"weekday":6},{"pair":"VIRTUAL/USDT","stake_amount":5276.008374,"max_stake_amount":5276.008374,"amount":4354.22,"open_date":"2025-10-26 03:35:00+00:00","close_date":"2025-10-26 11:15:00+00:00","open_rate":1.2117,"close_rate":1.2341,"fee_open":0.002,"fee_close":0.002,"trade_duration":460,"profit_ratio":0.01442060996473614,"profit_abs":76.23542545,"exit_reason":"sell","initial_stop_loss_abs":0.9088,"initial_stop_loss_ratio":-0.25,"stop_loss_abs":0.9088,"stop_loss_ratio":-0.25,"min_rate":1.1775,"max_rate":1.2385,"is_open":false,"enter_tag":"buy","leverage":1.0,"is_short":false,"open_timestamp":1761449700000,"close_timestamp":1761477300000,"orders":[{"amount":4354.22,"safe_price":1.2117,"ft_order_side":"buy","order_filled_timestamp":1761449700000,"ft_is_entry":true,"ft_order_tag":"buy","cost":5286.560390748},{"amount":4354.22,"safe_price":1.2341,"ft_order_side":"sell","order_filled_timestamp":1761477300000,"ft_is_entry":false,"ft_order_tag":"sell","cost":5384.289987804}],"funding_fees":0.0,"weekday":6},{"pair":"EDEN/USDT","stake_amount":5380.3453,"max_stake_amount":5380.3453,"amount":27863.0,"open_date":"2025-10-27 06:15:00+00:00","close_date":"2025-10-27 11:35:00+00:00","open_rate":0.1931,"close_rate":0.1897,"fee_open":0.002,"fee_close":0.002,"trade_duration":320,"profit_ratio":-0.02152918399348377,"profit_abs":-116.0661128,"exit_reason":"sell","initial_stop_loss_abs":0.1449,"initial_stop_loss_ratio":-0.25,"stop_loss_abs":0.1449,"stop_loss_ratio":-0.25,"min_rate":0.1822,"max_rate":0.1974,"is_open":false,"enter_tag":"buy","leverage":1.0,"is_short":false,"open_timestamp":1761545700000,"close_timestamp":1761564900000,"orders":[{"amount":27863.0,"safe_price":0.1931,"ft_order_side":"buy","order_filled_timestamp":1761545700000,"ft_is_entry":true,"ft_order_tag":"buy","cost":5391.1059906},{"amount":27863.0,"safe_price":0.1897,"ft_order_side":"sell","order_filled_timestamp":1761564900000,"ft_is_entry":false,"ft_order_tag":"sell","cost":5296.1823222}],"funding_fees":0.0,"weekday":0},{"pair":"ZEN/USDT","stake_amount":5322.798,"max_stake_amount":5322.798,"amount":412.62,"open_date":"2025-10-28 02:35:00+00:00","close_date":"2025-10-28 13:25:00+00:00","open_rate":12.9,"close_rate":13.2,"fee_open":0.002,"fee_close":0.002,"trade_duration":650,"profit_ratio":0.019170960404771852,"profit_abs":102.247236,"exit_reason":"sell","initial_stop_loss_abs":9.675,"initial_stop_loss_ratio":-0.25,"stop_loss_abs":9.675,"stop_loss_ratio":-0.25,"min_rate":12.594,"max_rate":13.297,"is_open":false,"enter_tag":"buy","leverage":1.0,"is_short":false,"open_timestamp":1761618900000,"close_timestamp":1761657900000,"orders":[{"amount":412.62,"safe_price":12.9,"ft_order_side":"buy","order_filled_timestamp":1761618900000,"ft_is_entry":true,"ft_order_tag":"buy","cost":5333.443596},{"amount":412.62,"safe_price":13.2,"ft_order_side":"sell","order_filled_timestamp":1761657900000,"ft_is_entry":false,"ft_order_tag":"sell","cost":5457.477167999999}],"funding_fees":0.0,"weekday":1},{"pair":"EDEN/USDT","stake_amount":5373.504576,"max_stake_amount":5373.504576,"amount":33923.64,"open_date":"2025-10-28 20:40:00+00:00","close_date":"2025-10-29 03:20:00+00:00","open_rate":0.1584,"close_rate":0.1642,"fee_open":0.002,"fee_close":0.002,"trade_duration":400,"profit_ratio":0.032477973345865364,"profit_abs":174.86957947,"exit_reason":"sell","initial_stop_loss_abs":0.1189,"initial_stop_loss_ratio":-0.25,"stop_loss_abs":0.1189,"stop_loss_ratio":-0.25,"min_rate":0.1561,"max_rate":0.1659,"is_open":false,"enter_tag":"buy","leverage":1.0,"is_short":false,"open_timestamp":1761684000000,"close_timestamp":1761708000000,"orders":[{"amount":33923.64,"safe_price":0.1584,"ft_order_side":"buy","order_filled_timestamp":1761684000000,"ft_is_entry":true,"ft_order_tag":"buy","cost":5384.251585152},{"amount":33923.64,"safe_price":0.1642,"ft_order_side":"sell","order_filled_timestamp":1761708000000,"ft_is_entry":false,"ft_order_tag":"sell","cost":5581.402211376}],"funding_fees":0.0,"weekday":2},{"pair":"FET/USDT","stake_amount":5373.359,"max_stake_amount":5373.359,"amount":21130.0,"open_date":"2025-10-28 20:35:00+00:00","close_date":"2025-10-29 18:00:00+00:00","open_rate":0.2543,"close_rate":0.2671,"fee_open":0.002,"fee_close":0.002,"trade_duration":1285,"profit_ratio":0.0461412997834453,"profit_abs":248.429636,"exit_reason":"sell","initial_stop_loss_abs":0.1908,"initial_stop_loss_ratio":-0.25,"stop_loss_abs":0.2679,"stop_loss_ratio":-0.002,"min_rate":0.2513,"max_rate":0.2684,"is_open":false,"enter_tag":"buy","leverage":1.0,"is_short":false,"open_timestamp":1761683700000,"close_timestamp":1761760800000,"orders":[{"amount":21130.0,"safe_price":0.2543,"ft_order_side":"buy","order_filled_timestamp":1761683700000,"ft_is_entry":true,"ft_order_tag":"buy","cost":5384.105718000001},{"amount":21130.0,"safe_price":0.2671,"ft_order_side":"sell","order_filled_timestamp":1761760800000,"ft_is_entry":false,"ft_order_tag":"sell","cost":5655.110646}],"funding_fees":0.0,"weekday":2},{"pair":"XPL/USDT","stake_amount":5583.037004,"max_stake_amount":5583.037004,"amount":17011.6,"open_date":"2025-10-30 00:20:00+00:00","close_date":"2025-10-30 23:35:00+00:00","open_rate":0.32819,"close_rate":0.29626,"fee_open":0.002,"fee_close":0.002,"trade_duration":1395,"profit_ratio":-0.1008948311974728,"profit_abs":-564.42617524,"exit_reason":"sell","initial_stop_loss_abs":0.24615,"initial_stop_loss_ratio":-0.25,"stop_loss_abs":0.24615,"stop_loss_ratio":-0.25,"min_rate":0.28223,"max_rate":0.33712,"is_open":false,"enter_tag":"buy","leverage":1.0,"is_short":false,"open_timestamp":1761783600000,"close_timestamp":1761867300000,"orders":[{"amount":17011.6,"safe_price":0.32819,"ft_order_side":"buy","order_filled_timestamp":1761783600000,"ft_is_entry":true,"ft_order_tag":"buy","cost":5594.203078007999},{"amount":17011.6,"safe_price":0.29626,"ft_order_side":"sell","order_filled_timestamp":1761867300000,"ft_is_entry":false,"ft_order_tag":"sell","cost":5049.936329232}],"funding_fees":0.0,"weekday":3},{"pair":"FORM/USDT","stake_amount":5460.06097,"max_stake_amount":5460.06097,"amount":8734.7,"open_date":"2025-10-29 16:30:00+00:00","close_date":"2025-10-31 19:35:00+00:00","open_rate":0.6251,"close_rate":0.5313,"fee_open":0.002,"fee_close":0.002,"trade_duration":3065,"profit_ratio":-0.1534489810971562,"profit_abs":-839.51647416,"exit_reason":"sell","initial_stop_loss_abs":0.4689,"initial_stop_loss_ratio":-0.25,"stop_loss_abs":0.4689,"stop_loss_ratio":-0.25,"min_rate":0.5071,"max_rate":0.6416,"is_open":false,"enter_tag":"buy","leverage":1.0,"is_short":false,"open_timestamp":1761755400000,"close_timestamp":1761939300000,"orders":[{"amount":8734.7,"safe_price":0.6251,"ft_order_side":"buy","order_filled_timestamp":1761755400000,"ft_is_entry":true,"ft_order_tag":"buy","cost":5470.981091940001},{"amount":8734.7,"safe_price":0.5313,"ft_order_side":"sell","order_filled_timestamp":1761939300000,"ft_is_entry":false,"ft_order_tag":"sell","cost":4650.02760222}],"funding_fees":0.0,"weekday":4},{"pair":"ZEN/USDT","stake_amount":4888.01985,"max_stake_amount":4888.01985,"amount":269.09,"open_date":"2025-11-01 14:35:00+00:00","close_date":"2025-11-01 14:40:00+00:00","open_rate":18.165,"close_rate":19.14164,"fee_open":0.002,"fee_close":0.002,"trade_duration":5,"profit_ratio":0.04955828612426466,"profit_abs":242.72637008,"exit_reason":"trailing_stop_loss","initial_stop_loss_abs":13.62375,"initial_stop_loss_ratio":-0.25,"stop_loss_abs":19.14164,"stop_loss_ratio":-0.002,"min_rate":18.149,"max_rate":19.18,"is_open":false,"enter_tag":"buy","leverage":1.0,"is_short":false,"open_timestamp":1762007700000,"close_timestamp":1762008000000,"orders":[{"amount":269.09,"safe_price":18.165,"ft_order_side":"buy","order_filled_timestamp":1762007700000,"ft_is_entry":true,"ft_order_tag":"buy","cost":4897.7958897},{"amount":269.09,"safe_price":19.14164,"ft_order_side":"sell","order_filled_timestamp":1762008000000,"ft_is_entry":false,"ft_order_tag":"trailing_stop_loss","cost":5161.125555415199}],"funding_fees":0.0,"weekday":5},{"pair":"ZEN/USDT","stake_amount":5008.1283,"max_stake_amount":5008.1283,"amount":264.1,"open_date":"2025-11-01 14:45:00+00:00","close_date":"2025-11-01 15:30:00+00:00","open_rate":18.963,"close_rate":19.6,"fee_open":0.002,"fee_close":0.002,"trade_duration":45,"profit_ratio":0.029465616570476614,"profit_abs":147.8627234,"exit_reason":"sell","initial_stop_loss_abs":14.22225,"initial_stop_loss_ratio":-0.25,"stop_loss_abs":14.22225,"stop_loss_ratio":-0.25,"min_rate":18.667,"max_rate":19.771,"is_open":false,"enter_tag":"buy","leverage":1.0,"is_short":false,"open_timestamp":1762008300000,"close_timestamp":1762011000000,"orders":[{"amount":264.1,"safe_price":18.963,"ft_order_side":"buy","order_filled_timestamp":1762008300000,"ft_is_entry":true,"ft_order_tag":"buy","cost":5018.1445566},{"amount":264.1,"safe_price":19.6,"ft_order_side":"sell","order_filled_timestamp":1762011000000,"ft_is_entry":false,"ft_order_tag":"sell","cost":5186.71272}],"funding_fees":0.0,"weekday":5},{"pair":"LINEA/USDT","stake_amount":5081.428804,"max_stake_amount":5081.428804,"amount":371721.2,"open_date":"2025-11-02 03:10:00+00:00","close_date":"2025-11-02 06:05:00+00:00","open_rate":0.01367,"close_rate":0.01419,"fee_open":0.002,"fee_close":0.002,"trade_duration":175,"profit_ratio":0.03389563229143474,"profit_abs":172.58271874,"exit_reason":"sell","initial_stop_loss_abs":0.01026,"initial_stop_loss_ratio":-0.25,"stop_loss_abs":0.01026,"stop_loss_ratio":-0.25,"min_rate":0.01366,"max_rate":0.01431,"is_open":false,"enter_tag":"buy","leverage":1.0,"is_short":false,"open_timestamp":1762053000000,"close_timestamp":1762063500000,"orders":[{"amount":371721.2,"safe_price":0.01367,"ft_order_side":"buy","order_filled_timestamp":1762053000000,"ft_is_entry":true,"ft_order_tag":"buy","cost":5091.591661608},{"amount":371721.2,"safe_price":0.01419,"ft_order_side":"sell","order_filled_timestamp":1762063500000,"ft_is_entry":false,"ft_order_tag":"sell","cost":5285.273275656}],"funding_fees":0.0,"weekday":6},{"pair":"ZEN/USDT","stake_amount":5081.31288,"max_stake_amount":5081.31288,"amount":270.96,"open_date":"2025-11-02 05:40:00+00:00","close_date":"2025-11-02 06:45:00+00:00","open_rate":18.753,"close_rate":19.075,"fee_open":0.002,"fee_close":0.002,"trade_duration":65,"profit_ratio":0.013110024817852166,"profit_abs":66.74937024,"exit_reason":"sell","initial_stop_loss_abs":14.06475,"initial_stop_loss_ratio":-0.25,"stop_loss_abs":14.06475,"stop_loss_ratio":-0.25,"min_rate":17.732,"max_rate":19.311,"is_open":false,"enter_tag":"buy","leverage":1.0,"is_short":false,"open_timestamp":1762062000000,"close_timestamp":1762065900000,"orders":[{"amount":270.96,"safe_price":18.753,"ft_order_side":"buy","order_filled_timestamp":1762062000000,"ft_is_entry":true,"ft_order_tag":"buy","cost":5091.47550576},{"amount":270.96,"safe_price":19.075,"ft_order_side":"sell","order_filled_timestamp":1762065900000,"ft_is_entry":false,"ft_order_tag":"sell","cost":5178.899123999999}],"funding_fees":0.0,"weekday":6},{"pair":"ZEN/USDT","stake_amount":5199.7968,"max_stake_amount":5199.7968,"amount":299.2,"open_date":"2025-11-02 14:25:00+00:00","close_date":"2025-11-02 22:15:00+00:00","open_rate":17.379,"close_rate":17.646,"fee_open":0.002,"fee_close":0.002,"trade_duration":470,"profit_ratio":0.011310022799214276,"profit_abs":58.92744,"exit_reason":"sell","initial_stop_loss_abs":13.03425,"initial_stop_loss_ratio":-0.25,"stop_loss_abs":13.03425,"stop_loss_ratio":-0.25,"min_rate":16.366,"max_rate":17.822,"is_open":false,"enter_tag":"buy","leverage":1.0,"is_short":false,"open_timestamp":1762093500000,"close_timestamp":1762121700000,"orders":[{"amount":299.2,"safe_price":17.379,"ft_order_side":"buy","order_filled_timestamp":1762093500000,"ft_is_entry":true,"ft_order_tag":"buy","cost":5210.1963936},{"amount":299.2,"safe_price":17.646,"ft_order_side":"sell","order_filled_timestamp":1762121700000,"ft_is_entry":false,"ft_order_tag":"sell","cost":5290.2425664}],"funding_fees":0.0,"weekday":6},{"pair":"FET/USDT","stake_amount":5199.8352,"max_stake_amount":5199.8352,"amount":20984.0,"open_date":"2025-11-02 13:35:00+00:00","close_date":"2025-11-04 00:40:00+00:00","open_rate":0.2478,"close_rate":0.2144,"fee_open":0.002,"fee_close":0.002,"trade_duration":2105,"profit_ratio":-0.13824006547035067,"profit_abs":-720.2632096,"exit_reason":"sell","initial_stop_loss_abs":0.1859,"initial_stop_loss_ratio":-0.25,"stop_loss_abs":0.1859,"stop_loss_ratio":-0.25,"min_rate":0.2009,"max_rate":0.2481,"is_open":false,"enter_tag":"buy","leverage":1.0,"is_short":false,"open_timestamp":1762090500000,"close_timestamp":1762216800000,"orders":[{"amount":20984.0,"safe_price":0.2478,"ft_order_side":"buy","order_filled_timestamp":1762090500000,"ft_is_entry":true,"ft_order_tag":"buy","cost":5210.2348704},{"amount":20984.0,"safe_price":0.2144,"ft_order_side":"sell","order_filled_timestamp":1762216800000,"ft_is_entry":false,"ft_order_tag":"sell","cost":4507.9675392}],"funding_fees":0.0,"weekday":1},{"pair":"ASTER/USDT","stake_amount":5229.066856,"max_stake_amount":5229.066856,"amount":4711.72,"open_date":"2025-11-03 02:50:00+00:00","close_date":"2025-11-04 00:45:00+00:00","open_rate":1.1098,"close_rate":0.9222,"fee_open":0.002,"fee_close":0.002,"trade_duration":1315,"profit_ratio":-0.17235667428883447,"profit_abs":-903.06710208,"exit_reason":"sell","initial_stop_loss_abs":0.8324,"initial_stop_loss_ratio":-0.25,"stop_loss_abs":0.8324,"stop_loss_ratio":-0.25,"min_rate":0.8466,"max_rate":1.1266,"is_open":false,"enter_tag":"buy","leverage":1.0,"is_short":false,"open_timestamp":1762138200000,"close_timestamp":1762217100000,"orders":[{"amount":4711.72,"safe_price":1.1098,"ft_order_side":"buy","order_filled_timestamp":1762138200000,"ft_is_entry":true,"ft_order_tag":"buy","cost":5239.524989711999},{"amount":4711.72,"safe_price":0.9222,"ft_order_side":"sell","order_filled_timestamp":1762217100000,"ft_is_entry":false,"ft_order_tag":"sell","cost":4353.838480368001}],"funding_fees":0.0,"weekday":1},{"pair":"ASTER/USDT","stake_amount":4425.512146,"max_stake_amount":4425.512146,"amount":5252.21,"open_date":"2025-11-04 05:35:00+00:00","close_date":"2025-11-04 08:25:00+00:00","open_rate":0.8426,"close_rate":0.8745,"fee_open":0.002,"fee_close":0.002,"trade_duration":170,"profit_ratio":0.03371585810148134,"profit_abs":149.50835942,"exit_reason":"sell","initial_stop_loss_abs":0.632,"initial_stop_loss_ratio":-0.25,"stop_loss_abs":0.8895,"stop_loss_ratio":-0.002,"min_rate":0.8168,"max_rate":0.8912,"is_open":false,"enter_tag":"buy","leverage":1.0,"is_short":false,"open_timestamp":1762234500000,"close_timestamp":1762244700000,"orders":[{"amount":5252.21,"safe_price":0.8426,"ft_order_side":"buy","order_filled_timestamp":1762234500000,"ft_is_entry":true,"ft_order_tag":"buy","cost":4434.363170292},{"amount":5252.21,"safe_price":0.8745,"ft_order_side":"sell","order_filled_timestamp":1762244700000,"ft_is_entry":false,"ft_order_tag":"sell","cost":4602.243760290001}],"funding_fees":0.0,"weekday":1},{"pair":"FORM/USDT","stake_amount":4425.51774,"max_stake_amount":4425.51774,"amount":10900.29,"open_date":"2025-11-04 05:45:00+00:00","close_date":"2025-11-04 08:35:00+00:00","open_rate":0.406,"close_rate":0.4146,"fee_open":0.002,"fee_close":0.002,"trade_duration":170,"profit_ratio":0.017105690097186217,"profit_abs":75.85293805,"exit_reason":"sell","initial_stop_loss_abs":0.3045,"initial_stop_loss_ratio":-0.25,"stop_loss_abs":0.3045,"stop_loss_ratio":-0.25,"min_rate":0.3999,"max_rate":0.4248,"is_open":false,"enter_tag":"buy","leverage":1.0,"is_short":false,"open_timestamp":1762235100000,"close_timestamp":1762245300000,"orders":[{"amount":10900.29,"safe_price":0.406,"ft_order_side":"buy","order_filled_timestamp":1762235100000,"ft_is_entry":true,"ft_order_tag":"buy","cost":4434.36877548},{"amount":10900.29,"safe_price":0.4146,"ft_order_side":"sell","order_filled_timestamp":1762245300000,"ft_is_entry":false,"ft_order_tag":"sell","cost":4528.298754468}],"funding_fees":0.0,"weekday":1},{"pair":"ZEN/USDT","stake_amount":4537.01857,"max_stake_amount":4537.01857,"amount":233.59,"open_date":"2025-11-04 11:45:00+00:00","close_date":"2025-11-04 14:10:00+00:00","open_rate":19.423,"close_rate":19.58,"fee_open":0.002,"fee_close":0.002,"trade_duration":145,"profit_ratio":0.004058916096653936,"profit_abs":18.45220846,"exit_reason":"sell","initial_stop_loss_abs":14.567249999999998,"initial_stop_loss_ratio":-0.25,"stop_loss_abs":14.567249999999998,"stop_loss_ratio":-0.25,"min_rate":18.05,"max_rate":19.85,"is_open":false,"enter_tag":"buy","leverage":1.0,"is_short":false,"open_timestamp":1762256700000,"close_timestamp":1762265400000,"orders":[{"amount":233.59,"safe_price":19.423,"ft_order_side":"buy","order_filled_timestamp":1762256700000,"ft_is_entry":true,"ft_order_tag":"buy","cost":4546.092607139999},{"amount":233.59,"safe_price":19.58,"ft_order_side":"sell","order_filled_timestamp":1762265400000,"ft_is_entry":false,"ft_order_tag":"sell","cost":4582.8395844}],"funding_fees":0.0,"weekday":1},{"pair":"TAO/USDT","stake_amount":4545.935,"max_stake_amount":4545.935,"amount":11.582,"open_date":"2025-11-04 17:05:00+00:00","close_date":"2025-11-04 17:35:00+00:00","open_rate":392.5,"close_rate":407.9,"fee_open":0.002,"fee_close":0.002,"trade_duration":30,"profit_ratio":0.035087023405418465,"profit_abs":159.8223344,"exit_reason":"sell","initial_stop_loss_abs":294.375,"initial_stop_loss_ratio":-0.25,"stop_loss_abs":294.375,"stop_loss_ratio":-0.25,"min_rate":388.6,"max_rate":413.5,"is_open":false,"enter_tag":"buy","leverage":1.0,"is_short":false,"open_timestamp":1762275900000,"close_timestamp":1762277700000,"orders":[{"amount":11.582,"safe_price":392.5,"ft_order_side":"buy","order_filled_timestamp":1762275900000,"ft_is_entry":true,"ft_order_tag":"buy","cost":4555.026870000001},{"amount":11.582,"safe_price":407.9,"ft_order_side":"sell","order_filled_timestamp":1762277700000,"ft_is_entry":false,"ft_order_tag":"sell","cost":4733.7463956}],"funding_fees":0.0,"weekday":1},{"pair":"XPL/USDT","stake_amount":4625.3174422,"max_stake_amount":4625.3174422,"amount":19241.69,"open_date":"2025-11-04 17:55:00+00:00","close_date":"2025-11-04 22:00:00+00:00","open_rate":0.24038,"close_rate":0.2406,"fee_open":0.002,"fee_close":0.002,"trade_duration":245,"profit_ratio":-0.0030804519585310233,"profit_abs":-14.27656431,"exit_reason":"sell","initial_stop_loss_abs":0.18029,"initial_stop_loss_ratio":-0.25,"stop_loss_abs":0.18029,"stop_loss_ratio":-0.25,"min_rate":0.22477,"max_rate":0.2443,"is_open":false,"enter_tag":"buy","leverage":1.0,"is_short":false,"open_timestamp":1762278900000,"close_timestamp":1762293600000,"orders":[{"amount":19241.69,"safe_price":0.24038,"ft_order_side":"buy","order_filled_timestamp":1762278900000,"ft_is_entry":true,"ft_order_tag":"buy","cost":4634.5680770844},{"amount":19241.69,"safe_price":0.2406,"ft_order_side":"sell","order_filled_timestamp":1762293600000,"ft_is_entry":false,"ft_order_tag":"sell","cost":4638.809715228}],"funding_fees":0.0,"weekday":1},{"pair":"FIL/USDT","stake_amount":4625.3184866,"max_stake_amount":4625.3184866,"amount":3398.4706,"open_date":"2025-11-04 18:25:00+00:00","close_date":"2025-11-04 22:10:00+00:00","open_rate":1.361,"close_rate":1.344,"fee_open":0.002,"fee_close":0.002,"trade_duration":225,"profit_ratio":-0.016432968010472074,"profit_abs":-76.15972615,"exit_reason":"sell","initial_stop_loss_abs":1.021,"initial_stop_loss_ratio":-0.25,"stop_loss_abs":1.021,"stop_loss_ratio":-0.25,"min_rate":1.271,"max_rate":1.373,"is_open":false,"enter_tag":"buy","leverage":1.0,"is_short":false,"open_timestamp":1762280700000,"close_timestamp":1762294200000,"orders":[{"amount":3398.4706,"safe_price":1.361,"ft_order_side":"buy","order_filled_timestamp":1762280700000,"ft_is_entry":true,"ft_order_tag":"buy","cost":4634.5691235732},{"amount":3398.4706,"safe_price":1.344,"ft_order_side":"sell","order_filled_timestamp":1762294200000,"ft_is_entry":false,"ft_order_tag":"sell","cost":4576.6795753728}],"funding_fees":0.0,"weekday":1},{"pair":"ICP/USDT","stake_amount":4580.552119,"max_stake_amount":4580.552119,"amount":909.2005,"open_date":"2025-11-05 01:10:00+00:00","close_date":"2025-11-05 02:35:00+00:00","open_rate":5.038,"close_rate":5.126,"fee_open":0.002,"fee_close":0.002,"trade_duration":85,"profit_ratio":0.013405503404544519,"profit_abs":61.52741624,"exit_reason":"sell","initial_stop_loss_abs":3.7785,"initial_stop_loss_ratio":-0.25,"stop_loss_abs":3.7785,"stop_loss_ratio":-0.25,"min_rate":4.809,"max_rate":5.193,"is_open":false,"enter_tag":"buy","leverage":1.0,"is_short":false,"open_timestamp":1762305000000,"close_timestamp":1762310100000,"orders":[{"amount":909.2005,"safe_price":5.038,"ft_order_side":"buy","order_filled_timestamp":1762305000000,"ft_is_entry":true,"ft_order_tag":"buy","cost":4589.713223238},{"amount":909.2005,"safe_price":5.126,"ft_order_side":"sell","order_filled_timestamp":1762310100000,"ft_is_entry":false,"ft_order_tag":"sell","cost":4669.882886526}],"funding_fees":0.0,"weekday":2},{"pair":"TRUMP/USDT","stake_amount":4580.54476,"max_stake_amount":4580.54476,"amount":665.39,"open_date":"2025-11-05 00:30:00+00:00","close_date":"2025-11-05 12:25:00+00:00","open_rate":6.884,"close_rate":7.264442,"fee_open":0.002,"fee_close":0.002,"trade_duration":715,"profit_ratio":0.051052038283565596,"profit_abs":234.31383874,"exit_reason":"trailing_stop_loss","initial_stop_loss_abs":5.163,"initial_stop_loss_ratio":-0.25,"stop_loss_abs":7.264442,"stop_loss_ratio":-0.002,"min_rate":6.79,"max_rate":7.279,"is_open":false,"enter_tag":"buy","leverage":1.0,"is_short":false,"open_timestamp":1762302600000,"close_timestamp":1762345500000,"orders":[{"amount":665.39,"safe_price":6.884,"ft_order_side":"buy","order_filled_timestamp":1762302600000,"ft_is_entry":true,"ft_order_tag":"buy","cost":4589.70584952},{"amount":665.39,"safe_price":7.264442,"ft_order_side":"sell","order_filled_timestamp":1762345500000,"ft_is_entry":false,"ft_order_tag":"trailing_stop_loss","cost":4843.354436504759}],"funding_fees":0.0,"weekday":2},{"pair":"ZEN/USDT","stake_amount":4726.9636,"max_stake_amount":4726.9636,"amount":246.71,"open_date":"2025-11-05 22:50:00+00:00","close_date":"2025-11-06 04:55:00+00:00","open_rate":19.16,"close_rate":18.841,"fee_open":0.002,"fee_close":0.002,"trade_duration":365,"profit_ratio":-0.020574821130182223,"profit_abs":-97.45094342,"exit_reason":"sell","initial_stop_loss_abs":14.370000000000001,"initial_stop_loss_ratio":-0.25,"stop_loss_abs":14.370000000000001,"stop_loss_ratio":-0.25,"min_rate":17.867,"max_rate":19.404,"is_open":false,"enter_tag":"buy","leverage":1.0,"is_short":false,"open_timestamp":1762383000000,"close_timestamp":1762404900000,"orders":[{"amount":246.71,"safe_price":19.16,"ft_order_side":"buy","order_filled_timestamp":1762383000000,"ft_is_entry":true,"ft_order_tag":"buy","cost":4736.4175272},{"amount":246.71,"safe_price":18.841,"ft_order_side":"sell","order_filled_timestamp":1762404900000,"ft_is_entry":false,"ft_order_tag":"sell","cost":4657.55963622}],"funding_fees":0.0,"weekday":3},{"pair":"VIRTUAL/USDT","stake_amount":4678.7442,"max_stake_amount":4678.7442,"amount":3939.0,"open_date":"2025-11-06 16:45:00+00:00","close_date":"2025-11-06 17:40:00+00:00","open_rate":1.1878,"close_rate":1.231,"fee_open":0.002,"fee_close":0.002,"trade_duration":55,"profit_ratio":0.03223255459110404,"profit_abs":151.1094936,"exit_reason":"sell","initial_stop_loss_abs":0.8909,"initial_stop_loss_ratio":-0.25,"stop_loss_abs":0.8909,"stop_loss_ratio":-0.25,"min_rate":1.1843,"max_rate":1.2363,"is_open":false,"enter_tag":"buy","leverage":1.0,"is_short":false,"open_timestamp":1762447500000,"close_timestamp":1762450800000,"orders":[{"amount":3939.0,"safe_price":1.1878,"ft_order_side":"buy","order_filled_timestamp":1762447500000,"ft_is_entry":true,"ft_order_tag":"buy","cost":4688.1016884},{"amount":3939.0,"safe_price":1.231,"ft_order_side":"sell","order_filled_timestamp":1762450800000,"ft_is_entry":false,"ft_order_tag":"sell","cost":4858.606818}],"funding_fees":0.0,"weekday":3},{"pair":"ASTER/USDT","stake_amount":4678.754046,"max_stake_amount":4678.754046,"amount":4689.07,"open_date":"2025-11-06 17:05:00+00:00","close_date":"2025-11-06 22:20:00+00:00","open_rate":0.9978,"close_rate":1.0443,"fee_open":0.002,"fee_close":0.002,"trade_duration":315,"profit_ratio":0.042424471562840495,"profit_abs":198.89065531,"exit_reason":"sell","initial_stop_loss_abs":0.7484,"initial_stop_loss_ratio":-0.25,"stop_loss_abs":0.7484,"stop_loss_ratio":-0.25,"min_rate":0.9852,"max_rate":1.0457,"is_open":false,"enter_tag":"buy","leverage":1.0,"is_short":false,"open_timestamp":1762448700000,"close_timestamp":1762467600000,"orders":[{"amount":4689.07,"safe_price":0.9978,"ft_order_side":"buy","order_filled_timestamp":1762448700000,"ft_is_entry":true,"ft_order_tag":"buy","cost":4688.111554092},{"amount":4689.07,"safe_price":1.0443,"ft_order_side":"sell","order_filled_timestamp":1762467600000,"ft_is_entry":false,"ft_order_tag":"sell","cost":4906.589392601999}],"funding_fees":0.0,"weekday":3},{"pair":"ZEN/USDT","stake_amount":4852.00265,"max_stake_amount":4852.00265,"amount":249.91,"open_date":"2025-11-07 10:55:00+00:00","close_date":"2025-11-07 14:45:00+00:00","open_rate":19.415,"close_rate":19.673,"fee_open":0.002,"fee_close":0.002,"trade_duration":230,"profit_ratio":0.009243629660586115,"profit_abs":44.93981584,"exit_reason":"sell","initial_stop_loss_abs":14.56125,"initial_stop_loss_ratio":-0.25,"stop_loss_abs":14.56125,"stop_loss_ratio":-0.25,"min_rate":18.579,"max_rate":19.785,"is_open":false,"enter_tag":"buy","leverage":1.0,"is_short":false,"open_timestamp":1762512900000,"close_timestamp":1762526700000,"orders":[{"amount":249.91,"safe_price":19.415,"ft_order_side":"buy","order_filled_timestamp":1762512900000,"ft_is_entry":true,"ft_order_tag":"buy","cost":4861.7066552999995},{"amount":249.91,"safe_price":19.673,"ft_order_side":"sell","order_filled_timestamp":1762526700000,"ft_is_entry":false,"ft_order_tag":"sell","cost":4926.312388859999}],"funding_fees":0.0,"weekday":4},{"pair":"APT/USDT","stake_amount":4851.98685,"max_stake_amount":4851.98685,"amount":1699.47,"open_date":"2025-11-07 12:40:00+00:00","close_date":"2025-11-07 15:15:00+00:00","open_rate":2.855,"close_rate":2.987,"fee_open":0.002,"fee_close":0.002,"trade_duration":155,"profit_ratio":0.04205809047404316,"profit_abs":204.47343252,"exit_reason":"sell","initial_stop_loss_abs":2.142,"initial_stop_loss_ratio":-0.25,"stop_loss_abs":2.142,"stop_loss_ratio":-0.25,"min_rate":2.832,"max_rate":3.0,"is_open":false,"enter_tag":"buy","leverage":1.0,"is_short":false,"open_timestamp":1762519200000,"close_timestamp":1762528500000,"orders":[{"amount":1699.47,"safe_price":2.855,"ft_order_side":"buy","order_filled_timestamp":1762519200000,"ft_is_entry":true,"ft_order_tag":"buy","cost":4861.690823700001},{"amount":1699.47,"safe_price":2.987,"ft_order_side":"sell","order_filled_timestamp":1762528500000,"ft_is_entry":false,"ft_order_tag":"sell","cost":5086.46952378}],"funding_fees":0.0,"weekday":4},{"pair":"FET/USDT","stake_amount":4975.1208,"max_stake_amount":4975.1208,"amount":13866.0,"open_date":"2025-11-07 23:15:00+00:00","close_date":"2025-11-08 00:00:00+00:00","open_rate":0.3588,"close_rate":0.365,"fee_open":0.002,"fee_close":0.002,"trade_duration":45,"profit_ratio":0.013218824335720978,"profit_abs":65.8967784,"exit_reason":"force_exit","initial_stop_loss_abs":0.2691,"initial_stop_loss_ratio":-0.25,"stop_loss_abs":0.2691,"stop_loss_ratio":-0.25,"min_rate":0.3511,"max_rate":0.3775,"is_open":false,"enter_tag":"buy","leverage":1.0,"is_short":false,"open_timestamp":1762557300000,"close_timestamp":1762560000000,"orders":[{"amount":13866.0,"safe_price":0.3588,"ft_order_side":"buy","order_filled_timestamp":1762557300000,"ft_is_entry":true,"ft_order_tag":"buy","cost":4985.071041599999},{"amount":13866.0,"safe_price":0.365,"ft_order_side":"sell","order_filled_timestamp":1762560000000,"ft_is_entry":false,"ft_order_tag":"force_exit","cost":5071.21218}],"funding_fees":0.0,"weekday":5}],"locks":[],"best_pair":{"key":"ZEN/USDT","trades":9,"profit_mean":0.012861449419743948,"profit_mean_pct":1.29,"profit_total_abs":586.42759756,"profit_total":0.058642759756,"profit_total_pct":5.86,"duration_avg":"4:09:00","wins":8,"draws":0,"losses":1,"winrate":0.8888888888888888,"cagr":1.3790173332965687,"expectancy":65.15862195111112,"expectancy_ratio":0.6686299759078425,"sortino":-100,"sharpe":5.190033537627709,"calmar":509.63805601443,"sqn":2.049,"profit_factor":7.017669783170581,"max_drawdown_account":0.009159836891411222,"max_drawdown_abs":97.45094342000004},"worst_pair":{"key":"FORM/USDT","trades":2,"profit_mean":-0.068171645499985,"profit_mean_pct":-6.82,"profit_total_abs":-763.66353611,"profit_total":-0.076366353611,"profit_total_pct":-7.64,"duration_avg":"1 day, 2:58:00","wins":1,"draws":0,"losses":1,"winrate":0.5,"cagr":-0.7012495115999751,"expectancy":-381.831768055,"expectancy_ratio":-0.454823436832555,"sortino":-100,"sharpe":-1.3282225348173535,"calmar":-72.41157966532768,"sqn":-0.8343,"profit_factor":0.09035312633489012,"max_drawdown_account":0.08395164741600002,"max_drawdown_abs":839.51647416},"results_per_pair":[{"key":"ZEN/USDT","trades":9,"profit_mean":0.012861449419743948,"profit_mean_pct":1.29,"profit_total_abs":586.42759756,"profit_total":0.058642759756,"profit_total_pct":5.86,"duration_avg":"4:09:00","wins":8,"draws":0,"losses":1,"winrate":0.8888888888888888,"cagr":1.3790173332965687,"expectancy":65.15862195111112,"expectancy_ratio":0.6686299759078425,"sortino":-100,"sharpe":5.190033537627709,"calmar":509.63805601443,"sqn":2.049,"profit_factor":7.017669783170581,"max_drawdown_account":0.009159836891411222,"max_drawdown_abs":97.45094342000004},{"key":"AVNT/USDT","trades":4,"profit_mean":0.026550527426197578,"profit_mean_pct":2.66,"profit_total_abs":524.54897061,"profit_total":0.052454897061,"profit_total_pct":5.25,"duration_avg":"1:38:00","wins":4,"draws":0,"losses":0,"winrate":1.0,"cagr":1.1760963780249947,"expectancy":131.1372426525,"expectancy_ratio":100.0,"sortino":-100,"sharpe":8.86631887599741,"calmar":-100,"sqn":4.8229,"profit_factor":0.0,"max_drawdown_account":0.0,"max_drawdown_abs":0.0},{"key":"OPEN/USDT","trades":1,"profit_mean":0.07982033391190069,"profit_mean_pct":7.98,"profit_total_abs":376.03531039,"profit_total":0.037603531039,"profit_total_pct":3.76,"duration_avg":"2:10:00","wins":1,"draws":0,"losses":0,"winrate":1.0,"cagr":0.7531194124379892,"expectancy":376.03531039,"expectancy_ratio":100.0,"sortino":-100,"sharpe":-100,"calmar":-100,"sqn":-100.0,"profit_factor":0.0,"max_drawdown_account":0.0,"max_drawdown_abs":0.0},{"key":"TRUMP/USDT","trades":1,"profit_mean":0.051052038283565596,"profit_mean_pct":5.11,"profit_total_abs":234.31383874,"profit_total":0.023431383874,"profit_total_pct":2.34,"duration_avg":"11:55:00","wins":1,"draws":0,"losses":0,"winrate":1.0,"cagr":0.42225191867750644,"expectancy":234.31383874,"expectancy_ratio":100.0,"sortino":-100,"sharpe":-100,"calmar":-100,"sqn":-100.0,"profit_factor":0.0,"max_drawdown_account":0.0,"max_drawdown_abs":0.0},{"key":"VIRTUAL/USDT","trades":2,"profit_mean":0.023326582277920088,"profit_mean_pct":2.33,"profit_total_abs":227.34491905,"profit_total":0.022734491904999998,"profit_total_pct":2.27,"duration_avg":"4:18:00","wins":2,"draws":0,"losses":0,"winrate":1.0,"cagr":0.4075942397641401,"expectancy":113.672459525,"expectancy_ratio":100.0,"sortino":-100,"sharpe":4.834137602796166,"calmar":-100,"sqn":3.0364,"profit_factor":0.0,"max_drawdown_account":0.0,"max_drawdown_abs":0.0},{"key":"SOMI/USDT","trades":1,"profit_mean":0.04279252054896418,"profit_mean_pct":4.28,"profit_total_abs":213.1099476,"profit_total":0.02131099476,"profit_total_pct":2.13,"duration_avg":"0:10:00","wins":1,"draws":0,"losses":0,"winrate":1.0,"cagr":0.3780914145405505,"expectancy":213.1099476,"expectancy_ratio":100.0,"sortino":-100,"sharpe":-100,"calmar":-100,"sqn":-100.0,"profit_factor":0.0,"max_drawdown_account":0.0,"max_drawdown_abs":0.0},{"key":"APT/USDT","trades":1,"profit_mean":0.04205809047404316,"profit_mean_pct":4.21,"profit_total_abs":204.47343252,"profit_total":0.020447343252,"profit_total_pct":2.04,"duration_avg":"2:35:00","wins":1,"draws":0,"losses":0,"winrate":1.0,"cagr":0.3604743707624527,"expectancy":204.47343252,"expectancy_ratio":100.0,"sortino":-100,"sharpe":-100,"calmar":-100,"sqn":-100.0,"profit_factor":0.0,"max_drawdown_account":0.0,"max_drawdown_abs":0.0},{"key":"LINEA/USDT","trades":1,"profit_mean":0.03389563229143474,"profit_mean_pct":3.39,"profit_total_abs":172.58271874,"profit_total":0.017258271874,"profit_total_pct":1.73,"duration_avg":"2:55:00","wins":1,"draws":0,"losses":0,"winrate":1.0,"cagr":0.29722892333597817,"expectancy":172.58271874,"expectancy_ratio":100.0,"sortino":-100,"sharpe":-100,"calmar":-100,"sqn":-100.0,"profit_factor":0.0,"max_drawdown_account":0.0,"max_drawdown_abs":0.0},{"key":"TAO/USDT","trades":1,"profit_mean":0.035087023405418465,"profit_mean_pct":3.51,"profit_total_abs":159.8223344,"profit_total":0.01598223344,"profit_total_pct":1.6,"duration_avg":"0:30:00","wins":1,"draws":0,"losses":0,"winrate":1.0,"cagr":0.2727007764641547,"expectancy":159.8223344,"expectancy_ratio":100.0,"sortino":-100,"sharpe":-100,"calmar":-100,"sqn":-100.0,"profit_factor":0.0,"max_drawdown_account":0.0,"max_drawdown_abs":0.0},{"key":"ENA/USDT","trades":1,"profit_mean":0.02107062668739237,"profit_mean_pct":2.11,"profit_total_abs":102.23822693,"profit_total":0.010223822693,"profit_total_pct":1.02,"duration_avg":"9:10:00","wins":1,"draws":0,"losses":0,"winrate":1.0,"cagr":0.16730519774404606,"expectancy":102.23822693,"expectancy_ratio":100.0,"sortino":-100,"sharpe":-100,"calmar":-100,"sqn":-100.0,"profit_factor":0.0,"max_drawdown_account":0.0,"max_drawdown_abs":0.0},{"key":"TUT/USDT","trades":1,"profit_mean":0.020249905599094387,"profit_mean_pct":2.02,"profit_total_abs":100.43748785,"profit_total":0.010043748784999999,"profit_total_pct":1.0,"duration_avg":"7:50:00","wins":1,"draws":0,"losses":0,"winrate":1.0,"cagr":0.16414474464174256,"expectancy":100.43748785,"expectancy_ratio":100.0,"sortino":-100,"sharpe":-100,"calmar":-100,"sqn":-100.0,"profit_factor":0.0,"max_drawdown_account":0.0,"max_drawdown_abs":0.0},{"key":"ICP/USDT","trades":1,"profit_mean":0.013405503404544519,"profit_mean_pct":1.34,"profit_total_abs":61.52741624,"profit_total":0.006152741624,"profit_total_pct":0.62,"duration_avg":"1:25:00","wins":1,"draws":0,"losses":0,"winrate":1.0,"cagr":0.097775935028237,"expectancy":61.52741624,"expectancy_ratio":100.0,"sortino":-100,"sharpe":-100,"calmar":-100,"sqn":-100.0,"profit_factor":0.0,"max_drawdown_account":0.0,"max_drawdown_abs":0.0},{"key":"EDEN/USDT","trades":7,"profit_mean":-0.00035776897145384034,"profit_mean_pct":-0.04,"profit_total_abs":22.286009059999998,"profit_total":0.0022286009059999997,"profit_total_pct":0.22,"duration_avg":"4:16:00","wins":4,"draws":0,"losses":3,"winrate":0.5714285714285714,"cagr":0.03443521743316924,"expectancy":3.1837155799999834,"expectancy_ratio":0.01038165097842314,"sortino":0.1139066306781231,"sharpe":0.06040508853987443,"calmar":3.5693674652570198,"sqn":0.0266,"profit_factor":1.0242238522829878,"max_drawdown_account":0.04970227094427441,"max_drawdown_abs":497.56539004},{"key":"TRX/USDT","trades":0,"profit_mean":0.0,"profit_mean_pct":0.0,"profit_total_abs":0.0,"profit_total":0.0,"profit_total_pct":0.0,"duration_avg":"0:00","wins":0,"draws":0,"losses":0,"winrate":0.0,"cagr":0.0,"expectancy":0.0,"expectancy_ratio":100.0,"sortino":0,"sharpe":0,"calmar":0,"sqn":0.0,"profit_factor":0.0,"max_drawdown_account":0.0,"max_drawdown_abs":0.0},{"key":"BONK/USDT","trades":0,"profit_mean":0.0,"profit_mean_pct":0.0,"profit_total_abs":0.0,"profit_total":0.0,"profit_total_pct":0.0,"duration_avg":"0:00","wins":0,"draws":0,"losses":0,"winrate":0.0,"cagr":0.0,"expectancy":0.0,"expectancy_ratio":100.0,"sortino":0,"sharpe":0,"calmar":0,"sqn":0.0,"profit_factor":0.0,"max_drawdown_account":0.0,"max_drawdown_abs":0.0},{"key":"PEPE/USDT","trades":0,"profit_mean":0.0,"profit_mean_pct":0.0,"profit_total_abs":0.0,"profit_total":0.0,"profit_total_pct":0.0,"duration_avg":"0:00","wins":0,"draws":0,"losses":0,"winrate":0.0,"cagr":0.0,"expectancy":0.0,"expectancy_ratio":100.0,"sortino":0,"sharpe":0,"calmar":0,"sqn":0.0,"profit_factor":0.0,"max_drawdown_account":0.0,"max_drawdown_abs":0.0},{"key":"BNB/USDT","trades":0,"profit_mean":0.0,"profit_mean_pct":0.0,"profit_total_abs":0.0,"profit_total":0.0,"profit_total_pct":0.0,"duration_avg":"0:00","wins":0,"draws":0,"losses":0,"winrate":0.0,"cagr":0.0,"expectancy":0.0,"expectancy_ratio":100.0,"sortino":0,"sharpe":0,"calmar":0,"sqn":0.0,"profit_factor":0.0,"max_drawdown_account":0.0,"max_drawdown_abs":0.0},{"key":"WIF/USDT","trades":0,"profit_mean":0.0,"profit_mean_pct":0.0,"profit_total_abs":0.0,"profit_total":0.0,"profit_total_pct":0.0,"duration_avg":"0:00","wins":0,"draws":0,"losses":0,"winrate":0.0,"cagr":0.0,"expectancy":0.0,"expectancy_ratio":100.0,"sortino":0,"sharpe":0,"calmar":0,"sqn":0.0,"profit_factor":0.0,"max_drawdown_account":0.0,"max_drawdown_abs":0.0},{"key":"NEAR/USDT","trades":0,"profit_mean":0.0,"profit_mean_pct":0.0,"profit_total_abs":0.0,"profit_total":0.0,"profit_total_pct":0.0,"duration_avg":"0:00","wins":0,"draws":0,"losses":0,"winrate":0.0,"cagr":0.0,"expectancy":0.0,"expectancy_ratio":100.0,"sortino":0,"sharpe":0,"calmar":0,"sqn":0.0,"profit_factor":0.0,"max_drawdown_account":0.0,"max_drawdown_abs":0.0},{"key":"ADA/USDT","trades":0,"profit_mean":0.0,"profit_mean_pct":0.0,"profit_total_abs":0.0,"profit_total":0.0,"profit_total_pct":0.0,"duration_avg":"0:00","wins":0,"draws":0,"losses":0,"winrate":0.0,"cagr":0.0,"expectancy":0.0,"expectancy_ratio":100.0,"sortino":0,"sharpe":0,"calmar":0,"sqn":0.0,"profit_factor":0.0,"max_drawdown_account":0.0,"max_drawdown_abs":0.0},{"key":"AVAX/USDT","trades":0,"profit_mean":0.0,"profit_mean_pct":0.0,"profit_total_abs":0.0,"profit_total":0.0,"profit_total_pct":0.0,"duration_avg":"0:00","wins":0,"draws":0,"losses":0,"winrate":0.0,"cagr":0.0,"expectancy":0.0,"expectancy_ratio":100.0,"sortino":0,"sharpe":0,"calmar":0,"sqn":0.0,"profit_factor":0.0,"max_drawdown_account":0.0,"max_drawdown_abs":0.0},{"key":"PLUME/USDT","trades":0,"profit_mean":0.0,"profit_mean_pct":0.0,"profit_total_abs":0.0,"profit_total":0.0,"profit_total_pct":0.0,"duration_avg":"0:00","wins":0,"draws":0,"losses":0,"winrate":0.0,"cagr":0.0,"expectancy":0.0,"expectancy_ratio":100.0,"sortino":0,"sharpe":0,"calmar":0,"sqn":0.0,"profit_factor":0.0,"max_drawdown_account":0.0,"max_drawdown_abs":0.0},{"key":"LTC/USDT","trades":0,"profit_mean":0.0,"profit_mean_pct":0.0,"profit_total_abs":0.0,"profit_total":0.0,"profit_total_pct":0.0,"duration_avg":"0:00","wins":0,"draws":0,"losses":0,"winrate":0.0,"cagr":0.0,"expectancy":0.0,"expectancy_ratio":100.0,"sortino":0,"sharpe":0,"calmar":0,"sqn":0.0,"profit_factor":0.0,"max_drawdown_account":0.0,"max_drawdown_abs":0.0},{"key":"CRV/USDT","trades":0,"profit_mean":0.0,"profit_mean_pct":0.0,"profit_total_abs":0.0,"profit_total":0.0,"profit_total_pct":0.0,"duration_avg":"0:00","wins":0,"draws":0,"losses":0,"winrate":0.0,"cagr":0.0,"expectancy":0.0,"expectancy_ratio":100.0,"sortino":0,"sharpe":0,"calmar":0,"sqn":0.0,"profit_factor":0.0,"max_drawdown_account":0.0,"max_drawdown_abs":0.0},{"key":"BTC/USDT","trades":0,"profit_mean":0.0,"profit_mean_pct":0.0,"profit_total_abs":0.0,"profit_total":0.0,"profit_total_pct":0.0,"duration_avg":"0:00","wins":0,"draws":0,"losses":0,"winrate":0.0,"cagr":0.0,"expectancy":0.0,"expectancy_ratio":100.0,"sortino":0,"sharpe":0,"calmar":0,"sqn":0.0,"profit_factor":0.0,"max_drawdown_account":0.0,"max_drawdown_abs":0.0},{"key":"PAXG/USDT","trades":0,"profit_mean":0.0,"profit_mean_pct":0.0,"profit_total_abs":0.0,"profit_total":0.0,"profit_total_pct":0.0,"duration_avg":"0:00","wins":0,"draws":0,"losses":0,"winrate":0.0,"cagr":0.0,"expectancy":0.0,"expectancy_ratio":100.0,"sortino":0,"sharpe":0,"calmar":0,"sqn":0.0,"profit_factor":0.0,"max_drawdown_account":0.0,"max_drawdown_abs":0.0},{"key":"SHIB/USDT","trades":0,"profit_mean":0.0,"profit_mean_pct":0.0,"profit_total_abs":0.0,"profit_total":0.0,"profit_total_pct":0.0,"duration_avg":"0:00","wins":0,"draws":0,"losses":0,"winrate":0.0,"cagr":0.0,"expectancy":0.0,"expectancy_ratio":100.0,"sortino":0,"sharpe":0,"calmar":0,"sqn":0.0,"profit_factor":0.0,"max_drawdown_account":0.0,"max_drawdown_abs":0.0},{"key":"DOT/USDT","trades":0,"profit_mean":0.0,"profit_mean_pct":0.0,"profit_total_abs":0.0,"profit_total":0.0,"profit_total_pct":0.0,"duration_avg":"0:00","wins":0,"draws":0,"losses":0,"winrate":0.0,"cagr":0.0,"expectancy":0.0,"expectancy_ratio":100.0,"sortino":0,"sharpe":0,"calmar":0,"sqn":0.0,"profit_factor":0.0,"max_drawdown_account":0.0,"max_drawdown_abs":0.0},{"key":"S/USDT","trades":0,"profit_mean":0.0,"profit_mean_pct":0.0,"profit_total_abs":0.0,"profit_total":0.0,"profit_total_pct":0.0,"duration_avg":"0:00","wins":0,"draws":0,"losses":0,"winrate":0.0,"cagr":0.0,"expectancy":0.0,"expectancy_ratio":100.0,"sortino":0,"sharpe":0,"calmar":0,"sqn":0.0,"profit_factor":0.0,"max_drawdown_account":0.0,"max_drawdown_abs":0.0},{"key":"SEI/USDT","trades":0,"profit_mean":0.0,"profit_mean_pct":0.0,"profit_total_abs":0.0,"profit_total":0.0,"profit_total_pct":0.0,"duration_avg":"0:00","wins":0,"draws":0,"losses":0,"winrate":0.0,"cagr":0.0,"expectancy":0.0,"expectancy_ratio":100.0,"sortino":0,"sharpe":0,"calmar":0,"sqn":0.0,"profit_factor":0.0,"max_drawdown_account":0.0,"max_drawdown_abs":0.0},{"key":"LISTA/USDT","trades":0,"profit_mean":0.0,"profit_mean_pct":0.0,"profit_total_abs":0.0,"profit_total":0.0,"profit_total_pct":0.0,"duration_avg":"0:00","wins":0,"draws":0,"losses":0,"winrate":0.0,"cagr":0.0,"expectancy":0.0,"expectancy_ratio":100.0,"sortino":0,"sharpe":0,"calmar":0,"sqn":0.0,"profit_factor":0.0,"max_drawdown_account":0.0,"max_drawdown_abs":0.0},{"key":"WLFI/USDT","trades":0,"profit_mean":0.0,"profit_mean_pct":0.0,"profit_total_abs":0.0,"profit_total":0.0,"profit_total_pct":0.0,"duration_avg":"0:00","wins":0,"draws":0,"losses":0,"winrate":0.0,"cagr":0.0,"expectancy":0.0,"expectancy_ratio":100.0,"sortino":0,"sharpe":0,"calmar":0,"sqn":0.0,"profit_factor":0.0,"max_drawdown_account":0.0,"max_drawdown_abs":0.0},{"key":"ARB/USDT","trades":0,"profit_mean":0.0,"profit_mean_pct":0.0,"profit_total_abs":0.0,"profit_total":0.0,"profit_total_pct":0.0,"duration_avg":"0:00","wins":0,"draws":0,"losses":0,"winrate":0.0,"cagr":0.0,"expectancy":0.0,"expectancy_ratio":100.0,"sortino":0,"sharpe":0,"calmar":0,"sqn":0.0,"profit_factor":0.0,"max_drawdown_account":0.0,"max_drawdown_abs":0.0},{"key":"LINK/USDT","trades":0,"profit_mean":0.0,"profit_mean_pct":0.0,"profit_total_abs":0.0,"profit_total":0.0,"profit_total_pct":0.0,"duration_avg":"0:00","wins":0,"draws":0,"losses":0,"winrate":0.0,"cagr":0.0,"expectancy":0.0,"expectancy_ratio":100.0,"sortino":0,"sharpe":0,"calmar":0,"sqn":0.0,"profit_factor":0.0,"max_drawdown_account":0.0,"max_drawdown_abs":0.0},{"key":"SUI/USDT","trades":0,"profit_mean":0.0,"profit_mean_pct":0.0,"profit_total_abs":0.0,"profit_total":0.0,"profit_total_pct":0.0,"duration_avg":"0:00","wins":0,"draws":0,"losses":0,"winrate":0.0,"cagr":0.0,"expectancy":0.0,"expectancy_ratio":100.0,"sortino":0,"sharpe":0,"calmar":0,"sqn":0.0,"profit_factor":0.0,"max_drawdown_account":0.0,"max_drawdown_abs":0.0},{"key":"WLD/USDT","trades":0,"profit_mean":0.0,"profit_mean_pct":0.0,"profit_total_abs":0.0,"profit_total":0.0,"profit_total_pct":0.0,"duration_avg":"0:00","wins":0,"draws":0,"losses":0,"winrate":0.0,"cagr":0.0,"expectancy":0.0,"expectancy_ratio":100.0,"sortino":0,"sharpe":0,"calmar":0,"sqn":0.0,"profit_factor":0.0,"max_drawdown_account":0.0,"max_drawdown_abs":0.0},{"key":"XLM/USDT","trades":0,"profit_mean":0.0,"profit_mean_pct":0.0,"profit_total_abs":0.0,"profit_total":0.0,"profit_total_pct":0.0,"duration_avg":"0:00","wins":0,"draws":0,"losses":0,"winrate":0.0,"cagr":0.0,"expectancy":0.0,"expectancy_ratio":100.0,"sortino":0,"sharpe":0,"calmar":0,"sqn":0.0,"profit_factor":0.0,"max_drawdown_account":0.0,"max_drawdown_abs":0.0},{"key":"SOL/USDT","trades":0,"profit_mean":0.0,"profit_mean_pct":0.0,"profit_total_abs":0.0,"profit_total":0.0,"profit_total_pct":0.0,"duration_avg":"0:00","wins":0,"draws":0,"losses":0,"winrate":0.0,"cagr":0.0,"expectancy":0.0,"expectancy_ratio":100.0,"sortino":0,"sharpe":0,"calmar":0,"sqn":0.0,"profit_factor":0.0,"max_drawdown_account":0.0,"max_drawdown_abs":0.0},{"key":"FLOKI/USDT","trades":0,"profit_mean":0.0,"profit_mean_pct":0.0,"profit_total_abs":0.0,"profit_total":0.0,"profit_total_pct":0.0,"duration_avg":"0:00","wins":0,"draws":0,"losses":0,"winrate":0.0,"cagr":0.0,"expectancy":0.0,"expectancy_ratio":100.0,"sortino":0,"sharpe":0,"calmar":0,"sqn":0.0,"profit_factor":0.0,"max_drawdown_account":0.0,"max_drawdown_abs":0.0},{"key":"TON/USDT","trades":0,"profit_mean":0.0,"profit_mean_pct":0.0,"profit_total_abs":0.0,"profit_total":0.0,"profit_total_pct":0.0,"duration_avg":"0:00","wins":0,"draws":0,"losses":0,"winrate":0.0,"cagr":0.0,"expectancy":0.0,"expectancy_ratio":100.0,"sortino":0,"sharpe":0,"calmar":0,"sqn":0.0,"profit_factor":0.0,"max_drawdown_account":0.0,"max_drawdown_abs":0.0},{"key":"PENDLE/USDT","trades":0,"profit_mean":0.0,"profit_mean_pct":0.0,"profit_total_abs":0.0,"profit_total":0.0,"profit_total_pct":0.0,"duration_avg":"0:00","wins":0,"draws":0,"losses":0,"winrate":0.0,"cagr":0.0,"expectancy":0.0,"expectancy_ratio":100.0,"sortino":0,"sharpe":0,"calmar":0,"sqn":0.0,"profit_factor":0.0,"max_drawdown_account":0.0,"max_drawdown_abs":0.0},{"key":"POL/USDT","trades":0,"profit_mean":0.0,"profit_mean_pct":0.0,"profit_total_abs":0.0,"profit_total":0.0,"profit_total_pct":0.0,"duration_avg":"0:00","wins":0,"draws":0,"losses":0,"winrate":0.0,"cagr":0.0,"expectancy":0.0,"expectancy_ratio":100.0,"sortino":0,"sharpe":0,"calmar":0,"sqn":0.0,"profit_factor":0.0,"max_drawdown_account":0.0,"max_drawdown_abs":0.0},{"key":"MIRA/USDT","trades":0,"profit_mean":0.0,"profit_mean_pct":0.0,"profit_total_abs":0.0,"profit_total":0.0,"profit_total_pct":0.0,"duration_avg":"0:00","wins":0,"draws":0,"losses":0,"winrate":0.0,"cagr":0.0,"expectancy":0.0,"expectancy_ratio":100.0,"sortino":0,"sharpe":0,"calmar":0,"sqn":0.0,"profit_factor":0.0,"max_drawdown_account":0.0,"max_drawdown_abs":0.0},{"key":"ETH/USDT","trades":0,"profit_mean":0.0,"profit_mean_pct":0.0,"profit_total_abs":0.0,"profit_total":0.0,"profit_total_pct":0.0,"duration_avg":"0:00","wins":0,"draws":0,"losses":0,"winrate":0.0,"cagr":0.0,"expectancy":0.0,"expectancy_ratio":100.0,"sortino":0,"sharpe":0,"calmar":0,"sqn":0.0,"profit_factor":0.0,"max_drawdown_account":0.0,"max_drawdown_abs":0.0},{"key":"DOGE/USDT","trades":0,"profit_mean":0.0,"profit_mean_pct":0.0,"profit_total_abs":0.0,"profit_total":0.0,"profit_total_pct":0.0,"duration_avg":"0:00","wins":0,"draws":0,"losses":0,"winrate":0.0,"cagr":0.0,"expectancy":0.0,"expectancy_ratio":100.0,"sortino":0,"sharpe":0,"calmar":0,"sqn":0.0,"profit_factor":0.0,"max_drawdown_account":0.0,"max_drawdown_abs":0.0},{"key":"ONDO/USDT","trades":0,"profit_mean":0.0,"profit_mean_pct":0.0,"profit_total_abs":0.0,"profit_total":0.0,"profit_total_pct":0.0,"duration_avg":"0:00","wins":0,"draws":0,"losses":0,"winrate":0.0,"cagr":0.0,"expectancy":0.0,"expectancy_ratio":100.0,"sortino":0,"sharpe":0,"calmar":0,"sqn":0.0,"profit_factor":0.0,"max_drawdown_account":0.0,"max_drawdown_abs":0.0},{"key":"BMT/USDT","trades":0,"profit_mean":0.0,"profit_mean_pct":0.0,"profit_total_abs":0.0,"profit_total":0.0,"profit_total_pct":0.0,"duration_avg":"0:00","wins":0,"draws":0,"losses":0,"winrate":0.0,"cagr":0.0,"expectancy":0.0,"expectancy_ratio":100.0,"sortino":0,"sharpe":0,"calmar":0,"sqn":0.0,"profit_factor":0.0,"max_drawdown_account":0.0,"max_drawdown_abs":0.0},{"key":"CFX/USDT","trades":0,"profit_mean":0.0,"profit_mean_pct":0.0,"profit_total_abs":0.0,"profit_total":0.0,"profit_total_pct":0.0,"duration_avg":"0:00","wins":0,"draws":0,"losses":0,"winrate":0.0,"cagr":0.0,"expectancy":0.0,"expectancy_ratio":100.0,"sortino":0,"sharpe":0,"calmar":0,"sqn":0.0,"profit_factor":0.0,"max_drawdown_account":0.0,"max_drawdown_abs":0.0},{"key":"UNI/USDT","trades":0,"profit_mean":0.0,"profit_mean_pct":0.0,"profit_total_abs":0.0,"profit_total":0.0,"profit_total_pct":0.0,"duration_avg":"0:00","wins":0,"draws":0,"losses":0,"winrate":0.0,"cagr":0.0,"expectancy":0.0,"expectancy_ratio":100.0,"sortino":0,"sharpe":0,"calmar":0,"sqn":0.0,"profit_factor":0.0,"max_drawdown_account":0.0,"max_drawdown_abs":0.0},{"key":"AAVE/USDT","trades":0,"profit_mean":0.0,"profit_mean_pct":0.0,"profit_total_abs":0.0,"profit_total":0.0,"profit_total_pct":0.0,"duration_avg":"0:00","wins":0,"draws":0,"losses":0,"winrate":0.0,"cagr":0.0,"expectancy":0.0,"expectancy_ratio":100.0,"sortino":0,"sharpe":0,"calmar":0,"sqn":0.0,"profit_factor":0.0,"max_drawdown_account":0.0,"max_drawdown_abs":0.0},{"key":"HBAR/USDT","trades":0,"profit_mean":0.0,"profit_mean_pct":0.0,"profit_total_abs":0.0,"profit_total":0.0,"profit_total_pct":0.0,"duration_avg":"0:00","wins":0,"draws":0,"losses":0,"winrate":0.0,"cagr":0.0,"expectancy":0.0,"expectancy_ratio":100.0,"sortino":0,"sharpe":0,"calmar":0,"sqn":0.0,"profit_factor":0.0,"max_drawdown_account":0.0,"max_drawdown_abs":0.0},{"key":"EIGEN/USDT","trades":1,"profit_mean":-0.0076237679608877045,"profit_mean_pct":-0.76,"profit_total_abs":-36.4059044,"profit_total":-0.0036405904399999995,"profit_total_pct":-0.36,"duration_avg":"12:15:00","wins":0,"draws":0,"losses":1,"winrate":0.0,"cagr":-0.05395802802624072,"expectancy":-36.4059044,"expectancy_ratio":-1.0,"sortino":-100,"sharpe":-100,"calmar":-100,"sqn":-100.0,"profit_factor":0.0,"max_drawdown_account":0.0,"max_drawdown_abs":0.0},{"key":"BIO/USDT","trades":2,"profit_mean":-0.007136976451393686,"profit_mean_pct":-0.71,"profit_total_abs":-69.28031955,"profit_total":-0.006928031955,"profit_total_pct":-0.69,"duration_avg":"7:32:00","wins":1,"draws":0,"losses":1,"winrate":0.5,"cagr":-0.10033292055057519,"expectancy":-34.640159775,"expectancy_ratio":-0.14058853730052845,"sortino":-100,"sharpe":-0.26044376009543374,"calmar":-22.77926571943596,"sqn":-0.1636,"profit_factor":0.7188229253989432,"max_drawdown_account":0.024210588824298832,"max_drawdown_abs":246.39391262},{"key":"FIL/USDT","trades":1,"profit_mean":-0.016432968010472074,"profit_mean_pct":-1.64,"profit_total_abs":-76.15972615,"profit_total":-0.007615972615,"profit_total_pct":-0.76,"duration_avg":"3:45:00","wins":0,"draws":0,"losses":1,"winrate":0.0,"cagr":-0.10976478731407946,"expectancy":-76.15972615,"expectancy_ratio":-1.0,"sortino":-100,"sharpe":-100,"calmar":-100,"sqn":-100.0,"profit_factor":0.0,"max_drawdown_account":0.0,"max_drawdown_abs":0.0},{"key":"CAKE/USDT","trades":1,"profit_mean":-0.031189974100561076,"profit_mean_pct":-3.12,"profit_total_abs":-154.69915091,"profit_total":-0.015469915090999998,"profit_total_pct":-1.55,"duration_avg":"12:40:00","wins":0,"draws":0,"losses":1,"winrate":0.0,"cagr":-0.21109583558235145,"expectancy":-154.69915091,"expectancy_ratio":-1.0,"sortino":-100,"sharpe":-100,"calmar":-100,"sqn":-100.0,"profit_factor":0.0,"max_drawdown_account":0.0,"max_drawdown_abs":0.0},{"key":"ASTER/USDT","trades":5,"profit_mean":-0.005543283088112032,"profit_mean_pct":-0.55,"profit_total_abs":-233.67728256000004,"profit_total":-0.023367728256000003,"profit_total_pct":-2.34,"duration_avg":"7:59:00","wins":4,"draws":0,"losses":1,"winrate":0.8,"cagr":-0.302046154612405,"expectancy":-46.73545651200004,"expectancy_ratio":-0.051751920100240545,"sortino":-100,"sharpe":-0.4334466268297484,"calmar":-21.259500363555347,"sqn":-0.2178,"profit_factor":0.7412403994987968,"max_drawdown_account":0.08749810160288914,"max_drawdown_abs":903.06710208},{"key":"PUMP/USDT","trades":1,"profit_mean":-0.05418498588359612,"profit_mean_pct":-5.42,"profit_total_abs":-275.57282429,"profit_total":-0.027557282429,"profit_total_pct":-2.76,"duration_avg":"17:50:00","wins":0,"draws":0,"losses":1,"winrate":0.0,"cagr":-0.34621929749668623,"expectancy":-275.57282429,"expectancy_ratio":-1.0,"sortino":-100,"sharpe":-100,"calmar":-100,"sqn":-100.0,"profit_factor":0.0,"max_drawdown_account":0.0,"max_drawdown_abs":0.0},{"key":"STO/USDT","trades":1,"profit_mean":-0.07248678380277412,"profit_mean_pct":-7.25,"profit_total_abs":-368.65165706,"profit_total":-0.036865165706,"profit_total_pct":-3.69,"duration_avg":"7:55:00","wins":0,"draws":0,"losses":1,"winrate":0.0,"cagr":-0.4351829017048652,"expectancy":-368.65165706,"expectancy_ratio":-1.0,"sortino":-100,"sharpe":-100,"calmar":-100,"sqn":-100.0,"profit_factor":0.0,"max_drawdown_account":0.0,"max_drawdown_abs":0.0},{"key":"FET/USDT","trades":3,"profit_mean":-0.026293313783728126,"profit_mean_pct":-2.63,"profit_total_abs":-405.9367952,"profit_total":-0.04059367952,"profit_total_pct":-4.06,"duration_avg":"19:05:00","wins":2,"draws":0,"losses":1,"winrate":0.6666666666666666,"cagr":-0.4675373307351538,"expectancy":-135.31226506666667,"expectancy_ratio":-0.18786502387344306,"sortino":-100,"sharpe":-0.7688700790293951,"calmar":-45.97901899250224,"sqn":-0.4553,"profit_factor":0.43640492837967104,"max_drawdown_account":0.07028034881265213,"max_drawdown_abs":720.2632096},{"key":"XPL/USDT","trades":3,"profit_mean":-0.02834111854152624,"profit_mean_pct":-2.83,"profit_total_abs":-483.75900332000003,"profit_total":-0.048375900332,"profit_total_pct":-4.84,"duration_avg":"10:38:00","wins":1,"draws":0,"losses":2,"winrate":0.3333333333333333,"cagr":-0.5295698907671518,"expectancy":-161.25300110666666,"expectancy_ratio":-0.5572913003040463,"sortino":-1.3999529397328676,"sharpe":-1.3345645111807718,"calmar":-67.1757642139745,"sqn":-0.7903,"profit_factor":0.16406304954393056,"max_drawdown_account":0.05732599949745912,"max_drawdown_abs":578.70273955},{"key":"FORM/USDT","trades":2,"profit_mean":-0.068171645499985,"profit_mean_pct":-6.82,"profit_total_abs":-763.66353611,"profit_total":-0.076366353611,"profit_total_pct":-7.64,"duration_avg":"1 day, 2:58:00","wins":1,"draws":0,"losses":1,"winrate":0.5,"cagr":-0.7012495115999751,"expectancy":-381.831768055,"expectancy_ratio":-0.454823436832555,"sortino":-100,"sharpe":-1.3282225348173535,"calmar":-72.41157966532768,"sqn":-0.8343,"profit_factor":0.09035312633489012,"max_drawdown_account":0.08395164741600002,"max_drawdown_abs":839.51647416},{"key":"TOTAL","trades":51,"profit_mean":0.001595689701316383,"profit_mean_pct":0.16,"profit_total_abs":117.34201014000003,"profit_total":0.011734201014000002,"profit_total_pct":1.17,"duration_avg":"7:19:00","wins":36,"draws":0,"losses":15,"winrate":0.7058823529411765,"cagr":0.19413100787979998,"expectancy":2.3008237282352866,"expectancy_ratio":0.006615508517469504,"sortino":0.3286796560971149,"sharpe":0.3304913631368165,"calmar":4.5053739187316895,"sqn":0.0576,"profit_factor":1.0224927289593961,"max_drawdown_account":0.2073279595665174,"max_drawdown_abs":2338.42433862}],"results_per_enter_tag":[{"key":"buy","trades":51,"profit_mean":0.001595689701316383,"profit_mean_pct":0.16,"profit_total_abs":117.34201014000003,"profit_total":0.011734201014000002,"profit_total_pct":1.17,"duration_avg":"7:19:00","wins":36,"draws":0,"losses":15,"winrate":0.7058823529411765,"cagr":0.19413100787979998,"expectancy":2.3008237282352866,"expectancy_ratio":0.006615508517469504,"sortino":0.3286796560971149,"sharpe":0.3304913631368165,"calmar":4.5053739187316895,"sqn":0.0576,"profit_factor":1.0224927289593961,"max_drawdown_account":0.2073279595665174,"max_drawdown_abs":2338.42433862},{"key":"TOTAL","trades":51,"profit_mean":0.001595689701316383,"profit_mean_pct":0.16,"profit_total_abs":117.34201014000003,"profit_total":0.011734201014000002,"profit_total_pct":1.17,"duration_avg":"7:19:00","wins":36,"draws":0,"losses":15,"winrate":0.7058823529411765,"cagr":0.19413100787979998,"expectancy":2.3008237282352866,"expectancy_ratio":0.006615508517469504,"sortino":0.3286796560971149,"sharpe":0.3304913631368165,"calmar":4.5053739187316895,"sqn":0.0576,"profit_factor":1.0224927289593961,"max_drawdown_account":0.2073279595665174,"max_drawdown_abs":2338.42433862}],"exit_reason_summary":[{"key":"trailing_stop_loss","trades":5,"profit_mean":0.06214277382399382,"profit_mean_pct":6.21,"profit_total_abs":1485.9691688999999,"profit_total":0.14859691688999999,"profit_total_pct":14.86,"duration_avg":"3:04:00","wins":5,"draws":0,"losses":0,"winrate":1.0,"cagr":7.223365985936336,"expectancy":297.19383378,"expectancy_ratio":100.0,"sortino":-100,"sharpe":22.451500666842637,"calmar":-100,"sqn":11.2816,"profit_factor":0.0,"max_drawdown_account":0.0,"max_drawdown_abs":0.0},{"key":"force_exit","trades":1,"profit_mean":0.013218824335720978,"profit_mean_pct":1.32,"profit_total_abs":65.8967784,"profit_total":0.0065896778400000005,"profit_total_pct":0.66,"duration_avg":"0:45:00","wins":1,"draws":0,"losses":0,"winrate":1.0,"cagr":0.10504853647008572,"expectancy":65.8967784,"expectancy_ratio":100.0,"sortino":-100,"sharpe":-100,"calmar":-100,"sqn":-100.0,"profit_factor":0.0,"max_drawdown_account":0.0,"max_drawdown_abs":0.0},{"key":"sell","trades":45,"profit_mean":-0.005390055970856769,"profit_mean_pct":-0.54,"profit_total_abs":-1434.5239371600003,"profit_total":-0.14345239371600002,"profit_total_pct":-14.35,"duration_avg":"7:57:00","wins":30,"draws":0,"losses":15,"winrate":0.6666666666666666,"cagr":-0.9051008149078956,"expectancy":-31.878309714666656,"expectancy_ratio":-0.09165901187991476,"sortino":-4.0181588313195435,"sharpe":-4.0549992048640675,"calmar":-45.43572071892471,"sqn":-0.7509,"profit_factor":0.7250229643602556,"max_drawdown_account":0.2513307160829854,"max_drawdown_abs":2581.1507087},{"key":"TOTAL","trades":51,"profit_mean":0.001595689701316383,"profit_mean_pct":0.16,"profit_total_abs":117.34201014000003,"profit_total":0.011734201014000002,"profit_total_pct":1.17,"duration_avg":"7:19:00","wins":36,"draws":0,"losses":15,"winrate":0.7058823529411765,"cagr":0.19413100787979998,"expectancy":2.3008237282352866,"expectancy_ratio":0.006615508517469504,"sortino":0.3286796560971149,"sharpe":0.3304913631368165,"calmar":4.5053739187316895,"sqn":0.0576,"profit_factor":1.0224927289593961,"max_drawdown_account":0.2073279595665174,"max_drawdown_abs":2338.42433862}],"mix_tag_stats":[{"key":["buy","trailing_stop_loss"],"trades":5,"profit_mean":0.06214277382399382,"profit_mean_pct":6.21,"profit_total_abs":1485.9691688999999,"profit_total":0.14859691688999999,"profit_total_pct":14.86,"duration_avg":"3:04:00","wins":5,"draws":0,"losses":0,"winrate":1.0,"cagr":7.223365985936336,"expectancy":297.19383378,"expectancy_ratio":100.0,"sortino":-100,"sharpe":22.451500666842637,"calmar":-100,"sqn":11.2816,"profit_factor":0.0,"max_drawdown_account":0.0,"max_drawdown_abs":0.0},{"key":["buy","force_exit"],"trades":1,"profit_mean":0.013218824335720978,"profit_mean_pct":1.32,"profit_total_abs":65.8967784,"profit_total":0.0065896778400000005,"profit_total_pct":0.66,"duration_avg":"0:45:00","wins":1,"draws":0,"losses":0,"winrate":1.0,"cagr":0.10504853647008572,"expectancy":65.8967784,"expectancy_ratio":100.0,"sortino":-100,"sharpe":-100,"calmar":-100,"sqn":-100.0,"profit_factor":0.0,"max_drawdown_account":0.0,"max_drawdown_abs":0.0},{"key":["buy","sell"],"trades":45,"profit_mean":-0.005390055970856769,"profit_mean_pct":-0.54,"profit_total_abs":-1434.5239371600003,"profit_total":-0.14345239371600002,"profit_total_pct":-14.35,"duration_avg":"7:57:00","wins":30,"draws":0,"losses":15,"winrate":0.6666666666666666,"cagr":-0.9051008149078956,"expectancy":-31.878309714666656,"expectancy_ratio":-0.09165901187991476,"sortino":-4.0181588313195435,"sharpe":-4.0549992048640675,"calmar":-45.43572071892471,"sqn":-0.7509,"profit_factor":0.7250229643602556,"max_drawdown_account":0.2513307160829854,"max_drawdown_abs":2581.1507087},{"key":"TOTAL","trades":51,"profit_mean":0.001595689701316383,"profit_mean_pct":0.16,"profit_total_abs":117.34201014000003,"profit_total":0.011734201014000002,"profit_total_pct":1.17,"duration_avg":"7:19:00","wins":36,"draws":0,"losses":15,"winrate":0.7058823529411765,"cagr":0.19413100787979998,"expectancy":2.3008237282352866,"expectancy_ratio":0.006615508517469504,"sortino":0.3286796560971149,"sharpe":0.3304913631368165,"calmar":4.5053739187316895,"sqn":0.0576,"profit_factor":1.0224927289593961,"max_drawdown_account":0.2073279595665174,"max_drawdown_abs":2338.42433862}],"left_open_trades":[{"key":"FET/USDT","trades":1,"profit_mean":0.013218824335720978,"profit_mean_pct":1.32,"profit_total_abs":65.8967784,"profit_total":0.0065896778400000005,"profit_total_pct":0.66,"duration_avg":"0:45:00","wins":1,"draws":0,"losses":0,"winrate":1.0,"cagr":0.10504853647008572,"expectancy":65.8967784,"expectancy_ratio":100.0,"sortino":-100,"sharpe":-100,"calmar":-100,"sqn":-100.0,"profit_factor":0.0,"max_drawdown_account":0.0,"max_drawdown_abs":0.0},{"key":"TOTAL","trades":1,"profit_mean":0.013218824335720978,"profit_mean_pct":1.32,"profit_total_abs":65.8967784,"profit_total":0.0065896778400000005,"profit_total_pct":0.66,"duration_avg":"0:45:00","wins":1,"draws":0,"losses":0,"winrate":1.0,"cagr":0.10504853647008572,"expectancy":65.8967784,"expectancy_ratio":100.0,"sortino":-100,"sharpe":-100,"calmar":-100,"sqn":-100.0,"profit_factor":0.0,"max_drawdown_account":0.0,"max_drawdown_abs":0.0}],"total_trades":51,"trade_count_long":51,"trade_count_short":0,"total_volume":502689.06183473766,"avg_stake_amount":4907.4997751254905,"profit_mean":0.001595689701316383,"profit_median":0.018951927531425106,"profit_total":0.011734201014000002,"profit_total_long":0.011734201014000002,"profit_total_short":0.0,"profit_total_abs":117.34201014000003,"profit_total_long_abs":117.34201014000003,"profit_total_short_abs":0.0,"cagr":0.19413100787979998,"expectancy":2.3008237282352866,"expectancy_ratio":0.006615508517469504,"sortino":0.3286796560971149,"sharpe":0.3304913631368165,"calmar":4.5053739187316895,"sqn":0.0576,"profit_factor":1.0224927289593961,"backtest_start":"2025-10-15 00:00:00","backtest_start_ts":1760486400000,"backtest_end":"2025-11-08 00:00:00","backtest_end_ts":1762560000000,"backtest_days":24,"backtest_run_start_ts":1762691474,"backtest_run_end_ts":1762691488,"trades_per_day":2.12,"market_change":-0.08414019148588012,"pairlist":["TRX/USDT","EDEN/USDT","AVNT/USDT","BONK/USDT","PEPE/USDT","BNB/USDT","APT/USDT","LINEA/USDT","WIF/USDT","VIRTUAL/USDT","NEAR/USDT","PUMP/USDT","FET/USDT","ADA/USDT","AVAX/USDT","PLUME/USDT","LTC/USDT","FORM/USDT","CRV/USDT","BTC/USDT","XPL/USDT","TUT/USDT","PAXG/USDT","SOMI/USDT","SHIB/USDT","BIO/USDT","DOT/USDT","FIL/USDT","S/USDT","SEI/USDT","LISTA/USDT","STO/USDT","WLFI/USDT","TRUMP/USDT","ARB/USDT","EIGEN/USDT","LINK/USDT","SUI/USDT","WLD/USDT","ASTER/USDT","TAO/USDT","XLM/USDT","ENA/USDT","SOL/USDT","FLOKI/USDT","TON/USDT","PENDLE/USDT","OPEN/USDT","POL/USDT","MIRA/USDT","ETH/USDT","DOGE/USDT","ONDO/USDT","BMT/USDT","CFX/USDT","ICP/USDT","UNI/USDT","ZEN/USDT","AAVE/USDT","HBAR/USDT","CAKE/USDT"],"stake_amount":"unlimited","stake_currency":"USDT","stake_currency_decimals":3,"starting_balance":10000,"dry_run_wallet":10000,"final_balance":10117.34201014,"rejected_signals":432,"timedout_entry_orders":0,"timedout_exit_orders":0,"canceled_trade_entries":0,"canceled_entry_orders":0,"replaced_entry_orders":0,"max_open_trades":2,"max_open_trades_setting":2,"timeframe":"5m","timeframe_detail":"","timerange":"20251015-20251108","enable_protections":false,"strategy_name":"KamaFama","freqaimodel":null,"freqai_identifier":null,"stoploss":-0.25,"trailing_stop":false,"trailing_stop_positive":0.002,"trailing_stop_positive_offset":0.05,"trailing_only_offset_is_reached":true,"use_custom_stoploss":true,"minimal_roi":{"0":1},"use_exit_signal":true,"exit_profit_only":false,"exit_profit_offset":0.0,"ignore_roi_if_entry_signal":false,"trading_mode":"spot","margin_mode":"isolated","periodic_breakdown":{"day":[{"date":"15/10/2025","date_ts":1760486400000,"profit_abs":100.43748785,"wins":1,"draws":0,"losses":0,"trades":1,"profit_factor":0.0},{"date":"16/10/2025","date_ts":1760572800000,"profit_abs":-215.29712414,"wins":2,"draws":0,"losses":2,"trades":4,"profit_factor":0.58861796},{"date":"17/10/2025","date_ts":1760659200000,"profit_abs":-581.94400309,"wins":0,"draws":0,"losses":2,"trades":2,"profit_factor":0.0},{"date":"18/10/2025","date_ts":1760745600000,"profit_abs":317.2898066,"wins":1,"draws":0,"losses":0,"trades":1,"profit_factor":0.0},{"date":"19/10/2025","date_ts":1760832000000,"profit_abs":-497.56539004,"wins":0,"draws":0,"losses":1,"trades":1,"profit_factor":0.0},{"date":"20/10/2025","date_ts":1760918400000,"profit_abs":177.11359307,"wins":1,"draws":0,"losses":0,"trades":1,"profit_factor":0.0},{"date":"21/10/2025","date_ts":1761004800000,"profit_abs":327.82681755,"wins":2,"draws":0,"losses":1,"trades":3,"profit_factor":2.33049885},{"date":"22/10/2025","date_ts":1761091200000,"profit_abs":261.39631426,"wins":4,"draws":0,"losses":1,"trades":5,"profit_factor":8.18005276},{"date":"23/10/2025","date_ts":1761177600000,"profit_abs":102.23822693,"wins":1,"draws":0,"losses":0,"trades":1,"profit_factor":0.0},{"date":"24/10/2025","date_ts":1761264000000,"profit_abs":0.0,"wins":0,"draws":0,"losses":0,"trades":0,"profit_factor":0.0},{"date":"25/10/2025","date_ts":1761350400000,"profit_abs":667.12935701,"wins":3,"draws":0,"losses":0,"trades":3,"profit_factor":0.0},{"date":"26/10/2025","date_ts":1761436800000,"profit_abs":210.76088699,"wins":2,"draws":0,"losses":0,"trades":2,"profit_factor":0.0},{"date":"27/10/2025","date_ts":1761523200000,"profit_abs":-116.0661128,"wins":0,"draws":0,"losses":1,"trades":1,"profit_factor":0.0},{"date":"28/10/2025","date_ts":1761609600000,"profit_abs":102.247236,"wins":1,"draws":0,"losses":0,"trades":1,"profit_factor":0.0},{"date":"29/10/2025","date_ts":1761696000000,"profit_abs":423.29921547,"wins":2,"draws":0,"losses":0,"trades":2,"profit_factor":0.0},{"date":"30/10/2025","date_ts":1761782400000,"profit_abs":-564.42617524,"wins":0,"draws":0,"losses":1,"trades":1,"profit_factor":0.0},{"date":"31/10/2025","date_ts":1761868800000,"profit_abs":-839.51647416,"wins":0,"draws":0,"losses":1,"trades":1,"profit_factor":0.0},{"date":"01/11/2025","date_ts":1761955200000,"profit_abs":390.58909348,"wins":2,"draws":0,"losses":0,"trades":2,"profit_factor":0.0},{"date":"02/11/2025","date_ts":1762041600000,"profit_abs":298.25952898,"wins":3,"draws":0,"losses":0,"trades":3,"profit_factor":0.0},{"date":"03/11/2025","date_ts":1762128000000,"profit_abs":0.0,"wins":0,"draws":0,"losses":0,"trades":0,"profit_factor":0.0},{"date":"04/11/2025","date_ts":1762214400000,"profit_abs":-1310.13076181,"wins":4,"draws":0,"losses":4,"trades":8,"profit_factor":0.23552556},{"date":"05/11/2025","date_ts":1762300800000,"profit_abs":295.84125498,"wins":2,"draws":0,"losses":0,"trades":2,"profit_factor":0.0},{"date":"06/11/2025","date_ts":1762387200000,"profit_abs":252.54920549,"wins":2,"draws":0,"losses":1,"trades":3,"profit_factor":3.59155219},{"date":"07/11/2025","date_ts":1762473600000,"profit_abs":249.41324836,"wins":2,"draws":0,"losses":0,"trades":2,"profit_factor":0.0},{"date":"08/11/2025","date_ts":1762560000000,"profit_abs":65.8967784,"wins":1,"draws":0,"losses":0,"trades":1,"profit_factor":0.0}],"week":[{"date":"20/10/2025","date_ts":1760918400000,"profit_abs":-699.96562975,"wins":5,"draws":0,"losses":5,"trades":10,"profit_factor":0.56330213},{"date":"27/10/2025","date_ts":1761523200000,"profit_abs":1453.28548994,"wins":12,"draws":0,"losses":3,"trades":15,"profit_factor":4.64354381},{"date":"03/11/2025","date_ts":1762128000000,"profit_abs":-189.54757547,"wins":8,"draws":0,"losses":2,"trades":10,"profit_factor":0.86498909},{"date":"10/11/2025","date_ts":1762732800000,"profit_abs":-446.43027458,"wins":11,"draws":0,"losses":5,"trades":16,"profit_factor":0.75351924}],"month":[{"date":"31/10/2025","date_ts":1761868800000,"profit_abs":-125.07633774,"wins":20,"draws":0,"losses":10,"trades":30,"profit_factor":0.96327407},{"date":"30/11/2025","date_ts":1764460800000,"profit_abs":242.41834788,"wins":16,"draws":0,"losses":5,"trades":21,"profit_factor":1.13384276}],"year":[{"date":"31/12/2025","date_ts":1767139200000,"profit_abs":117.34201014,"wins":36,"draws":0,"losses":15,"trades":51,"profit_factor":1.02249273}],"weekday":[{"date":"Monday","date_ts":0,"profit_abs":61.04748027,"wins":1,"draws":0,"losses":1,"trades":2,"profit_factor":1.52597161},{"date":"Tuesday","date_ts":1,"profit_abs":-880.05670826,"wins":7,"draws":0,"losses":5,"trades":12,"profit_factor":0.55102824},{"date":"Wednesday","date_ts":2,"profit_abs":1080.97427256,"wins":9,"draws":0,"losses":1,"trades":10,"profit_factor":30.69227905},{"date":"Thursday","date_ts":3,"profit_abs":-424.93586696,"wins":5,"draws":0,"losses":4,"trades":9,"profit_factor":0.64147329},{"date":"Friday","date_ts":4,"profit_abs":-1172.04722889,"wins":2,"draws":0,"losses":3,"trades":5,"profit_factor":0.17546267},{"date":"Saturday","date_ts":5,"profit_abs":1440.90503549,"wins":7,"draws":0,"losses":0,"trades":7,"profit_factor":0.0},{"date":"Sunday","date_ts":6,"profit_abs":11.45502593,"wins":5,"draws":0,"losses":1,"trades":6,"profit_factor":1.02302215}]},"backtest_best_day":0.13184314429431362,"backtest_worst_day":-0.24014267202744827,"backtest_best_day_abs":667.12935701,"backtest_worst_day_abs":-1310.13076181,"winning_days":16,"draw_days":2,"losing_days":7,"daily_profit":[["2025-10-15",100.43748785],["2025-10-16",-215.29712414],["2025-10-17",-581.94400309],["2025-10-18",317.2898066],["2025-10-19",-497.56539004],["2025-10-20",177.11359307],["2025-10-21",327.82681755],["2025-10-22",261.39631426],["2025-10-23",102.23822693],["2025-10-24",0.0],["2025-10-25",667.12935701],["2025-10-26",210.76088699],["2025-10-27",-116.0661128],["2025-10-28",102.247236],["2025-10-29",423.29921547],["2025-10-30",-564.42617524],["2025-10-31",-839.51647416],["2025-11-01",390.58909348],["2025-11-02",298.25952898],["2025-11-03",0.0],["2025-11-04",-1310.13076181],["2025-11-05",295.84125498],["2025-11-06",252.54920549],["2025-11-07",249.41324836],["2025-11-08",65.8967784]],"wins":36,"losses":15,"draws":0,"winrate":0.7058823529411765,"holding_avg":"7:19:00","holding_avg_s":26340.0,"winner_holding_min":"0d 00:05","winner_holding_min_s":300.0,"winner_holding_max":"0d 21:25","winner_holding_max_s":77100.0,"winner_holding_avg":"0d 04:00","winner_holding_avg_s":14400.0,"loser_holding_min":"0d 03:45","loser_holding_min_s":13500.0,"loser_holding_max":"2d 03:05","loser_holding_max_s":183900.0,"loser_holding_avg":"0d 15:17","loser_holding_avg_s":55020.0,"max_consecutive_wins":8,"max_consecutive_losses":3,"max_drawdown_account":0.2073279595665174,"max_relative_drawdown":0.2073279595665174,"max_drawdown_abs":2338.42433862,"drawdown_start":"2025-10-29 18:00:00","drawdown_start_ts":1761760800000.0,"drawdown_end":"2025-11-04 00:45:00","drawdown_end_ts":1762217100000.0,"drawdown_duration":"5 days 06:45:00","drawdown_duration_s":456300.0,"max_drawdown_low":-1059.55802696,"max_drawdown_high":1278.86631166,"csum_min":8940.44197304,"csum_max":11278.86631166}},"strategy_comparison":[{"key":"KamaFama","trades":51,"profit_mean":0.001595689701316383,"profit_mean_pct":0.16,"profit_total_abs":117.34201014000003,"profit_total":0.011734201014000002,"profit_total_pct":1.17,"duration_avg":"7:19:00","wins":36,"draws":0,"losses":15,"winrate":0.7058823529411765,"cagr":0.19413100787979998,"expectancy":2.3008237282352866,"expectancy_ratio":0.006615508517469504,"sortino":0.3286796560971149,"sharpe":0.3304913631368165,"calmar":4.5053739187316895,"sqn":0.0576,"profit_factor":1.0224927289593961,"max_drawdown_account":0.2073279595665174,"max_drawdown_abs":"2338.424"}]}