{"strategy":{"ADX_15M_USDT":{"trades":[{"pair":"SOL/USDT","stake_amount":329.82978,"max_stake_amount":329.82978,"amount":1.806,"open_date":"2025-10-18 00:53:00+00:00","close_date":"2025-10-18 09:53:00+00:00","open_rate":182.63,"close_rate":185.96,"fee_open":0.001,"fee_close":0.001,"trade_duration":540,"profit_ratio":0.016199154292567203,"profit_abs":5.34830646,"exit_reason":"roi","initial_stop_loss_abs":159.709935,"initial_stop_loss_ratio":-0.1255,"stop_loss_abs":159.709935,"stop_loss_ratio":-0.1255,"min_rate":182.46,"max_rate":188.26,"is_open":false,"enter_tag":"","leverage":1.0,"is_short":false,"open_timestamp":1760748780000,"close_timestamp":1760781180000,"orders":[{"amount":1.806,"safe_price":182.63,"ft_order_side":"buy","order_filled_timestamp":1760748780000,"ft_is_entry":true,"ft_order_tag":"","cost":330.15960978},{"amount":1.806,"safe_price":185.96,"ft_order_side":"sell","order_filled_timestamp":1760781180000,"ft_is_entry":false,"ft_order_tag":"roi","cost":336.17960376}],"funding_fees":0.0,"weekday":5},{"pair":"XRP/USDT","stake_amount":329.83944,"max_stake_amount":329.83944,"amount":142.8,"open_date":"2025-10-18 01:00:00+00:00","close_date":"2025-10-18 10:00:00+00:00","open_rate":2.3098,"close_rate":2.3576,"fee_open":0.001,"fee_close":0.001,"trade_duration":540,"profit_ratio":0.01865508290306974,"profit_abs":6.15933528,"exit_reason":"roi","initial_stop_loss_abs":2.02,"initial_stop_loss_ratio":-0.1255,"stop_loss_abs":2.02,"stop_loss_ratio":-0.1255,"min_rate":2.3078,"max_rate":2.3758,"is_open":false,"enter_tag":"","leverage":1.0,"is_short":false,"open_timestamp":1760749200000,"close_timestamp":1760781600000,"orders":[{"amount":142.8,"safe_price":2.3098,"ft_order_side":"buy","order_filled_timestamp":1760749200000,"ft_is_entry":true,"ft_order_tag":"","cost":330.16927943999997},{"amount":142.8,"safe_price":2.3576,"ft_order_side":"sell","order_filled_timestamp":1760781600000,"ft_is_entry":false,"ft_order_tag":"roi","cost":337.00194528000003}],"funding_fees":0.0,"weekday":5},{"pair":"ADA/USDT","stake_amount":333.77784,"max_stake_amount":333.77784,"amount":525.8,"open_date":"2025-10-18 10:13:00+00:00","close_date":"2025-10-18 19:18:00+00:00","open_rate":0.6348,"close_rate":0.6360708708708709,"fee_open":0.001,"fee_close":0.001,"trade_duration":545,"profit_ratio":0.0,"profit_abs":0.0,"exit_reason":"roi","initial_stop_loss_abs":0.5552,"initial_stop_loss_ratio":-0.1255,"stop_loss_abs":0.5552,"stop_loss_ratio":-0.1255,"min_rate":0.626,"max_rate":0.6409,"is_open":false,"enter_tag":"","leverage":1.0,"is_short":false,"open_timestamp":1760782380000,"close_timestamp":1760815080000,"orders":[{"amount":525.8,"safe_price":0.6348,"ft_order_side":"buy","order_filled_timestamp":1760782380000,"ft_is_entry":true,"ft_order_tag":"","cost":334.11161783999995},{"amount":525.8,"safe_price":0.6360708708708709,"ft_order_side":"sell","order_filled_timestamp":1760815080000,"ft_is_entry":false,"ft_order_tag":"roi","cost":334.78050996780775}],"funding_fees":0.0,"weekday":5},{"pair":"XRP/USDT","stake_amount":333.57032,"max_stake_amount":333.57032,"amount":141.8,"open_date":"2025-10-18 10:21:00+00:00","close_date":"2025-10-18 19:21:00+00:00","open_rate":2.3524,"close_rate":2.368,"fee_open":0.001,"fee_close":0.001,"trade_duration":540,"profit_ratio":0.004620273452104773,"profit_abs":1.54272728,"exit_reason":"roi","initial_stop_loss_abs":2.0572,"initial_stop_loss_ratio":-0.1255,"stop_loss_abs":2.0572,"stop_loss_ratio":-0.1255,"min_rate":2.3332,"max_rate":2.3915,"is_open":false,"enter_tag":"","leverage":1.0,"is_short":false,"open_timestamp":1760782860000,"close_timestamp":1760815260000,"orders":[{"amount":141.8,"safe_price":2.3524,"ft_order_side":"buy","order_filled_timestamp":1760782860000,"ft_is_entry":true,"ft_order_tag":"","cost":333.90389031999996},{"amount":141.8,"safe_price":2.368,"ft_order_side":"sell","order_filled_timestamp":1760815260000,"ft_is_entry":false,"ft_order_tag":"roi","cost":336.11818239999997}],"funding_fees":0.0,"weekday":5},{"pair":"BTC/USDT","stake_amount":329.8952272,"max_stake_amount":329.8952272,"amount":0.00308,"open_date":"2025-10-18 01:53:00+00:00","close_date":"2025-10-18 20:31:00+00:00","open_rate":107108.84,"close_rate":107323.2721121121,"fee_open":0.001,"fee_close":0.001,"trade_duration":1118,"profit_ratio":0.0,"profit_abs":0.0,"exit_reason":"roi","initial_stop_loss_abs":93666.68058,"initial_stop_loss_ratio":-0.1255,"stop_loss_abs":93666.68058,"stop_loss_ratio":-0.1255,"min_rate":106439.38,"max_rate":107499.0,"is_open":false,"enter_tag":"","leverage":1.0,"is_short":false,"open_timestamp":1760752380000,"close_timestamp":1760819460000,"orders":[{"amount":0.00308,"safe_price":107108.84,"ft_order_side":"buy","order_filled_timestamp":1760752380000,"ft_is_entry":true,"ft_order_tag":"","cost":330.22512242719995},{"amount":0.00308,"safe_price":107323.2721121121,"ft_order_side":"sell","order_filled_timestamp":1760819460000,"ft_is_entry":false,"ft_order_tag":"roi","cost":330.88623378341055}],"funding_fees":0.0,"weekday":5},{"pair":"ETH/USDT","stake_amount":334.235182,"max_stake_amount":334.235182,"amount":0.0859,"open_date":"2025-10-18 20:18:00+00:00","close_date":"2025-10-19 05:18:00+00:00","open_rate":3890.98,"close_rate":3910.18,"fee_open":0.001,"fee_close":0.001,"trade_duration":540,"profit_ratio":0.0029266284056900325,"profit_abs":0.97916036,"exit_reason":"roi","initial_stop_loss_abs":3402.66201,"initial_stop_loss_ratio":-0.1255,"stop_loss_abs":3402.66201,"stop_loss_ratio":-0.1255,"min_rate":3855.7,"max_rate":3915.98,"is_open":false,"enter_tag":"","leverage":1.0,"is_short":false,"open_timestamp":1760818680000,"close_timestamp":1760851080000,"orders":[{"amount":0.0859,"safe_price":3890.98,"ft_order_side":"buy","order_filled_timestamp":1760818680000,"ft_is_entry":true,"ft_order_tag":"","cost":334.569417182},{"amount":0.0859,"safe_price":3910.18,"ft_order_side":"sell","order_filled_timestamp":1760851080000,"ft_is_entry":false,"ft_order_tag":"roi","cost":336.22034646199995}],"funding_fees":0.0,"weekday":6},{"pair":"XRP/USDT","stake_amount":334.10385,"max_stake_amount":334.10385,"amount":141.3,"open_date":"2025-10-18 19:56:00+00:00","close_date":"2025-10-19 08:19:00+00:00","open_rate":2.3645,"close_rate":2.3692337337337332,"fee_open":0.001,"fee_close":0.001,"trade_duration":743,"profit_ratio":0.0,"profit_abs":0.0,"exit_reason":"roi","initial_stop_loss_abs":2.0678,"initial_stop_loss_ratio":-0.1255,"stop_loss_abs":2.0678,"stop_loss_ratio":-0.1255,"min_rate":2.336,"max_rate":2.3746,"is_open":false,"enter_tag":"","leverage":1.0,"is_short":false,"open_timestamp":1760817360000,"close_timestamp":1760861940000,"orders":[{"amount":141.3,"safe_price":2.3645,"ft_order_side":"buy","order_filled_timestamp":1760817360000,"ft_is_entry":true,"ft_order_tag":"","cost":334.43795385},{"amount":141.3,"safe_price":2.3692337337337332,"ft_order_side":"sell","order_filled_timestamp":1760861940000,"ft_is_entry":false,"ft_order_tag":"roi","cost":335.1074993031531}],"funding_fees":0.0,"weekday":6},{"pair":"BTC/USDT","stake_amount":333.8425584,"max_stake_amount":333.8425584,"amount":0.00312,"open_date":"2025-10-18 21:23:00+00:00","close_date":"2025-10-19 09:48:00+00:00","open_rate":107000.82,"close_rate":107215.03585585585,"fee_open":0.001,"fee_close":0.001,"trade_duration":745,"profit_ratio":0.0,"profit_abs":0.0,"exit_reason":"roi","initial_stop_loss_abs":93572.21709,"initial_stop_loss_ratio":-0.1255,"stop_loss_abs":93572.21709,"stop_loss_ratio":-0.1255,"min_rate":106103.36,"max_rate":107999.99,"is_open":false,"enter_tag":"","leverage":1.0,"is_short":false,"open_timestamp":1760822580000,"close_timestamp":1760867280000,"orders":[{"amount":0.00312,"safe_price":107000.82,"ft_order_side":"buy","order_filled_timestamp":1760822580000,"ft_is_entry":true,"ft_order_tag":"","cost":334.1764009584},{"amount":0.00312,"safe_price":107215.03585585585,"ft_order_side":"sell","order_filled_timestamp":1760867280000,"ft_is_entry":false,"ft_order_tag":"roi","cost":334.8454227821405}],"funding_fees":0.0,"weekday":6},{"pair":"SOL/USDT","stake_amount":334.50853,"max_stake_amount":334.50853,"amount":1.787,"open_date":"2025-10-19 05:18:00+00:00","close_date":"2025-10-19 14:18:00+00:00","open_rate":187.19,"close_rate":190.79,"fee_open":0.001,"fee_close":0.001,"trade_duration":540,"profit_ratio":0.017195369404354927,"profit_abs":5.75774974,"exit_reason":"roi","initial_stop_loss_abs":163.697655,"initial_stop_loss_ratio":-0.1255,"stop_loss_abs":163.697655,"stop_loss_ratio":-0.1255,"min_rate":183.19,"max_rate":191.0,"is_open":false,"enter_tag":"","leverage":1.0,"is_short":false,"open_timestamp":1760851080000,"close_timestamp":1760883480000,"orders":[{"amount":1.787,"safe_price":187.19,"ft_order_side":"buy","order_filled_timestamp":1760851080000,"ft_is_entry":true,"ft_order_tag":"","cost":334.84303852999994},{"amount":1.787,"safe_price":190.79,"ft_order_side":"sell","order_filled_timestamp":1760883480000,"ft_is_entry":false,"ft_order_tag":"roi","cost":341.2826717299999}],"funding_fees":0.0,"weekday":6},{"pair":"ADA/USDT","stake_amount":334.61316,"max_stake_amount":334.61316,"amount":529.2,"open_date":"2025-10-19 08:19:00+00:00","close_date":"2025-10-19 14:21:00+00:00","open_rate":0.6323,"close_rate":0.6560033383383382,"fee_open":0.001,"fee_close":0.001,"trade_duration":362,"profit_ratio":0.035414585408614335,"profit_abs":11.86203652,"exit_reason":"roi","initial_stop_loss_abs":0.553,"initial_stop_loss_ratio":-0.1255,"stop_loss_abs":0.553,"stop_loss_ratio":-0.1255,"min_rate":0.6225,"max_rate":0.6576,"is_open":false,"enter_tag":"","leverage":1.0,"is_short":false,"open_timestamp":1760861940000,"close_timestamp":1760883660000,"orders":[{"amount":529.2,"safe_price":0.6323,"ft_order_side":"buy","order_filled_timestamp":1760861940000,"ft_is_entry":true,"ft_order_tag":"","cost":334.94777315999994},{"amount":529.2,"safe_price":0.6560033383383382,"ft_order_side":"sell","order_filled_timestamp":1760883660000,"ft_is_entry":false,"ft_order_tag":"roi","cost":347.5041236152972}],"funding_fees":0.0,"weekday":6},{"pair":"BTC/USDT","stake_amount":334.383174,"max_stake_amount":334.383174,"amount":0.0031,"open_date":"2025-10-19 11:31:00+00:00","close_date":"2025-10-19 20:31:00+00:00","open_rate":107865.54,"close_rate":108863.09,"fee_open":0.001,"fee_close":0.001,"trade_duration":540,"profit_ratio":0.0072316082563356554,"profit_abs":2.42054625,"exit_reason":"roi","initial_stop_loss_abs":94328.41473,"initial_stop_loss_ratio":-0.1255,"stop_loss_abs":94328.41473,"stop_loss_ratio":-0.1255,"min_rate":107355.02,"max_rate":109450.07,"is_open":false,"enter_tag":"","leverage":1.0,"is_short":false,"open_timestamp":1760873460000,"close_timestamp":1760905860000,"orders":[{"amount":0.0031,"safe_price":107865.54,"ft_order_side":"buy","order_filled_timestamp":1760873460000,"ft_is_entry":true,"ft_order_tag":"","cost":334.717557174},{"amount":0.0031,"safe_price":108863.09,"ft_order_side":"sell","order_filled_timestamp":1760905860000,"ft_is_entry":false,"ft_order_tag":"roi","cost":337.8130545789999}],"funding_fees":0.0,"weekday":6},{"pair":"XRP/USDT","stake_amount":340.4207,"max_stake_amount":340.4207,"amount":141.5,"open_date":"2025-10-19 14:50:00+00:00","close_date":"2025-10-20 03:42:00+00:00","open_rate":2.4058,"close_rate":2.410616416416416,"fee_open":0.001,"fee_close":0.001,"trade_duration":772,"profit_ratio":0.0,"profit_abs":0.0,"exit_reason":"roi","initial_stop_loss_abs":2.1039,"initial_stop_loss_ratio":-0.1255,"stop_loss_abs":2.1039,"stop_loss_ratio":-0.1255,"min_rate":2.3547,"max_rate":2.4195,"is_open":false,"enter_tag":"","leverage":1.0,"is_short":false,"open_timestamp":1760885400000,"close_timestamp":1760931720000,"orders":[{"amount":141.5,"safe_price":2.4058,"ft_order_side":"buy","order_filled_timestamp":1760885400000,"ft_is_entry":true,"ft_order_tag":"","cost":340.7611207},{"amount":141.5,"safe_price":2.410616416416416,"ft_order_side":"sell","order_filled_timestamp":1760931720000,"ft_is_entry":false,"ft_order_tag":"roi","cost":341.44332514584573}],"funding_fees":0.0,"weekday":0},{"pair":"SOL/USDT","stake_amount":340.42034,"max_stake_amount":340.42034,"amount":1.781,"open_date":"2025-10-19 15:05:00+00:00","close_date":"2025-10-20 03:54:00+00:00","open_rate":191.14,"close_rate":191.52266266266264,"fee_open":0.001,"fee_close":0.001,"trade_duration":769,"profit_ratio":0.0,"profit_abs":0.0,"exit_reason":"roi","initial_stop_loss_abs":167.15193,"initial_stop_loss_ratio":-0.1255,"stop_loss_abs":167.15193,"stop_loss_ratio":-0.1255,"min_rate":183.82,"max_rate":192.29,"is_open":false,"enter_tag":"","leverage":1.0,"is_short":false,"open_timestamp":1760886300000,"close_timestamp":1760932440000,"orders":[{"amount":1.781,"safe_price":191.14,"ft_order_side":"buy","order_filled_timestamp":1760886300000,"ft_is_entry":true,"ft_order_tag":"","cost":340.76076033999993},{"amount":1.781,"safe_price":191.52266266266264,"ft_order_side":"sell","order_filled_timestamp":1760932440000,"ft_is_entry":false,"ft_order_tag":"roi","cost":341.4429640644043}],"funding_fees":0.0,"weekday":0},{"pair":"BTC/USDT","stake_amount":340.4193634,"max_stake_amount":340.4193634,"amount":0.00313,"open_date":"2025-10-19 21:37:00+00:00","close_date":"2025-10-20 06:37:00+00:00","open_rate":108760.18,"close_rate":111300.01,"fee_open":0.001,"fee_close":0.001,"trade_duration":540,"profit_ratio":0.02130791213422463,"profit_abs":7.26087951,"exit_reason":"roi","initial_stop_loss_abs":95110.77741,"initial_stop_loss_ratio":-0.1255,"stop_loss_abs":95110.77741,"stop_loss_ratio":-0.1255,"min_rate":107402.52,"max_rate":111330.01,"is_open":false,"enter_tag":"","leverage":1.0,"is_short":false,"open_timestamp":1760909820000,"close_timestamp":1760942220000,"orders":[{"amount":0.00313,"safe_price":108760.18,"ft_order_side":"buy","order_filled_timestamp":1760909820000,"ft_is_entry":true,"ft_order_tag":"","cost":340.7597827633999},{"amount":0.00313,"safe_price":111300.01,"ft_order_side":"sell","order_filled_timestamp":1760942220000,"ft_is_entry":false,"ft_order_tag":"roi","cost":348.7174003312999}],"funding_fees":0.0,"weekday":0},{"pair":"BTC/USDT","stake_amount":342.6812928,"max_stake_amount":342.6812928,"amount":0.00308,"open_date":"2025-10-20 07:05:00+00:00","close_date":"2025-10-21 14:55:00+00:00","open_rate":111260.16,"close_rate":111482.90306306306,"fee_open":0.001,"fee_close":0.001,"trade_duration":1910,"profit_ratio":0.0,"profit_abs":0.0,"exit_reason":"roi","initial_stop_loss_abs":97297.00992000001,"initial_stop_loss_ratio":-0.1255,"stop_loss_abs":97297.00992000001,"stop_loss_ratio":-0.1255,"min_rate":107473.72,"max_rate":111705.56,"is_open":false,"enter_tag":"","leverage":1.0,"is_short":false,"open_timestamp":1760943900000,"close_timestamp":1761058500000,"orders":[{"amount":0.00308,"safe_price":111260.16,"ft_order_side":"buy","order_filled_timestamp":1760943900000,"ft_is_entry":true,"ft_order_tag":"","cost":343.02397409279996},{"amount":0.00308,"safe_price":111482.90306306306,"ft_order_side":"sell","order_filled_timestamp":1761058500000,"ft_is_entry":false,"ft_order_tag":"roi","cost":343.7107087756684}],"funding_fees":0.0,"weekday":1},{"pair":"ADA/USDT","stake_amount":343.57752,"max_stake_amount":343.57752,"amount":511.2,"open_date":"2025-10-20 07:13:00+00:00","close_date":"2025-10-21 14:57:00+00:00","open_rate":0.6721,"close_rate":0.6734455455455455,"fee_open":0.001,"fee_close":0.001,"trade_duration":1904,"profit_ratio":0.0,"profit_abs":0.0,"exit_reason":"roi","initial_stop_loss_abs":0.5878,"initial_stop_loss_ratio":-0.1255,"stop_loss_abs":0.5878,"stop_loss_ratio":-0.1255,"min_rate":0.6369,"max_rate":0.6747,"is_open":false,"enter_tag":"","leverage":1.0,"is_short":false,"open_timestamp":1760944380000,"close_timestamp":1761058620000,"orders":[{"amount":511.2,"safe_price":0.6721,"ft_order_side":"buy","order_filled_timestamp":1760944380000,"ft_is_entry":true,"ft_order_tag":"","cost":343.92109751999993},{"amount":511.2,"safe_price":0.6734455455455455,"ft_order_side":"sell","order_filled_timestamp":1761058620000,"ft_is_entry":false,"ft_order_tag":"roi","cost":344.60962824576563}],"funding_fees":0.0,"weekday":1},{"pair":"ETH/USDT","stake_amount":343.284774,"max_stake_amount":343.284774,"amount":0.0843,"open_date":"2025-10-20 07:06:00+00:00","close_date":"2025-10-21 15:46:00+00:00","open_rate":4072.18,"close_rate":4080.332512512512,"fee_open":0.001,"fee_close":0.001,"trade_duration":1960,"profit_ratio":0.0,"profit_abs":0.0,"exit_reason":"roi","initial_stop_loss_abs":3561.12141,"initial_stop_loss_ratio":-0.1255,"stop_loss_abs":3561.12141,"stop_loss_ratio":-0.1255,"min_rate":3840.24,"max_rate":4082.52,"is_open":false,"enter_tag":"","leverage":1.0,"is_short":false,"open_timestamp":1760943960000,"close_timestamp":1761061560000,"orders":[{"amount":0.0843,"safe_price":4072.18,"ft_order_side":"buy","order_filled_timestamp":1760943960000,"ft_is_entry":true,"ft_order_tag":"","cost":343.62805877399995},{"amount":0.0843,"safe_price":4080.332512512512,"ft_order_side":"sell","order_filled_timestamp":1761061560000,"ft_is_entry":false,"ft_order_tag":"roi","cost":344.31600283560954}],"funding_fees":0.0,"weekday":1},{"pair":"XRP/USDT","stake_amount":343.49436,"max_stake_amount":343.49436,"amount":136.6,"open_date":"2025-10-21 16:11:00+00:00","close_date":"2025-10-25 00:39:00+00:00","open_rate":2.5146,"close_rate":2.519634234234234,"fee_open":0.001,"fee_close":0.001,"trade_duration":4828,"profit_ratio":0.0,"profit_abs":0.0,"exit_reason":"roi","initial_stop_loss_abs":2.1991,"initial_stop_loss_ratio":-0.1255,"stop_loss_abs":2.1991,"stop_loss_ratio":-0.1255,"min_rate":2.3255,"max_rate":2.522,"is_open":false,"enter_tag":"","leverage":1.0,"is_short":false,"open_timestamp":1761063060000,"close_timestamp":1761352740000,"orders":[{"amount":136.6,"safe_price":2.5146,"ft_order_side":"buy","order_filled_timestamp":1761063060000,"ft_is_entry":true,"ft_order_tag":"","cost":343.83785436},{"amount":136.6,"safe_price":2.519634234234234,"ft_order_side":"sell","order_filled_timestamp":1761352740000,"ft_is_entry":false,"ft_order_tag":"roi","cost":344.52621843279275}],"funding_fees":0.0,"weekday":5},{"pair":"SOL/USDT","stake_amount":343.5222,"max_stake_amount":343.5222,"amount":1.78,"open_date":"2025-10-25 00:46:00+00:00","close_date":"2025-10-25 09:46:00+00:00","open_rate":192.99,"close_rate":193.54,"fee_open":0.001,"fee_close":0.001,"trade_duration":540,"profit_ratio":0.0008461925141545846,"profit_abs":0.2909766,"exit_reason":"roi","initial_stop_loss_abs":168.76975500000003,"initial_stop_loss_ratio":-0.1255,"stop_loss_abs":168.76975500000003,"stop_loss_ratio":-0.1255,"min_rate":192.59,"max_rate":195.25,"is_open":false,"enter_tag":"","leverage":1.0,"is_short":false,"open_timestamp":1761353160000,"close_timestamp":1761385560000,"orders":[{"amount":1.78,"safe_price":192.99,"ft_order_side":"buy","order_filled_timestamp":1761353160000,"ft_is_entry":true,"ft_order_tag":"","cost":343.86572219999994},{"amount":1.78,"safe_price":193.54,"ft_order_side":"sell","order_filled_timestamp":1761385560000,"ft_is_entry":false,"ft_order_tag":"roi","cost":344.84570119999995}],"funding_fees":0.0,"weekday":5},{"pair":"XRP/USDT","stake_amount":343.62685,"max_stake_amount":343.62685,"amount":135.1,"open_date":"2025-10-25 09:49:00+00:00","close_date":"2025-10-25 18:49:00+00:00","open_rate":2.5435,"close_rate":2.6337,"fee_open":0.001,"fee_close":0.001,"trade_duration":540,"profit_ratio":0.03339408772866607,"profit_abs":11.48658028,"exit_reason":"roi","initial_stop_loss_abs":2.2243,"initial_stop_loss_ratio":-0.1255,"stop_loss_abs":2.2243,"stop_loss_ratio":-0.1255,"min_rate":2.5283,"max_rate":2.6353,"is_open":false,"enter_tag":"","leverage":1.0,"is_short":false,"open_timestamp":1761385740000,"close_timestamp":1761418140000,"orders":[{"amount":135.1,"safe_price":2.5435,"ft_order_side":"buy","order_filled_timestamp":1761385740000,"ft_is_entry":true,"ft_order_tag":"","cost":343.97047684999995},{"amount":135.1,"safe_price":2.6337,"ft_order_side":"sell","order_filled_timestamp":1761418140000,"ft_is_entry":false,"ft_order_tag":"roi","cost":356.16868287}],"funding_fees":0.0,"weekday":5},{"pair":"XRP/USDT","stake_amount":347.39516,"max_stake_amount":347.39516,"amount":132.2,"open_date":"2025-10-25 19:18:00+00:00","close_date":"2025-10-26 08:40:00+00:00","open_rate":2.6278,"close_rate":2.6330608608608603,"fee_open":0.001,"fee_close":0.001,"trade_duration":802,"profit_ratio":0.0,"profit_abs":0.0,"exit_reason":"roi","initial_stop_loss_abs":2.2981,"initial_stop_loss_ratio":-0.1255,"stop_loss_abs":2.2981,"stop_loss_ratio":-0.1255,"min_rate":2.5891,"max_rate":2.634,"is_open":false,"enter_tag":"","leverage":1.0,"is_short":false,"open_timestamp":1761419880000,"close_timestamp":1761468000000,"orders":[{"amount":132.2,"safe_price":2.6278,"ft_order_side":"buy","order_filled_timestamp":1761419880000,"ft_is_entry":true,"ft_order_tag":"","cost":347.74255515999994},{"amount":132.2,"safe_price":2.6330608608608603,"ft_order_side":"sell","order_filled_timestamp":1761468000000,"ft_is_entry":false,"ft_order_tag":"roi","cost":348.4387364516115}],"funding_fees":0.0,"weekday":6},{"pair":"ETH/USDT","stake_amount":343.430613,"max_stake_amount":343.430613,"amount":0.0843,"open_date":"2025-10-21 16:11:00+00:00","close_date":"2025-10-26 13:29:00+00:00","open_rate":4073.91,"close_rate":4082.0659759759756,"fee_open":0.001,"fee_close":0.001,"trade_duration":7038,"profit_ratio":0.0,"profit_abs":0.0,"exit_reason":"roi","initial_stop_loss_abs":3562.6342950000003,"initial_stop_loss_ratio":-0.1255,"stop_loss_abs":3562.6342950000003,"stop_loss_ratio":-0.1255,"min_rate":3710.0,"max_rate":4110.0,"is_open":false,"enter_tag":"","leverage":1.0,"is_short":false,"open_timestamp":1761063060000,"close_timestamp":1761485340000,"orders":[{"amount":0.0843,"safe_price":4073.91,"ft_order_side":"buy","order_filled_timestamp":1761063060000,"ft_is_entry":true,"ft_order_tag":"","cost":343.77404361299995},{"amount":0.0843,"safe_price":4082.0659759759756,"ft_order_side":"sell","order_filled_timestamp":1761485340000,"ft_is_entry":false,"ft_order_tag":"roi","cost":344.4622799365495}],"funding_fees":0.0,"weekday":6},{"pair":"SOL/USDT","stake_amount":347.3853,"max_stake_amount":347.3853,"amount":1.79,"open_date":"2025-10-26 09:16:00+00:00","close_date":"2025-10-26 18:16:00+00:00","open_rate":194.07,"close_rate":199.48,"fee_open":0.001,"fee_close":0.001,"trade_duration":540,"profit_ratio":0.025822840013595926,"profit_abs":8.9794455,"exit_reason":"roi","initial_stop_loss_abs":169.714215,"initial_stop_loss_ratio":-0.1255,"stop_loss_abs":169.714215,"stop_loss_ratio":-0.1255,"min_rate":194.06,"max_rate":199.96,"is_open":false,"enter_tag":"","leverage":1.0,"is_short":false,"open_timestamp":1761470160000,"close_timestamp":1761502560000,"orders":[{"amount":1.79,"safe_price":194.07,"ft_order_side":"buy","order_filled_timestamp":1761470160000,"ft_is_entry":true,"ft_order_tag":"","cost":347.73268529999996},{"amount":1.79,"safe_price":199.48,"ft_order_side":"sell","order_filled_timestamp":1761502560000,"ft_is_entry":false,"ft_order_tag":"roi","cost":357.4262691999999}],"funding_fees":0.0,"weekday":6},{"pair":"ADA/USDT","stake_amount":343.602,"max_stake_amount":343.602,"amount":505.0,"open_date":"2025-10-21 16:00:00+00:00","close_date":"2025-10-26 22:03:00+00:00","open_rate":0.6804,"close_rate":0.6817621621621621,"fee_open":0.001,"fee_close":0.001,"trade_duration":7563,"profit_ratio":0.0,"profit_abs":0.0,"exit_reason":"roi","initial_stop_loss_abs":0.5951,"initial_stop_loss_ratio":-0.1255,"stop_loss_abs":0.5951,"stop_loss_ratio":-0.1255,"min_rate":0.6061,"max_rate":0.6884,"is_open":false,"enter_tag":"","leverage":1.0,"is_short":false,"open_timestamp":1761062400000,"close_timestamp":1761516180000,"orders":[{"amount":505.0,"safe_price":0.6804,"ft_order_side":"buy","order_filled_timestamp":1761062400000,"ft_is_entry":true,"ft_order_tag":"","cost":343.94560199999995},{"amount":505.0,"safe_price":0.6817621621621621,"ft_order_side":"sell","order_filled_timestamp":1761516180000,"ft_is_entry":false,"ft_order_tag":"roi","cost":344.63418178378373}],"funding_fees":0.0,"weekday":6},{"pair":"BTC/USDT","stake_amount":347.0508685,"max_stake_amount":347.0508685,"amount":0.00305,"open_date":"2025-10-26 14:33:00+00:00","close_date":"2025-10-26 23:33:00+00:00","open_rate":113787.17,"close_rate":114569.99,"fee_open":0.001,"fee_close":0.001,"trade_duration":540,"profit_ratio":0.004867938366107958,"profit_abs":1.69111166,"exit_reason":"roi","initial_stop_loss_abs":99506.88016500001,"initial_stop_loss_ratio":-0.1255,"stop_loss_abs":99506.88016500001,"stop_loss_ratio":-0.1255,"min_rate":112901.0,"max_rate":115466.8,"is_open":false,"enter_tag":"","leverage":1.0,"is_short":false,"open_timestamp":1761489180000,"close_timestamp":1761521580000,"orders":[{"amount":0.00305,"safe_price":113787.17,"ft_order_side":"buy","order_filled_timestamp":1761489180000,"ft_is_entry":true,"ft_order_tag":"","cost":347.39791936849997},{"amount":0.00305,"safe_price":114569.99,"ft_order_side":"sell","order_filled_timestamp":1761521580000,"ft_is_entry":false,"ft_order_tag":"roi","cost":349.7879079695}],"funding_fees":0.0,"weekday":6},{"pair":"ETH/USDT","stake_amount":350.447664,"max_stake_amount":350.447664,"amount":0.0861,"open_date":"2025-10-26 18:33:00+00:00","close_date":"2025-10-27 03:18:00+00:00","open_rate":4070.24,"close_rate":4222.82307107107,"fee_open":0.001,"fee_close":0.001,"trade_duration":525,"profit_ratio":0.035414585418006184,"profit_abs":12.42336969,"exit_reason":"roi","initial_stop_loss_abs":3559.42488,"initial_stop_loss_ratio":-0.1255,"stop_loss_abs":3559.42488,"stop_loss_ratio":-0.1255,"min_rate":4054.11,"max_rate":4224.4,"is_open":false,"enter_tag":"","leverage":1.0,"is_short":false,"open_timestamp":1761503580000,"close_timestamp":1761535080000,"orders":[{"amount":0.0861,"safe_price":4070.24,"ft_order_side":"buy","order_filled_timestamp":1761503580000,"ft_is_entry":true,"ft_order_tag":"","cost":350.7981116639999},{"amount":0.0861,"safe_price":4222.82307107107,"ft_order_side":"sell","order_filled_timestamp":1761535080000,"ft_is_entry":false,"ft_order_tag":"roi","cost":363.9486514856384}],"funding_fees":0.0,"weekday":0},{"pair":"BTC/USDT","stake_amount":350.7915762,"max_stake_amount":350.7915762,"amount":0.00306,"open_date":"2025-10-26 23:34:00+00:00","close_date":"2025-10-27 08:34:00+00:00","open_rate":114637.77,"close_rate":115359.07,"fee_open":0.001,"fee_close":0.001,"trade_duration":540,"profit_ratio":0.0042814191848195935,"profit_abs":1.50338767,"exit_reason":"roi","initial_stop_loss_abs":100250.72986500002,"initial_stop_loss_ratio":-0.1255,"stop_loss_abs":100250.72986500002,"stop_loss_ratio":-0.1255,"min_rate":114362.26,"max_rate":116400.0,"is_open":false,"enter_tag":"","leverage":1.0,"is_short":false,"open_timestamp":1761521640000,"close_timestamp":1761554040000,"orders":[{"amount":0.00306,"safe_price":114637.77,"ft_order_side":"buy","order_filled_timestamp":1761521640000,"ft_is_entry":true,"ft_order_tag":"","cost":351.1423677762},{"amount":0.00306,"safe_price":115359.07,"ft_order_side":"sell","order_filled_timestamp":1761554040000,"ft_is_entry":false,"ft_order_tag":"roi","cost":353.3517529542}],"funding_fees":0.0,"weekday":0},{"pair":"XRP/USDT","stake_amount":354.9124,"max_stake_amount":354.9124,"amount":134.0,"open_date":"2025-10-27 03:19:00+00:00","close_date":"2025-10-27 15:06:00+00:00","open_rate":2.6486,"close_rate":2.6539025025025023,"fee_open":0.001,"fee_close":0.001,"trade_duration":707,"profit_ratio":0.0,"profit_abs":0.0,"exit_reason":"roi","initial_stop_loss_abs":2.3163,"initial_stop_loss_ratio":-0.1255,"stop_loss_abs":2.3163,"stop_loss_ratio":-0.1255,"min_rate":2.6013,"max_rate":2.6749,"is_open":false,"enter_tag":"","leverage":1.0,"is_short":false,"open_timestamp":1761535140000,"close_timestamp":1761577560000,"orders":[{"amount":134.0,"safe_price":2.6486,"ft_order_side":"buy","order_filled_timestamp":1761535140000,"ft_is_entry":true,"ft_order_tag":"","cost":355.2673124},{"amount":134.0,"safe_price":2.6539025025025023,"ft_order_side":"sell","order_filled_timestamp":1761577560000,"ft_is_entry":false,"ft_order_tag":"roi","cost":355.9785582706706}],"funding_fees":0.0,"weekday":0},{"pair":"ADA/USDT","stake_amount":350.9937,"max_stake_amount":350.9937,"amount":513.9,"open_date":"2025-10-27 00:04:00+00:00","close_date":"2025-10-27 17:13:00+00:00","open_rate":0.683,"close_rate":0.6843673673673673,"fee_open":0.001,"fee_close":0.001,"trade_duration":1029,"profit_ratio":0.0,"profit_abs":0.0,"exit_reason":"roi","initial_stop_loss_abs":0.5973,"initial_stop_loss_ratio":-0.1255,"stop_loss_abs":0.5973,"stop_loss_ratio":-0.1255,"min_rate":0.6657,"max_rate":0.6938,"is_open":false,"enter_tag":"","leverage":1.0,"is_short":false,"open_timestamp":1761523440000,"close_timestamp":1761585180000,"orders":[{"amount":513.9,"safe_price":0.683,"ft_order_side":"buy","order_filled_timestamp":1761523440000,"ft_is_entry":true,"ft_order_tag":"","cost":351.34469369999994},{"amount":513.9,"safe_price":0.6843673673673673,"ft_order_side":"sell","order_filled_timestamp":1761585180000,"ft_is_entry":false,"ft_order_tag":"roi","cost":352.0480864801801}],"funding_fees":0.0,"weekday":0},{"pair":"BTC/USDT","stake_amount":355.6281,"max_stake_amount":355.6281,"amount":0.00309,"open_date":"2025-10-27 09:14:00+00:00","close_date":"2025-10-27 18:14:00+00:00","open_rate":115090.0,"close_rate":115766.82,"fee_open":0.001,"fee_close":0.001,"trade_duration":540,"profit_ratio":0.0038710371323851527,"profit_abs":1.37802623,"exit_reason":"roi","initial_stop_loss_abs":100646.205,"initial_stop_loss_ratio":-0.1255,"stop_loss_abs":100646.205,"stop_loss_ratio":-0.1255,"min_rate":114503.99,"max_rate":115790.0,"is_open":false,"enter_tag":"","leverage":1.0,"is_short":false,"open_timestamp":1761556440000,"close_timestamp":1761588840000,"orders":[{"amount":0.00309,"safe_price":115090.0,"ft_order_side":"buy","order_filled_timestamp":1761556440000,"ft_is_entry":true,"ft_order_tag":"","cost":355.9837280999999},{"amount":0.00309,"safe_price":115766.82,"ft_order_side":"sell","order_filled_timestamp":1761588840000,"ft_is_entry":false,"ft_order_tag":"roi","cost":358.0771932738}],"funding_fees":0.0,"weekday":0},{"pair":"ETH/USDT","stake_amount":355.307554,"max_stake_amount":355.307554,"amount":0.0854,"open_date":"2025-10-27 15:28:00+00:00","close_date":"2025-10-28 14:18:00+00:00","open_rate":4160.51,"close_rate":4168.8393493493495,"fee_open":0.001,"fee_close":0.001,"trade_duration":1370,"profit_ratio":0.0,"profit_abs":0.0,"exit_reason":"roi","initial_stop_loss_abs":3638.3659950000006,"initial_stop_loss_ratio":-0.1255,"stop_loss_abs":3638.3659950000006,"stop_loss_ratio":-0.1255,"min_rate":4066.58,"max_rate":4233.48,"is_open":false,"enter_tag":"","leverage":1.0,"is_short":false,"open_timestamp":1761578880000,"close_timestamp":1761661080000,"orders":[{"amount":0.0854,"safe_price":4160.51,"ft_order_side":"buy","order_filled_timestamp":1761578880000,"ft_is_entry":true,"ft_order_tag":"","cost":355.662861554},{"amount":0.0854,"safe_price":4168.8393493493495,"ft_order_side":"sell","order_filled_timestamp":1761661080000,"ft_is_entry":false,"ft_order_tag":"roi","cost":356.37489931486886}],"funding_fees":0.0,"weekday":1},{"pair":"XRP/USDT","stake_amount":355.91768,"max_stake_amount":355.91768,"amount":132.4,"open_date":"2025-10-27 18:33:00+00:00","close_date":"2025-10-28 20:02:00+00:00","open_rate":2.6882,"close_rate":2.6331,"fee_open":0.001,"fee_close":0.001,"trade_duration":1529,"profit_ratio":-0.02245403580869692,"profit_abs":-7.99978012,"exit_reason":"exit_signal","initial_stop_loss_abs":2.3509,"initial_stop_loss_ratio":-0.1255,"stop_loss_abs":2.3509,"stop_loss_ratio":-0.1255,"min_rate":2.6035,"max_rate":2.695,"is_open":false,"enter_tag":"","leverage":1.0,"is_short":false,"open_timestamp":1761589980000,"close_timestamp":1761681720000,"orders":[{"amount":132.4,"safe_price":2.6882,"ft_order_side":"buy","order_filled_timestamp":1761589980000,"ft_is_entry":true,"ft_order_tag":"","cost":356.27359767999997},{"amount":132.4,"safe_price":2.6331,"ft_order_side":"sell","order_filled_timestamp":1761681720000,"ft_is_entry":false,"ft_order_tag":"exit_signal","cost":348.97106244}],"funding_fees":0.0,"weekday":1},{"pair":"XRP/USDT","stake_amount":348.6728,"max_stake_amount":348.6728,"amount":133.0,"open_date":"2025-10-28 20:40:00+00:00","close_date":"2025-10-29 05:40:00+00:00","open_rate":2.6216,"close_rate":2.6268484484484484,"fee_open":0.001,"fee_close":0.001,"trade_duration":540,"profit_ratio":0.0,"profit_abs":0.0,"exit_reason":"roi","initial_stop_loss_abs":2.2926,"initial_stop_loss_ratio":-0.1255,"stop_loss_abs":2.2926,"stop_loss_ratio":-0.1255,"min_rate":2.5675,"max_rate":2.6278,"is_open":false,"enter_tag":"","leverage":1.0,"is_short":false,"open_timestamp":1761684000000,"close_timestamp":1761716400000,"orders":[{"amount":133.0,"safe_price":2.6216,"ft_order_side":"buy","order_filled_timestamp":1761684000000,"ft_is_entry":true,"ft_order_tag":"","cost":349.02147279999997},{"amount":133.0,"safe_price":2.6268484484484484,"ft_order_side":"sell","order_filled_timestamp":1761716400000,"ft_is_entry":false,"ft_order_tag":"roi","cost":349.72021448728725}],"funding_fees":0.0,"weekday":2},{"pair":"XRP/USDT","stake_amount":348.74862,"max_stake_amount":348.74862,"amount":133.1,"open_date":"2025-10-29 05:58:00+00:00","close_date":"2025-10-29 14:58:00+00:00","open_rate":2.6202,"close_rate":2.6383,"fee_open":0.001,"fee_close":0.001,"trade_duration":540,"profit_ratio":0.004896065692951427,"profit_abs":1.70920365,"exit_reason":"roi","initial_stop_loss_abs":2.2914,"initial_stop_loss_ratio":-0.1255,"stop_loss_abs":2.2914,"stop_loss_ratio":-0.1255,"min_rate":2.6151,"max_rate":2.664,"is_open":false,"enter_tag":"","leverage":1.0,"is_short":false,"open_timestamp":1761717480000,"close_timestamp":1761749880000,"orders":[{"amount":133.1,"safe_price":2.6202,"ft_order_side":"buy","order_filled_timestamp":1761717480000,"ft_is_entry":true,"ft_order_tag":"","cost":349.09736862},{"amount":133.1,"safe_price":2.6383,"ft_order_side":"sell","order_filled_timestamp":1761749880000,"ft_is_entry":false,"ft_order_tag":"roi","cost":351.50888772999997}],"funding_fees":0.0,"weekday":2},{"pair":"ADA/USDT","stake_amount":355.6346,"max_stake_amount":355.6346,"amount":521.0,"open_date":"2025-10-27 17:28:00+00:00","close_date":"2025-10-30 17:23:00+00:00","open_rate":0.6826,"close_rate":0.597,"fee_open":0.001,"fee_close":0.001,"trade_duration":4315,"profit_ratio":-0.12715031818459888,"profit_abs":-45.2642716,"exit_reason":"stop_loss","initial_stop_loss_abs":0.597,"initial_stop_loss_ratio":-0.1255,"stop_loss_abs":0.597,"stop_loss_ratio":-0.1255,"min_rate":0.5968,"max_rate":0.6847,"is_open":false,"enter_tag":"","leverage":1.0,"is_short":false,"open_timestamp":1761586080000,"close_timestamp":1761844980000,"orders":[{"amount":521.0,"safe_price":0.6826,"ft_order_side":"buy","order_filled_timestamp":1761586080000,"ft_is_entry":true,"ft_order_tag":"","cost":355.99023459999995},{"amount":521.0,"safe_price":0.597,"ft_order_side":"sell","order_filled_timestamp":1761844980000,"ft_is_entry":false,"ft_order_tag":"stop_loss","cost":311.3480369999999}],"funding_fees":0.0,"weekday":3},{"pair":"BTC/USDT","stake_amount":310.548707,"max_stake_amount":310.548707,"amount":0.00289,"open_date":"2025-10-30 17:46:00+00:00","close_date":"2025-10-31 02:46:00+00:00","open_rate":107456.3,"close_rate":108786.3,"fee_open":0.001,"fee_close":0.001,"trade_duration":540,"profit_ratio":0.010354392963720654,"profit_abs":3.21875889,"exit_reason":"roi","initial_stop_loss_abs":93970.53435,"initial_stop_loss_ratio":-0.1255,"stop_loss_abs":93970.53435,"stop_loss_ratio":-0.1255,"min_rate":106304.34,"max_rate":110042.16,"is_open":false,"enter_tag":"","leverage":1.0,"is_short":false,"open_timestamp":1761846360000,"close_timestamp":1761878760000,"orders":[{"amount":0.00289,"safe_price":107456.3,"ft_order_side":"buy","order_filled_timestamp":1761846360000,"ft_is_entry":true,"ft_order_tag":"","cost":310.859255707},{"amount":0.00289,"safe_price":108786.3,"ft_order_side":"sell","order_filled_timestamp":1761878760000,"ft_is_entry":false,"ft_order_tag":"roi","cost":314.706799407}],"funding_fees":0.0,"weekday":4},{"pair":"ADA/USDT","stake_amount":314.20527,"max_stake_amount":314.20527,"amount":516.7,"open_date":"2025-10-31 03:09:00+00:00","close_date":"2025-10-31 12:09:00+00:00","open_rate":0.6081,"close_rate":0.6159,"fee_open":0.001,"fee_close":0.001,"trade_duration":540,"profit_ratio":0.010803207645832215,"profit_abs":3.3978192,"exit_reason":"roi","initial_stop_loss_abs":0.5318,"initial_stop_loss_ratio":-0.1255,"stop_loss_abs":0.5318,"stop_loss_ratio":-0.1255,"min_rate":0.6069,"max_rate":0.6183,"is_open":false,"enter_tag":"","leverage":1.0,"is_short":false,"open_timestamp":1761880140000,"close_timestamp":1761912540000,"orders":[{"amount":516.7,"safe_price":0.6081,"ft_order_side":"buy","order_filled_timestamp":1761880140000,"ft_is_entry":true,"ft_order_tag":"","cost":314.51947527},{"amount":516.7,"safe_price":0.6159,"ft_order_side":"sell","order_filled_timestamp":1761912540000,"ft_is_entry":false,"ft_order_tag":"roi","cost":318.55376553}],"funding_fees":0.0,"weekday":4},{"pair":"XRP/USDT","stake_amount":317.50557,"max_stake_amount":317.50557,"amount":126.3,"open_date":"2025-10-31 13:07:00+00:00","close_date":"2025-10-31 22:07:00+00:00","open_rate":2.5139,"close_rate":2.518932832832833,"fee_open":0.001,"fee_close":0.001,"trade_duration":540,"profit_ratio":0.0,"profit_abs":0.0,"exit_reason":"roi","initial_stop_loss_abs":2.1985,"initial_stop_loss_ratio":-0.1255,"stop_loss_abs":2.1985,"stop_loss_ratio":-0.1255,"min_rate":2.4841,"max_rate":2.5546,"is_open":false,"enter_tag":"","leverage":1.0,"is_short":false,"open_timestamp":1761916020000,"close_timestamp":1761948420000,"orders":[{"amount":126.3,"safe_price":2.5139,"ft_order_side":"buy","order_filled_timestamp":1761916020000,"ft_is_entry":true,"ft_order_tag":"","cost":317.82307556999996},{"amount":126.3,"safe_price":2.518932832832833,"ft_order_side":"sell","order_filled_timestamp":1761948420000,"ft_is_entry":false,"ft_order_tag":"roi","cost":318.4593580035735}],"funding_fees":0.0,"weekday":4},{"pair":"ADA/USDT","stake_amount":317.566,"max_stake_amount":317.566,"amount":520.6,"open_date":"2025-10-31 22:34:00+00:00","close_date":"2025-11-01 07:34:00+00:00","open_rate":0.61,"close_rate":0.6134,"fee_open":0.001,"fee_close":0.001,"trade_duration":540,"profit_ratio":0.0035646320892222536,"profit_abs":1.13313796,"exit_reason":"roi","initial_stop_loss_abs":0.5335,"initial_stop_loss_ratio":-0.1255,"stop_loss_abs":0.5335,"stop_loss_ratio":-0.1255,"min_rate":0.6033,"max_rate":0.6145,"is_open":false,"enter_tag":"","leverage":1.0,"is_short":false,"open_timestamp":1761950040000,"close_timestamp":1761982440000,"orders":[{"amount":520.6,"safe_price":0.61,"ft_order_side":"buy","order_filled_timestamp":1761950040000,"ft_is_entry":true,"ft_order_tag":"","cost":317.883566},{"amount":520.6,"safe_price":0.6134,"ft_order_side":"sell","order_filled_timestamp":1761982440000,"ft_is_entry":false,"ft_order_tag":"roi","cost":319.6553760399999}],"funding_fees":0.0,"weekday":5},{"pair":"ADA/USDT","stake_amount":318.68375,"max_stake_amount":318.68375,"amount":520.3,"open_date":"2025-11-01 07:49:00+00:00","close_date":"2025-11-01 16:51:00+00:00","open_rate":0.6125,"close_rate":0.6137262262262262,"fee_open":0.001,"fee_close":0.001,"trade_duration":542,"profit_ratio":0.0,"profit_abs":0.0,"exit_reason":"roi","initial_stop_loss_abs":0.5357,"initial_stop_loss_ratio":-0.1255,"stop_loss_abs":0.5357,"stop_loss_ratio":-0.1255,"min_rate":0.6052,"max_rate":0.6178,"is_open":false,"enter_tag":"","leverage":1.0,"is_short":false,"open_timestamp":1761983340000,"close_timestamp":1762015860000,"orders":[{"amount":520.3,"safe_price":0.6125,"ft_order_side":"buy","order_filled_timestamp":1761983340000,"ft_is_entry":true,"ft_order_tag":"","cost":319.00243374999997},{"amount":520.3,"safe_price":0.6137262262262262,"ft_order_side":"sell","order_filled_timestamp":1762015860000,"ft_is_entry":false,"ft_order_tag":"roi","cost":319.64107726101093}],"funding_fees":0.0,"weekday":5},{"pair":"BTC/USDT","stake_amount":317.9757312,"max_stake_amount":317.9757312,"amount":0.00288,"open_date":"2025-11-01 17:05:00+00:00","close_date":"2025-11-02 00:00:00+00:00","open_rate":110408.24,"close_rate":110098.1,"fee_open":0.001,"fee_close":0.001,"trade_duration":415,"profit_ratio":-0.004801419025008677,"profit_abs":-1.52826146,"exit_reason":"force_exit","initial_stop_loss_abs":96552.00588000001,"initial_stop_loss_ratio":-0.1255,"stop_loss_abs":96552.00588000001,"stop_loss_ratio":-0.1255,"min_rate":109858.44,"max_rate":110516.17,"is_open":false,"enter_tag":"","leverage":1.0,"is_short":false,"open_timestamp":1762016700000,"close_timestamp":1762041600000,"orders":[{"amount":0.00288,"safe_price":110408.24,"ft_order_side":"buy","order_filled_timestamp":1762016700000,"ft_is_entry":true,"ft_order_tag":"","cost":318.2937069312},{"amount":0.00288,"safe_price":110098.1,"ft_order_side":"sell","order_filled_timestamp":1762041600000,"ft_is_entry":false,"ft_order_tag":"force_exit","cost":317.399610528}],"funding_fees":0.0,"weekday":6},{"pair":"ETH/USDT","stake_amount":350.2408,"max_stake_amount":350.2408,"amount":0.0884,"open_date":"2025-10-29 16:21:00+00:00","close_date":"2025-11-02 00:00:00+00:00","open_rate":3962.0,"close_rate":3873.78,"fee_open":0.001,"fee_close":0.001,"trade_duration":4779,"profit_ratio":-0.024220045471281766,"profit_abs":-8.49133095,"exit_reason":"force_exit","initial_stop_loss_abs":3464.7690000000002,"initial_stop_loss_ratio":-0.1255,"stop_loss_abs":3464.7690000000002,"stop_loss_ratio":-0.1255,"min_rate":3680.0,"max_rate":4018.46,"is_open":false,"enter_tag":"","leverage":1.0,"is_short":false,"open_timestamp":1761754860000,"close_timestamp":1762041600000,"orders":[{"amount":0.0884,"safe_price":3962.0,"ft_order_side":"buy","order_filled_timestamp":1761754860000,"ft_is_entry":true,"ft_order_tag":"","cost":350.5910408},{"amount":0.0884,"safe_price":3873.78,"ft_order_side":"sell","order_filled_timestamp":1762041600000,"ft_is_entry":false,"ft_order_tag":"force_exit","cost":342.784594152}],"funding_fees":0.0,"weekday":6},{"pair":"SOL/USDT","stake_amount":355.95124,"max_stake_amount":355.95124,"amount":1.759,"open_date":"2025-10-28 14:18:00+00:00","close_date":"2025-11-02 00:00:00+00:00","open_rate":202.36,"close_rate":186.35,"fee_open":0.001,"fee_close":0.001,"trade_duration":6342,"profit_ratio":-0.08095635339161728,"profit_abs":-28.84533089,"exit_reason":"force_exit","initial_stop_loss_abs":176.96382000000003,"initial_stop_loss_ratio":-0.1255,"stop_loss_abs":176.96382000000003,"stop_loss_ratio":-0.1255,"min_rate":178.65,"max_rate":202.93,"is_open":false,"enter_tag":"","leverage":1.0,"is_short":false,"open_timestamp":1761661080000,"close_timestamp":1762041600000,"orders":[{"amount":1.759,"safe_price":202.36,"ft_order_side":"buy","order_filled_timestamp":1761661080000,"ft_is_entry":true,"ft_order_tag":"","cost":356.30719123999995},{"amount":1.759,"safe_price":186.35,"ft_order_side":"sell","order_filled_timestamp":1762041600000,"ft_is_entry":false,"ft_order_tag":"force_exit","cost":328.11743964999994}],"funding_fees":0.0,"weekday":6}],"locks":[],"best_pair":{"key":"BTC/USDT","trades":10,"profit_mean":0.004711288901258497,"profit_mean_pct":0.47,"profit_total_abs":15.94444875,"profit_total":0.01594444875,"profit_total_pct":1.59,"duration_avg":"12:23:00","wins":6,"draws":3,"losses":1,"winrate":0.6,"cagr":0.46949822654697226,"expectancy":1.5944448750000002,"expectancy_ratio":0.7433063430127984,"sortino":-100,"sharpe":8.83186495933868,"calmar":1352.0407794270686,"sqn":2.0803,"profit_factor":11.433063430127985,"max_drawdown_account":0.0015020171496144042,"max_drawdown_abs":1.5282614599999995},"worst_pair":{"key":"ADA/USDT","trades":9,"profit_mean":-0.008596432560103342,"profit_mean_pct":-0.86,"profit_total_abs":-28.87127792,"profit_total":-0.02887127792,"profit_total_pct":-2.89,"duration_avg":"1 day, 8:07:00","wins":3,"draws":5,"losses":1,"winrate":0.3333333333333333,"cagr":-0.5097674893507549,"expectancy":-3.207919768888889,"expectancy_ratio":-0.626426457825612,"sortino":-100,"sharpe":-2.4017312154319774,"calmar":-82.20286357503603,"sqn":-0.5926,"profit_factor":0.36216187956949253,"max_drawdown_account":0.044733639534173045,"max_drawdown_abs":45.2642716},"results_per_pair":[{"key":"BTC/USDT","trades":10,"profit_mean":0.004711288901258497,"profit_mean_pct":0.47,"profit_total_abs":15.94444875,"profit_total":0.01594444875,"profit_total_pct":1.59,"duration_avg":"12:23:00","wins":6,"draws":3,"losses":1,"winrate":0.6,"cagr":0.46949822654697226,"expectancy":1.5944448750000002,"expectancy_ratio":0.7433063430127984,"sortino":-100,"sharpe":8.83186495933868,"calmar":1352.0407794270686,"sqn":2.0803,"profit_factor":11.433063430127985,"max_drawdown_account":0.0015020171496144042,"max_drawdown_abs":1.5282614599999995},{"key":"XRP/USDT","trades":12,"profit_mean":0.003259289497341257,"profit_mean_pct":0.33,"profit_total_abs":12.898066369999999,"profit_total":0.012898066369999999,"profit_total_pct":1.29,"duration_avg":"17:32:00","wins":4,"draws":7,"losses":1,"winrate":0.3333333333333333,"cagr":0.3659445096605911,"expectancy":1.0748388641666666,"expectancy_ratio":-0.4489747824677295,"sortino":-100,"sharpe":3.791201207738886,"calmar":209.29377233355018,"sqn":0.8227,"profit_factor":2.6123026103872466,"max_drawdown_account":0.007849165290645756,"max_drawdown_abs":7.9997801200000005},{"key":"ETH/USDT","trades":6,"profit_mean":0.0023535280587357412,"profit_mean_pct":0.24,"profit_total_abs":4.911199099999999,"profit_total":0.004911199099999999,"profit_total_pct":0.49,"duration_avg":"1 day, 21:02:00","wins":2,"draws":3,"losses":1,"winrate":0.3333333333333333,"cagr":0.12661024769753415,"expectancy":0.8185331833333331,"expectancy_ratio":-0.4036036649433228,"sortino":-100,"sharpe":1.025167073343913,"calmar":74.65328626980903,"sqn":0.3,"profit_factor":1.5783780103400633,"max_drawdown_account":0.00837903073873426,"max_drawdown_abs":8.49133095},{"key":"SOL/USDT","trades":6,"profit_mean":-0.0034821328611574407,"profit_mean_pct":-0.35,"profit_total_abs":-8.468852589999997,"profit_total":-0.008468852589999997,"profit_total_pct":-0.85,"duration_avg":"1 day, 1:45:00","wins":4,"draws":1,"losses":1,"winrate":0.6666666666666666,"cagr":-0.18694212284347722,"expectancy":-1.4114754316666662,"expectancy_ratio":-0.21559921096817758,"sortino":-100,"sharpe":-0.8516066630883523,"calmar":-38.15615991073002,"sqn":-0.2492,"profit_factor":0.7064047341909345,"max_drawdown_account":0.028269302069818217,"max_drawdown_abs":28.84533089},{"key":"ADA/USDT","trades":9,"profit_mean":-0.008596432560103342,"profit_mean_pct":-0.86,"profit_total_abs":-28.87127792,"profit_total":-0.02887127792,"profit_total_pct":-2.89,"duration_avg":"1 day, 8:07:00","wins":3,"draws":5,"losses":1,"winrate":0.3333333333333333,"cagr":-0.5097674893507549,"expectancy":-3.207919768888889,"expectancy_ratio":-0.626426457825612,"sortino":-100,"sharpe":-2.4017312154319774,"calmar":-82.20286357503603,"sqn":-0.5926,"profit_factor":0.36216187956949253,"max_drawdown_account":0.044733639534173045,"max_drawdown_abs":45.2642716},{"key":"TOTAL","trades":43,"profit_mean":4.8484677330692624e-05,"profit_mean_pct":0.0,"profit_total_abs":-3.5864162900000025,"profit_total":-0.0035864162900000026,"profit_total_pct":-0.36,"duration_avg":"1 day, 0:22:00","wins":19,"draws":19,"losses":5,"winrate":0.4418604651162791,"cagr":-0.08371362851544484,"expectancy":-0.08340502999999977,"expectancy_ratio":-0.44638700141942866,"sortino":-0.2809436516002602,"sharpe":-0.49101155426667475,"calmar":-5.962422557354957,"sqn":-0.0581,"profit_factor":0.9610717877929129,"max_drawdown_account":0.07661135089983671,"max_drawdown_abs":82.67005531999999}],"results_per_enter_tag":[{"key":"","trades":43,"profit_mean":4.8484677330692624e-05,"profit_mean_pct":0.0,"profit_total_abs":-3.5864162900000025,"profit_total":-0.0035864162900000026,"profit_total_pct":-0.36,"duration_avg":"1 day, 0:22:00","wins":19,"draws":19,"losses":5,"winrate":0.4418604651162791,"cagr":-0.08371362851544484,"expectancy":-0.08340502999999977,"expectancy_ratio":-0.44638700141942866,"sortino":-0.2809436516002602,"sharpe":-0.49101155426667475,"calmar":-5.962422557354957,"sqn":-0.0581,"profit_factor":0.9610717877929129,"max_drawdown_account":0.07661135089983671,"max_drawdown_abs":82.67005531999999},{"key":"TOTAL","trades":43,"profit_mean":4.8484677330692624e-05,"profit_mean_pct":0.0,"profit_total_abs":-3.5864162900000025,"profit_total":-0.0035864162900000026,"profit_total_pct":-0.36,"duration_avg":"1 day, 0:22:00","wins":19,"draws":19,"losses":5,"winrate":0.4418604651162791,"cagr":-0.08371362851544484,"expectancy":-0.08340502999999977,"expectancy_ratio":-0.44638700141942866,"sortino":-0.2809436516002602,"sharpe":-0.49101155426667475,"calmar":-5.962422557354957,"sqn":-0.0581,"profit_factor":0.9610717877929129,"max_drawdown_account":0.07661135089983671,"max_drawdown_abs":82.67005531999999}],"exit_reason_summary":[{"key":"roi","trades":38,"profit_mean":0.006885974026484824,"profit_mean_pct":0.69,"profit_total_abs":88.54255873000001,"profit_total":0.08854255873000001,"profit_total_pct":8.85,"duration_avg":"19:57:00","wins":19,"draws":19,"losses":0,"winrate":0.5,"cagr":6.880825729359745,"expectancy":2.3300673350000003,"expectancy_ratio":100.0,"sortino":-100,"sharpe":31.210347716793766,"calmar":-100,"sqn":3.9225,"profit_factor":0.0,"max_drawdown_account":0.0,"max_drawdown_abs":0.0},{"key":"exit_signal","trades":1,"profit_mean":-0.02245403580869692,"profit_mean_pct":-2.25,"profit_total_abs":-7.99978012,"profit_total":-0.00799978012,"profit_total_pct":-0.8,"duration_avg":"1 day, 1:29:00","wins":0,"draws":0,"losses":1,"winrate":0.0,"cagr":-0.17753069627560403,"expectancy":-7.99978012,"expectancy_ratio":-1.0,"sortino":-100,"sharpe":-100,"calmar":-100,"sqn":-100.0,"profit_factor":0.0,"max_drawdown_account":0.0,"max_drawdown_abs":0.0},{"key":"force_exit","trades":3,"profit_mean":-0.036659272629302575,"profit_mean_pct":-3.67,"profit_total_abs":-38.8649233,"profit_total":-0.0388649233,"profit_total_pct":-3.89,"duration_avg":"2 days, 16:05:00","wins":0,"draws":0,"losses":3,"winrate":0.0,"cagr":-0.6188571936527654,"expectancy":-12.954974433333334,"expectancy_ratio":-1.0,"sortino":-4.270930865067306,"sharpe":-4.270930865067306,"calmar":-127.36648783028541,"sqn":-1.5807,"profit_factor":0.0,"max_drawdown_account":0.038864923299999986,"max_drawdown_abs":38.8649233},{"key":"stop_loss","trades":1,"profit_mean":-0.12715031818459888,"profit_mean_pct":-12.72,"profit_total_abs":-45.2642716,"profit_total":-0.0452642716,"profit_total_pct":-4.53,"duration_avg":"2 days, 23:55:00","wins":0,"draws":0,"losses":1,"winrate":0.0,"cagr":-0.676040592749896,"expectancy":-45.2642716,"expectancy_ratio":-1.0,"sortino":-100,"sharpe":-100,"calmar":-100,"sqn":-100.0,"profit_factor":0.0,"max_drawdown_account":0.0,"max_drawdown_abs":0.0},{"key":"TOTAL","trades":43,"profit_mean":4.8484677330692624e-05,"profit_mean_pct":0.0,"profit_total_abs":-3.5864162900000025,"profit_total":-0.0035864162900000026,"profit_total_pct":-0.36,"duration_avg":"1 day, 0:22:00","wins":19,"draws":19,"losses":5,"winrate":0.4418604651162791,"cagr":-0.08371362851544484,"expectancy":-0.08340502999999977,"expectancy_ratio":-0.44638700141942866,"sortino":-0.2809436516002602,"sharpe":-0.49101155426667475,"calmar":-5.962422557354957,"sqn":-0.0581,"profit_factor":0.9610717877929129,"max_drawdown_account":0.07661135089983671,"max_drawdown_abs":82.67005531999999}],"mix_tag_stats":[{"key":["","roi"],"trades":38,"profit_mean":0.006885974026484824,"profit_mean_pct":0.69,"profit_total_abs":88.54255873000001,"profit_total":0.08854255873000001,"profit_total_pct":8.85,"duration_avg":"19:57:00","wins":19,"draws":19,"losses":0,"winrate":0.5,"cagr":6.880825729359745,"expectancy":2.3300673350000003,"expectancy_ratio":100.0,"sortino":-100,"sharpe":31.210347716793766,"calmar":-100,"sqn":3.9225,"profit_factor":0.0,"max_drawdown_account":0.0,"max_drawdown_abs":0.0},{"key":["","exit_signal"],"trades":1,"profit_mean":-0.02245403580869692,"profit_mean_pct":-2.25,"profit_total_abs":-7.99978012,"profit_total":-0.00799978012,"profit_total_pct":-0.8,"duration_avg":"1 day, 1:29:00","wins":0,"draws":0,"losses":1,"winrate":0.0,"cagr":-0.17753069627560403,"expectancy":-7.99978012,"expectancy_ratio":-1.0,"sortino":-100,"sharpe":-100,"calmar":-100,"sqn":-100.0,"profit_factor":0.0,"max_drawdown_account":0.0,"max_drawdown_abs":0.0},{"key":["","force_exit"],"trades":3,"profit_mean":-0.036659272629302575,"profit_mean_pct":-3.67,"profit_total_abs":-38.8649233,"profit_total":-0.0388649233,"profit_total_pct":-3.89,"duration_avg":"2 days, 16:05:00","wins":0,"draws":0,"losses":3,"winrate":0.0,"cagr":-0.6188571936527654,"expectancy":-12.954974433333334,"expectancy_ratio":-1.0,"sortino":-4.270930865067306,"sharpe":-4.270930865067306,"calmar":-127.36648783028541,"sqn":-1.5807,"profit_factor":0.0,"max_drawdown_account":0.038864923299999986,"max_drawdown_abs":38.8649233},{"key":["","stop_loss"],"trades":1,"profit_mean":-0.12715031818459888,"profit_mean_pct":-12.72,"profit_total_abs":-45.2642716,"profit_total":-0.0452642716,"profit_total_pct":-4.53,"duration_avg":"2 days, 23:55:00","wins":0,"draws":0,"losses":1,"winrate":0.0,"cagr":-0.676040592749896,"expectancy":-45.2642716,"expectancy_ratio":-1.0,"sortino":-100,"sharpe":-100,"calmar":-100,"sqn":-100.0,"profit_factor":0.0,"max_drawdown_account":0.0,"max_drawdown_abs":0.0},{"key":"TOTAL","trades":43,"profit_mean":4.8484677330692624e-05,"profit_mean_pct":0.0,"profit_total_abs":-3.5864162900000025,"profit_total":-0.0035864162900000026,"profit_total_pct":-0.36,"duration_avg":"1 day, 0:22:00","wins":19,"draws":19,"losses":5,"winrate":0.4418604651162791,"cagr":-0.08371362851544484,"expectancy":-0.08340502999999977,"expectancy_ratio":-0.44638700141942866,"sortino":-0.2809436516002602,"sharpe":-0.49101155426667475,"calmar":-5.962422557354957,"sqn":-0.0581,"profit_factor":0.9610717877929129,"max_drawdown_account":0.07661135089983671,"max_drawdown_abs":82.67005531999999}],"left_open_trades":[{"key":"BTC/USDT","trades":1,"profit_mean":-0.004801419025008677,"profit_mean_pct":-0.48,"profit_total_abs":-1.52826146,"profit_total":-0.00152826146,"profit_total_pct":-0.15,"duration_avg":"6:55:00","wins":0,"draws":0,"losses":1,"winrate":0.0,"cagr":-0.03653213184692594,"expectancy":-1.52826146,"expectancy_ratio":-1.0,"sortino":-100,"sharpe":-100,"calmar":-100,"sqn":-100.0,"profit_factor":0.0,"max_drawdown_account":0.0,"max_drawdown_abs":0.0},{"key":"ETH/USDT","trades":1,"profit_mean":-0.024220045471281766,"profit_mean_pct":-2.42,"profit_total_abs":-8.49133095,"profit_total":-0.00849133095,"profit_total_pct":-0.85,"duration_avg":"3 days, 7:39:00","wins":0,"draws":0,"losses":1,"winrate":0.0,"cagr":-0.18739052373438703,"expectancy":-8.49133095,"expectancy_ratio":-1.0,"sortino":-100,"sharpe":-100,"calmar":-100,"sqn":-100.0,"profit_factor":0.0,"max_drawdown_account":0.0,"max_drawdown_abs":0.0},{"key":"SOL/USDT","trades":1,"profit_mean":-0.08095635339161728,"profit_mean_pct":-8.1,"profit_total_abs":-28.84533089,"profit_total":-0.02884533089,"profit_total_pct":-2.88,"duration_avg":"4 days, 9:42:00","wins":0,"draws":0,"losses":1,"winrate":0.0,"cagr":-0.5094486661252613,"expectancy":-28.84533089,"expectancy_ratio":-1.0,"sortino":-100,"sharpe":-100,"calmar":-100,"sqn":-100.0,"profit_factor":0.0,"max_drawdown_account":0.0,"max_drawdown_abs":0.0},{"key":"TOTAL","trades":3,"profit_mean":-0.036659272629302575,"profit_mean_pct":-3.67,"profit_total_abs":-38.8649233,"profit_total":-0.0388649233,"profit_total_pct":-3.89,"duration_avg":"2 days, 16:05:00","wins":0,"draws":0,"losses":3,"winrate":0.0,"cagr":-0.6188571936527654,"expectancy":-12.954974433333334,"expectancy_ratio":-1.0,"sortino":-4.270930865067306,"sharpe":-4.270930865067306,"calmar":-127.36648783028541,"sqn":-1.5807,"profit_factor":0.0,"max_drawdown_account":0.038864923299999986,"max_drawdown_abs":38.8649233}],"total_trades":43,"trade_count_long":43,"trade_count_short":0,"total_volume":29260.159772779567,"avg_stake_amount":339.5963294348837,"profit_mean":4.8484677330692624e-05,"profit_median":0.0,"profit_total":-0.0035864162900000026,"profit_total_long":-0.0035864162900000026,"profit_total_short":0.0,"profit_total_abs":-3.5864162900000025,"profit_total_long_abs":-3.5864162900000025,"profit_total_short_abs":0.0,"cagr":-0.08371362851544484,"expectancy":-0.08340502999999977,"expectancy_ratio":-0.44638700141942866,"sortino":-0.2809436516002602,"sharpe":-0.49101155426667475,"calmar":-5.962422557354957,"sqn":-0.0581,"profit_factor":0.9610717877929129,"backtest_start":"2025-10-18 00:00:00","backtest_start_ts":1760745600000,"backtest_end":"2025-11-02 00:00:00","backtest_end_ts":1762041600000,"backtest_days":15,"backtest_run_start_ts":1762104494,"backtest_run_end_ts":1762104498,"trades_per_day":2.87,"market_change":0.02778779655585757,"pairlist":["BTC/USDT","ETH/USDT","ADA/USDT","XRP/USDT","SOL/USDT"],"stake_amount":"unlimited","stake_currency":"USDT","stake_currency_decimals":3,"starting_balance":1000.0,"dry_run_wallet":1000.0,"final_balance":996.41358371,"rejected_signals":707,"timedout_entry_orders":0,"timedout_exit_orders":0,"canceled_trade_entries":0,"canceled_entry_orders":0,"replaced_entry_orders":0,"max_open_trades":3,"max_open_trades_setting":3,"timeframe":"1m","timeframe_detail":"","timerange":"20251018-20251102","enable_protections":false,"strategy_name":"ADX_15M_USDT","freqaimodel":null,"freqai_identifier":null,"stoploss":-0.1255,"trailing_stop":false,"trailing_stop_positive":null,"trailing_stop_positive_offset":0.0,"trailing_only_offset_is_reached":false,"use_custom_stoploss":false,"minimal_roi":{"0":0.26552,"30":0.10255,"210":0.03545,"540":0},"use_exit_signal":true,"exit_profit_only":false,"exit_profit_offset":0.0,"ignore_roi_if_entry_signal":false,"trading_mode":"spot","margin_mode":"","periodic_breakdown":{"day":[{"date":"18/10/2025","date_ts":1760745600000,"profit_abs":13.05036902,"wins":3,"draws":2,"losses":0,"trades":5,"profit_factor":0.0},{"date":"19/10/2025","date_ts":1760832000000,"profit_abs":21.01949287,"wins":4,"draws":2,"losses":0,"trades":6,"profit_factor":0.0},{"date":"20/10/2025","date_ts":1760918400000,"profit_abs":7.26087951,"wins":1,"draws":2,"losses":0,"trades":3,"profit_factor":0.0},{"date":"21/10/2025","date_ts":1761004800000,"profit_abs":0.0,"wins":0,"draws":3,"losses":0,"trades":3,"profit_factor":0.0},{"date":"22/10/2025","date_ts":1761091200000,"profit_abs":0.0,"wins":0,"draws":0,"losses":0,"trades":0,"profit_factor":0.0},{"date":"23/10/2025","date_ts":1761177600000,"profit_abs":0.0,"wins":0,"draws":0,"losses":0,"trades":0,"profit_factor":0.0},{"date":"24/10/2025","date_ts":1761264000000,"profit_abs":0.0,"wins":0,"draws":0,"losses":0,"trades":0,"profit_factor":0.0},{"date":"25/10/2025","date_ts":1761350400000,"profit_abs":11.77755688,"wins":2,"draws":1,"losses":0,"trades":3,"profit_factor":0.0},{"date":"26/10/2025","date_ts":1761436800000,"profit_abs":10.67055716,"wins":2,"draws":3,"losses":0,"trades":5,"profit_factor":0.0},{"date":"27/10/2025","date_ts":1761523200000,"profit_abs":15.30478359,"wins":3,"draws":2,"losses":0,"trades":5,"profit_factor":0.0},{"date":"28/10/2025","date_ts":1761609600000,"profit_abs":-7.99978012,"wins":0,"draws":1,"losses":1,"trades":2,"profit_factor":0.0},{"date":"29/10/2025","date_ts":1761696000000,"profit_abs":1.70920365,"wins":1,"draws":1,"losses":0,"trades":2,"profit_factor":0.0},{"date":"30/10/2025","date_ts":1761782400000,"profit_abs":-45.2642716,"wins":0,"draws":0,"losses":1,"trades":1,"profit_factor":0.0},{"date":"31/10/2025","date_ts":1761868800000,"profit_abs":6.61657809,"wins":2,"draws":1,"losses":0,"trades":3,"profit_factor":0.0},{"date":"01/11/2025","date_ts":1761955200000,"profit_abs":1.13313796,"wins":1,"draws":1,"losses":0,"trades":2,"profit_factor":0.0},{"date":"02/11/2025","date_ts":1762041600000,"profit_abs":-38.8649233,"wins":0,"draws":0,"losses":3,"trades":3,"profit_factor":0.0}],"week":[{"date":"20/10/2025","date_ts":1760918400000,"profit_abs":41.3307414,"wins":8,"draws":6,"losses":0,"trades":14,"profit_factor":0.0},{"date":"27/10/2025","date_ts":1761523200000,"profit_abs":37.75289763,"wins":7,"draws":9,"losses":0,"trades":16,"profit_factor":0.0},{"date":"03/11/2025","date_ts":1762128000000,"profit_abs":-82.67005532,"wins":4,"draws":4,"losses":5,"trades":13,"profit_factor":0.10267041}],"month":[{"date":"31/10/2025","date_ts":1761868800000,"profit_abs":34.14536905,"wins":18,"draws":18,"losses":2,"trades":38,"profit_factor":1.64105842},{"date":"30/11/2025","date_ts":1764460800000,"profit_abs":-37.73178534,"wins":1,"draws":1,"losses":3,"trades":5,"profit_factor":0.0291558}],"year":[{"date":"31/12/2025","date_ts":1767139200000,"profit_abs":-3.58641629,"wins":19,"draws":19,"losses":5,"trades":43,"profit_factor":0.96107179}],"weekday":[{"date":"Monday","date_ts":0,"profit_abs":22.5656631,"wins":4,"draws":4,"losses":0,"trades":8,"profit_factor":0.0},{"date":"Tuesday","date_ts":1,"profit_abs":-7.99978012,"wins":0,"draws":4,"losses":1,"trades":5,"profit_factor":0.0},{"date":"Wednesday","date_ts":2,"profit_abs":1.70920365,"wins":1,"draws":1,"losses":0,"trades":2,"profit_factor":0.0},{"date":"Thursday","date_ts":3,"profit_abs":-45.2642716,"wins":0,"draws":0,"losses":1,"trades":1,"profit_factor":0.0},{"date":"Friday","date_ts":4,"profit_abs":6.61657809,"wins":2,"draws":1,"losses":0,"trades":3,"profit_factor":0.0},{"date":"Saturday","date_ts":5,"profit_abs":25.96106386,"wins":6,"draws":4,"losses":0,"trades":10,"profit_factor":0.0},{"date":"Sunday","date_ts":6,"profit_abs":-7.17487327,"wins":6,"draws":5,"losses":3,"trades":14,"profit_factor":0.81538949}]},"backtest_best_day":0.06276819147499495,"backtest_worst_day":-0.12715031818459888,"backtest_best_day_abs":21.01949287,"backtest_worst_day_abs":-45.2642716,"winning_days":9,"draw_days":4,"losing_days":3,"daily_profit":[["2025-10-18",13.05036902],["2025-10-19",21.01949287],["2025-10-20",7.26087951],["2025-10-21",0.0],["2025-10-22",0.0],["2025-10-23",0.0],["2025-10-24",0.0],["2025-10-25",11.77755688],["2025-10-26",10.67055716],["2025-10-27",15.30478359],["2025-10-28",-7.99978012],["2025-10-29",1.70920365],["2025-10-30",-45.2642716],["2025-10-31",6.61657809],["2025-11-01",1.13313796],["2025-11-02",-38.8649233]],"wins":19,"losses":5,"draws":19,"winrate":0.4418604651162791,"holding_avg":"1 day, 0:22:00","holding_avg_s":87720.0,"winner_holding_min":"0d 06:02","winner_holding_min_s":21720.0,"winner_holding_max":"0d 09:00","winner_holding_max_s":32400.0,"winner_holding_avg":"0d 08:50","winner_holding_avg_s":31800.0,"loser_holding_min":"0d 06:55","loser_holding_min_s":24900.0,"loser_holding_max":"4d 09:42","loser_holding_max_s":380520.0,"loser_holding_avg":"2d 09:56","loser_holding_avg_s":208560.0,"max_consecutive_wins":3,"max_consecutive_losses":4,"max_drawdown_account":0.07661135089983671,"max_relative_drawdown":0.07661135089983671,"max_drawdown_abs":82.67005531999999,"drawdown_start":"2025-10-27 18:14:00","drawdown_start_ts":1761588840000.0,"drawdown_end":"2025-11-02 00:00:00","drawdown_end_ts":1762041600000.0,"drawdown_duration":"5 days 05:46:00","drawdown_duration_s":452760.0,"max_drawdown_low":-3.5864162900000096,"max_drawdown_high":79.08363902999999,"csum_min":996.41358371,"csum_max":1079.08363903}},"strategy_comparison":[{"key":"ADX_15M_USDT","trades":43,"profit_mean":4.8484677330692624e-05,"profit_mean_pct":0.0,"profit_total_abs":-3.5864162900000025,"profit_total":-0.0035864162900000026,"profit_total_pct":-0.36,"duration_avg":"1 day, 0:22:00","wins":19,"draws":19,"losses":5,"winrate":0.4418604651162791,"cagr":-0.08371362851544484,"expectancy":-0.08340502999999977,"expectancy_ratio":-0.44638700141942866,"sortino":-0.2809436516002602,"sharpe":-0.49101155426667475,"calmar":-5.962422557354957,"sqn":-0.0581,"profit_factor":0.9610717877929129,"max_drawdown_account":0.07661135089983671,"max_drawdown_abs":"82.67"}]}