{"strategy":{"SampleStrategy":{"trades":[{"pair":"ATOM/USDT","stake_amount":9999.98384,"max_stake_amount":9999.98384,"amount":2446.18,"open_date":"2025-10-01 03:52:00+00:00","close_date":"2025-10-02 18:34:00+00:00","open_rate":4.088,"close_rate":4.300788788788788,"fee_open":0.001,"fee_close":0.001,"trade_duration":2322,"profit_ratio":0.049950049950049945,"profit_abs":499.999192,"exit_reason":"roi","initial_stop_loss_abs":3.68,"initial_stop_loss_ratio":-0.1,"stop_loss_abs":3.68,"stop_loss_ratio":-0.1,"min_rate":4.062,"max_rate":4.301,"is_open":false,"enter_tag":"","leverage":1.0,"is_short":false,"open_timestamp":1759290720000,"close_timestamp":1759430040000,"orders":[{"amount":2446.18,"safe_price":4.088,"ft_order_side":"buy","order_filled_timestamp":1759290720000,"ft_is_entry":true,"ft_order_tag":"","cost":10009.983823839997},{"amount":2446.18,"safe_price":4.300788788788788,"ft_order_side":"sell","order_filled_timestamp":1759430040000,"ft_is_entry":false,"ft_order_tag":"roi","cost":10531.024022878713}],"funding_fees":0.0,"weekday":3},{"pair":"ATOM/USDT","stake_amount":10099.99752,"max_stake_amount":10099.99752,"amount":2362.02,"open_date":"2025-10-03 00:38:00+00:00","close_date":"2025-10-04 13:13:00+00:00","open_rate":4.276,"close_rate":4.152,"fee_open":0.001,"fee_close":0.001,"trade_duration":2195,"profit_ratio":-0.030939126355403253,"profit_abs":-312.79758456,"exit_reason":"exit_signal","initial_stop_loss_abs":3.849,"initial_stop_loss_ratio":-0.1,"stop_loss_abs":3.849,"stop_loss_ratio":-0.1,"min_rate":4.123,"max_rate":4.353,"is_open":false,"enter_tag":"","leverage":1.0,"is_short":false,"open_timestamp":1759451880000,"close_timestamp":1759583580000,"orders":[{"amount":2362.02,"safe_price":4.276,"ft_order_side":"buy","order_filled_timestamp":1759451880000,"ft_is_entry":true,"ft_order_tag":"","cost":10110.097517519998},{"amount":2362.02,"safe_price":4.152,"ft_order_side":"sell","order_filled_timestamp":1759583580000,"ft_is_entry":false,"ft_order_tag":"exit_signal","cost":9816.914147039999}],"funding_fees":0.0,"weekday":5},{"pair":"ATOM/USDT","stake_amount":10037.43312,"max_stake_amount":10037.43312,"amount":2441.01,"open_date":"2025-10-04 14:59:00+00:00","close_date":"2025-10-10 20:59:00+00:00","open_rate":4.112,"close_rate":3.701,"fee_open":0.001,"fee_close":0.001,"trade_duration":9000,"profit_ratio":-0.10174966084499158,"profit_abs":-1022.32672113,"exit_reason":"stop_loss","initial_stop_loss_abs":3.701,"initial_stop_loss_ratio":-0.1,"stop_loss_abs":3.701,"stop_loss_ratio":-0.1,"min_rate":3.65,"max_rate":4.307,"is_open":false,"enter_tag":"","leverage":1.0,"is_short":false,"open_timestamp":1759589940000,"close_timestamp":1760129940000,"orders":[{"amount":2441.01,"safe_price":4.112,"ft_order_side":"buy","order_filled_timestamp":1759589940000,"ft_is_entry":true,"ft_order_tag":"","cost":10047.47055312},{"amount":2441.01,"safe_price":3.701,"ft_order_side":"sell","order_filled_timestamp":1760129940000,"ft_is_entry":false,"ft_order_tag":"stop_loss","cost":9043.21218801}],"funding_fees":0.0,"weekday":4},{"pair":"ATOM/USDT","stake_amount":9832.96068,"max_stake_amount":9832.96068,"amount":2612.37,"open_date":"2025-10-10 21:05:00+00:00","close_date":"2025-10-10 21:14:00+00:00","open_rate":3.764,"close_rate":3.388,"fee_open":0.001,"fee_close":0.001,"trade_duration":9,"profit_ratio":-0.10169214420011444,"profit_abs":-1000.93479024,"exit_reason":"stop_loss","initial_stop_loss_abs":3.388,"initial_stop_loss_ratio":-0.1,"stop_loss_abs":3.388,"stop_loss_ratio":-0.1,"min_rate":3.302,"max_rate":3.768,"is_open":false,"enter_tag":"","leverage":1.0,"is_short":false,"open_timestamp":1760130300000,"close_timestamp":1760130840000,"orders":[{"amount":2612.37,"safe_price":3.764,"ft_order_side":"buy","order_filled_timestamp":1760130300000,"ft_is_entry":true,"ft_order_tag":"","cost":9842.793640679998},{"amount":2612.37,"safe_price":3.388,"ft_order_side":"sell","order_filled_timestamp":1760130840000,"ft_is_entry":false,"ft_order_tag":"stop_loss","cost":8859.56026956}],"funding_fees":0.0,"weekday":4},{"pair":"ATOM/USDT","stake_amount":9632.78195,"max_stake_amount":9632.78195,"amount":3824.05,"open_date":"2025-10-10 21:27:00+00:00","close_date":"2025-10-10 21:33:00+00:00","open_rate":2.519,"close_rate":2.650119119119119,"fee_open":0.001,"fee_close":0.001,"trade_duration":6,"profit_ratio":0.049950049950049945,"profit_abs":481.6390975,"exit_reason":"roi","initial_stop_loss_abs":2.268,"initial_stop_loss_ratio":-0.1,"stop_loss_abs":2.268,"stop_loss_ratio":-0.1,"min_rate":2.283,"max_rate":2.656,"is_open":false,"enter_tag":"","leverage":1.0,"is_short":false,"open_timestamp":1760131620000,"close_timestamp":1760131980000,"orders":[{"amount":3824.05,"safe_price":2.519,"ft_order_side":"buy","order_filled_timestamp":1760131620000,"ft_is_entry":true,"ft_order_tag":"","cost":9642.414731949999},{"amount":3824.05,"safe_price":2.650119119119119,"ft_order_side":"sell","order_filled_timestamp":1760131980000,"ft_is_entry":false,"ft_order_tag":"roi","cost":10144.322205484934}],"funding_fees":0.0,"weekday":4},{"pair":"ATOM/USDT","stake_amount":9729.10708,"max_stake_amount":9729.10708,"amount":3361.82,"open_date":"2025-10-11 01:14:00+00:00","close_date":"2025-10-11 02:23:00+00:00","open_rate":2.894,"close_rate":3.044638638638638,"fee_open":0.001,"fee_close":0.001,"trade_duration":69,"profit_ratio":0.04995004995004995,"profit_abs":486.455354,"exit_reason":"roi","initial_stop_loss_abs":2.605,"initial_stop_loss_ratio":-0.1,"stop_loss_abs":2.605,"stop_loss_ratio":-0.1,"min_rate":2.866,"max_rate":3.054,"is_open":false,"enter_tag":"","leverage":1.0,"is_short":false,"open_timestamp":1760145240000,"close_timestamp":1760149380000,"orders":[{"amount":3361.82,"safe_price":2.894,"ft_order_side":"buy","order_filled_timestamp":1760145240000,"ft_is_entry":true,"ft_order_tag":"","cost":9738.83618708},{"amount":3361.82,"safe_price":3.044638638638638,"ft_order_side":"sell","order_filled_timestamp":1760149380000,"ft_is_entry":false,"ft_order_tag":"roi","cost":10245.762595216294}],"funding_fees":0.0,"weekday":5},{"pair":"ATOM/USDT","stake_amount":9826.3809,"max_stake_amount":9826.3809,"amount":3243.03,"open_date":"2025-10-11 03:12:00+00:00","close_date":"2025-10-11 05:06:00+00:00","open_rate":3.03,"close_rate":3.17,"fee_open":0.001,"fee_close":0.001,"trade_duration":114,"profit_ratio":0.044114301540044115,"profit_abs":433.917414,"exit_reason":"exit_signal","initial_stop_loss_abs":2.727,"initial_stop_loss_ratio":-0.1,"stop_loss_abs":2.727,"stop_loss_ratio":-0.1,"min_rate":3.011,"max_rate":3.18,"is_open":false,"enter_tag":"","leverage":1.0,"is_short":false,"open_timestamp":1760152320000,"close_timestamp":1760159160000,"orders":[{"amount":3243.03,"safe_price":3.03,"ft_order_side":"buy","order_filled_timestamp":1760152320000,"ft_is_entry":true,"ft_order_tag":"","cost":9836.207280899998},{"amount":3243.03,"safe_price":3.17,"ft_order_side":"sell","order_filled_timestamp":1760159160000,"ft_is_entry":false,"ft_order_tag":"exit_signal","cost":10290.685505099998}],"funding_fees":0.0,"weekday":5},{"pair":"ATOM/USDT","stake_amount":9913.18008,"max_stake_amount":9913.18008,"amount":3181.38,"open_date":"2025-10-11 05:32:00+00:00","close_date":"2025-10-11 09:05:00+00:00","open_rate":3.116,"close_rate":3.278194194194194,"fee_open":0.001,"fee_close":0.001,"trade_duration":213,"profit_ratio":0.049950049950049945,"profit_abs":495.659004,"exit_reason":"roi","initial_stop_loss_abs":2.805,"initial_stop_loss_ratio":-0.1,"stop_loss_abs":2.805,"stop_loss_ratio":-0.1,"min_rate":3.106,"max_rate":3.291,"is_open":false,"enter_tag":"","leverage":1.0,"is_short":false,"open_timestamp":1760160720000,"close_timestamp":1760173500000,"orders":[{"amount":3181.38,"safe_price":3.116,"ft_order_side":"buy","order_filled_timestamp":1760160720000,"ft_is_entry":true,"ft_order_tag":"","cost":9923.093260079999},{"amount":3181.38,"safe_price":3.278194194194194,"ft_order_side":"sell","order_filled_timestamp":1760173500000,"ft_is_entry":false,"ft_order_tag":"roi","cost":10439.61062697105}],"funding_fees":0.0,"weekday":5},{"pair":"ATOM/USDT","stake_amount":10012.29212,"max_stake_amount":10012.29212,"amount":3111.34,"open_date":"2025-10-11 11:23:00+00:00","close_date":"2025-10-12 14:56:00+00:00","open_rate":3.218,"close_rate":3.385503503503503,"fee_open":0.001,"fee_close":0.001,"trade_duration":1653,"profit_ratio":0.049950049950049945,"profit_abs":500.614606,"exit_reason":"roi","initial_stop_loss_abs":2.897,"initial_stop_loss_ratio":-0.1,"stop_loss_abs":2.897,"stop_loss_ratio":-0.1,"min_rate":3.036,"max_rate":3.388,"is_open":false,"enter_tag":"","leverage":1.0,"is_short":false,"open_timestamp":1760181780000,"close_timestamp":1760280960000,"orders":[{"amount":3111.34,"safe_price":3.218,"ft_order_side":"buy","order_filled_timestamp":1760181780000,"ft_is_entry":true,"ft_order_tag":"","cost":10022.304412119998},{"amount":3111.34,"safe_price":3.385503503503503,"ft_order_side":"sell","order_filled_timestamp":1760280960000,"ft_is_entry":false,"ft_order_tag":"roi","cost":10543.985923061178}],"funding_fees":0.0,"weekday":6},{"pair":"ATOM/USDT","stake_amount":10112.4096,"max_stake_amount":10112.4096,"amount":2790.4,"open_date":"2025-10-13 22:37:00+00:00","close_date":"2025-10-16 16:04:00+00:00","open_rate":3.624,"close_rate":3.262,"fee_open":0.001,"fee_close":0.001,"trade_duration":3927,"profit_ratio":-0.10168804705228546,"profit_abs":-1029.3394944,"exit_reason":"stop_loss","initial_stop_loss_abs":3.262,"initial_stop_loss_ratio":-0.1,"stop_loss_abs":3.262,"stop_loss_ratio":-0.1,"min_rate":3.245,"max_rate":3.667,"is_open":false,"enter_tag":"","leverage":1.0,"is_short":false,"open_timestamp":1760395020000,"close_timestamp":1760630640000,"orders":[{"amount":2790.4,"safe_price":3.624,"ft_order_side":"buy","order_filled_timestamp":1760395020000,"ft_is_entry":true,"ft_order_tag":"","cost":10122.5220096},{"amount":2790.4,"safe_price":3.262,"ft_order_side":"sell","order_filled_timestamp":1760630640000,"ft_is_entry":false,"ft_order_tag":"stop_loss","cost":9111.387084799999}],"funding_fees":0.0,"weekday":3},{"pair":"NEAR/USDT","stake_amount":10112.2932,"max_stake_amount":10112.2932,"amount":4124.1,"open_date":"2025-10-15 03:24:00+00:00","close_date":"2025-10-16 19:33:00+00:00","open_rate":2.452,"close_rate":2.207,"fee_open":0.001,"fee_close":0.001,"trade_duration":2409,"profit_ratio":-0.10171679869885417,"profit_abs":-1029.6186819,"exit_reason":"stop_loss","initial_stop_loss_abs":2.207,"initial_stop_loss_ratio":-0.1,"stop_loss_abs":2.207,"stop_loss_ratio":-0.1,"min_rate":2.204,"max_rate":2.523,"is_open":false,"enter_tag":"","leverage":1.0,"is_short":false,"open_timestamp":1760498640000,"close_timestamp":1760643180000,"orders":[{"amount":4124.1,"safe_price":2.452,"ft_order_side":"buy","order_filled_timestamp":1760498640000,"ft_is_entry":true,"ft_order_tag":"","cost":10122.405493199998},{"amount":4124.1,"safe_price":2.207,"ft_order_side":"sell","order_filled_timestamp":1760643180000,"ft_is_entry":false,"ft_order_tag":"stop_loss","cost":9110.990588699999}],"funding_fees":0.0,"weekday":3},{"pair":"DOT/USDT","stake_amount":10112.41763,"max_stake_amount":10112.41763,"amount":3133.69,"open_date":"2025-10-15 03:24:00+00:00","close_date":"2025-10-17 06:49:00+00:00","open_rate":3.227,"close_rate":2.905,"fee_open":0.001,"fee_close":0.001,"trade_duration":3085,"profit_ratio":-0.1015817154645788,"profit_abs":-1028.26396708,"exit_reason":"stop_loss","initial_stop_loss_abs":2.905,"initial_stop_loss_ratio":-0.1,"stop_loss_abs":2.905,"stop_loss_ratio":-0.1,"min_rate":2.893,"max_rate":3.341,"is_open":false,"enter_tag":"","leverage":1.0,"is_short":false,"open_timestamp":1760498640000,"close_timestamp":1760683740000,"orders":[{"amount":3133.69,"safe_price":3.227,"ft_order_side":"buy","order_filled_timestamp":1760498640000,"ft_is_entry":true,"ft_order_tag":"","cost":10122.530047629998},{"amount":3133.69,"safe_price":2.905,"ft_order_side":"sell","order_filled_timestamp":1760683740000,"ft_is_entry":false,"ft_order_tag":"stop_loss","cost":9112.472819449998}],"funding_fees":0.0,"weekday":4},{"pair":"NEAR/USDT","stake_amount":9700.5414,"max_stake_amount":9700.5414,"amount":4387.4,"open_date":"2025-10-16 19:41:00+00:00","close_date":"2025-10-19 09:54:00+00:00","open_rate":2.211,"close_rate":2.195,"fee_open":0.001,"fee_close":0.001,"trade_duration":3733,"profit_ratio":-0.009220087917509898,"profit_abs":-89.5292844,"exit_reason":"exit_signal","initial_stop_loss_abs":1.99,"initial_stop_loss_ratio":-0.1,"stop_loss_abs":1.99,"stop_loss_ratio":-0.1,"min_rate":2.057,"max_rate":2.237,"is_open":false,"enter_tag":"","leverage":1.0,"is_short":false,"open_timestamp":1760643660000,"close_timestamp":1760867640000,"orders":[{"amount":4387.4,"safe_price":2.211,"ft_order_side":"buy","order_filled_timestamp":1760643660000,"ft_is_entry":true,"ft_order_tag":"","cost":9710.241941399998},{"amount":4387.4,"safe_price":2.195,"ft_order_side":"sell","order_filled_timestamp":1760867640000,"ft_is_entry":false,"ft_order_tag":"exit_signal","cost":9639.973342999998}],"funding_fees":0.0,"weekday":6},{"pair":"DOT/USDT","stake_amount":9494.98176,"max_stake_amount":9494.98176,"amount":3259.52,"open_date":"2025-10-17 06:53:00+00:00","close_date":"2025-10-20 03:54:00+00:00","open_rate":2.913,"close_rate":3.064627627627627,"fee_open":0.001,"fee_close":0.001,"trade_duration":4141,"profit_ratio":0.04995004995004995,"profit_abs":474.749088,"exit_reason":"roi","initial_stop_loss_abs":2.622,"initial_stop_loss_ratio":-0.1,"stop_loss_abs":2.622,"stop_loss_ratio":-0.1,"min_rate":2.772,"max_rate":3.07,"is_open":false,"enter_tag":"","leverage":1.0,"is_short":false,"open_timestamp":1760683980000,"close_timestamp":1760932440000,"orders":[{"amount":3259.52,"safe_price":2.913,"ft_order_side":"buy","order_filled_timestamp":1760683980000,"ft_is_entry":true,"ft_order_tag":"","cost":9504.476741759998},{"amount":3259.52,"safe_price":3.064627627627627,"ft_order_side":"sell","order_filled_timestamp":1760932440000,"ft_is_entry":false,"ft_order_tag":"roi","cost":9999.204259849606}],"funding_fees":0.0,"weekday":0},{"pair":"NEAR/USDT","stake_amount":9477.0093,"max_stake_amount":9477.0093,"amount":4286.3,"open_date":"2025-10-19 12:15:00+00:00","close_date":"2025-10-20 06:21:00+00:00","open_rate":2.211,"close_rate":2.3260870870870867,"fee_open":0.001,"fee_close":0.001,"trade_duration":1086,"profit_ratio":0.049950049950049945,"profit_abs":473.850465,"exit_reason":"roi","initial_stop_loss_abs":1.99,"initial_stop_loss_ratio":-0.1,"stop_loss_abs":1.99,"stop_loss_ratio":-0.1,"min_rate":2.205,"max_rate":2.328,"is_open":false,"enter_tag":"","leverage":1.0,"is_short":false,"open_timestamp":1760876100000,"close_timestamp":1760941260000,"orders":[{"amount":4286.3,"safe_price":2.211,"ft_order_side":"buy","order_filled_timestamp":1760876100000,"ft_is_entry":true,"ft_order_tag":"","cost":9486.486309299999},{"amount":4286.3,"safe_price":2.3260870870870867,"ft_order_side":"sell","order_filled_timestamp":1760941260000,"ft_is_entry":false,"ft_order_tag":"roi","cost":9980.27738846276}],"funding_fees":0.0,"weekday":0},{"pair":"BTC/USDT","stake_amount":10112.1457437,"max_stake_amount":10112.1457437,"amount":0.09009,"open_date":"2025-10-15 03:24:00+00:00","close_date":"2025-10-21 15:05:00+00:00","open_rate":112244.93,"close_rate":111994.78,"fee_open":0.001,"fee_close":0.001,"trade_duration":9341,"profit_ratio":-0.004222157688214046,"profit_abs":-42.73776897,"exit_reason":"exit_signal","initial_stop_loss_abs":101020.43699999999,"initial_stop_loss_ratio":-0.1,"stop_loss_abs":101020.43699999999,"stop_loss_ratio":-0.1,"min_rate":103528.23,"max_rate":113520.88,"is_open":false,"enter_tag":"","leverage":1.0,"is_short":false,"open_timestamp":1760498640000,"close_timestamp":1761059100000,"orders":[{"amount":0.09009,"safe_price":112244.93,"ft_order_side":"buy","order_filled_timestamp":1760498640000,"ft_is_entry":true,"ft_order_tag":"","cost":10122.257889443697},{"amount":0.09009,"safe_price":111994.78,"ft_order_side":"sell","order_filled_timestamp":1761059100000,"ft_is_entry":false,"ft_order_tag":"exit_signal","cost":10099.6993399302}],"funding_fees":0.0,"weekday":1},{"pair":"NEAR/USDT","stake_amount":9666.7032,"max_stake_amount":9666.7032,"amount":4181.1,"open_date":"2025-10-20 07:47:00+00:00","close_date":"2025-10-22 21:11:00+00:00","open_rate":2.312,"close_rate":2.081,"fee_open":0.001,"fee_close":0.001,"trade_duration":3684,"profit_ratio":-0.10171186944543346,"profit_abs":-984.2016723,"exit_reason":"stop_loss","initial_stop_loss_abs":2.081,"initial_stop_loss_ratio":-0.1,"stop_loss_abs":2.081,"stop_loss_ratio":-0.1,"min_rate":2.076,"max_rate":2.365,"is_open":false,"enter_tag":"","leverage":1.0,"is_short":false,"open_timestamp":1760946420000,"close_timestamp":1761167460000,"orders":[{"amount":4181.1,"safe_price":2.312,"ft_order_side":"buy","order_filled_timestamp":1760946420000,"ft_is_entry":true,"ft_order_tag":"","cost":9676.369903199999},{"amount":4181.1,"safe_price":2.081,"ft_order_side":"sell","order_filled_timestamp":1761167460000,"ft_is_entry":false,"ft_order_tag":"stop_loss","cost":8709.569969099999}],"funding_fees":0.0,"weekday":2},{"pair":"DOT/USDT","stake_amount":9666.80034,"max_stake_amount":9666.80034,"amount":3125.38,"open_date":"2025-10-20 07:44:00+00:00","close_date":"2025-10-23 13:39:00+00:00","open_rate":3.093,"close_rate":2.982,"fee_open":0.001,"fee_close":0.001,"trade_duration":4675,"profit_ratio":-0.03781378660137147,"profit_abs":-365.9038635,"exit_reason":"exit_signal","initial_stop_loss_abs":2.784,"initial_stop_loss_ratio":-0.1,"stop_loss_abs":2.784,"stop_loss_ratio":-0.1,"min_rate":2.834,"max_rate":3.19,"is_open":false,"enter_tag":"","leverage":1.0,"is_short":false,"open_timestamp":1760946240000,"close_timestamp":1761226740000,"orders":[{"amount":3125.38,"safe_price":3.093,"ft_order_side":"buy","order_filled_timestamp":1760946240000,"ft_is_entry":true,"ft_order_tag":"","cost":9676.467140339999},{"amount":3125.38,"safe_price":2.982,"ft_order_side":"sell","order_filled_timestamp":1761226740000,"ft_is_entry":false,"ft_order_tag":"exit_signal","cost":9329.20304316}],"funding_fees":0.0,"weekday":3},{"pair":"NEAR/USDT","stake_amount":9461.35,"max_stake_amount":9461.35,"amount":4452.4,"open_date":"2025-10-22 21:13:00+00:00","close_date":"2025-10-23 17:35:00+00:00","open_rate":2.125,"close_rate":2.235610610610611,"fee_open":0.001,"fee_close":0.001,"trade_duration":1222,"profit_ratio":0.04995004995004995,"profit_abs":473.0675,"exit_reason":"roi","initial_stop_loss_abs":1.913,"initial_stop_loss_ratio":-0.1,"stop_loss_abs":1.913,"stop_loss_ratio":-0.1,"min_rate":2.116,"max_rate":2.236,"is_open":false,"enter_tag":"","leverage":1.0,"is_short":false,"open_timestamp":1761167580000,"close_timestamp":1761240900000,"orders":[{"amount":4452.4,"safe_price":2.125,"ft_order_side":"buy","order_filled_timestamp":1761167580000,"ft_is_entry":true,"ft_order_tag":"","cost":9470.811349999998},{"amount":4452.4,"safe_price":2.235610610610611,"ft_order_side":"sell","order_filled_timestamp":1761240900000,"ft_is_entry":false,"ft_order_tag":"roi","cost":9963.786515365366}],"funding_fees":0.0,"weekday":3},{"pair":"DOT/USDT","stake_amount":9388.22287,"max_stake_amount":9388.22287,"amount":3181.37,"open_date":"2025-10-23 14:21:00+00:00","close_date":"2025-10-24 12:10:00+00:00","open_rate":2.951,"close_rate":3.063,"fee_open":0.001,"fee_close":0.001,"trade_duration":1309,"profit_ratio":0.035879403551379155,"profit_abs":337.18068082,"exit_reason":"exit_signal","initial_stop_loss_abs":2.656,"initial_stop_loss_ratio":-0.1,"stop_loss_abs":2.656,"stop_loss_ratio":-0.1,"min_rate":2.944,"max_rate":3.076,"is_open":false,"enter_tag":"","leverage":1.0,"is_short":false,"open_timestamp":1761229260000,"close_timestamp":1761307800000,"orders":[{"amount":3181.37,"safe_price":2.951,"ft_order_side":"buy","order_filled_timestamp":1761229260000,"ft_is_entry":true,"ft_order_tag":"","cost":9397.611092869998},{"amount":3181.37,"safe_price":3.063,"ft_order_side":"sell","order_filled_timestamp":1761307800000,"ft_is_entry":false,"ft_order_tag":"exit_signal","cost":9754.28084631}],"funding_fees":0.0,"weekday":4},{"pair":"BTC/USDT","stake_amount":9658.2173415,"max_stake_amount":9658.2173415,"amount":0.08567,"open_date":"2025-10-21 17:06:00+00:00","close_date":"2025-10-26 00:37:00+00:00","open_rate":112737.45,"close_rate":111799.99,"fee_open":0.001,"fee_close":0.001,"trade_duration":6211,"profit_ratio":-0.010296814442233973,"profit_abs":-99.54832068,"exit_reason":"exit_signal","initial_stop_loss_abs":101463.705,"initial_stop_loss_ratio":-0.1,"stop_loss_abs":101463.705,"stop_loss_ratio":-0.1,"min_rate":106666.69,"max_rate":112993.67,"is_open":false,"enter_tag":"","leverage":1.0,"is_short":false,"open_timestamp":1761066360000,"close_timestamp":1761439020000,"orders":[{"amount":0.08567,"safe_price":112737.45,"ft_order_side":"buy","order_filled_timestamp":1761066360000,"ft_is_entry":true,"ft_order_tag":"","cost":9667.875558841499},{"amount":0.08567,"safe_price":111799.99,"ft_order_side":"sell","order_filled_timestamp":1761439020000,"ft_is_entry":false,"ft_order_tag":"exit_signal","cost":9587.483048443299}],"funding_fees":0.0,"weekday":6},{"pair":"NEAR/USDT","stake_amount":9482.844,"max_stake_amount":9482.844,"amount":4287.0,"open_date":"2025-10-23 18:53:00+00:00","close_date":"2025-10-26 09:23:00+00:00","open_rate":2.212,"close_rate":2.3271391391391387,"fee_open":0.001,"fee_close":0.001,"trade_duration":3750,"profit_ratio":0.04995004995004995,"profit_abs":474.1422,"exit_reason":"roi","initial_stop_loss_abs":1.991,"initial_stop_loss_ratio":-0.1,"stop_loss_abs":1.991,"stop_loss_ratio":-0.1,"min_rate":2.172,"max_rate":2.331,"is_open":false,"enter_tag":"","leverage":1.0,"is_short":false,"open_timestamp":1761245580000,"close_timestamp":1761470580000,"orders":[{"amount":4287.0,"safe_price":2.212,"ft_order_side":"buy","order_filled_timestamp":1761245580000,"ft_is_entry":true,"ft_order_tag":"","cost":9492.326844},{"amount":4287.0,"safe_price":2.3271391391391387,"ft_order_side":"sell","order_filled_timestamp":1761470580000,"ft_is_entry":false,"ft_order_tag":"roi","cost":9986.421934978976}],"funding_fees":0.0,"weekday":6},{"pair":"ATOM/USDT","stake_amount":9906.56667,"max_stake_amount":9906.56667,"amount":3012.03,"open_date":"2025-10-16 18:09:00+00:00","close_date":"2025-10-26 11:49:00+00:00","open_rate":3.289,"close_rate":3.212,"fee_open":0.001,"fee_close":0.001,"trade_duration":14020,"profit_ratio":-0.025362597268951785,"profit_abs":-251.50751703,"exit_reason":"exit_signal","initial_stop_loss_abs":2.961,"initial_stop_loss_ratio":-0.1,"stop_loss_abs":2.961,"stop_loss_ratio":-0.1,"min_rate":3.016,"max_rate":3.373,"is_open":false,"enter_tag":"","leverage":1.0,"is_short":false,"open_timestamp":1760638140000,"close_timestamp":1761479340000,"orders":[{"amount":3012.03,"safe_price":3.289,"ft_order_side":"buy","order_filled_timestamp":1760638140000,"ft_is_entry":true,"ft_order_tag":"","cost":9916.473236670001},{"amount":3012.03,"safe_price":3.212,"ft_order_side":"sell","order_filled_timestamp":1761479340000,"ft_is_entry":false,"ft_order_tag":"exit_signal","cost":9684.31500036}],"funding_fees":0.0,"weekday":6},{"pair":"DOT/USDT","stake_amount":9550.2952,"max_stake_amount":9550.2952,"amount":3146.72,"open_date":"2025-10-24 14:29:00+00:00","close_date":"2025-10-26 22:02:00+00:00","open_rate":3.035,"close_rate":3.1929779779779777,"fee_open":0.001,"fee_close":0.001,"trade_duration":3333,"profit_ratio":0.04995004995004996,"profit_abs":477.51476,"exit_reason":"roi","initial_stop_loss_abs":2.732,"initial_stop_loss_ratio":-0.1,"stop_loss_abs":2.732,"stop_loss_ratio":-0.1,"min_rate":3.013,"max_rate":3.208,"is_open":false,"enter_tag":"","leverage":1.0,"is_short":false,"open_timestamp":1761316140000,"close_timestamp":1761516120000,"orders":[{"amount":3146.72,"safe_price":3.035,"ft_order_side":"buy","order_filled_timestamp":1761316140000,"ft_is_entry":true,"ft_order_tag":"","cost":9559.8454952},{"amount":3146.72,"safe_price":3.1929779779779777,"ft_order_side":"sell","order_filled_timestamp":1761516120000,"ft_is_entry":false,"ft_order_tag":"roi","cost":10057.455070525722}],"funding_fees":0.0,"weekday":6},{"pair":"DOT/USDT","stake_amount":9670.41559,"max_stake_amount":9670.41559,"amount":3028.63,"open_date":"2025-10-27 00:02:00+00:00","close_date":"2025-10-27 16:13:00+00:00","open_rate":3.193,"close_rate":3.174,"fee_open":0.001,"fee_close":0.001,"trade_duration":971,"profit_ratio":-0.007936629609038003,"profit_abs":-76.82725721,"exit_reason":"exit_signal","initial_stop_loss_abs":2.874,"initial_stop_loss_ratio":-0.1,"stop_loss_abs":2.874,"stop_loss_ratio":-0.1,"min_rate":3.119,"max_rate":3.247,"is_open":false,"enter_tag":"","leverage":1.0,"is_short":false,"open_timestamp":1761523320000,"close_timestamp":1761581580000,"orders":[{"amount":3028.63,"safe_price":3.193,"ft_order_side":"buy","order_filled_timestamp":1761523320000,"ft_is_entry":true,"ft_order_tag":"","cost":9680.08600559},{"amount":3028.63,"safe_price":3.174,"ft_order_side":"sell","order_filled_timestamp":1761581580000,"ft_is_entry":false,"ft_order_tag":"exit_signal","cost":9622.484491619998}],"funding_fees":0.0,"weekday":0},{"pair":"ATOM/USDT","stake_amount":9574.8884,"max_stake_amount":9574.8884,"amount":2970.8,"open_date":"2025-10-26 20:27:00+00:00","close_date":"2025-10-30 06:57:00+00:00","open_rate":3.223,"close_rate":3.106,"fee_open":0.001,"fee_close":0.001,"trade_duration":4950,"profit_ratio":-0.038227053740550486,"profit_abs":-366.3857932,"exit_reason":"exit_signal","initial_stop_loss_abs":2.901,"initial_stop_loss_ratio":-0.1,"stop_loss_abs":2.901,"stop_loss_ratio":-0.1,"min_rate":3.002,"max_rate":3.286,"is_open":false,"enter_tag":"","leverage":1.0,"is_short":false,"open_timestamp":1761510420000,"close_timestamp":1761807420000,"orders":[{"amount":2970.8,"safe_price":3.223,"ft_order_side":"buy","order_filled_timestamp":1761510420000,"ft_is_entry":true,"ft_order_tag":"","cost":9584.463288399998},{"amount":2970.8,"safe_price":3.106,"ft_order_side":"sell","order_filled_timestamp":1761807420000,"ft_is_entry":false,"ft_order_tag":"exit_signal","cost":9236.532104799999}],"funding_fees":0.0,"weekday":3},{"pair":"DOT/USDT","stake_amount":9655.05002,"max_stake_amount":9655.05002,"amount":3038.09,"open_date":"2025-10-27 19:38:00+00:00","close_date":"2025-10-30 13:38:00+00:00","open_rate":3.178,"close_rate":2.861,"fee_open":0.001,"fee_close":0.001,"trade_duration":3960,"profit_ratio":-0.10154697410833345,"profit_abs":-981.42155551,"exit_reason":"stop_loss","initial_stop_loss_abs":2.861,"initial_stop_loss_ratio":-0.1,"stop_loss_abs":2.861,"stop_loss_ratio":-0.1,"min_rate":2.86,"max_rate":3.195,"is_open":false,"enter_tag":"","leverage":1.0,"is_short":false,"open_timestamp":1761593880000,"close_timestamp":1761831480000,"orders":[{"amount":3038.09,"safe_price":3.178,"ft_order_side":"buy","order_filled_timestamp":1761593880000,"ft_is_entry":true,"ft_order_tag":"","cost":9664.70507002},{"amount":3038.09,"safe_price":2.861,"ft_order_side":"sell","order_filled_timestamp":1761831480000,"ft_is_entry":false,"ft_order_tag":"stop_loss","cost":8700.66746549}],"funding_fees":0.0,"weekday":3},{"pair":"NEAR/USDT","stake_amount":9625.0784,"max_stake_amount":9625.0784,"amount":4141.6,"open_date":"2025-10-26 10:32:00+00:00","close_date":"2025-10-30 15:18:00+00:00","open_rate":2.324,"close_rate":2.092,"fee_open":0.001,"fee_close":0.001,"trade_duration":6046,"profit_ratio":-0.10162642864880385,"profit_abs":-979.1405056,"exit_reason":"stop_loss","initial_stop_loss_abs":2.092,"initial_stop_loss_ratio":-0.1,"stop_loss_abs":2.092,"stop_loss_ratio":-0.1,"min_rate":2.092,"max_rate":2.419,"is_open":false,"enter_tag":"","leverage":1.0,"is_short":false,"open_timestamp":1761474720000,"close_timestamp":1761837480000,"orders":[{"amount":4141.6,"safe_price":2.324,"ft_order_side":"buy","order_filled_timestamp":1761474720000,"ft_is_entry":true,"ft_order_tag":"","cost":9634.703478399999},{"amount":4141.6,"safe_price":2.092,"ft_order_side":"sell","order_filled_timestamp":1761837480000,"ft_is_entry":false,"ft_order_tag":"stop_loss","cost":8672.8914272}],"funding_fees":0.0,"weekday":3},{"pair":"BTC/USDT","stake_amount":9529.9751976,"max_stake_amount":9529.9751976,"amount":0.08562,"open_date":"2025-10-26 03:47:00+00:00","close_date":"2025-11-01 20:28:00+00:00","open_rate":111305.48,"close_rate":110436.01,"fee_open":0.001,"fee_close":0.001,"trade_duration":9641,"profit_ratio":-0.009793959547966828,"profit_abs":-93.42952777,"exit_reason":"exit_signal","initial_stop_loss_abs":100174.932,"initial_stop_loss_ratio":-0.1,"stop_loss_abs":100174.932,"stop_loss_ratio":-0.1,"min_rate":106304.34,"max_rate":116400.0,"is_open":false,"enter_tag":"","leverage":1.0,"is_short":false,"open_timestamp":1761450420000,"close_timestamp":1762028880000,"orders":[{"amount":0.08562,"safe_price":111305.48,"ft_order_side":"buy","order_filled_timestamp":1761450420000,"ft_is_entry":true,"ft_order_tag":"","cost":9539.505172797599},{"amount":0.08562,"safe_price":110436.01,"ft_order_side":"sell","order_filled_timestamp":1762028880000,"ft_is_entry":false,"ft_order_tag":"exit_signal","cost":9464.9867073762}],"funding_fees":0.0,"weekday":5},{"pair":"NEAR/USDT","stake_amount":9189.4879,"max_stake_amount":9189.4879,"amount":4415.9,"open_date":"2025-10-30 17:08:00+00:00","close_date":"2025-11-02 07:50:00+00:00","open_rate":2.081,"close_rate":2.18932032032032,"fee_open":0.001,"fee_close":0.001,"trade_duration":3762,"profit_ratio":0.04995004995004996,"profit_abs":459.474395,"exit_reason":"roi","initial_stop_loss_abs":1.873,"initial_stop_loss_ratio":-0.1,"stop_loss_abs":1.873,"stop_loss_ratio":-0.1,"min_rate":2.029,"max_rate":2.191,"is_open":false,"enter_tag":"","leverage":1.0,"is_short":false,"open_timestamp":1761844080000,"close_timestamp":1762069800000,"orders":[{"amount":4415.9,"safe_price":2.081,"ft_order_side":"buy","order_filled_timestamp":1761844080000,"ft_is_entry":true,"ft_order_tag":"","cost":9198.677387899997},{"amount":4415.9,"safe_price":2.18932032032032,"ft_order_side":"sell","order_filled_timestamp":1762069800000,"ft_is_entry":false,"ft_order_tag":"roi","cost":9677.487422105003}],"funding_fees":0.0,"weekday":6},{"pair":"ATOM/USDT","stake_amount":9581.75268,"max_stake_amount":9581.75268,"amount":3065.18,"open_date":"2025-10-30 07:53:00+00:00","close_date":"2025-11-03 09:50:00+00:00","open_rate":3.126,"close_rate":2.814,"fee_open":0.001,"fee_close":0.001,"trade_duration":5877,"profit_ratio":-0.10160664671221294,"profit_abs":-974.5433292,"exit_reason":"stop_loss","initial_stop_loss_abs":2.814,"initial_stop_loss_ratio":-0.1,"stop_loss_abs":2.814,"stop_loss_ratio":-0.1,"min_rate":2.813,"max_rate":3.127,"is_open":false,"enter_tag":"","leverage":1.0,"is_short":false,"open_timestamp":1761810780000,"close_timestamp":1762163400000,"orders":[{"amount":3065.18,"safe_price":3.126,"ft_order_side":"buy","order_filled_timestamp":1761810780000,"ft_is_entry":true,"ft_order_tag":"","cost":9591.334432679998},{"amount":3065.18,"safe_price":2.814,"ft_order_side":"sell","order_filled_timestamp":1762163400000,"ft_is_entry":false,"ft_order_tag":"stop_loss","cost":8634.041936519998}],"funding_fees":0.0,"weekday":0},{"pair":"NEAR/USDT","stake_amount":9262.6996,"max_stake_amount":9262.6996,"amount":4254.8,"open_date":"2025-11-02 08:48:00+00:00","close_date":"2025-11-03 15:26:00+00:00","open_rate":2.177,"close_rate":1.96,"fee_open":0.001,"fee_close":0.001,"trade_duration":1838,"profit_ratio":-0.10147730083421401,"profit_abs":-940.8937076,"exit_reason":"stop_loss","initial_stop_loss_abs":1.96,"initial_stop_loss_ratio":-0.1,"stop_loss_abs":1.96,"stop_loss_ratio":-0.1,"min_rate":1.957,"max_rate":2.204,"is_open":false,"enter_tag":"","leverage":1.0,"is_short":false,"open_timestamp":1762073280000,"close_timestamp":1762183560000,"orders":[{"amount":4254.8,"safe_price":2.177,"ft_order_side":"buy","order_filled_timestamp":1762073280000,"ft_is_entry":true,"ft_order_tag":"","cost":9271.962299599998},{"amount":4254.8,"safe_price":1.96,"ft_order_side":"sell","order_filled_timestamp":1762183560000,"ft_is_entry":false,"ft_order_tag":"stop_loss","cost":8347.747408}],"funding_fees":0.0,"weekday":0},{"pair":"DOT/USDT","stake_amount":9385.48016,"max_stake_amount":9385.48016,"amount":3249.82,"open_date":"2025-10-30 13:40:00+00:00","close_date":"2025-11-03 15:30:00+00:00","open_rate":2.888,"close_rate":2.6,"fee_open":0.001,"fee_close":0.001,"trade_duration":5870,"profit_ratio":-0.10152174695110984,"profit_abs":-953.78317216,"exit_reason":"stop_loss","initial_stop_loss_abs":2.6,"initial_stop_loss_ratio":-0.1,"stop_loss_abs":2.6,"stop_loss_ratio":-0.1,"min_rate":2.5,"max_rate":3.016,"is_open":false,"enter_tag":"","leverage":1.0,"is_short":false,"open_timestamp":1761831600000,"close_timestamp":1762183800000,"orders":[{"amount":3249.82,"safe_price":2.888,"ft_order_side":"buy","order_filled_timestamp":1761831600000,"ft_is_entry":true,"ft_order_tag":"","cost":9394.86564016},{"amount":3249.82,"safe_price":2.6,"ft_order_side":"sell","order_filled_timestamp":1762183800000,"ft_is_entry":false,"ft_order_tag":"stop_loss","cost":8457.981532}],"funding_fees":0.0,"weekday":0},{"pair":"ATOM/USDT","stake_amount":9067.95727,"max_stake_amount":9067.95727,"amount":3235.09,"open_date":"2025-11-03 10:01:00+00:00","close_date":"2025-11-03 20:54:00+00:00","open_rate":2.803,"close_rate":2.523,"fee_open":0.001,"fee_close":0.001,"trade_duration":653,"profit_ratio":-0.10169138745663897,"profit_abs":-923.05528934,"exit_reason":"stop_loss","initial_stop_loss_abs":2.523,"initial_stop_loss_ratio":-0.1,"stop_loss_abs":2.523,"stop_loss_ratio":-0.1,"min_rate":2.516,"max_rate":2.811,"is_open":false,"enter_tag":"","leverage":1.0,"is_short":false,"open_timestamp":1762164060000,"close_timestamp":1762203240000,"orders":[{"amount":3235.09,"safe_price":2.803,"ft_order_side":"buy","order_filled_timestamp":1762164060000,"ft_is_entry":true,"ft_order_tag":"","cost":9077.02522727},{"amount":3235.09,"safe_price":2.523,"ft_order_side":"sell","order_filled_timestamp":1762203240000,"ft_is_entry":false,"ft_order_tag":"stop_loss","cost":8170.294202069999}],"funding_fees":0.0,"weekday":0},{"pair":"ATOM/USDT","stake_amount":8504.41032,"max_stake_amount":8504.41032,"amount":3396.33,"open_date":"2025-11-03 21:20:00+00:00","close_date":"2025-11-04 06:45:00+00:00","open_rate":2.504,"close_rate":2.506,"fee_open":0.001,"fee_close":0.001,"trade_duration":565,"profit_ratio":-0.0012008758015147791,"profit_abs":-10.2229533,"exit_reason":"force_exit","initial_stop_loss_abs":2.254,"initial_stop_loss_ratio":-0.1,"stop_loss_abs":2.254,"stop_loss_ratio":-0.1,"min_rate":2.417,"max_rate":2.541,"is_open":false,"enter_tag":"","leverage":1.0,"is_short":false,"open_timestamp":1762204800000,"close_timestamp":1762238700000,"orders":[{"amount":3396.33,"safe_price":2.504,"ft_order_side":"buy","order_filled_timestamp":1762204800000,"ft_is_entry":true,"ft_order_tag":"","cost":8512.914730319999},{"amount":3396.33,"safe_price":2.506,"ft_order_side":"sell","order_filled_timestamp":1762238700000,"ft_is_entry":false,"ft_order_tag":"force_exit","cost":8519.714182979997}],"funding_fees":0.0,"weekday":1},{"pair":"BTC/USDT","stake_amount":9169.9827345,"max_stake_amount":9169.9827345,"amount":0.08309,"open_date":"2025-11-01 21:16:00+00:00","close_date":"2025-11-04 06:44:00+00:00","open_rate":110362.05,"close_rate":104563.39,"fee_open":0.001,"fee_close":0.001,"trade_duration":3448,"profit_ratio":-0.054435178235114984,"profit_abs":-499.66881421,"exit_reason":"force_exit","initial_stop_loss_abs":99325.845,"initial_stop_loss_ratio":-0.1,"stop_loss_abs":99325.845,"stop_loss_ratio":-0.1,"min_rate":104200.0,"max_rate":111250.01,"is_open":false,"enter_tag":"","leverage":1.0,"is_short":false,"open_timestamp":1762031760000,"close_timestamp":1762238640000,"orders":[{"amount":0.08309,"safe_price":110362.05,"ft_order_side":"buy","order_filled_timestamp":1762031760000,"ft_is_entry":true,"ft_order_tag":"","cost":9179.152717234498},{"amount":0.08309,"safe_price":104563.39,"ft_order_side":"sell","order_filled_timestamp":1762238640000,"ft_is_entry":false,"ft_order_tag":"force_exit","cost":8696.860247175098}],"funding_fees":0.0,"weekday":1},{"pair":"DOT/USDT","stake_amount":8689.00296,"max_stake_amount":8689.00296,"amount":3357.42,"open_date":"2025-11-03 15:36:00+00:00","close_date":"2025-11-04 06:44:00+00:00","open_rate":2.588,"close_rate":2.559,"fee_open":0.001,"fee_close":0.001,"trade_duration":908,"profit_ratio":-0.0131811774006519,"profit_abs":-114.64582074,"exit_reason":"force_exit","initial_stop_loss_abs":2.33,"initial_stop_loss_ratio":-0.1,"stop_loss_abs":2.33,"stop_loss_ratio":-0.1,"min_rate":2.506,"max_rate":2.669,"is_open":false,"enter_tag":"","leverage":1.0,"is_short":false,"open_timestamp":1762184160000,"close_timestamp":1762238640000,"orders":[{"amount":3357.42,"safe_price":2.588,"ft_order_side":"buy","order_filled_timestamp":1762184160000,"ft_is_entry":true,"ft_order_tag":"","cost":8697.69196296},{"amount":3357.42,"safe_price":2.559,"ft_order_side":"sell","order_filled_timestamp":1762238640000,"ft_is_entry":false,"ft_order_tag":"force_exit","cost":8600.22941778}],"funding_fees":0.0,"weekday":1},{"pair":"NEAR/USDT","stake_amount":8688.9888,"max_stake_amount":8688.9888,"amount":4582.8,"open_date":"2025-11-03 15:35:00+00:00","close_date":"2025-11-04 06:45:00+00:00","open_rate":1.896,"close_rate":1.86,"fee_open":0.001,"fee_close":0.001,"trade_duration":910,"profit_ratio":-0.02094740702335639,"profit_abs":-182.1937968,"exit_reason":"force_exit","initial_stop_loss_abs":1.707,"initial_stop_loss_ratio":-0.1,"stop_loss_abs":1.707,"stop_loss_ratio":-0.1,"min_rate":1.829,"max_rate":1.972,"is_open":false,"enter_tag":"","leverage":1.0,"is_short":false,"open_timestamp":1762184100000,"close_timestamp":1762238700000,"orders":[{"amount":4582.8,"safe_price":1.896,"ft_order_side":"buy","order_filled_timestamp":1762184100000,"ft_is_entry":true,"ft_order_tag":"","cost":8697.677788799998},{"amount":4582.8,"safe_price":1.86,"ft_order_side":"sell","order_filled_timestamp":1762238700000,"ft_is_entry":false,"ft_order_tag":"force_exit","cost":8532.532008}],"funding_fees":0.0,"weekday":1}],"locks":[],"best_pair":{"key":"BTC/USDT","trades":4,"profit_mean":-0.019687027478382458,"profit_mean_pct":-1.97,"profit_total_abs":-735.38443163,"profit_total":-0.0147076886326,"profit_total_pct":-1.47,"duration_avg":"4 days, 23:20:00","wins":0,"draws":0,"losses":4,"winrate":0.0,"cagr":-0.14705821711401024,"expectancy":-183.8461079075,"expectancy_ratio":-1.0,"sortino":-2.249814475308346,"sharpe":-2.249814475308346,"calmar":-56.19109757218456,"sqn":-1.7337,"profit_factor":0.0,"max_drawdown_account":0.014707688632600038,"max_drawdown_abs":735.38443163},"worst_pair":{"key":"ATOM/USDT","trades":15,"profit_mean":-0.020686199209491322,"profit_mean_pct":-2.07,"profit_total_abs":-2992.8288049000003,"profit_total":-0.059856576098000006,"profit_total_pct":-5.99,"duration_avg":"2 days, 2:38:00","wins":6,"draws":0,"losses":9,"winrate":0.4,"cagr":-0.48449733518362215,"expectancy":-199.52192032666662,"expectancy_ratio":-0.3048145806990278,"sortino":-4.34594934569051,"sharpe":-2.6568319080919696,"calmar":-47.83649155335635,"sqn":-1.1794,"profit_factor":0.4919756988349536,"max_drawdown_account":0.0703104805273628,"max_drawdown_abs":3555.05437647},"results_per_pair":[{"key":"BTC/USDT","trades":4,"profit_mean":-0.019687027478382458,"profit_mean_pct":-1.97,"profit_total_abs":-735.38443163,"profit_total":-0.0147076886326,"profit_total_pct":-1.47,"duration_avg":"4 days, 23:20:00","wins":0,"draws":0,"losses":4,"winrate":0.0,"cagr":-0.14705821711401024,"expectancy":-183.8461079075,"expectancy_ratio":-1.0,"sortino":-2.249814475308346,"sharpe":-2.249814475308346,"calmar":-56.19109757218456,"sqn":-1.7337,"profit_factor":0.0,"max_drawdown_account":0.014707688632600038,"max_drawdown_abs":735.38443163},{"key":"DOT/USDT","trades":9,"profit_mean":-0.02531139185373382,"profit_mean_pct":-2.53,"profit_total_abs":-2231.40110738,"profit_total":-0.044628022147600005,"profit_total_pct":-4.46,"duration_avg":"2 days, 4:19:00","wins":3,"draws":0,"losses":6,"winrate":0.3333333333333333,"cagr":-0.3874437959511131,"expectancy":-247.93345637555558,"expectancy_ratio":-0.42251234276174643,"sortino":-3.0453770162929983,"sharpe":-2.1374464908358686,"calmar":-56.19109757218473,"sqn":-1.1954,"profit_factor":0.3662314858573804,"max_drawdown_account":0.044628022147599984,"max_drawdown_abs":2231.40110738},{"key":"NEAR/USDT","trades":10,"profit_mean":-0.023689969276797194,"profit_mean_pct":-2.37,"profit_total_abs":-2325.0430886000004,"profit_total":-0.04650086177200001,"profit_total_pct":-4.65,"duration_avg":"1 day, 23:24:00","wins":4,"draws":0,"losses":6,"winrate":0.4,"cagr":-0.40021252765666204,"expectancy":-232.5043088600001,"expectancy_ratio":-0.33170849993089346,"sortino":-3.2557378670946107,"sharpe":-2.0022287918754467,"calmar":-56.19109757218464,"sqn":-1.069,"profit_factor":0.44715250011517754,"max_drawdown_account":0.04650086177200006,"max_drawdown_abs":2325.0430886000004},{"key":"ATOM/USDT","trades":15,"profit_mean":-0.020686199209491322,"profit_mean_pct":-2.07,"profit_total_abs":-2992.8288049000003,"profit_total":-0.059856576098000006,"profit_total_pct":-5.99,"duration_avg":"2 days, 2:38:00","wins":6,"draws":0,"losses":9,"winrate":0.4,"cagr":-0.48449733518362215,"expectancy":-199.52192032666662,"expectancy_ratio":-0.3048145806990278,"sortino":-4.34594934569051,"sharpe":-2.6568319080919696,"calmar":-47.83649155335635,"sqn":-1.1794,"profit_factor":0.4919756988349536,"max_drawdown_account":0.0703104805273628,"max_drawdown_abs":3555.05437647},{"key":"TOTAL","trades":38,"profit_mean":-0.022466929408091477,"profit_mean_pct":-2.25,"profit_total_abs":-8284.65743251,"profit_total":-0.1656931486502,"profit_total_pct":-16.57,"duration_avg":"2 days, 9:25:00","wins":13,"draws":0,"losses":25,"winrate":0.34210526315789475,"cagr":-0.8569758316038608,"expectancy":-218.0173008555263,"expectancy_ratio":-0.3797437782651447,"sortino":-11.316240659106022,"sharpe":-7.804688889575926,"calmar":-53.21180169319685,"sqn":-2.2233,"profit_factor":0.42278945703697995,"max_drawdown_account":0.17497020560452553,"max_drawdown_abs":8846.883004079998}],"results_per_enter_tag":[{"key":"","trades":38,"profit_mean":-0.022466929408091477,"profit_mean_pct":-2.25,"profit_total_abs":-8284.65743251,"profit_total":-0.1656931486502,"profit_total_pct":-16.57,"duration_avg":"2 days, 9:25:00","wins":13,"draws":0,"losses":25,"winrate":0.34210526315789475,"cagr":-0.8569758316038608,"expectancy":-218.0173008555263,"expectancy_ratio":-0.3797437782651447,"sortino":-11.316240659106022,"sharpe":-7.804688889575926,"calmar":-53.21180169319685,"sqn":-2.2233,"profit_factor":0.42278945703697995,"max_drawdown_account":0.17497020560452553,"max_drawdown_abs":8846.883004079998},{"key":"TOTAL","trades":38,"profit_mean":-0.022466929408091477,"profit_mean_pct":-2.25,"profit_total_abs":-8284.65743251,"profit_total":-0.1656931486502,"profit_total_pct":-16.57,"duration_avg":"2 days, 9:25:00","wins":13,"draws":0,"losses":25,"winrate":0.34210526315789475,"cagr":-0.8569758316038608,"expectancy":-218.0173008555263,"expectancy_ratio":-0.3797437782651447,"sortino":-11.316240659106022,"sharpe":-7.804688889575926,"calmar":-53.21180169319685,"sqn":-2.2233,"profit_factor":0.42278945703697995,"max_drawdown_account":0.17497020560452553,"max_drawdown_abs":8846.883004079998}],"exit_reason_summary":[{"key":"roi","trades":11,"profit_mean":0.04995004995004995,"profit_mean_pct":5.0,"profit_total_abs":5297.1656615,"profit_total":0.10594331323,"profit_total_pct":10.59,"duration_avg":"1 day, 8:40:00","wins":11,"draws":0,"losses":0,"winrate":1.0,"cagr":1.9477129625169503,"expectancy":481.5605146818182,"expectancy_ratio":100.0,"sortino":-100,"sharpe":242.08539043354236,"calmar":-100,"sqn":123.8535,"profit_factor":0.0,"max_drawdown_account":0.0,"max_drawdown_abs":0.0},{"key":"force_exit","trades":4,"profit_mean":-0.022441159615159512,"profit_mean_pct":-2.24,"profit_total_abs":-806.73138505,"profit_total":-0.016134627701,"profit_total_pct":-1.61,"duration_avg":"1 day, 0:18:00","wins":0,"draws":0,"losses":4,"winrate":0.0,"cagr":-0.1602260476433336,"expectancy":-201.6828462625,"expectancy_ratio":-1.0,"sortino":-2.4821948005106758,"sharpe":-2.4821948005106758,"calmar":-56.19109757218473,"sqn":-1.9128,"profit_factor":0.0,"max_drawdown_account":0.01613462770099999,"max_drawdown_abs":806.73138505},{"key":"exit_signal","trades":11,"profit_mean":-0.008528955279983317,"profit_mean_pct":-0.85,"profit_total_abs":-927.5688225000001,"profit_total":-0.018551376450000004,"profit_total_pct":-1.86,"duration_avg":"3 days, 14:36:00","wins":2,"draws":0,"losses":9,"winrate":0.18181818181818182,"cagr":-0.18210797233374054,"expectancy":-84.3244384090909,"expectancy_ratio":-0.446773842442974,"sortino":-4.134943530151316,"sharpe":-2.0850501297749044,"calmar":-49.821620662088094,"sqn":-1.0667,"profit_factor":0.45394308145858725,"max_drawdown_account":0.0209230890193324,"max_drawdown_abs":1048.68865194},{"key":"stop_loss","trades":12,"profit_mean":-0.10163422670146426,"profit_mean_pct":-10.16,"profit_total_abs":-11847.52288646,"profit_total":-0.23695045772919998,"profit_total_pct":-23.7,"duration_avg":"2 days, 16:23:00","wins":0,"draws":0,"losses":12,"winrate":0.0,"cagr":-0.9451509538436851,"expectancy":-987.2935738716666,"expectancy_ratio":-1.0,"sortino":-192.66876879034282,"sharpe":-192.66876879034282,"calmar":-56.19109757218471,"sqn":-94.7674,"profit_factor":0.0,"max_drawdown_account":0.23695045772919998,"max_drawdown_abs":11847.52288646},{"key":"TOTAL","trades":38,"profit_mean":-0.022466929408091477,"profit_mean_pct":-2.25,"profit_total_abs":-8284.65743251,"profit_total":-0.1656931486502,"profit_total_pct":-16.57,"duration_avg":"2 days, 9:25:00","wins":13,"draws":0,"losses":25,"winrate":0.34210526315789475,"cagr":-0.8569758316038608,"expectancy":-218.0173008555263,"expectancy_ratio":-0.3797437782651447,"sortino":-11.316240659106022,"sharpe":-7.804688889575926,"calmar":-53.21180169319685,"sqn":-2.2233,"profit_factor":0.42278945703697995,"max_drawdown_account":0.17497020560452553,"max_drawdown_abs":8846.883004079998}],"mix_tag_stats":[{"key":["","roi"],"trades":11,"profit_mean":0.04995004995004995,"profit_mean_pct":5.0,"profit_total_abs":5297.1656615,"profit_total":0.10594331323,"profit_total_pct":10.59,"duration_avg":"1 day, 8:40:00","wins":11,"draws":0,"losses":0,"winrate":1.0,"cagr":1.9477129625169503,"expectancy":481.5605146818182,"expectancy_ratio":100.0,"sortino":-100,"sharpe":242.08539043354236,"calmar":-100,"sqn":123.8535,"profit_factor":0.0,"max_drawdown_account":0.0,"max_drawdown_abs":0.0},{"key":["","force_exit"],"trades":4,"profit_mean":-0.022441159615159512,"profit_mean_pct":-2.24,"profit_total_abs":-806.73138505,"profit_total":-0.016134627701,"profit_total_pct":-1.61,"duration_avg":"1 day, 0:18:00","wins":0,"draws":0,"losses":4,"winrate":0.0,"cagr":-0.1602260476433336,"expectancy":-201.6828462625,"expectancy_ratio":-1.0,"sortino":-2.4821948005106758,"sharpe":-2.4821948005106758,"calmar":-56.19109757218473,"sqn":-1.9128,"profit_factor":0.0,"max_drawdown_account":0.01613462770099999,"max_drawdown_abs":806.73138505},{"key":["","exit_signal"],"trades":11,"profit_mean":-0.008528955279983317,"profit_mean_pct":-0.85,"profit_total_abs":-927.5688225000001,"profit_total":-0.018551376450000004,"profit_total_pct":-1.86,"duration_avg":"3 days, 14:36:00","wins":2,"draws":0,"losses":9,"winrate":0.18181818181818182,"cagr":-0.18210797233374054,"expectancy":-84.3244384090909,"expectancy_ratio":-0.446773842442974,"sortino":-4.134943530151316,"sharpe":-2.0850501297749044,"calmar":-49.821620662088094,"sqn":-1.0667,"profit_factor":0.45394308145858725,"max_drawdown_account":0.0209230890193324,"max_drawdown_abs":1048.68865194},{"key":["","stop_loss"],"trades":12,"profit_mean":-0.10163422670146426,"profit_mean_pct":-10.16,"profit_total_abs":-11847.52288646,"profit_total":-0.23695045772919998,"profit_total_pct":-23.7,"duration_avg":"2 days, 16:23:00","wins":0,"draws":0,"losses":12,"winrate":0.0,"cagr":-0.9451509538436851,"expectancy":-987.2935738716666,"expectancy_ratio":-1.0,"sortino":-192.66876879034282,"sharpe":-192.66876879034282,"calmar":-56.19109757218471,"sqn":-94.7674,"profit_factor":0.0,"max_drawdown_account":0.23695045772919998,"max_drawdown_abs":11847.52288646},{"key":"TOTAL","trades":38,"profit_mean":-0.022466929408091477,"profit_mean_pct":-2.25,"profit_total_abs":-8284.65743251,"profit_total":-0.1656931486502,"profit_total_pct":-16.57,"duration_avg":"2 days, 9:25:00","wins":13,"draws":0,"losses":25,"winrate":0.34210526315789475,"cagr":-0.8569758316038608,"expectancy":-218.0173008555263,"expectancy_ratio":-0.3797437782651447,"sortino":-11.316240659106022,"sharpe":-7.804688889575926,"calmar":-53.21180169319685,"sqn":-2.2233,"profit_factor":0.42278945703697995,"max_drawdown_account":0.17497020560452553,"max_drawdown_abs":8846.883004079998}],"left_open_trades":[{"key":"ATOM/USDT","trades":1,"profit_mean":-0.0012008758015147791,"profit_mean_pct":-0.12,"profit_total_abs":-10.2229533,"profit_total":-0.000204459066,"profit_total_pct":-0.02,"duration_avg":"9:25:00","wins":0,"draws":0,"losses":1,"winrate":0.0,"cagr":-0.0021927450400747173,"expectancy":-10.2229533,"expectancy_ratio":-1.0,"sortino":-100,"sharpe":-100,"calmar":-100,"sqn":-100.0,"profit_factor":0.0,"max_drawdown_account":0.0,"max_drawdown_abs":0.0},{"key":"DOT/USDT","trades":1,"profit_mean":-0.0131811774006519,"profit_mean_pct":-1.32,"profit_total_abs":-114.64582074,"profit_total":-0.0022929164148,"profit_total_pct":-0.23,"duration_avg":"15:08:00","wins":0,"draws":0,"losses":1,"winrate":0.0,"cagr":-0.024342226078817197,"expectancy":-114.64582074,"expectancy_ratio":-1.0,"sortino":-100,"sharpe":-100,"calmar":-100,"sqn":-100.0,"profit_factor":0.0,"max_drawdown_account":0.0,"max_drawdown_abs":0.0},{"key":"NEAR/USDT","trades":1,"profit_mean":-0.02094740702335639,"profit_mean_pct":-2.09,"profit_total_abs":-182.1937968,"profit_total":-0.003643875936,"profit_total_pct":-0.36,"duration_avg":"15:10:00","wins":0,"draws":0,"losses":1,"winrate":0.0,"cagr":-0.038431548639899615,"expectancy":-182.1937968,"expectancy_ratio":-1.0,"sortino":-100,"sharpe":-100,"calmar":-100,"sqn":-100.0,"profit_factor":0.0,"max_drawdown_account":0.0,"max_drawdown_abs":0.0},{"key":"BTC/USDT","trades":1,"profit_mean":-0.054435178235114984,"profit_mean_pct":-5.44,"profit_total_abs":-499.66881421,"profit_total":-0.0099933762842,"profit_total_pct":-1.0,"duration_avg":"2 days, 9:28:00","wins":0,"draws":0,"losses":1,"winrate":0.0,"cagr":-0.10221215000609685,"expectancy":-499.66881421,"expectancy_ratio":-1.0,"sortino":-100,"sharpe":-100,"calmar":-100,"sqn":-100.0,"profit_factor":0.0,"max_drawdown_account":0.0,"max_drawdown_abs":0.0},{"key":"TOTAL","trades":4,"profit_mean":-0.022441159615159512,"profit_mean_pct":-2.24,"profit_total_abs":-806.73138505,"profit_total":-0.016134627701,"profit_total_pct":-1.61,"duration_avg":"1 day, 0:18:00","wins":0,"draws":0,"losses":4,"winrate":0.0,"cagr":-0.1602260476433336,"expectancy":-201.6828462625,"expectancy_ratio":-1.0,"sortino":-2.4821948005106758,"sharpe":-2.4821948005106758,"calmar":-56.19109757218473,"sqn":-1.9128,"profit_factor":0.0,"max_drawdown_account":0.01613462770099999,"max_drawdown_abs":806.73138505}],"total_trades":38,"trade_count_long":38,"trade_count_short":0,"total_volume":722322.7159517517,"avg_stake_amount":9594.265409928948,"profit_mean":-0.022466929408091477,"profit_median":-0.011738995921442936,"profit_total":-0.1656931486502,"profit_total_long":-0.1656931486502,"profit_total_short":0.0,"profit_total_abs":-8284.65743251,"profit_total_long_abs":-8284.65743251,"profit_total_short_abs":0.0,"cagr":-0.8569758316038608,"expectancy":-218.0173008555263,"expectancy_ratio":-0.3797437782651447,"sortino":-11.316240659106022,"sharpe":-7.804688889575926,"calmar":-53.21180169319685,"sqn":-2.2233,"profit_factor":0.42278945703697995,"backtest_start":"2025-10-01 03:20:00","backtest_start_ts":1759288800000,"backtest_end":"2025-11-04 06:45:00","backtest_end_ts":1762238700000,"backtest_days":34,"backtest_run_start_ts":1762238828,"backtest_run_end_ts":1762238850,"trades_per_day":1.12,"market_change":-0.23006107081030464,"pairlist":["BTC/USDT","DOT/USDT","NEAR/USDT","ATOM/USDT"],"stake_amount":"unlimited","stake_currency":"USDT","stake_currency_decimals":3,"starting_balance":50000,"dry_run_wallet":50000,"final_balance":41715.34256749,"rejected_signals":0,"timedout_entry_orders":0,"timedout_exit_orders":0,"canceled_trade_entries":0,"canceled_entry_orders":0,"replaced_entry_orders":0,"max_open_trades":4,"max_open_trades_setting":5,"timeframe":"1m","timeframe_detail":"","timerange":"","enable_protections":false,"strategy_name":"SampleStrategy","freqaimodel":null,"freqai_identifier":null,"stoploss":-0.1,"trailing_stop":false,"trailing_stop_positive":null,"trailing_stop_positive_offset":0.0,"trailing_only_offset_is_reached":false,"use_custom_stoploss":false,"minimal_roi":{"0":0.05},"use_exit_signal":true,"exit_profit_only":false,"exit_profit_offset":0.0,"ignore_roi_if_entry_signal":false,"trading_mode":"spot","margin_mode":"isolated","periodic_breakdown":{"day":[{"date":"02/10/2025","date_ts":1759363200000,"profit_abs":499.999192,"wins":1,"draws":0,"losses":0,"trades":1,"profit_factor":0.0},{"date":"03/10/2025","date_ts":1759449600000,"profit_abs":0.0,"wins":0,"draws":0,"losses":0,"trades":0,"profit_factor":0.0},{"date":"04/10/2025","date_ts":1759536000000,"profit_abs":-312.79758456,"wins":0,"draws":0,"losses":1,"trades":1,"profit_factor":0.0},{"date":"05/10/2025","date_ts":1759622400000,"profit_abs":0.0,"wins":0,"draws":0,"losses":0,"trades":0,"profit_factor":0.0},{"date":"06/10/2025","date_ts":1759708800000,"profit_abs":0.0,"wins":0,"draws":0,"losses":0,"trades":0,"profit_factor":0.0},{"date":"07/10/2025","date_ts":1759795200000,"profit_abs":0.0,"wins":0,"draws":0,"losses":0,"trades":0,"profit_factor":0.0},{"date":"08/10/2025","date_ts":1759881600000,"profit_abs":0.0,"wins":0,"draws":0,"losses":0,"trades":0,"profit_factor":0.0},{"date":"09/10/2025","date_ts":1759968000000,"profit_abs":0.0,"wins":0,"draws":0,"losses":0,"trades":0,"profit_factor":0.0},{"date":"10/10/2025","date_ts":1760054400000,"profit_abs":-1541.62241387,"wins":1,"draws":0,"losses":2,"trades":3,"profit_factor":0.23805084},{"date":"11/10/2025","date_ts":1760140800000,"profit_abs":1416.031772,"wins":3,"draws":0,"losses":0,"trades":3,"profit_factor":0.0},{"date":"12/10/2025","date_ts":1760227200000,"profit_abs":500.614606,"wins":1,"draws":0,"losses":0,"trades":1,"profit_factor":0.0},{"date":"13/10/2025","date_ts":1760313600000,"profit_abs":0.0,"wins":0,"draws":0,"losses":0,"trades":0,"profit_factor":0.0},{"date":"14/10/2025","date_ts":1760400000000,"profit_abs":0.0,"wins":0,"draws":0,"losses":0,"trades":0,"profit_factor":0.0},{"date":"15/10/2025","date_ts":1760486400000,"profit_abs":0.0,"wins":0,"draws":0,"losses":0,"trades":0,"profit_factor":0.0},{"date":"16/10/2025","date_ts":1760572800000,"profit_abs":-2058.9581763,"wins":0,"draws":0,"losses":2,"trades":2,"profit_factor":0.0},{"date":"17/10/2025","date_ts":1760659200000,"profit_abs":-1028.26396708,"wins":0,"draws":0,"losses":1,"trades":1,"profit_factor":0.0},{"date":"18/10/2025","date_ts":1760745600000,"profit_abs":0.0,"wins":0,"draws":0,"losses":0,"trades":0,"profit_factor":0.0},{"date":"19/10/2025","date_ts":1760832000000,"profit_abs":-89.5292844,"wins":0,"draws":0,"losses":1,"trades":1,"profit_factor":0.0},{"date":"20/10/2025","date_ts":1760918400000,"profit_abs":948.599553,"wins":2,"draws":0,"losses":0,"trades":2,"profit_factor":0.0},{"date":"21/10/2025","date_ts":1761004800000,"profit_abs":-42.73776897,"wins":0,"draws":0,"losses":1,"trades":1,"profit_factor":0.0},{"date":"22/10/2025","date_ts":1761091200000,"profit_abs":-984.2016723,"wins":0,"draws":0,"losses":1,"trades":1,"profit_factor":0.0},{"date":"23/10/2025","date_ts":1761177600000,"profit_abs":107.1636365,"wins":1,"draws":0,"losses":1,"trades":2,"profit_factor":1.29287375},{"date":"24/10/2025","date_ts":1761264000000,"profit_abs":337.18068082,"wins":1,"draws":0,"losses":0,"trades":1,"profit_factor":0.0},{"date":"25/10/2025","date_ts":1761350400000,"profit_abs":0.0,"wins":0,"draws":0,"losses":0,"trades":0,"profit_factor":0.0},{"date":"26/10/2025","date_ts":1761436800000,"profit_abs":600.60112229,"wins":2,"draws":0,"losses":2,"trades":4,"profit_factor":2.71084214},{"date":"27/10/2025","date_ts":1761523200000,"profit_abs":-76.82725721,"wins":0,"draws":0,"losses":1,"trades":1,"profit_factor":0.0},{"date":"28/10/2025","date_ts":1761609600000,"profit_abs":0.0,"wins":0,"draws":0,"losses":0,"trades":0,"profit_factor":0.0},{"date":"29/10/2025","date_ts":1761696000000,"profit_abs":0.0,"wins":0,"draws":0,"losses":0,"trades":0,"profit_factor":0.0},{"date":"30/10/2025","date_ts":1761782400000,"profit_abs":-2326.94785431,"wins":0,"draws":0,"losses":3,"trades":3,"profit_factor":0.0},{"date":"31/10/2025","date_ts":1761868800000,"profit_abs":0.0,"wins":0,"draws":0,"losses":0,"trades":0,"profit_factor":0.0},{"date":"01/11/2025","date_ts":1761955200000,"profit_abs":-93.42952777,"wins":0,"draws":0,"losses":1,"trades":1,"profit_factor":0.0},{"date":"02/11/2025","date_ts":1762041600000,"profit_abs":459.474395,"wins":1,"draws":0,"losses":0,"trades":1,"profit_factor":0.0},{"date":"03/11/2025","date_ts":1762128000000,"profit_abs":-3792.2754983,"wins":0,"draws":0,"losses":4,"trades":4,"profit_factor":0.0},{"date":"04/11/2025","date_ts":1762214400000,"profit_abs":-806.73138505,"wins":0,"draws":0,"losses":4,"trades":4,"profit_factor":0.0}],"week":[{"date":"06/10/2025","date_ts":1759708800000,"profit_abs":187.20160744,"wins":1,"draws":0,"losses":1,"trades":2,"profit_factor":1.59847523},{"date":"13/10/2025","date_ts":1760313600000,"profit_abs":375.02396413,"wins":5,"draws":0,"losses":2,"trades":7,"profit_factor":1.18535615},{"date":"20/10/2025","date_ts":1760918400000,"profit_abs":-2228.15187478,"wins":2,"draws":0,"losses":4,"trades":6,"profit_factor":0.29860679},{"date":"27/10/2025","date_ts":1761523200000,"profit_abs":-58.82125887,"wins":4,"draws":0,"losses":6,"trades":10,"profit_factor":0.96769352},{"date":"03/11/2025","date_ts":1762128000000,"profit_abs":-5753.17848538,"wins":1,"draws":0,"losses":8,"trades":9,"profit_factor":0.07395784},{"date":"10/11/2025","date_ts":1762732800000,"profit_abs":-806.73138505,"wins":0,"draws":0,"losses":4,"trades":4,"profit_factor":0.0}],"month":[{"date":"31/10/2025","date_ts":1761868800000,"profit_abs":-4051.69541639,"wins":12,"draws":0,"losses":16,"trades":28,"profit_factor":0.58059088},{"date":"30/11/2025","date_ts":1764460800000,"profit_abs":-4232.96201612,"wins":1,"draws":0,"losses":9,"trades":10,"profit_factor":0.09791809}],"year":[{"date":"31/12/2025","date_ts":1767139200000,"profit_abs":-8284.65743251,"wins":13,"draws":0,"losses":25,"trades":38,"profit_factor":0.42278946}],"weekday":[{"date":"Monday","date_ts":0,"profit_abs":-2920.50320251,"wins":2,"draws":0,"losses":5,"trades":7,"profit_factor":0.24517301},{"date":"Tuesday","date_ts":1,"profit_abs":-849.46915402,"wins":0,"draws":0,"losses":5,"trades":5,"profit_factor":0.0},{"date":"Wednesday","date_ts":2,"profit_abs":-984.2016723,"wins":0,"draws":0,"losses":1,"trades":1,"profit_factor":0.0},{"date":"Thursday","date_ts":3,"profit_abs":-3778.74320211,"wins":2,"draws":0,"losses":6,"trades":8,"profit_factor":0.20477812},{"date":"Friday","date_ts":4,"profit_abs":-2232.70570013,"wins":2,"draws":0,"losses":3,"trades":5,"profit_factor":0.26833129},{"date":"Saturday","date_ts":5,"profit_abs":1009.80465967,"wins":3,"draws":0,"losses":2,"trades":5,"profit_factor":3.48581306},{"date":"Sunday","date_ts":6,"profit_abs":1471.16083889,"wins":4,"draws":0,"losses":3,"trades":7,"profit_factor":4.33910694}]},"backtest_best_day":0.14401440144014402,"backtest_worst_day":-0.40629708195417574,"backtest_best_day_abs":1416.031772,"backtest_worst_day_abs":-3792.2754983,"winning_days":8,"draw_days":14,"losing_days":12,"daily_profit":[["2025-10-02",499.999192],["2025-10-03",0.0],["2025-10-04",-312.79758456],["2025-10-05",0.0],["2025-10-06",0.0],["2025-10-07",0.0],["2025-10-08",0.0],["2025-10-09",0.0],["2025-10-10",-1541.62241387],["2025-10-11",1416.031772],["2025-10-12",500.614606],["2025-10-13",0.0],["2025-10-14",0.0],["2025-10-15",0.0],["2025-10-16",-2058.9581763],["2025-10-17",-1028.26396708],["2025-10-18",0.0],["2025-10-19",-89.5292844],["2025-10-20",948.599553],["2025-10-21",-42.73776897],["2025-10-22",-984.2016723],["2025-10-23",107.1636365],["2025-10-24",337.18068082],["2025-10-25",0.0],["2025-10-26",600.60112229],["2025-10-27",-76.82725721],["2025-10-28",0.0],["2025-10-29",0.0],["2025-10-30",-2326.94785431],["2025-10-31",0.0],["2025-11-01",-93.42952777],["2025-11-02",459.474395],["2025-11-03",-3792.2754983],["2025-11-04",-806.73138505]],"wins":13,"losses":25,"draws":0,"winrate":0.34210526315789475,"holding_avg":"2 days, 9:25:00","holding_avg_s":206700.0,"winner_holding_min":"0d 00:06","winner_holding_min_s":360.0,"winner_holding_max":"2d 21:01","winner_holding_max_s":248460.0,"winner_holding_avg":"1d 05:28","winner_holding_avg_s":106080.0,"loser_holding_min":"0d 00:09","loser_holding_min_s":540.0,"loser_holding_max":"9d 17:40","loser_holding_max_s":841200.0,"loser_holding_avg":"2d 23:57","loser_holding_avg_s":259020.0,"max_consecutive_wins":5,"max_consecutive_losses":8,"max_drawdown_account":0.17497020560452553,"max_relative_drawdown":0.17497020560452553,"max_drawdown_abs":8846.883004079998,"drawdown_start":"2025-10-12 14:56:00","drawdown_start_ts":1760280960000.0,"drawdown_end":"2025-11-04 06:45:00","drawdown_end_ts":1762238700000.0,"drawdown_duration":"22 days 15:49:00","drawdown_duration_s":1957740.0,"max_drawdown_low":-8284.65743251,"max_drawdown_high":562.2255715699998,"csum_min":41715.34256749,"csum_max":50562.22557157}},"strategy_comparison":[{"key":"SampleStrategy","trades":38,"profit_mean":-0.022466929408091477,"profit_mean_pct":-2.25,"profit_total_abs":-8284.65743251,"profit_total":-0.1656931486502,"profit_total_pct":-16.57,"duration_avg":"2 days, 9:25:00","wins":13,"draws":0,"losses":25,"winrate":0.34210526315789475,"cagr":-0.8569758316038608,"expectancy":-218.0173008555263,"expectancy_ratio":-0.3797437782651447,"sortino":-11.316240659106022,"sharpe":-7.804688889575926,"calmar":-53.21180169319685,"sqn":-2.2233,"profit_factor":0.42278945703697995,"max_drawdown_account":0.17497020560452553,"max_drawdown_abs":"8846.883"}]}