{"strategy":{"SampleStrategy":{"trades":[{"pair":"BTC/USDT","stake_amount":999.9852222,"max_stake_amount":999.9852222,"amount":0.01038,"open_date":"2025-01-03 09:15:00+00:00","close_date":"2025-01-03 15:30:00+00:00","open_rate":96337.69,"close_rate":97494.89948948949,"fee_open":0.001,"fee_close":0.001,"trade_duration":375,"profit_ratio":0.009990009988011958,"profit_abs":9.99985222,"exit_reason":"roi","initial_stop_loss_abs":86703.921,"initial_stop_loss_ratio":-0.1,"stop_loss_abs":86703.921,"stop_loss_ratio":-0.1,"min_rate":96322.8,"max_rate":97557.09,"is_open":false,"enter_tag":"","leverage":1.0,"is_short":false,"open_timestamp":1735895700000,"close_timestamp":1735918200000,"orders":[{"amount":0.01038,"safe_price":96337.69,"ft_order_side":"buy","order_filled_timestamp":1735895700000,"ft_is_entry":true,"ft_order_tag":"","cost":1000.9852074222},{"amount":0.01038,"safe_price":97494.89948948949,"ft_order_side":"sell","order_filled_timestamp":1735918200000,"ft_is_entry":false,"ft_order_tag":"roi","cost":1013.0090537576017}],"funding_fees":0.0,"weekday":4},{"pair":"BTC/USDT","stake_amount":999.41985,"max_stake_amount":999.41985,"amount":0.01023,"open_date":"2025-01-05 10:45:00+00:00","close_date":"2025-01-06 02:00:00+00:00","open_rate":97695.0,"close_rate":98868.5135135135,"fee_open":0.001,"fee_close":0.001,"trade_duration":915,"profit_ratio":0.00999000999000999,"profit_abs":9.9941985,"exit_reason":"roi","initial_stop_loss_abs":87925.5,"initial_stop_loss_ratio":-0.1,"stop_loss_abs":87925.5,"stop_loss_ratio":-0.1,"min_rate":97276.79,"max_rate":99333.0,"is_open":false,"enter_tag":"","leverage":1.0,"is_short":false,"open_timestamp":1736073900000,"close_timestamp":1736128800000,"orders":[{"amount":0.01023,"safe_price":97695.0,"ft_order_side":"buy","order_filled_timestamp":1736073900000,"ft_is_entry":true,"ft_order_tag":"","cost":1000.4192698499999},{"amount":0.01023,"safe_price":98868.5135135135,"ft_order_side":"sell","order_filled_timestamp":1736128800000,"ft_is_entry":false,"ft_order_tag":"roi","cost":1012.4363181364862}],"funding_fees":0.0,"weekday":0},{"pair":"BTC/USDT","stake_amount":999.4679959,"max_stake_amount":999.4679959,"amount":0.00991,"open_date":"2025-01-07 12:45:00+00:00","close_date":"2025-01-13 12:00:00+00:00","open_rate":100854.49,"close_rate":90769.04100000001,"fee_open":0.001,"fee_close":0.001,"trade_duration":8595,"profit_ratio":-0.10179820179599285,"profit_abs":-101.84578878,"exit_reason":"stop_loss","initial_stop_loss_abs":90769.04100000001,"initial_stop_loss_ratio":-0.1,"stop_loss_abs":90769.04100000001,"stop_loss_ratio":-0.1,"min_rate":90555.0,"max_rate":100960.06,"is_open":false,"enter_tag":"","leverage":1.0,"is_short":false,"open_timestamp":1736253900000,"close_timestamp":1736769600000,"orders":[{"amount":0.00991,"safe_price":100854.49,"ft_order_side":"buy","order_filled_timestamp":1736253900000,"ft_is_entry":true,"ft_order_tag":"","cost":1000.4674638959},{"amount":0.00991,"safe_price":90769.04100000001,"ft_order_side":"sell","order_filled_timestamp":1736769600000,"ft_is_entry":false,"ft_order_tag":"stop_loss","cost":900.4207175063101}],"funding_fees":0.0,"weekday":0}],"locks":[],"best_pair":{"key":"ETH/USDT","trades":0,"profit_mean":0.0,"profit_mean_pct":0.0,"profit_total_abs":0.0,"profit_total":0.0,"profit_total_pct":0.0,"duration_avg":"0:00","wins":0,"draws":0,"losses":0,"winrate":0.0,"cagr":0.0,"expectancy":0.0,"expectancy_ratio":100.0,"sortino":0,"sharpe":0,"calmar":0,"sqn":0.0,"profit_factor":0.0,"max_drawdown_account":0.0,"max_drawdown_abs":0.0},"worst_pair":{"key":"BTC/USDT","trades":3,"profit_mean":-0.027272727272656967,"profit_mean_pct":-2.73,"profit_total_abs":-81.85173806,"profit_total":-0.08185173806,"profit_total_pct":-8.19,"duration_avg":"2 days, 6:55:00","wins":2,"draws":0,"losses":1,"winrate":0.6666666666666666,"cagr":-0.09745060327955135,"expectancy":-27.28391268666667,"expectancy_ratio":-0.2678943627762894,"sortino":-100,"sharpe":-0.09756609538542448,"calmar":-5.151756372675371,"sqn":-0.7318,"profit_factor":0.1963169116711317,"max_drawdown_account":0.09984939491373353,"max_drawdown_abs":101.84578877999999},"results_per_pair":[{"key":"ETH/USDT","trades":0,"profit_mean":0.0,"profit_mean_pct":0.0,"profit_total_abs":0.0,"profit_total":0.0,"profit_total_pct":0.0,"duration_avg":"0:00","wins":0,"draws":0,"losses":0,"winrate":0.0,"cagr":0.0,"expectancy":0.0,"expectancy_ratio":100.0,"sortino":0,"sharpe":0,"calmar":0,"sqn":0.0,"profit_factor":0.0,"max_drawdown_account":0.0,"max_drawdown_abs":0.0},{"key":"SOL/USDT","trades":0,"profit_mean":0.0,"profit_mean_pct":0.0,"profit_total_abs":0.0,"profit_total":0.0,"profit_total_pct":0.0,"duration_avg":"0:00","wins":0,"draws":0,"losses":0,"winrate":0.0,"cagr":0.0,"expectancy":0.0,"expectancy_ratio":100.0,"sortino":0,"sharpe":0,"calmar":0,"sqn":0.0,"profit_factor":0.0,"max_drawdown_account":0.0,"max_drawdown_abs":0.0},{"key":"AVAX/USDT","trades":0,"profit_mean":0.0,"profit_mean_pct":0.0,"profit_total_abs":0.0,"profit_total":0.0,"profit_total_pct":0.0,"duration_avg":"0:00","wins":0,"draws":0,"losses":0,"winrate":0.0,"cagr":0.0,"expectancy":0.0,"expectancy_ratio":100.0,"sortino":0,"sharpe":0,"calmar":0,"sqn":0.0,"profit_factor":0.0,"max_drawdown_account":0.0,"max_drawdown_abs":0.0},{"key":"LINK/USDT","trades":0,"profit_mean":0.0,"profit_mean_pct":0.0,"profit_total_abs":0.0,"profit_total":0.0,"profit_total_pct":0.0,"duration_avg":"0:00","wins":0,"draws":0,"losses":0,"winrate":0.0,"cagr":0.0,"expectancy":0.0,"expectancy_ratio":100.0,"sortino":0,"sharpe":0,"calmar":0,"sqn":0.0,"profit_factor":0.0,"max_drawdown_account":0.0,"max_drawdown_abs":0.0},{"key":"DOT/USDT","trades":0,"profit_mean":0.0,"profit_mean_pct":0.0,"profit_total_abs":0.0,"profit_total":0.0,"profit_total_pct":0.0,"duration_avg":"0:00","wins":0,"draws":0,"losses":0,"winrate":0.0,"cagr":0.0,"expectancy":0.0,"expectancy_ratio":100.0,"sortino":0,"sharpe":0,"calmar":0,"sqn":0.0,"profit_factor":0.0,"max_drawdown_account":0.0,"max_drawdown_abs":0.0},{"key":"NEAR/USDT","trades":0,"profit_mean":0.0,"profit_mean_pct":0.0,"profit_total_abs":0.0,"profit_total":0.0,"profit_total_pct":0.0,"duration_avg":"0:00","wins":0,"draws":0,"losses":0,"winrate":0.0,"cagr":0.0,"expectancy":0.0,"expectancy_ratio":100.0,"sortino":0,"sharpe":0,"calmar":0,"sqn":0.0,"profit_factor":0.0,"max_drawdown_account":0.0,"max_drawdown_abs":0.0},{"key":"ATOM/USDT","trades":0,"profit_mean":0.0,"profit_mean_pct":0.0,"profit_total_abs":0.0,"profit_total":0.0,"profit_total_pct":0.0,"duration_avg":"0:00","wins":0,"draws":0,"losses":0,"winrate":0.0,"cagr":0.0,"expectancy":0.0,"expectancy_ratio":100.0,"sortino":0,"sharpe":0,"calmar":0,"sqn":0.0,"profit_factor":0.0,"max_drawdown_account":0.0,"max_drawdown_abs":0.0},{"key":"BTC/USDT","trades":3,"profit_mean":-0.027272727272656967,"profit_mean_pct":-2.73,"profit_total_abs":-81.85173806,"profit_total":-0.08185173806,"profit_total_pct":-8.19,"duration_avg":"2 days, 6:55:00","wins":2,"draws":0,"losses":1,"winrate":0.6666666666666666,"cagr":-0.09745060327955135,"expectancy":-27.28391268666667,"expectancy_ratio":-0.2678943627762894,"sortino":-100,"sharpe":-0.09756609538542448,"calmar":-5.151756372675371,"sqn":-0.7318,"profit_factor":0.1963169116711317,"max_drawdown_account":0.09984939491373353,"max_drawdown_abs":101.84578877999999},{"key":"TOTAL","trades":3,"profit_mean":-0.027272727272656967,"profit_mean_pct":-2.73,"profit_total_abs":-81.85173806,"profit_total":-0.08185173806,"profit_total_pct":-8.19,"duration_avg":"2 days, 6:55:00","wins":2,"draws":0,"losses":1,"winrate":0.6666666666666666,"cagr":-0.09745060327955135,"expectancy":-27.28391268666667,"expectancy_ratio":-0.2678943627762894,"sortino":-100,"sharpe":-0.09756609538542448,"calmar":-5.151756372675371,"sqn":-0.7318,"profit_factor":0.1963169116711317,"max_drawdown_account":0.09984939491373353,"max_drawdown_abs":101.84578877999999}],"results_per_enter_tag":[{"key":"","trades":3,"profit_mean":-0.027272727272656967,"profit_mean_pct":-2.73,"profit_total_abs":-81.85173806,"profit_total":-0.08185173806,"profit_total_pct":-8.19,"duration_avg":"2 days, 6:55:00","wins":2,"draws":0,"losses":1,"winrate":0.6666666666666666,"cagr":-0.09745060327955135,"expectancy":-27.28391268666667,"expectancy_ratio":-0.2678943627762894,"sortino":-100,"sharpe":-0.09756609538542448,"calmar":-5.151756372675371,"sqn":-0.7318,"profit_factor":0.1963169116711317,"max_drawdown_account":0.09984939491373353,"max_drawdown_abs":101.84578877999999},{"key":"TOTAL","trades":3,"profit_mean":-0.027272727272656967,"profit_mean_pct":-2.73,"profit_total_abs":-81.85173806,"profit_total":-0.08185173806,"profit_total_pct":-8.19,"duration_avg":"2 days, 6:55:00","wins":2,"draws":0,"losses":1,"winrate":0.6666666666666666,"cagr":-0.09745060327955135,"expectancy":-27.28391268666667,"expectancy_ratio":-0.2678943627762894,"sortino":-100,"sharpe":-0.09756609538542448,"calmar":-5.151756372675371,"sqn":-0.7318,"profit_factor":0.1963169116711317,"max_drawdown_account":0.09984939491373353,"max_drawdown_abs":101.84578877999999}],"exit_reason_summary":[{"key":"roi","trades":2,"profit_mean":0.009990009989010975,"profit_mean_pct":1.0,"profit_total_abs":19.994050719999997,"profit_total":0.019994050719999996,"profit_total_pct":2.0,"duration_avg":"10:45:00","wins":2,"draws":0,"losses":0,"winrate":1.0,"cagr":0.024053916219240135,"expectancy":9.997025359999999,"expectancy_ratio":100.0,"sortino":-100,"sharpe":444.4975151153829,"calmar":-100,"sqn":3536.4416,"profit_factor":0.0,"max_drawdown_account":0.0,"max_drawdown_abs":0.0},{"key":"stop_loss","trades":1,"profit_mean":-0.10179820179599285,"profit_mean_pct":-10.18,"profit_total_abs":-101.84578878,"profit_total":-0.10184578878,"profit_total_pct":-10.18,"duration_avg":"5 days, 23:15:00","wins":0,"draws":0,"losses":1,"winrate":0.0,"cagr":-0.1209969086274657,"expectancy":-101.84578878,"expectancy_ratio":-1.0,"sortino":-100,"sharpe":-100,"calmar":-100,"sqn":-100.0,"profit_factor":0.0,"max_drawdown_account":0.0,"max_drawdown_abs":0.0},{"key":"TOTAL","trades":3,"profit_mean":-0.027272727272656967,"profit_mean_pct":-2.73,"profit_total_abs":-81.85173806,"profit_total":-0.08185173806,"profit_total_pct":-8.19,"duration_avg":"2 days, 6:55:00","wins":2,"draws":0,"losses":1,"winrate":0.6666666666666666,"cagr":-0.09745060327955135,"expectancy":-27.28391268666667,"expectancy_ratio":-0.2678943627762894,"sortino":-100,"sharpe":-0.09756609538542448,"calmar":-5.151756372675371,"sqn":-0.7318,"profit_factor":0.1963169116711317,"max_drawdown_account":0.09984939491373353,"max_drawdown_abs":101.84578877999999}],"mix_tag_stats":[{"key":["","roi"],"trades":2,"profit_mean":0.009990009989010975,"profit_mean_pct":1.0,"profit_total_abs":19.994050719999997,"profit_total":0.019994050719999996,"profit_total_pct":2.0,"duration_avg":"10:45:00","wins":2,"draws":0,"losses":0,"winrate":1.0,"cagr":0.024053916219240135,"expectancy":9.997025359999999,"expectancy_ratio":100.0,"sortino":-100,"sharpe":444.4975151153829,"calmar":-100,"sqn":3536.4416,"profit_factor":0.0,"max_drawdown_account":0.0,"max_drawdown_abs":0.0},{"key":["","stop_loss"],"trades":1,"profit_mean":-0.10179820179599285,"profit_mean_pct":-10.18,"profit_total_abs":-101.84578878,"profit_total":-0.10184578878,"profit_total_pct":-10.18,"duration_avg":"5 days, 23:15:00","wins":0,"draws":0,"losses":1,"winrate":0.0,"cagr":-0.1209969086274657,"expectancy":-101.84578878,"expectancy_ratio":-1.0,"sortino":-100,"sharpe":-100,"calmar":-100,"sqn":-100.0,"profit_factor":0.0,"max_drawdown_account":0.0,"max_drawdown_abs":0.0},{"key":"TOTAL","trades":3,"profit_mean":-0.027272727272656967,"profit_mean_pct":-2.73,"profit_total_abs":-81.85173806,"profit_total":-0.08185173806,"profit_total_pct":-8.19,"duration_avg":"2 days, 6:55:00","wins":2,"draws":0,"losses":1,"winrate":0.6666666666666666,"cagr":-0.09745060327955135,"expectancy":-27.28391268666667,"expectancy_ratio":-0.2678943627762894,"sortino":-100,"sharpe":-0.09756609538542448,"calmar":-5.151756372675371,"sqn":-0.7318,"profit_factor":0.1963169116711317,"max_drawdown_account":0.09984939491373353,"max_drawdown_abs":101.84578877999999}],"left_open_trades":[{"key":"TOTAL","trades":0,"profit_mean":0.0,"profit_mean_pct":0.0,"profit_total_abs":0.0,"profit_total":0.0,"profit_total_pct":0.0,"duration_avg":"0:00","wins":0,"draws":0,"losses":0,"winrate":0.0,"cagr":0.0,"expectancy":0.0,"expectancy_ratio":100.0,"sortino":0,"sharpe":0,"calmar":0,"sqn":0.0,"profit_factor":0.0,"max_drawdown_account":0.0,"max_drawdown_abs":0.0}],"total_trades":3,"trade_count_long":3,"trade_count_short":0,"total_volume":5927.738030568498,"avg_stake_amount":999.6243560333332,"profit_mean":-0.027272727272656967,"profit_median":0.009990009988011958,"profit_total":-0.08185173806,"profit_total_long":-0.08185173806,"profit_total_short":0.0,"profit_total_abs":-81.85173806,"profit_total_long_abs":-81.85173806,"profit_total_short_abs":0.0,"cagr":-0.09745060327955135,"expectancy":-27.28391268666667,"expectancy_ratio":-0.2678943627762894,"sortino":-100,"sharpe":-0.09756609538542448,"calmar":-5.151756372675371,"sqn":-0.7318,"profit_factor":0.1963169116711317,"backtest_start":"2025-01-03 02:00:00","backtest_start_ts":1735869600000,"backtest_end":"2025-11-03 17:15:00","backtest_end_ts":1762190100000,"backtest_days":304,"backtest_run_start_ts":1762191944,"backtest_run_end_ts":1762191946,"trades_per_day":0.01,"market_change":-0.34933842655993064,"pairlist":["BTC/USDT","ETH/USDT","SOL/USDT","AVAX/USDT","LINK/USDT","DOT/USDT","NEAR/USDT","ATOM/USDT"],"stake_amount":1000,"stake_currency":"USDT","stake_currency_decimals":3,"starting_balance":1000,"dry_run_wallet":1000,"final_balance":918.14826194,"rejected_signals":0,"timedout_entry_orders":0,"timedout_exit_orders":0,"canceled_trade_entries":0,"canceled_entry_orders":0,"replaced_entry_orders":0,"max_open_trades":8,"max_open_trades_setting":-1,"timeframe":"15m","timeframe_detail":"","timerange":"","enable_protections":false,"strategy_name":"SampleStrategy","freqaimodel":null,"freqai_identifier":null,"stoploss":-0.1,"trailing_stop":false,"trailing_stop_positive":null,"trailing_stop_positive_offset":0.0,"trailing_only_offset_is_reached":false,"use_custom_stoploss":false,"minimal_roi":{"60":0.01,"30":0.02,"0":0.04},"use_exit_signal":true,"exit_profit_only":false,"exit_profit_offset":0.0,"ignore_roi_if_entry_signal":false,"trading_mode":"spot","margin_mode":"isolated","periodic_breakdown":{"day":[{"date":"03/01/2025","date_ts":1735862400000,"profit_abs":9.99985222,"wins":1,"draws":0,"losses":0,"trades":1,"profit_factor":0.0},{"date":"04/01/2025","date_ts":1735948800000,"profit_abs":0.0,"wins":0,"draws":0,"losses":0,"trades":0,"profit_factor":0.0},{"date":"05/01/2025","date_ts":1736035200000,"profit_abs":0.0,"wins":0,"draws":0,"losses":0,"trades":0,"profit_factor":0.0},{"date":"06/01/2025","date_ts":1736121600000,"profit_abs":9.9941985,"wins":1,"draws":0,"losses":0,"trades":1,"profit_factor":0.0},{"date":"07/01/2025","date_ts":1736208000000,"profit_abs":0.0,"wins":0,"draws":0,"losses":0,"trades":0,"profit_factor":0.0},{"date":"08/01/2025","date_ts":1736294400000,"profit_abs":0.0,"wins":0,"draws":0,"losses":0,"trades":0,"profit_factor":0.0},{"date":"09/01/2025","date_ts":1736380800000,"profit_abs":0.0,"wins":0,"draws":0,"losses":0,"trades":0,"profit_factor":0.0},{"date":"10/01/2025","date_ts":1736467200000,"profit_abs":0.0,"wins":0,"draws":0,"losses":0,"trades":0,"profit_factor":0.0},{"date":"11/01/2025","date_ts":1736553600000,"profit_abs":0.0,"wins":0,"draws":0,"losses":0,"trades":0,"profit_factor":0.0},{"date":"12/01/2025","date_ts":1736640000000,"profit_abs":0.0,"wins":0,"draws":0,"losses":0,"trades":0,"profit_factor":0.0},{"date":"13/01/2025","date_ts":1736726400000,"profit_abs":-101.84578878,"wins":0,"draws":0,"losses":1,"trades":1,"profit_factor":0.0}],"week":[{"date":"06/01/2025","date_ts":1736121600000,"profit_abs":19.99405072,"wins":2,"draws":0,"losses":0,"trades":2,"profit_factor":0.0},{"date":"13/01/2025","date_ts":1736726400000,"profit_abs":-101.84578878,"wins":0,"draws":0,"losses":1,"trades":1,"profit_factor":0.0}],"month":[{"date":"31/01/2025","date_ts":1738281600000,"profit_abs":-81.85173806,"wins":2,"draws":0,"losses":1,"trades":3,"profit_factor":0.19631691}],"year":[{"date":"31/12/2025","date_ts":1767139200000,"profit_abs":-81.85173806,"wins":2,"draws":0,"losses":1,"trades":3,"profit_factor":0.19631691}],"weekday":[{"date":"Monday","date_ts":0,"profit_abs":-91.85159028,"wins":1,"draws":0,"losses":1,"trades":2,"profit_factor":0.0981307},{"date":"Friday","date_ts":4,"profit_abs":9.99985222,"wins":1,"draws":0,"losses":0,"trades":1,"profit_factor":0.0}]},"backtest_best_day":0.00999000999000999,"backtest_worst_day":-0.10179820179599285,"backtest_best_day_abs":9.99985222,"backtest_worst_day_abs":-101.84578878,"winning_days":2,"draw_days":8,"losing_days":1,"daily_profit":[["2025-01-03",9.99985222],["2025-01-04",0.0],["2025-01-05",0.0],["2025-01-06",9.9941985],["2025-01-07",0.0],["2025-01-08",0.0],["2025-01-09",0.0],["2025-01-10",0.0],["2025-01-11",0.0],["2025-01-12",0.0],["2025-01-13",-101.84578878]],"wins":2,"losses":1,"draws":0,"winrate":0.6666666666666666,"holding_avg":"2 days, 6:55:00","holding_avg_s":197700.0,"winner_holding_min":"0d 06:15","winner_holding_min_s":22500.0,"winner_holding_max":"0d 15:15","winner_holding_max_s":54900.0,"winner_holding_avg":"0d 10:45","winner_holding_avg_s":38700.0,"loser_holding_min":"5d 23:15","loser_holding_min_s":515700.0,"loser_holding_max":"5d 23:15","loser_holding_max_s":515700.0,"loser_holding_avg":"5d 23:15","loser_holding_avg_s":515700.0,"max_consecutive_wins":2,"max_consecutive_losses":1,"max_drawdown_account":0.09984939491373353,"max_relative_drawdown":0.09984939491373353,"max_drawdown_abs":101.84578877999999,"drawdown_start":"2025-01-06 02:00:00","drawdown_start_ts":1736128800000.0,"drawdown_end":"2025-01-13 12:00:00","drawdown_end_ts":1736769600000.0,"drawdown_duration":"7 days 10:00:00","drawdown_duration_s":640800.0,"max_drawdown_low":-81.85173806,"max_drawdown_high":19.994050719999997,"csum_min":918.14826194,"csum_max":1019.99405072}},"strategy_comparison":[{"key":"SampleStrategy","trades":3,"profit_mean":-0.027272727272656967,"profit_mean_pct":-2.73,"profit_total_abs":-81.85173806,"profit_total":-0.08185173806,"profit_total_pct":-8.19,"duration_avg":"2 days, 6:55:00","wins":2,"draws":0,"losses":1,"winrate":0.6666666666666666,"cagr":-0.09745060327955135,"expectancy":-27.28391268666667,"expectancy_ratio":-0.2678943627762894,"sortino":-100,"sharpe":-0.09756609538542448,"calmar":-5.151756372675371,"sqn":-0.7318,"profit_factor":0.1963169116711317,"max_drawdown_account":0.09984939491373353,"max_drawdown_abs":"101.846"}]}