{"strategy":{"ichiV1":{"trades":[{"pair":"NEAR/USDT","stake_amount":1999.86542381,"max_stake_amount":1999.86542381,"amount":655.2,"open_date":"2025-10-03 16:45:00+00:00","close_date":"2025-10-03 17:05:00+00:00","open_rate":3.052,"close_rate":3.035643603462206,"fee_open":0.001,"fee_close":0.001,"trade_duration":20,"profit_ratio":-0.007443334983677057,"profit_abs":-14.90055394,"exit_reason":"exit_signal","initial_stop_loss_abs":2.213,"initial_stop_loss_ratio":-0.275,"stop_loss_abs":2.213,"stop_loss_ratio":-0.275,"min_rate":2.977,"max_rate":3.084,"is_open":false,"enter_tag":"","leverage":1.0,"is_short":false,"open_timestamp":1759509900000,"close_timestamp":1759511100000,"orders":[{"amount":655.2,"safe_price":3.0522976553952867,"ft_order_side":"buy","order_filled_timestamp":1759509900000,"ft_is_entry":true,"ft_order_tag":"","cost":2001.8652892388068},{"amount":655.2,"safe_price":3.035643603462206,"ft_order_side":"sell","order_filled_timestamp":1759511100000,"ft_is_entry":false,"ft_order_tag":"exit_signal","cost":1990.9426426774255}],"funding_fees":0.0,"weekday":4},{"pair":"NEAR/USDT","stake_amount":1996.91380968,"max_stake_amount":1996.91380968,"amount":674.2,"open_date":"2025-10-05 02:35:00+00:00","close_date":"2025-10-05 03:20:00+00:00","open_rate":2.962,"close_rate":3.02,"fee_open":0.001,"fee_close":0.001,"trade_duration":45,"profit_ratio":0.01757816999884041,"profit_abs":35.13719251,"exit_reason":"roi","initial_stop_loss_abs":2.148,"initial_stop_loss_ratio":-0.275,"stop_loss_abs":2.148,"stop_loss_ratio":-0.275,"min_rate":2.9619012306134986,"max_rate":3.066,"is_open":false,"enter_tag":"","leverage":1.0,"is_short":false,"open_timestamp":1759631700000,"close_timestamp":1759634400000,"orders":[{"amount":674.2,"safe_price":2.9619012306134986,"ft_order_side":"buy","order_filled_timestamp":1759631700000,"ft_is_entry":true,"ft_order_tag":"","cost":1998.9107234893004},{"amount":674.2,"safe_price":3.02,"ft_order_side":"sell","order_filled_timestamp":1759634400000,"ft_is_entry":false,"ft_order_tag":"roi","cost":2038.120084}],"funding_fees":0.0,"weekday":6},{"pair":"DOT/USDT","stake_amount":2004.04705738,"max_stake_amount":2004.04705738,"amount":461.63,"open_date":"2025-10-06 13:55:00+00:00","close_date":"2025-10-06 14:40:00+00:00","open_rate":4.341,"close_rate":4.401834834834834,"fee_open":0.001,"fee_close":0.001,"trade_duration":45,"profit_ratio":0.011931845254114615,"profit_abs":23.93589135,"exit_reason":"roi","initial_stop_loss_abs":3.148,"initial_stop_loss_ratio":-0.275,"stop_loss_abs":3.148,"stop_loss_ratio":-0.275,"min_rate":4.341,"max_rate":4.424,"is_open":false,"enter_tag":"","leverage":1.0,"is_short":false,"open_timestamp":1759758900000,"close_timestamp":1759761600000,"orders":[{"amount":461.63,"safe_price":4.341240944870621,"ft_order_side":"buy","order_filled_timestamp":1759758900000,"ft_is_entry":true,"ft_order_tag":"","cost":2006.051104438005},{"amount":461.63,"safe_price":4.401834834834834,"ft_order_side":"sell","order_filled_timestamp":1759761600000,"ft_is_entry":false,"ft_order_tag":"roi","cost":2034.051033819609}],"funding_fees":0.0,"weekday":0},{"pair":"NEAR/USDT","stake_amount":2008.59149948,"max_stake_amount":2008.59149948,"amount":676.1,"open_date":"2025-10-08 17:20:00+00:00","close_date":"2025-10-08 18:10:00+00:00","open_rate":2.971,"close_rate":3.012635635635635,"fee_open":0.001,"fee_close":0.001,"trade_duration":50,"profit_ratio":0.012039201345184809,"profit_abs":24.20601932,"exit_reason":"roi","initial_stop_loss_abs":2.154,"initial_stop_loss_ratio":-0.275,"stop_loss_abs":2.154,"stop_loss_ratio":-0.275,"min_rate":2.9708497256089985,"max_rate":3.023,"is_open":false,"enter_tag":"","leverage":1.0,"is_short":false,"open_timestamp":1759944000000,"close_timestamp":1759947000000,"orders":[{"amount":676.1,"safe_price":2.9708497256089985,"ft_order_side":"buy","order_filled_timestamp":1759944000000,"ft_is_entry":true,"ft_order_tag":"","cost":2010.600090983728},{"amount":676.1,"safe_price":3.012635635635635,"ft_order_side":"sell","order_filled_timestamp":1759947000000,"ft_is_entry":false,"ft_order_tag":"roi","cost":2038.879796206506}],"funding_fees":0.0,"weekday":2},{"pair":"NEAR/USDT","stake_amount":2013.57507751,"max_stake_amount":2013.57507751,"amount":684.5,"open_date":"2025-10-10 03:35:00+00:00","close_date":"2025-10-10 04:20:00+00:00","open_rate":2.942,"close_rate":2.983229229229229,"fee_open":0.001,"fee_close":0.001,"trade_duration":45,"profit_ratio":0.012100551557819422,"profit_abs":24.38973441,"exit_reason":"roi","initial_stop_loss_abs":2.133,"initial_stop_loss_ratio":-0.275,"stop_loss_abs":2.133,"stop_loss_ratio":-0.275,"min_rate":2.941672867071947,"max_rate":2.992,"is_open":false,"enter_tag":"","leverage":1.0,"is_short":false,"open_timestamp":1760067300000,"close_timestamp":1760070000000,"orders":[{"amount":684.5,"safe_price":2.941672867071947,"ft_order_side":"buy","order_filled_timestamp":1760067300000,"ft_is_entry":true,"ft_order_tag":"","cost":2015.5886525882584},{"amount":684.5,"safe_price":2.983229229229229,"ft_order_side":"sell","order_filled_timestamp":1760070000000,"ft_is_entry":false,"ft_order_tag":"roi","cost":2044.0624278148143}],"funding_fees":0.0,"weekday":4},{"pair":"NEAR/USDT","stake_amount":2018.28904521,"max_stake_amount":2018.28904521,"amount":670.7,"open_date":"2025-10-10 05:50:00+00:00","close_date":"2025-10-10 06:30:00+00:00","open_rate":3.009,"close_rate":3.03113467867184,"fee_open":0.001,"fee_close":0.001,"trade_duration":40,"profit_ratio":0.005267373195926437,"profit_abs":10.6417127,"exit_reason":"exit_signal","initial_stop_loss_abs":2.182,"initial_stop_loss_ratio":-0.275,"stop_loss_abs":2.182,"stop_loss_ratio":-0.275,"min_rate":3.009,"max_rate":3.12,"is_open":false,"enter_tag":"","leverage":1.0,"is_short":false,"open_timestamp":1760075400000,"close_timestamp":1760077800000,"orders":[{"amount":670.7,"safe_price":3.0092277399910454,"ft_order_side":"buy","order_filled_timestamp":1760075400000,"ft_is_entry":true,"ft_order_tag":"","cost":2020.307334257206},{"amount":670.7,"safe_price":3.03113467867184,"ft_order_side":"sell","order_filled_timestamp":1760077800000,"ft_is_entry":false,"ft_order_tag":"exit_signal","cost":2035.0150110141883}],"funding_fees":0.0,"weekday":4},{"pair":"NEAR/USDT","stake_amount":2020.55314388,"max_stake_amount":2020.55314388,"amount":664.0,"open_date":"2025-10-10 09:30:00+00:00","close_date":"2025-10-10 10:30:00+00:00","open_rate":3.043,"close_rate":3.0856446446446446,"fee_open":0.001,"fee_close":0.001,"trade_duration":60,"profit_ratio":0.011987439081075035,"profit_abs":24.24547898,"exit_reason":"roi","initial_stop_loss_abs":2.207,"initial_stop_loss_ratio":-0.275,"stop_loss_abs":2.207,"stop_loss_ratio":-0.275,"min_rate":3.034,"max_rate":3.148,"is_open":false,"enter_tag":"","leverage":1.0,"is_short":false,"open_timestamp":1760088600000,"close_timestamp":1760092200000,"orders":[{"amount":664.0,"safe_price":3.0430017227035044,"ft_order_side":"buy","order_filled_timestamp":1760088600000,"ft_is_entry":true,"ft_order_tag":"","cost":2022.5736970190019},{"amount":664.0,"safe_price":3.0856446446446446,"ft_order_side":"sell","order_filled_timestamp":1760092200000,"ft_is_entry":false,"ft_order_tag":"roi","cost":2050.916912088088}],"funding_fees":0.0,"weekday":4},{"pair":"NEAR/USDT","stake_amount":2025.39963569,"max_stake_amount":2025.39963569,"amount":818.6,"open_date":"2025-10-11 08:20:00+00:00","close_date":"2025-10-11 09:00:00+00:00","open_rate":2.474,"close_rate":2.5705825825825825,"fee_open":0.001,"fee_close":0.001,"trade_duration":40,"profit_ratio":0.036869224048965706,"profit_abs":74.74958787,"exit_reason":"roi","initial_stop_loss_abs":1.794,"initial_stop_loss_ratio":-0.275,"stop_loss_abs":1.794,"stop_loss_ratio":-0.275,"min_rate":2.474,"max_rate":2.572,"is_open":false,"enter_tag":"","leverage":1.0,"is_short":false,"open_timestamp":1760170800000,"close_timestamp":1760173200000,"orders":[{"amount":818.6,"safe_price":2.4742238403280874,"ft_order_side":"buy","order_filled_timestamp":1760170800000,"ft_is_entry":true,"ft_order_tag":"","cost":2027.4250353282648},{"amount":818.6,"safe_price":2.5705825825825825,"ft_order_side":"sell","order_filled_timestamp":1760173200000,"ft_is_entry":false,"ft_order_tag":"roi","cost":2106.383181004204}],"funding_fees":0.0,"weekday":5},{"pair":"DOT/USDT","stake_amount":2025.50083419,"max_stake_amount":2025.50083419,"amount":633.42,"open_date":"2025-10-11 08:20:00+00:00","close_date":"2025-10-11 09:05:00+00:00","open_rate":3.198,"close_rate":3.2803949641189916,"fee_open":0.001,"fee_close":0.001,"trade_duration":45,"profit_ratio":0.023804166947778923,"profit_abs":48.26357537,"exit_reason":"roi","initial_stop_loss_abs":2.319,"initial_stop_loss_ratio":-0.275,"stop_loss_abs":2.319,"stop_loss_ratio":-0.275,"min_rate":3.1977216289235626,"max_rate":3.306,"is_open":false,"enter_tag":"","leverage":1.0,"is_short":false,"open_timestamp":1760170800000,"close_timestamp":1760173500000,"orders":[{"amount":633.42,"safe_price":3.1977216289235626,"ft_order_side":"buy","order_filled_timestamp":1760170800000,"ft_is_entry":true,"ft_order_tag":"","cost":2027.5263350269554},{"amount":633.42,"safe_price":3.2803949641189916,"ft_order_side":"sell","order_filled_timestamp":1760173500000,"ft_is_entry":false,"ft_order_tag":"roi","cost":2079.945645950423}],"funding_fees":0.0,"weekday":5},{"pair":"NEAR/USDT","stake_amount":2050.08653566,"max_stake_amount":2050.08653566,"amount":805.3,"open_date":"2025-10-11 09:05:00+00:00","close_date":"2025-10-11 09:55:00+00:00","open_rate":2.546,"close_rate":2.5134069752194224,"fee_open":0.001,"fee_close":0.001,"trade_duration":50,"profit_ratio":-0.014674477013016739,"profit_abs":-30.11403169,"exit_reason":"exit_signal","initial_stop_loss_abs":1.846,"initial_stop_loss_ratio":-0.275,"stop_loss_abs":1.846,"stop_loss_ratio":-0.275,"min_rate":2.496,"max_rate":2.58,"is_open":false,"enter_tag":"","leverage":1.0,"is_short":false,"open_timestamp":1760173500000,"close_timestamp":1760176500000,"orders":[{"amount":805.3,"safe_price":2.545742624688141,"ft_order_side":"buy","order_filled_timestamp":1760173500000,"ft_is_entry":true,"ft_order_tag":"","cost":2052.136622197021},{"amount":805.3,"safe_price":2.5134069752194224,"ft_order_side":"sell","order_filled_timestamp":1760176500000,"ft_is_entry":false,"ft_order_tag":"exit_signal","cost":2026.0706837813448}],"funding_fees":0.0,"weekday":5},{"pair":"DOT/USDT","stake_amount":2044.10890184,"max_stake_amount":2044.10890184,"amount":672.41,"open_date":"2025-10-12 14:50:00+00:00","close_date":"2025-10-12 15:05:00+00:00","open_rate":3.04,"close_rate":3.1586786786786782,"fee_open":0.001,"fee_close":0.001,"trade_duration":15,"profit_ratio":0.03697191366578361,"profit_abs":75.65019246,"exit_reason":"roi","initial_stop_loss_abs":2.204,"initial_stop_loss_ratio":-0.275,"stop_loss_abs":2.204,"stop_loss_ratio":-0.275,"min_rate":3.039973976943343,"max_rate":3.181,"is_open":false,"enter_tag":"","leverage":1.0,"is_short":false,"open_timestamp":1760280600000,"close_timestamp":1760281500000,"orders":[{"amount":672.41,"safe_price":3.039973976943343,"ft_order_side":"buy","order_filled_timestamp":1760280600000,"ft_is_entry":true,"ft_order_tag":"","cost":2046.1530107383094},{"amount":672.41,"safe_price":3.1586786786786782,"ft_order_side":"sell","order_filled_timestamp":1760281500000,"ft_is_entry":false,"ft_order_tag":"roi","cost":2126.05105746066}],"funding_fees":0.0,"weekday":6},{"pair":"NEAR/USDT","stake_amount":2059.11242774,"max_stake_amount":2059.11242774,"amount":883.8,"open_date":"2025-10-12 15:05:00+00:00","close_date":"2025-10-12 15:45:00+00:00","open_rate":2.33,"close_rate":2.4209609609609606,"fee_open":0.001,"fee_close":0.001,"trade_duration":40,"profit_ratio":0.03703433234574974,"profit_abs":76.33411184,"exit_reason":"roi","initial_stop_loss_abs":1.69,"initial_stop_loss_ratio":-0.275,"stop_loss_abs":1.69,"stop_loss_ratio":-0.275,"min_rate":2.329839814138193,"max_rate":2.431,"is_open":false,"enter_tag":"","leverage":1.0,"is_short":false,"open_timestamp":1760281500000,"close_timestamp":1760283900000,"orders":[{"amount":883.8,"safe_price":2.329839814138193,"ft_order_side":"buy","order_filled_timestamp":1760281500000,"ft_is_entry":true,"ft_order_tag":"","cost":2061.1715401630704},{"amount":883.8,"safe_price":2.4209609609609606,"ft_order_side":"sell","order_filled_timestamp":1760283900000,"ft_is_entry":false,"ft_order_tag":"roi","cost":2141.784942594594}],"funding_fees":0.0,"weekday":6},{"pair":"DOT/USDT","stake_amount":2059.21976388,"max_stake_amount":2059.21976388,"amount":656.26,"open_date":"2025-10-12 15:10:00+00:00","close_date":"2025-10-12 15:55:00+00:00","open_rate":3.138,"close_rate":3.1838404509249196,"fee_open":0.001,"fee_close":0.001,"trade_duration":45,"profit_ratio":0.012642016799643102,"profit_abs":26.05872354,"exit_reason":"roi","initial_stop_loss_abs":2.276,"initial_stop_loss_ratio":-0.275,"stop_loss_abs":2.276,"stop_loss_ratio":-0.275,"min_rate":3.133,"max_rate":3.21,"is_open":false,"enter_tag":"","leverage":1.0,"is_short":false,"open_timestamp":1760281800000,"close_timestamp":1760284500000,"orders":[{"amount":656.26,"safe_price":3.137810873558959,"ft_order_side":"buy","order_filled_timestamp":1760281800000,"ft_is_entry":true,"ft_order_tag":"","cost":2061.278983645684},{"amount":656.26,"safe_price":3.1838404509249196,"ft_order_side":"sell","order_filled_timestamp":1760284500000,"ft_is_entry":false,"ft_order_tag":"roi","cost":2091.516561458311}],"funding_fees":0.0,"weekday":6},{"pair":"NEAR/USDT","stake_amount":2074.44729569,"max_stake_amount":2074.44729569,"amount":862.8,"open_date":"2025-10-12 15:50:00+00:00","close_date":"2025-10-12 16:35:00+00:00","open_rate":2.404,"close_rate":2.4376896896896896,"fee_open":0.001,"fee_close":0.001,"trade_duration":45,"profit_ratio":0.011853322847777023,"profit_abs":24.61368262,"exit_reason":"roi","initial_stop_loss_abs":1.743,"initial_stop_loss_ratio":-0.275,"stop_loss_abs":1.743,"stop_loss_ratio":-0.275,"min_rate":2.404,"max_rate":2.474,"is_open":false,"enter_tag":"","leverage":1.0,"is_short":false,"open_timestamp":1760284200000,"close_timestamp":1760286900000,"orders":[{"amount":862.8,"safe_price":2.4043199996369884,"ft_order_side":"buy","order_filled_timestamp":1760284200000,"ft_is_entry":true,"ft_order_tag":"","cost":2076.52174298248},{"amount":862.8,"safe_price":2.4376896896896896,"ft_order_side":"sell","order_filled_timestamp":1760286900000,"ft_is_entry":false,"ft_order_tag":"roi","cost":2105.3419029285283}],"funding_fees":0.0,"weekday":6},{"pair":"DOT/USDT","stake_amount":2079.71850139,"max_stake_amount":2079.71850139,"amount":648.59,"open_date":"2025-10-12 16:05:00+00:00","close_date":"2025-10-12 16:50:00+00:00","open_rate":3.207,"close_rate":3.2519429429429425,"fee_open":0.001,"fee_close":0.001,"trade_duration":45,"profit_ratio":0.012138676822051466,"profit_abs":25.2702758,"exit_reason":"roi","initial_stop_loss_abs":2.326,"initial_stop_loss_ratio":-0.275,"stop_loss_abs":2.326,"stop_loss_ratio":-0.275,"min_rate":3.20652261273123,"max_rate":3.289,"is_open":false,"enter_tag":"","leverage":1.0,"is_short":false,"open_timestamp":1760285100000,"close_timestamp":1760287800000,"orders":[{"amount":648.59,"safe_price":3.20652261273123,"ft_order_side":"buy","order_filled_timestamp":1760285100000,"ft_is_entry":true,"ft_order_tag":"","cost":2081.79821989274},{"amount":648.59,"safe_price":3.2519429429429425,"ft_order_side":"sell","order_filled_timestamp":1760287800000,"ft_is_entry":false,"ft_order_tag":"roi","cost":2111.2868510367266}],"funding_fees":0.0,"weekday":6},{"pair":"NEAR/USDT","stake_amount":2089.56161523,"max_stake_amount":2089.56161523,"amount":832.7,"open_date":"2025-10-13 13:35:00+00:00","close_date":"2025-10-13 14:20:00+00:00","open_rate":2.509,"close_rate":2.5441611611611608,"fee_open":0.001,"fee_close":0.001,"trade_duration":45,"profit_ratio":0.011834334196832167,"profit_abs":24.75329905,"exit_reason":"roi","initial_stop_loss_abs":1.82,"initial_stop_loss_ratio":-0.275,"stop_loss_abs":1.82,"stop_loss_ratio":-0.275,"min_rate":2.506,"max_rate":2.573,"is_open":false,"enter_tag":"","leverage":1.0,"is_short":false,"open_timestamp":1760362500000,"close_timestamp":1760365200000,"orders":[{"amount":832.7,"safe_price":2.509381067889242,"ft_order_side":"buy","order_filled_timestamp":1760362500000,"ft_is_entry":true,"ft_order_tag":"","cost":2091.651176846603},{"amount":832.7,"safe_price":2.5441611611611608,"ft_order_side":"sell","order_filled_timestamp":1760365200000,"ft_is_entry":false,"ft_order_tag":"roi","cost":2120.6415218977972}],"funding_fees":0.0,"weekday":0},{"pair":"DOT/USDT","stake_amount":2089.67340778,"max_stake_amount":2089.67340778,"amount":630.24,"open_date":"2025-10-13 14:00:00+00:00","close_date":"2025-10-13 14:30:00+00:00","open_rate":3.316,"close_rate":3.303682481271582,"fee_open":0.001,"fee_close":0.001,"trade_duration":30,"profit_ratio":-0.00560883168151327,"profit_abs":-11.73234704,"exit_reason":"exit_signal","initial_stop_loss_abs":2.405,"initial_stop_loss_ratio":-0.275,"stop_loss_abs":2.405,"stop_loss_ratio":-0.275,"min_rate":3.263,"max_rate":3.347,"is_open":false,"enter_tag":"","leverage":1.0,"is_short":false,"open_timestamp":1760364000000,"close_timestamp":1760365800000,"orders":[{"amount":630.24,"safe_price":3.3156788013812566,"ft_order_side":"buy","order_filled_timestamp":1760364000000,"ft_is_entry":true,"ft_order_tag":"","cost":2091.7630811903055},{"amount":630.24,"safe_price":3.303682481271582,"ft_order_side":"sell","order_filled_timestamp":1760365800000,"ft_is_entry":false,"ft_order_tag":"exit_signal","cost":2084.1949598435986}],"funding_fees":0.0,"weekday":0},{"pair":"NEAR/USDT","stake_amount":2092.22370349,"max_stake_amount":2092.22370349,"amount":817.0,"open_date":"2025-10-13 18:00:00+00:00","close_date":"2025-10-13 18:45:00+00:00","open_rate":2.561,"close_rate":2.621347385402694,"fee_open":0.001,"fee_close":0.001,"trade_duration":45,"profit_ratio":0.021574226353987487,"profit_abs":45.18324587,"exit_reason":"roi","initial_stop_loss_abs":1.857,"initial_stop_loss_ratio":-0.275,"stop_loss_abs":1.857,"stop_loss_ratio":-0.275,"min_rate":2.56086132617925,"max_rate":2.649,"is_open":false,"enter_tag":"","leverage":1.0,"is_short":false,"open_timestamp":1760378400000,"close_timestamp":1760381100000,"orders":[{"amount":817.0,"safe_price":2.56086132617925,"ft_order_side":"buy","order_filled_timestamp":1760378400000,"ft_is_entry":true,"ft_order_tag":"","cost":2094.3159271919353},{"amount":817.0,"safe_price":2.621347385402694,"ft_order_side":"sell","order_filled_timestamp":1760381100000,"ft_is_entry":false,"ft_order_tag":"roi","cost":2143.7824546878746}],"funding_fees":0.0,"weekday":0},{"pair":"NEAR/USDT","stake_amount":2101.21231019,"max_stake_amount":2101.21231019,"amount":861.2,"open_date":"2025-10-14 15:55:00+00:00","close_date":"2025-10-14 16:40:00+00:00","open_rate":2.44,"close_rate":2.474194194194194,"fee_open":0.001,"fee_close":0.001,"trade_duration":45,"profit_ratio":0.012043730632150163,"profit_abs":25.3317415,"exit_reason":"roi","initial_stop_loss_abs":1.769,"initial_stop_loss_ratio":-0.275,"stop_loss_abs":1.769,"stop_loss_ratio":-0.275,"min_rate":2.4398656644148256,"max_rate":2.503,"is_open":false,"enter_tag":"","leverage":1.0,"is_short":false,"open_timestamp":1760457300000,"close_timestamp":1760460000000,"orders":[{"amount":861.2,"safe_price":2.4398656644148256,"ft_order_side":"buy","order_filled_timestamp":1760457300000,"ft_is_entry":true,"ft_order_tag":"","cost":2103.3135225042415},{"amount":861.2,"safe_price":2.474194194194194,"ft_order_side":"sell","order_filled_timestamp":1760460000000,"ft_is_entry":false,"ft_order_tag":"roi","cost":2132.90681608008}],"funding_fees":0.0,"weekday":1},{"pair":"DOT/USDT","stake_amount":2101.32977968,"max_stake_amount":2101.32977968,"amount":654.94,"open_date":"2025-10-14 15:55:00+00:00","close_date":"2025-10-14 16:50:00+00:00","open_rate":3.208,"close_rate":3.2529569569569565,"fee_open":0.001,"fee_close":0.001,"trade_duration":55,"profit_ratio":0.011852077392922537,"profit_abs":24.9300283,"exit_reason":"roi","initial_stop_loss_abs":2.326,"initial_stop_loss_ratio":-0.275,"stop_loss_abs":2.326,"stop_loss_ratio":-0.275,"min_rate":3.208,"max_rate":3.283,"is_open":false,"enter_tag":"","leverage":1.0,"is_short":false,"open_timestamp":1760457300000,"close_timestamp":1760460600000,"orders":[{"amount":654.94,"safe_price":3.2084309702877345,"ft_order_side":"buy","order_filled_timestamp":1760457300000,"ft_is_entry":true,"ft_order_tag":"","cost":2103.431109459929},{"amount":654.94,"safe_price":3.2529569569569565,"ft_order_side":"sell","order_filled_timestamp":1760460600000,"ft_is_entry":false,"ft_order_tag":"roi","cost":2132.6221210187787}],"funding_fees":0.0,"weekday":1},{"pair":"NEAR/USDT","stake_amount":2111.22550171,"max_stake_amount":2111.22550171,"amount":898.6,"open_date":"2025-10-16 10:15:00+00:00","close_date":"2025-10-16 12:10:00+00:00","open_rate":2.349,"close_rate":2.359,"fee_open":0.001,"fee_close":0.001,"trade_duration":115,"profit_ratio":0.002054038683991759,"profit_abs":4.34087539,"exit_reason":"roi","initial_stop_loss_abs":1.704,"initial_stop_loss_ratio":-0.275,"stop_loss_abs":1.704,"stop_loss_ratio":-0.275,"min_rate":2.342,"max_rate":2.377,"is_open":false,"enter_tag":"","leverage":1.0,"is_short":false,"open_timestamp":1760609700000,"close_timestamp":1760616600000,"orders":[{"amount":898.6,"safe_price":2.349460829861133,"ft_order_side":"buy","order_filled_timestamp":1760609700000,"ft_is_entry":true,"ft_order_tag":"","cost":2113.3367272149267},{"amount":898.6,"safe_price":2.359,"ft_order_side":"sell","order_filled_timestamp":1760616600000,"ft_is_entry":false,"ft_order_tag":"roi","cost":2121.9171973999996}],"funding_fees":0.0,"weekday":3},{"pair":"NEAR/USDT","stake_amount":2112.16487199,"max_stake_amount":2112.16487199,"amount":972.3,"open_date":"2025-10-17 11:35:00+00:00","close_date":"2025-10-17 13:00:00+00:00","open_rate":2.172,"close_rate":2.164355196675512,"fee_open":0.001,"fee_close":0.001,"trade_duration":85,"profit_ratio":-0.005665710543667407,"profit_abs":-11.9788817,"exit_reason":"exit_signal","initial_stop_loss_abs":1.575,"initial_stop_loss_ratio":-0.275,"stop_loss_abs":1.575,"stop_loss_ratio":-0.275,"min_rate":2.155,"max_rate":2.183,"is_open":false,"enter_tag":"","leverage":1.0,"is_short":false,"open_timestamp":1760700900000,"close_timestamp":1760706000000,"orders":[{"amount":972.3,"safe_price":2.172338652672038,"ft_order_side":"buy","order_filled_timestamp":1760700900000,"ft_is_entry":true,"ft_order_tag":"","cost":2114.2770368650154},{"amount":972.3,"safe_price":2.164355196675512,"ft_order_side":"sell","order_filled_timestamp":1760706000000,"ft_is_entry":false,"ft_order_tag":"exit_signal","cost":2106.5069602853278}],"funding_fees":0.0,"weekday":4},{"pair":"DOT/USDT","stake_amount":2109.84358095,"max_stake_amount":2109.84358095,"amount":721.74,"open_date":"2025-10-17 16:05:00+00:00","close_date":"2025-10-17 16:35:00+00:00","open_rate":2.923,"close_rate":2.923273808260821,"fee_open":0.001,"fee_close":0.001,"trade_duration":30,"profit_ratio":-0.0019979748326808136,"profit_abs":-4.21962979,"exit_reason":"exit_signal","initial_stop_loss_abs":2.12,"initial_stop_loss_ratio":-0.275,"stop_loss_abs":2.12,"stop_loss_ratio":-0.275,"min_rate":2.902,"max_rate":2.949,"is_open":false,"enter_tag":"","leverage":1.0,"is_short":false,"open_timestamp":1760717100000,"close_timestamp":1760718900000,"orders":[{"amount":721.74,"safe_price":2.9232737286925374,"ft_order_side":"buy","order_filled_timestamp":1760717100000,"ft_is_entry":true,"ft_order_tag":"","cost":2111.953424527498},{"amount":721.74,"safe_price":2.923273808260821,"ft_order_side":"sell","order_filled_timestamp":1760718900000,"ft_is_entry":false,"ft_order_tag":"exit_signal","cost":2111.953482012539}],"funding_fees":0.0,"weekday":4},{"pair":"NEAR/USDT","stake_amount":2109.83395067,"max_stake_amount":2109.83395067,"amount":971.7,"open_date":"2025-10-17 16:05:00+00:00","close_date":"2025-10-17 16:55:00+00:00","open_rate":2.171,"close_rate":2.165153594930551,"fee_open":0.001,"fee_close":0.001,"trade_duration":50,"profit_ratio":-0.00481448239959345,"profit_abs":-10.16791618,"exit_reason":"exit_signal","initial_stop_loss_abs":1.574,"initial_stop_loss_ratio":-0.275,"stop_loss_abs":1.574,"stop_loss_ratio":-0.275,"min_rate":2.152,"max_rate":2.195,"is_open":false,"enter_tag":"","leverage":1.0,"is_short":false,"open_timestamp":1760717100000,"close_timestamp":1760720100000,"orders":[{"amount":971.7,"safe_price":2.171281208884119,"ft_order_side":"buy","order_filled_timestamp":1760717100000,"ft_is_entry":true,"ft_order_tag":"","cost":2111.943784623371},{"amount":971.7,"safe_price":2.165153594930551,"ft_order_side":"sell","order_filled_timestamp":1760720100000,"ft_is_entry":false,"ft_order_tag":"exit_signal","cost":2105.98362794221}],"funding_fees":0.0,"weekday":4},{"pair":"NEAR/USDT","stake_amount":2106.95293287,"max_stake_amount":2106.95293287,"amount":957.7,"open_date":"2025-10-19 10:30:00+00:00","close_date":"2025-10-19 11:15:00+00:00","open_rate":2.2,"close_rate":2.230830830830831,"fee_open":0.001,"fee_close":0.001,"trade_duration":45,"profit_ratio":0.0119818002134813,"profit_abs":25.27033419,"exit_reason":"roi","initial_stop_loss_abs":1.595,"initial_stop_loss_ratio":-0.275,"stop_loss_abs":1.595,"stop_loss_ratio":-0.275,"min_rate":2.2,"max_rate":2.246,"is_open":false,"enter_tag":"","leverage":1.0,"is_short":false,"open_timestamp":1760869800000,"close_timestamp":1760872500000,"orders":[{"amount":957.7,"safe_price":2.200013504096825,"ft_order_side":"buy","order_filled_timestamp":1760869800000,"ft_is_entry":true,"ft_order_tag":"","cost":2109.0598858064027},{"amount":957.7,"safe_price":2.230830830830831,"ft_order_side":"sell","order_filled_timestamp":1760872500000,"ft_is_entry":false,"ft_order_tag":"roi","cost":2138.6031533733735}],"funding_fees":0.0,"weekday":6},{"pair":"NEAR/USDT","stake_amount":2111.82459269,"max_stake_amount":2111.82459269,"amount":931.9,"open_date":"2025-10-20 03:55:00+00:00","close_date":"2025-10-20 04:50:00+00:00","open_rate":2.266,"close_rate":2.2977557557557553,"fee_open":0.001,"fee_close":0.001,"trade_duration":55,"profit_ratio":0.011921310737597402,"profit_abs":25.20089291,"exit_reason":"roi","initial_stop_loss_abs":1.643,"initial_stop_loss_ratio":-0.275,"stop_loss_abs":1.643,"stop_loss_ratio":-0.275,"min_rate":2.266,"max_rate":2.309,"is_open":false,"enter_tag":"","leverage":1.0,"is_short":false,"open_timestamp":1760932500000,"close_timestamp":1760935800000,"orders":[{"amount":931.9,"safe_price":2.26614936441052,"ft_order_side":"buy","order_filled_timestamp":1760932500000,"ft_is_entry":true,"ft_order_tag":"","cost":2113.9364172868577},{"amount":931.9,"safe_price":2.2977557557557553,"ft_order_side":"sell","order_filled_timestamp":1760935800000,"ft_is_entry":false,"ft_order_tag":"roi","cost":2143.4198673775772}],"funding_fees":0.0,"weekday":0},{"pair":"DOT/USDT","stake_amount":2112.02425539,"max_stake_amount":2112.02425539,"amount":697.67,"open_date":"2025-10-20 03:55:00+00:00","close_date":"2025-10-20 05:20:00+00:00","open_rate":3.027,"close_rate":3.06942042042042,"fee_open":0.001,"fee_close":0.001,"trade_duration":85,"profit_ratio":0.011903122216986209,"profit_abs":25.16482252,"exit_reason":"roi","initial_stop_loss_abs":2.195,"initial_stop_loss_ratio":-0.275,"stop_loss_abs":2.195,"stop_loss_ratio":-0.275,"min_rate":3.027,"max_rate":3.076,"is_open":false,"enter_tag":"","leverage":1.0,"is_short":false,"open_timestamp":1760932500000,"close_timestamp":1760937600000,"orders":[{"amount":697.67,"safe_price":3.02725393866925,"ft_order_side":"buy","order_filled_timestamp":1760932500000,"ft_is_entry":true,"ft_order_tag":"","cost":2114.1362796467665},{"amount":697.67,"safe_price":3.06942042042042,"ft_order_side":"sell","order_filled_timestamp":1760937600000,"ft_is_entry":false,"ft_order_tag":"roi","cost":2143.583987259429}],"funding_fees":0.0,"weekday":0},{"pair":"NEAR/USDT","stake_amount":2122.01212557,"max_stake_amount":2122.01212557,"amount":956.8,"open_date":"2025-10-21 12:25:00+00:00","close_date":"2025-10-21 13:35:00+00:00","open_rate":2.218,"close_rate":2.249083083083083,"fee_open":0.001,"fee_close":0.001,"trade_duration":70,"profit_ratio":0.012069215896027146,"profit_abs":25.6366335,"exit_reason":"roi","initial_stop_loss_abs":1.609,"initial_stop_loss_ratio":-0.275,"stop_loss_abs":1.609,"stop_loss_ratio":-0.275,"min_rate":2.2178220375967204,"max_rate":2.256,"is_open":false,"enter_tag":"","leverage":1.0,"is_short":false,"open_timestamp":1761049500000,"close_timestamp":1761053700000,"orders":[{"amount":956.8,"safe_price":2.2178220375967204,"ft_order_side":"buy","order_filled_timestamp":1761049500000,"ft_is_entry":true,"ft_order_tag":"","cost":2124.1341376981145},{"amount":956.8,"safe_price":2.249083083083083,"ft_order_side":"sell","order_filled_timestamp":1761053700000,"ft_is_entry":false,"ft_order_tag":"roi","cost":2154.074616587787}],"funding_fees":0.0,"weekday":1},{"pair":"DOT/USDT","stake_amount":2127.22980907,"max_stake_amount":2127.22980907,"amount":701.83,"open_date":"2025-10-21 14:15:00+00:00","close_date":"2025-10-21 15:00:00+00:00","open_rate":3.031,"close_rate":3.09781049978568,"fee_open":0.001,"fee_close":0.001,"trade_duration":45,"profit_ratio":0.020008465969845377,"profit_abs":42.60516785,"exit_reason":"roi","initial_stop_loss_abs":2.198,"initial_stop_loss_ratio":-0.275,"stop_loss_abs":2.198,"stop_loss_ratio":-0.275,"min_rate":3.03097589026812,"max_rate":3.138,"is_open":false,"enter_tag":"","leverage":1.0,"is_short":false,"open_timestamp":1761056100000,"close_timestamp":1761058800000,"orders":[{"amount":701.83,"safe_price":3.03097589026812,"ft_order_side":"buy","order_filled_timestamp":1761056100000,"ft_is_entry":true,"ft_order_tag":"","cost":2129.3570388759413},{"amount":701.83,"safe_price":3.09781049978568,"ft_order_side":"sell","order_filled_timestamp":1761058800000,"ft_is_entry":false,"ft_order_tag":"roi","cost":2176.310479407648}],"funding_fees":0.0,"weekday":1},{"pair":"NEAR/USDT","stake_amount":2127.01668842,"max_stake_amount":2127.01668842,"amount":939.9,"open_date":"2025-10-21 14:15:00+00:00","close_date":"2025-10-21 15:00:00+00:00","open_rate":2.263,"close_rate":2.303548387613996,"fee_open":0.001,"fee_close":0.001,"trade_duration":45,"profit_ratio":0.015873197848948705,"profit_abs":33.79631928,"exit_reason":"roi","initial_stop_loss_abs":1.641,"initial_stop_loss_ratio":-0.275,"stop_loss_abs":1.641,"stop_loss_ratio":-0.275,"min_rate":2.263,"max_rate":2.336,"is_open":false,"enter_tag":"","leverage":1.0,"is_short":false,"open_timestamp":1761056100000,"close_timestamp":1761058800000,"orders":[{"amount":939.9,"safe_price":2.2630244583659263,"ft_order_side":"buy","order_filled_timestamp":1761056100000,"ft_is_entry":true,"ft_order_tag":"","cost":2129.143705106552},{"amount":939.9,"safe_price":2.303548387613996,"ft_order_side":"sell","order_filled_timestamp":1761058800000,"ft_is_entry":false,"ft_order_tag":"roi","cost":2167.2702346479127}],"funding_fees":0.0,"weekday":1},{"pair":"BTC/USDT","stake_amount":2141.82318738,"max_stake_amount":2141.82318738,"amount":0.01927,"open_date":"2025-10-21 15:00:00+00:00","close_date":"2025-10-21 15:45:00+00:00","open_rate":111148.06369368098,"close_rate":113041.31033436266,"fee_open":0.001,"fee_close":0.001,"trade_duration":45,"profit_ratio":0.01500151978764336,"profit_abs":32.16273353,"exit_reason":"roi","initial_stop_loss_abs":80582.3461779187,"initial_stop_loss_ratio":-0.275,"stop_loss_abs":80582.3461779187,"stop_loss_ratio":-0.275,"min_rate":111148.06369368098,"max_rate":113504.96,"is_open":false,"enter_tag":"","leverage":1.0,"is_short":false,"open_timestamp":1761058800000,"close_timestamp":1761061500000,"orders":[{"amount":0.01927,"safe_price":111148.06369368098,"ft_order_side":"buy","order_filled_timestamp":1761058800000,"ft_is_entry":true,"ft_order_tag":"","cost":2143.9650105646097},{"amount":0.01927,"safe_price":113041.31033436266,"ft_order_side":"sell","order_filled_timestamp":1761061500000,"ft_is_entry":false,"ft_order_tag":"roi","cost":2180.484356193311}],"funding_fees":0.0,"weekday":1},{"pair":"DOT/USDT","stake_amount":2142.50999296,"max_stake_amount":2142.50999296,"amount":686.19,"open_date":"2025-10-21 15:10:00+00:00","close_date":"2025-10-21 15:55:00+00:00","open_rate":3.122,"close_rate":3.1657517517517513,"fee_open":0.001,"fee_close":0.001,"trade_duration":45,"profit_ratio":0.011881824377091326,"profit_abs":25.48238439,"exit_reason":"roi","initial_stop_loss_abs":2.264,"initial_stop_loss_ratio":-0.275,"stop_loss_abs":2.264,"stop_loss_ratio":-0.275,"min_rate":3.122,"max_rate":3.184,"is_open":false,"enter_tag":"","leverage":1.0,"is_short":false,"open_timestamp":1761059400000,"close_timestamp":1761062100000,"orders":[{"amount":686.19,"safe_price":3.12232762494642,"ft_order_side":"buy","order_filled_timestamp":1761059400000,"ft_is_entry":true,"ft_order_tag":"","cost":2144.6525029549457},{"amount":686.19,"safe_price":3.1657517517517513,"ft_order_side":"sell","order_filled_timestamp":1761062100000,"ft_is_entry":false,"ft_order_tag":"roi","cost":2174.479501729069}],"funding_fees":0.0,"weekday":1},{"pair":"NEAR/USDT","stake_amount":2142.50653084,"max_stake_amount":2142.50653084,"amount":913.7,"open_date":"2025-10-21 15:25:00+00:00","close_date":"2025-10-21 16:55:00+00:00","open_rate":2.345,"close_rate":2.338601903414534,"fee_open":0.001,"fee_close":0.001,"trade_duration":90,"profit_ratio":-0.004665219625996567,"profit_abs":-10.00525878,"exit_reason":"exit_signal","initial_stop_loss_abs":1.701,"initial_stop_loss_ratio":-0.275,"stop_loss_abs":1.701,"stop_loss_ratio":-0.275,"min_rate":2.296,"max_rate":2.359,"is_open":false,"enter_tag":"","leverage":1.0,"is_short":false,"open_timestamp":1761060300000,"close_timestamp":1761065700000,"orders":[{"amount":913.7,"safe_price":2.3448686996129373,"ft_order_side":"buy","order_filled_timestamp":1761060300000,"ft_is_entry":true,"ft_order_tag":"","cost":2144.6490373671772},{"amount":913.7,"safe_price":2.338601903414534,"ft_order_side":"sell","order_filled_timestamp":1761065700000,"ft_is_entry":false,"ft_order_tag":"exit_signal","cost":2138.9173397090094}],"funding_fees":0.0,"weekday":1},{"pair":"NEAR/USDT","stake_amount":2151.82549739,"max_stake_amount":2151.82549739,"amount":913.4,"open_date":"2025-10-26 22:05:00+00:00","close_date":"2025-10-26 23:55:00+00:00","open_rate":2.356,"close_rate":2.372250636062946,"fee_open":0.001,"fee_close":0.001,"trade_duration":110,"profit_ratio":0.004953438574590659,"profit_abs":10.66959436,"exit_reason":"exit_signal","initial_stop_loss_abs":1.709,"initial_stop_loss_ratio":-0.275,"stop_loss_abs":1.709,"stop_loss_ratio":-0.275,"min_rate":2.355841359090479,"max_rate":2.392,"is_open":false,"enter_tag":"","leverage":1.0,"is_short":false,"open_timestamp":1761516300000,"close_timestamp":1761522900000,"orders":[{"amount":913.4,"safe_price":2.355841359090479,"ft_order_side":"buy","order_filled_timestamp":1761516300000,"ft_is_entry":true,"ft_order_tag":"","cost":2153.9773228906365},{"amount":913.4,"safe_price":2.372250636062946,"ft_order_side":"sell","order_filled_timestamp":1761522900000,"ft_is_entry":false,"ft_order_tag":"exit_signal","cost":2168.9805447108747}],"funding_fees":0.0,"weekday":6},{"pair":"DOT/USDT","stake_amount":2154.17135669,"max_stake_amount":2154.17135669,"amount":694.64,"open_date":"2025-10-29 17:40:00+00:00","close_date":"2025-10-29 18:25:00+00:00","open_rate":3.101,"close_rate":3.144457457457457,"fee_open":0.001,"fee_close":0.001,"trade_duration":45,"profit_ratio":0.011944455479938646,"profit_abs":25.75613427,"exit_reason":"roi","initial_stop_loss_abs":2.249,"initial_stop_loss_ratio":-0.275,"stop_loss_abs":2.249,"stop_loss_ratio":-0.275,"min_rate":3.101,"max_rate":3.174,"is_open":false,"enter_tag":"","leverage":1.0,"is_short":false,"open_timestamp":1761759600000,"close_timestamp":1761762300000,"orders":[{"amount":694.64,"safe_price":3.1011334744461267,"ft_order_side":"buy","order_filled_timestamp":1761759600000,"ft_is_entry":true,"ft_order_tag":"","cost":2156.3255280459466},{"amount":694.64,"safe_price":3.144457457457457,"ft_order_side":"sell","order_filled_timestamp":1761762300000,"ft_is_entry":false,"ft_order_tag":"roi","cost":2186.4501941764956}],"funding_fees":0.0,"weekday":2},{"pair":"NEAR/USDT","stake_amount":2154.08152993,"max_stake_amount":2154.08152993,"amount":939.8,"open_date":"2025-10-29 17:40:00+00:00","close_date":"2025-10-29 18:30:00+00:00","open_rate":2.292,"close_rate":2.32412012012012,"fee_open":0.001,"fee_close":0.001,"trade_duration":50,"profit_ratio":0.011959856892719306,"profit_abs":25.78826934,"exit_reason":"roi","initial_stop_loss_abs":1.662,"initial_stop_loss_ratio":-0.275,"stop_loss_abs":1.662,"stop_loss_ratio":-0.275,"min_rate":2.292,"max_rate":2.349,"is_open":false,"enter_tag":"","leverage":1.0,"is_short":false,"open_timestamp":1761759600000,"close_timestamp":1761762600000,"orders":[{"amount":939.8,"safe_price":2.292063768808436,"ft_order_side":"buy","order_filled_timestamp":1761759600000,"ft_is_entry":true,"ft_order_tag":"","cost":2156.235611456094},{"amount":939.8,"safe_price":2.32412012012012,"ft_order_side":"sell","order_filled_timestamp":1761762600000,"ft_is_entry":false,"ft_order_tag":"roi","cost":2186.3922969777773}],"funding_fees":0.0,"weekday":2}],"locks":[],"best_pair":{"key":"NEAR/USDT","trades":23,"profit_mean":0.009727458255900583,"profit_mean_pct":0.97,"profit_total_abs":463.12208334999997,"profit_total":0.046312208334999994,"profit_total_pct":4.63,"duration_avg":"0:56:00","wins":18,"draws":0,"losses":5,"winrate":0.782608695652174,"cagr":0.6033900902481462,"expectancy":20.135742754347824,"expectancy_ratio":1.3046921672887928,"sortino":33.48812669843933,"sharpe":10.084232076686181,"calmar":854.4515474167856,"sqn":3.7675,"profit_factor":7.001583969528446,"max_drawdown_account":0.0029586012573761754,"max_drawdown_abs":30.11403168999999},"worst_pair":{"key":"BTC/USDT","trades":1,"profit_mean":0.01500151978764336,"profit_mean_pct":1.5,"profit_total_abs":32.16273353,"profit_total":0.003216273353,"profit_total_pct":0.32,"duration_avg":"0:45:00","wins":1,"draws":0,"losses":0,"winrate":1.0,"cagr":0.03405432463737412,"expectancy":32.16273353,"expectancy_ratio":100.0,"sortino":-100,"sharpe":-100,"calmar":-100,"sqn":-100.0,"profit_factor":0.0,"max_drawdown_account":0.0,"max_drawdown_abs":0.0},"results_per_pair":[{"key":"NEAR/USDT","trades":23,"profit_mean":0.009727458255900583,"profit_mean_pct":0.97,"profit_total_abs":463.12208334999997,"profit_total":0.046312208334999994,"profit_total_pct":4.63,"duration_avg":"0:56:00","wins":18,"draws":0,"losses":5,"winrate":0.782608695652174,"cagr":0.6033900902481462,"expectancy":20.135742754347824,"expectancy_ratio":1.3046921672887928,"sortino":33.48812669843933,"sharpe":10.084232076686181,"calmar":854.4515474167856,"sqn":3.7675,"profit_factor":7.001583969528446,"max_drawdown_account":0.0029586012573761754,"max_drawdown_abs":30.11403168999999},{"key":"DOT/USDT","trades":12,"profit_mean":0.013122646534330143,"profit_mean_pct":1.31,"profit_total_abs":327.16521902000005,"profit_total":0.03271652190200001,"profit_total_pct":3.27,"duration_avg":"0:44:00","wins":10,"draws":0,"losses":2,"winrate":0.8333333333333334,"cagr":0.3989531228678802,"expectancy":27.263768251666672,"expectancy_ratio":3.418230673504141,"sortino":47.54211159575942,"sharpe":8.29560558611277,"calmar":1552.4792848041711,"sqn":4.2003,"profit_factor":21.50938404102484,"max_drawdown_account":0.0011503227301739494,"max_drawdown_abs":11.732347040000008},{"key":"BTC/USDT","trades":1,"profit_mean":0.01500151978764336,"profit_mean_pct":1.5,"profit_total_abs":32.16273353,"profit_total":0.003216273353,"profit_total_pct":0.32,"duration_avg":"0:45:00","wins":1,"draws":0,"losses":0,"winrate":1.0,"cagr":0.03405432463737412,"expectancy":32.16273353,"expectancy_ratio":100.0,"sortino":-100,"sharpe":-100,"calmar":-100,"sqn":-100.0,"profit_factor":0.0,"max_drawdown_account":0.0,"max_drawdown_abs":0.0},{"key":"TOTAL","trades":36,"profit_mean":0.01100568939125885,"profit_mean_pct":1.1,"profit_total_abs":822.4500358999999,"profit_total":0.08224500358999999,"profit_total_pct":8.22,"duration_avg":"0:52:00","wins":29,"draws":0,"losses":7,"winrate":0.8055555555555556,"cagr":1.2801680800071784,"expectancy":22.845834330555554,"expectancy_ratio":1.7173884430975326,"sortino":59.94662457361136,"sharpe":18.810745999692163,"calmar":1528.168359716671,"sqn":5.6632,"profit_factor":9.832283421644451,"max_drawdown_account":0.0029377626720554152,"max_drawdown_abs":30.11403168999999}],"results_per_enter_tag":[{"key":"","trades":36,"profit_mean":0.01100568939125885,"profit_mean_pct":1.1,"profit_total_abs":822.4500358999999,"profit_total":0.08224500358999999,"profit_total_pct":8.22,"duration_avg":"0:52:00","wins":29,"draws":0,"losses":7,"winrate":0.8055555555555556,"cagr":1.2801680800071784,"expectancy":22.845834330555554,"expectancy_ratio":1.7173884430975326,"sortino":59.94662457361136,"sharpe":18.810745999692163,"calmar":1528.168359716671,"sqn":5.6632,"profit_factor":9.832283421644451,"max_drawdown_account":0.0029377626720554152,"max_drawdown_abs":30.11403168999999},{"key":"TOTAL","trades":36,"profit_mean":0.01100568939125885,"profit_mean_pct":1.1,"profit_total_abs":822.4500358999999,"profit_total":0.08224500358999999,"profit_total_pct":8.22,"duration_avg":"0:52:00","wins":29,"draws":0,"losses":7,"winrate":0.8055555555555556,"cagr":1.2801680800071784,"expectancy":22.845834330555554,"expectancy_ratio":1.7173884430975326,"sortino":59.94662457361136,"sharpe":18.810745999692163,"calmar":1528.168359716671,"sqn":5.6632,"profit_factor":9.832283421644451,"max_drawdown_account":0.0029377626720554152,"max_drawdown_abs":30.11403168999999}],"exit_reason_summary":[{"key":"roi","trades":27,"profit_mean":0.015957556940553584,"profit_mean_pct":1.6,"profit_total_abs":894.2573479599998,"profit_total":0.08942573479599998,"profit_total_pct":8.94,"duration_avg":"0:50:00","wins":27,"draws":0,"losses":0,"winrate":1.0,"cagr":1.442970049565878,"expectancy":33.120642517037034,"expectancy_ratio":100.0,"sortino":-100,"sharpe":28.68617990222384,"calmar":-100,"sqn":9.9247,"profit_factor":0.0,"max_drawdown_account":0.0,"max_drawdown_abs":0.0},{"key":"exit_signal","trades":9,"profit_mean":-0.0038499132566253563,"profit_mean_pct":-0.38,"profit_total_abs":-71.80731206,"profit_total":-0.007180731206,"profit_total_pct":-0.72,"duration_avg":"0:56:00","wins":2,"draws":0,"losses":7,"winrate":0.2222222222222222,"cagr":-0.07240023417292019,"expectancy":-7.978590228888889,"expectancy_ratio":-0.5997740530306763,"sortino":-5.233881439363647,"sharpe":-3.2797049799787494,"calmar":-47.52418690585609,"sqn":-1.8882,"profit_factor":0.22886193181770192,"max_drawdown_account":0.008247690642000089,"max_drawdown_abs":82.47690642},{"key":"TOTAL","trades":36,"profit_mean":0.01100568939125885,"profit_mean_pct":1.1,"profit_total_abs":822.4500358999999,"profit_total":0.08224500358999999,"profit_total_pct":8.22,"duration_avg":"0:52:00","wins":29,"draws":0,"losses":7,"winrate":0.8055555555555556,"cagr":1.2801680800071784,"expectancy":22.845834330555554,"expectancy_ratio":1.7173884430975326,"sortino":59.94662457361136,"sharpe":18.810745999692163,"calmar":1528.168359716671,"sqn":5.6632,"profit_factor":9.832283421644451,"max_drawdown_account":0.0029377626720554152,"max_drawdown_abs":30.11403168999999}],"mix_tag_stats":[{"key":["","roi"],"trades":27,"profit_mean":0.015957556940553584,"profit_mean_pct":1.6,"profit_total_abs":894.2573479599998,"profit_total":0.08942573479599998,"profit_total_pct":8.94,"duration_avg":"0:50:00","wins":27,"draws":0,"losses":0,"winrate":1.0,"cagr":1.442970049565878,"expectancy":33.120642517037034,"expectancy_ratio":100.0,"sortino":-100,"sharpe":28.68617990222384,"calmar":-100,"sqn":9.9247,"profit_factor":0.0,"max_drawdown_account":0.0,"max_drawdown_abs":0.0},{"key":["","exit_signal"],"trades":9,"profit_mean":-0.0038499132566253563,"profit_mean_pct":-0.38,"profit_total_abs":-71.80731206,"profit_total":-0.007180731206,"profit_total_pct":-0.72,"duration_avg":"0:56:00","wins":2,"draws":0,"losses":7,"winrate":0.2222222222222222,"cagr":-0.07240023417292019,"expectancy":-7.978590228888889,"expectancy_ratio":-0.5997740530306763,"sortino":-5.233881439363647,"sharpe":-3.2797049799787494,"calmar":-47.52418690585609,"sqn":-1.8882,"profit_factor":0.22886193181770192,"max_drawdown_account":0.008247690642000089,"max_drawdown_abs":82.47690642},{"key":"TOTAL","trades":36,"profit_mean":0.01100568939125885,"profit_mean_pct":1.1,"profit_total_abs":822.4500358999999,"profit_total":0.08224500358999999,"profit_total_pct":8.22,"duration_avg":"0:52:00","wins":29,"draws":0,"losses":7,"winrate":0.8055555555555556,"cagr":1.2801680800071784,"expectancy":22.845834330555554,"expectancy_ratio":1.7173884430975326,"sortino":59.94662457361136,"sharpe":18.810745999692163,"calmar":1528.168359716671,"sqn":5.6632,"profit_factor":9.832283421644451,"max_drawdown_account":0.0029377626720554152,"max_drawdown_abs":30.11403168999999}],"left_open_trades":[{"key":"TOTAL","trades":0,"profit_mean":0.0,"profit_mean_pct":0.0,"profit_total_abs":0.0,"profit_total":0.0,"profit_total_pct":0.0,"duration_avg":"0:00","wins":0,"draws":0,"losses":0,"winrate":0.0,"cagr":0.0,"expectancy":0.0,"expectancy_ratio":100.0,"sortino":0,"sharpe":0,"calmar":0,"sqn":0.0,"profit_factor":0.0,"max_drawdown_account":0.0,"max_drawdown_abs":0.0}],"total_trades":36,"trade_count_long":36,"trade_count_short":0,"total_volume":151105.3110972666,"avg_stake_amount":2083.068782608889,"profit_mean":0.01100568939125885,"profit_median":0.011952156186328975,"profit_total":0.08224500358999999,"profit_total_long":0.08224500358999999,"profit_total_short":0.0,"profit_total_abs":822.4500358999999,"profit_total_long_abs":822.4500358999999,"profit_total_short_abs":0.0,"cagr":1.2801680800071784,"expectancy":22.845834330555554,"expectancy_ratio":1.7173884430975326,"sortino":59.94662457361136,"sharpe":18.810745999692163,"calmar":1528.168359716671,"sqn":5.6632,"profit_factor":9.832283421644451,"backtest_start":"2025-10-01 08:00:00","backtest_start_ts":1759305600000,"backtest_end":"2025-11-05 16:05:00","backtest_end_ts":1762358700000,"backtest_days":35,"backtest_run_start_ts":1762580686,"backtest_run_end_ts":1762580688,"trades_per_day":1.03,"market_change":-0.24488898278393778,"pairlist":["BTC/USDT","DOT/USDT","NEAR/USDT"],"stake_amount":"unlimited","stake_currency":"USDT","stake_currency_decimals":3,"starting_balance":10000,"dry_run_wallet":10000,"final_balance":10822.4500359,"rejected_signals":0,"timedout_entry_orders":0,"timedout_exit_orders":0,"canceled_trade_entries":0,"canceled_entry_orders":0,"replaced_entry_orders":0,"max_open_trades":3,"max_open_trades_setting":5,"timeframe":"5m","timeframe_detail":"","timerange":"","enable_protections":false,"strategy_name":"ichiV1","freqaimodel":null,"freqai_identifier":null,"stoploss":-0.275,"trailing_stop":false,"trailing_stop_positive":null,"trailing_stop_positive_offset":0.0,"trailing_only_offset_is_reached":false,"use_custom_stoploss":false,"minimal_roi":{"0":0.059,"10":0.037,"41":0.012,"114":0},"use_exit_signal":true,"exit_profit_only":false,"exit_profit_offset":0.0,"ignore_roi_if_entry_signal":false,"trading_mode":"spot","margin_mode":"isolated","periodic_breakdown":{"day":[{"date":"03/10/2025","date_ts":1759449600000,"profit_abs":-14.90055394,"wins":0,"draws":0,"losses":1,"trades":1,"profit_factor":0.0},{"date":"04/10/2025","date_ts":1759536000000,"profit_abs":0.0,"wins":0,"draws":0,"losses":0,"trades":0,"profit_factor":0.0},{"date":"05/10/2025","date_ts":1759622400000,"profit_abs":35.13719251,"wins":1,"draws":0,"losses":0,"trades":1,"profit_factor":0.0},{"date":"06/10/2025","date_ts":1759708800000,"profit_abs":23.93589135,"wins":1,"draws":0,"losses":0,"trades":1,"profit_factor":0.0},{"date":"07/10/2025","date_ts":1759795200000,"profit_abs":0.0,"wins":0,"draws":0,"losses":0,"trades":0,"profit_factor":0.0},{"date":"08/10/2025","date_ts":1759881600000,"profit_abs":24.20601932,"wins":1,"draws":0,"losses":0,"trades":1,"profit_factor":0.0},{"date":"09/10/2025","date_ts":1759968000000,"profit_abs":0.0,"wins":0,"draws":0,"losses":0,"trades":0,"profit_factor":0.0},{"date":"10/10/2025","date_ts":1760054400000,"profit_abs":59.27692609,"wins":3,"draws":0,"losses":0,"trades":3,"profit_factor":0.0},{"date":"11/10/2025","date_ts":1760140800000,"profit_abs":92.89913155,"wins":2,"draws":0,"losses":1,"trades":3,"profit_factor":4.08491179},{"date":"12/10/2025","date_ts":1760227200000,"profit_abs":227.92698626,"wins":5,"draws":0,"losses":0,"trades":5,"profit_factor":0.0},{"date":"13/10/2025","date_ts":1760313600000,"profit_abs":58.20419788,"wins":2,"draws":0,"losses":1,"trades":3,"profit_factor":5.96100206},{"date":"14/10/2025","date_ts":1760400000000,"profit_abs":50.2617698,"wins":2,"draws":0,"losses":0,"trades":2,"profit_factor":0.0},{"date":"15/10/2025","date_ts":1760486400000,"profit_abs":0.0,"wins":0,"draws":0,"losses":0,"trades":0,"profit_factor":0.0},{"date":"16/10/2025","date_ts":1760572800000,"profit_abs":4.34087539,"wins":1,"draws":0,"losses":0,"trades":1,"profit_factor":0.0},{"date":"17/10/2025","date_ts":1760659200000,"profit_abs":-26.36642767,"wins":0,"draws":0,"losses":3,"trades":3,"profit_factor":0.0},{"date":"18/10/2025","date_ts":1760745600000,"profit_abs":0.0,"wins":0,"draws":0,"losses":0,"trades":0,"profit_factor":0.0},{"date":"19/10/2025","date_ts":1760832000000,"profit_abs":25.27033419,"wins":1,"draws":0,"losses":0,"trades":1,"profit_factor":0.0},{"date":"20/10/2025","date_ts":1760918400000,"profit_abs":50.36571543,"wins":2,"draws":0,"losses":0,"trades":2,"profit_factor":0.0},{"date":"21/10/2025","date_ts":1761004800000,"profit_abs":149.67797977,"wins":5,"draws":0,"losses":1,"trades":6,"profit_factor":15.95993088},{"date":"22/10/2025","date_ts":1761091200000,"profit_abs":0.0,"wins":0,"draws":0,"losses":0,"trades":0,"profit_factor":0.0},{"date":"23/10/2025","date_ts":1761177600000,"profit_abs":0.0,"wins":0,"draws":0,"losses":0,"trades":0,"profit_factor":0.0},{"date":"24/10/2025","date_ts":1761264000000,"profit_abs":0.0,"wins":0,"draws":0,"losses":0,"trades":0,"profit_factor":0.0},{"date":"25/10/2025","date_ts":1761350400000,"profit_abs":0.0,"wins":0,"draws":0,"losses":0,"trades":0,"profit_factor":0.0},{"date":"26/10/2025","date_ts":1761436800000,"profit_abs":10.66959436,"wins":1,"draws":0,"losses":0,"trades":1,"profit_factor":0.0},{"date":"27/10/2025","date_ts":1761523200000,"profit_abs":0.0,"wins":0,"draws":0,"losses":0,"trades":0,"profit_factor":0.0},{"date":"28/10/2025","date_ts":1761609600000,"profit_abs":0.0,"wins":0,"draws":0,"losses":0,"trades":0,"profit_factor":0.0},{"date":"29/10/2025","date_ts":1761696000000,"profit_abs":51.54440361,"wins":2,"draws":0,"losses":0,"trades":2,"profit_factor":0.0}],"week":[{"date":"06/10/2025","date_ts":1759708800000,"profit_abs":44.17252992,"wins":2,"draws":0,"losses":1,"trades":3,"profit_factor":3.96448911},{"date":"13/10/2025","date_ts":1760313600000,"profit_abs":462.5132611,"wins":13,"draws":0,"losses":2,"trades":15,"profit_factor":12.05264721},{"date":"20/10/2025","date_ts":1760918400000,"profit_abs":103.87226714,"wins":6,"draws":0,"losses":3,"trades":9,"profit_factor":4.93956544},{"date":"27/10/2025","date_ts":1761523200000,"profit_abs":160.34757413,"wins":6,"draws":0,"losses":1,"trades":7,"profit_factor":17.02632952},{"date":"03/11/2025","date_ts":1762128000000,"profit_abs":51.54440361,"wins":2,"draws":0,"losses":0,"trades":2,"profit_factor":0.0}],"month":[{"date":"31/10/2025","date_ts":1761868800000,"profit_abs":822.4500359,"wins":29,"draws":0,"losses":7,"trades":36,"profit_factor":9.83228342}],"year":[{"date":"31/12/2025","date_ts":1767139200000,"profit_abs":822.4500359,"wins":29,"draws":0,"losses":7,"trades":36,"profit_factor":9.83228342}],"weekday":[{"date":"Monday","date_ts":0,"profit_abs":132.50580466,"wins":5,"draws":0,"losses":1,"trades":6,"profit_factor":12.29405772},{"date":"Tuesday","date_ts":1,"profit_abs":199.93974957,"wins":7,"draws":0,"losses":1,"trades":8,"profit_factor":20.98346609},{"date":"Wednesday","date_ts":2,"profit_abs":75.75042293,"wins":3,"draws":0,"losses":0,"trades":3,"profit_factor":0.0},{"date":"Thursday","date_ts":3,"profit_abs":4.34087539,"wins":1,"draws":0,"losses":0,"trades":1,"profit_factor":0.0},{"date":"Friday","date_ts":4,"profit_abs":18.00994448,"wins":3,"draws":0,"losses":4,"trades":7,"profit_factor":1.43642505},{"date":"Saturday","date_ts":5,"profit_abs":92.89913155,"wins":2,"draws":0,"losses":1,"trades":3,"profit_factor":4.08491179},{"date":"Sunday","date_ts":6,"profit_abs":299.00410732,"wins":8,"draws":0,"losses":0,"trades":8,"profit_factor":0.0}]},"backtest_best_day":0.11064026248100495,"backtest_worst_day":-0.01247816777594167,"backtest_best_day_abs":227.92698626,"backtest_worst_day_abs":-26.36642767,"winning_days":14,"draw_days":11,"losing_days":2,"daily_profit":[["2025-10-03",-14.90055394],["2025-10-04",0.0],["2025-10-05",35.13719251],["2025-10-06",23.93589135],["2025-10-07",0.0],["2025-10-08",24.20601932],["2025-10-09",0.0],["2025-10-10",59.27692609],["2025-10-11",92.89913155],["2025-10-12",227.92698626],["2025-10-13",58.20419788],["2025-10-14",50.2617698],["2025-10-15",0.0],["2025-10-16",4.34087539],["2025-10-17",-26.36642767],["2025-10-18",0.0],["2025-10-19",25.27033419],["2025-10-20",50.36571543],["2025-10-21",149.67797977],["2025-10-22",0.0],["2025-10-23",0.0],["2025-10-24",0.0],["2025-10-25",0.0],["2025-10-26",10.66959436],["2025-10-27",0.0],["2025-10-28",0.0],["2025-10-29",51.54440361]],"wins":29,"losses":7,"draws":0,"winrate":0.8055555555555556,"holding_avg":"0:52:00","holding_avg_s":3120.0,"winner_holding_min":"0d 00:15","winner_holding_min_s":900.0,"winner_holding_max":"0d 01:55","winner_holding_max_s":6900.0,"winner_holding_avg":"0d 00:52","winner_holding_avg_s":3120.0,"loser_holding_min":"0d 00:20","loser_holding_min_s":1200.0,"loser_holding_max":"0d 01:30","loser_holding_max_s":5400.0,"loser_holding_avg":"0d 00:51","loser_holding_avg_s":3060.0,"max_consecutive_wins":8,"max_consecutive_losses":3,"max_drawdown_account":0.0029377626720554152,"max_relative_drawdown":0.0029377626720554152,"max_drawdown_abs":30.11403168999999,"drawdown_start":"2025-10-11 09:05:00","drawdown_start_ts":1760173500000.0,"drawdown_end":"2025-10-11 09:55:00","drawdown_end_ts":1760176500000.0,"drawdown_duration":"0 days 00:50:00","drawdown_duration_s":3000.0,"max_drawdown_low":220.55460688,"max_drawdown_high":250.66863856999998,"csum_min":9985.09944606,"csum_max":10822.4500359}},"strategy_comparison":[{"key":"ichiV1","trades":36,"profit_mean":0.01100568939125885,"profit_mean_pct":1.1,"profit_total_abs":822.4500358999999,"profit_total":0.08224500358999999,"profit_total_pct":8.22,"duration_avg":"0:52:00","wins":29,"draws":0,"losses":7,"winrate":0.8055555555555556,"cagr":1.2801680800071784,"expectancy":22.845834330555554,"expectancy_ratio":1.7173884430975326,"sortino":59.94662457361136,"sharpe":18.810745999692163,"calmar":1528.168359716671,"sqn":5.6632,"profit_factor":9.832283421644451,"max_drawdown_account":0.0029377626720554152,"max_drawdown_abs":"30.114"}]}