{"strategy":{"AdxSmas":{"trades":[{"pair":"NEAR/USDT","stake_amount":329.9126,"max_stake_amount":329.9126,"amount":145.4,"open_date":"2025-10-19 20:00:00+00:00","close_date":"2025-10-20 23:00:00+00:00","open_rate":2.269,"close_rate":2.27,"fee_open":0.001,"fee_close":0.001,"trade_duration":1620,"profit_ratio":-0.0015581597776397247,"profit_abs":-0.5145706,"exit_reason":"exit_signal","initial_stop_loss_abs":1.702,"initial_stop_loss_ratio":-0.25,"stop_loss_abs":1.702,"stop_loss_ratio":-0.25,"min_rate":2.213,"max_rate":2.339,"is_open":false,"enter_tag":"","leverage":1.0,"is_short":false,"open_timestamp":1760904000000,"close_timestamp":1761001200000,"orders":[{"amount":145.4,"safe_price":2.269,"ft_order_side":"buy","order_filled_timestamp":1760904000000,"ft_is_entry":true,"ft_order_tag":"","cost":330.2425126},{"amount":145.4,"safe_price":2.27,"ft_order_side":"sell","order_filled_timestamp":1761001200000,"ft_is_entry":false,"ft_order_tag":"exit_signal","cost":330.38805799999994}],"funding_fees":0.0,"weekday":0},{"pair":"ETH/USDT","stake_amount":329.69172,"max_stake_amount":329.69172,"amount":0.0844,"open_date":"2025-10-19 04:00:00+00:00","close_date":"2025-10-21 00:00:00+00:00","open_rate":3906.3,"close_rate":3979.22,"fee_open":0.001,"fee_close":0.001,"trade_duration":2640,"profit_ratio":0.016631981789887482,"profit_abs":5.48891011,"exit_reason":"exit_signal","initial_stop_loss_abs":2929.7250000000004,"initial_stop_loss_ratio":-0.25,"stop_loss_abs":2929.7250000000004,"stop_loss_ratio":-0.25,"min_rate":3827.04,"max_rate":4085.3,"is_open":false,"enter_tag":"","leverage":1.0,"is_short":false,"open_timestamp":1760846400000,"close_timestamp":1761004800000,"orders":[{"amount":0.0844,"safe_price":3906.3,"ft_order_side":"buy","order_filled_timestamp":1760846400000,"ft_is_entry":true,"ft_order_tag":"","cost":330.02141172},{"amount":0.0844,"safe_price":3979.22,"ft_order_side":"sell","order_filled_timestamp":1761004800000,"ft_is_entry":false,"ft_order_tag":"exit_signal","cost":336.18201416799997}],"funding_fees":0.0,"weekday":1},{"pair":"DOT/USDT","stake_amount":329.98284,"max_stake_amount":329.98284,"amount":108.69,"open_date":"2025-10-19 21:00:00+00:00","close_date":"2025-10-21 00:00:00+00:00","open_rate":3.036,"close_rate":3.085,"fee_open":0.001,"fee_close":0.001,"trade_duration":1620,"profit_ratio":0.01410940837818308,"profit_abs":4.66051851,"exit_reason":"exit_signal","initial_stop_loss_abs":2.277,"initial_stop_loss_ratio":-0.25,"stop_loss_abs":2.277,"stop_loss_ratio":-0.25,"min_rate":2.949,"max_rate":3.132,"is_open":false,"enter_tag":"","leverage":1.0,"is_short":false,"open_timestamp":1760907600000,"close_timestamp":1761004800000,"orders":[{"amount":108.69,"safe_price":3.036,"ft_order_side":"buy","order_filled_timestamp":1760907600000,"ft_is_entry":true,"ft_order_tag":"","cost":330.31282283999997},{"amount":108.69,"safe_price":3.085,"ft_order_side":"sell","order_filled_timestamp":1761004800000,"ft_is_entry":false,"ft_order_tag":"exit_signal","cost":335.64395864999995}],"funding_fees":0.0,"weekday":1},{"pair":"AVAX/USDT","stake_amount":333.0138,"max_stake_amount":333.0138,"amount":16.87,"open_date":"2025-10-21 09:00:00+00:00","close_date":"2025-10-21 20:00:00+00:00","open_rate":19.74,"close_rate":20.4,"fee_open":0.001,"fee_close":0.001,"trade_duration":660,"profit_ratio":0.03136984595951161,"profit_abs":10.4570382,"exit_reason":"exit_signal","initial_stop_loss_abs":14.805,"initial_stop_loss_ratio":-0.25,"stop_loss_abs":14.805,"stop_loss_ratio":-0.25,"min_rate":19.72,"max_rate":20.85,"is_open":false,"enter_tag":"","leverage":1.0,"is_short":false,"open_timestamp":1761037200000,"close_timestamp":1761076800000,"orders":[{"amount":16.87,"safe_price":19.74,"ft_order_side":"buy","order_filled_timestamp":1761037200000,"ft_is_entry":true,"ft_order_tag":"","cost":333.34681379999995},{"amount":16.87,"safe_price":20.4,"ft_order_side":"sell","order_filled_timestamp":1761076800000,"ft_is_entry":false,"ft_order_tag":"exit_signal","cost":344.492148}],"funding_fees":0.0,"weekday":1},{"pair":"ETH/USDT","stake_amount":333.033939,"max_stake_amount":333.033939,"amount":0.0861,"open_date":"2025-10-21 09:00:00+00:00","close_date":"2025-10-22 08:00:00+00:00","open_rate":3867.99,"close_rate":3868.72,"fee_open":0.001,"fee_close":0.001,"trade_duration":1380,"profit_ratio":-0.0018096505622060787,"profit_abs":-0.60327773,"exit_reason":"exit_signal","initial_stop_loss_abs":2900.9925,"initial_stop_loss_ratio":-0.25,"stop_loss_abs":2900.9925,"stop_loss_ratio":-0.25,"min_rate":3821.64,"max_rate":4110.0,"is_open":false,"enter_tag":"","leverage":1.0,"is_short":false,"open_timestamp":1761037200000,"close_timestamp":1761120000000,"orders":[{"amount":0.0861,"safe_price":3867.99,"ft_order_side":"buy","order_filled_timestamp":1761037200000,"ft_is_entry":true,"ft_order_tag":"","cost":333.36697293899994},{"amount":0.0861,"safe_price":3868.72,"ft_order_side":"sell","order_filled_timestamp":1761120000000,"ft_is_entry":false,"ft_order_tag":"exit_signal","cost":333.42988879199993}],"funding_fees":0.0,"weekday":2},{"pair":"SOL/USDT","stake_amount":333.17824,"max_stake_amount":333.17824,"amount":1.808,"open_date":"2025-10-21 09:00:00+00:00","close_date":"2025-10-22 17:00:00+00:00","open_rate":184.28,"close_rate":183.63,"fee_open":0.001,"fee_close":0.001,"trade_duration":1920,"profit_ratio":-0.005518195717891832,"profit_abs":-1.84038128,"exit_reason":"exit_signal","initial_stop_loss_abs":138.21,"initial_stop_loss_ratio":-0.25,"stop_loss_abs":138.21,"stop_loss_ratio":-0.25,"min_rate":181.28,"max_rate":197.71,"is_open":false,"enter_tag":"","leverage":1.0,"is_short":false,"open_timestamp":1761037200000,"close_timestamp":1761152400000,"orders":[{"amount":1.808,"safe_price":184.28,"ft_order_side":"buy","order_filled_timestamp":1761037200000,"ft_is_entry":true,"ft_order_tag":"","cost":333.51141823999995},{"amount":1.808,"safe_price":183.63,"ft_order_side":"sell","order_filled_timestamp":1761152400000,"ft_is_entry":false,"ft_order_tag":"exit_signal","cost":332.33504303999996}],"funding_fees":0.0,"weekday":2},{"pair":"AVAX/USDT","stake_amount":336.5076,"max_stake_amount":336.5076,"amount":17.16,"open_date":"2025-10-22 05:00:00+00:00","close_date":"2025-10-23 12:00:00+00:00","open_rate":19.61,"close_rate":19.41,"fee_open":0.001,"fee_close":0.001,"trade_duration":1860,"profit_ratio":-0.012176502742540481,"profit_abs":-4.1015832,"exit_reason":"exit_signal","initial_stop_loss_abs":14.7075,"initial_stop_loss_ratio":-0.25,"stop_loss_abs":14.7075,"stop_loss_ratio":-0.25,"min_rate":18.42,"max_rate":19.71,"is_open":false,"enter_tag":"","leverage":1.0,"is_short":false,"open_timestamp":1761109200000,"close_timestamp":1761220800000,"orders":[{"amount":17.16,"safe_price":19.61,"ft_order_side":"buy","order_filled_timestamp":1761109200000,"ft_is_entry":true,"ft_order_tag":"","cost":336.8441075999999},{"amount":17.16,"safe_price":19.41,"ft_order_side":"sell","order_filled_timestamp":1761220800000,"ft_is_entry":false,"ft_order_tag":"exit_signal","cost":333.4086756}],"funding_fees":0.0,"weekday":3},{"pair":"ETH/USDT","stake_amount":336.173796,"max_stake_amount":336.173796,"amount":0.0868,"open_date":"2025-10-22 14:00:00+00:00","close_date":"2025-10-23 12:00:00+00:00","open_rate":3872.97,"close_rate":3863.06,"fee_open":0.001,"fee_close":0.001,"trade_duration":1320,"profit_ratio":-0.004551649393711979,"profit_abs":-1.5316754,"exit_reason":"exit_signal","initial_stop_loss_abs":2904.7275,"initial_stop_loss_ratio":-0.25,"stop_loss_abs":2904.7275,"stop_loss_ratio":-0.25,"min_rate":3710.0,"max_rate":3905.22,"is_open":false,"enter_tag":"","leverage":1.0,"is_short":false,"open_timestamp":1761141600000,"close_timestamp":1761220800000,"orders":[{"amount":0.0868,"safe_price":3872.97,"ft_order_side":"buy","order_filled_timestamp":1761141600000,"ft_is_entry":true,"ft_order_tag":"","cost":336.50996979599995},{"amount":0.0868,"safe_price":3863.06,"ft_order_side":"sell","order_filled_timestamp":1761220800000,"ft_is_entry":false,"ft_order_tag":"exit_signal","cost":335.64892160799997}],"funding_fees":0.0,"weekday":3},{"pair":"SOL/USDT","stake_amount":334.70598,"max_stake_amount":334.70598,"amount":1.849,"open_date":"2025-10-23 01:00:00+00:00","close_date":"2025-10-24 16:00:00+00:00","open_rate":181.02,"close_rate":189.45,"fee_open":0.001,"fee_close":0.001,"trade_duration":2340,"profit_ratio":0.04447839200905161,"profit_abs":14.90207097,"exit_reason":"exit_signal","initial_stop_loss_abs":135.76500000000001,"initial_stop_loss_ratio":-0.25,"stop_loss_abs":135.76500000000001,"stop_loss_ratio":-0.25,"min_rate":180.58,"max_rate":197.0,"is_open":false,"enter_tag":"","leverage":1.0,"is_short":false,"open_timestamp":1761181200000,"close_timestamp":1761321600000,"orders":[{"amount":1.849,"safe_price":181.02,"ft_order_side":"buy","order_filled_timestamp":1761181200000,"ft_is_entry":true,"ft_order_tag":"","cost":335.04068598},{"amount":1.849,"safe_price":189.45,"ft_order_side":"sell","order_filled_timestamp":1761321600000,"ft_is_entry":false,"ft_order_tag":"exit_signal","cost":350.64334304999994}],"funding_fees":0.0,"weekday":4},{"pair":"BTC/USDT","stake_amount":333.89106,"max_stake_amount":333.89106,"amount":0.003,"open_date":"2025-10-24 13:00:00+00:00","close_date":"2025-10-25 02:00:00+00:00","open_rate":111297.02,"close_rate":111070.31,"fee_open":0.001,"fee_close":0.001,"trade_duration":780,"profit_ratio":-0.0040309138672239495,"profit_abs":-1.34723199,"exit_reason":"exit_signal","initial_stop_loss_abs":83472.765,"initial_stop_loss_ratio":-0.25,"stop_loss_abs":83472.765,"stop_loss_ratio":-0.25,"min_rate":109700.01,"max_rate":111451.47,"is_open":false,"enter_tag":"","leverage":1.0,"is_short":false,"open_timestamp":1761310800000,"close_timestamp":1761357600000,"orders":[{"amount":0.003,"safe_price":111297.02,"ft_order_side":"buy","order_filled_timestamp":1761310800000,"ft_is_entry":true,"ft_order_tag":"","cost":334.22495106},{"amount":0.003,"safe_price":111070.31,"ft_order_side":"sell","order_filled_timestamp":1761357600000,"ft_is_entry":false,"ft_order_tag":"exit_signal","cost":333.54414092999997}],"funding_fees":0.0,"weekday":5},{"pair":"BTC/USDT","stake_amount":338.2190838,"max_stake_amount":338.2190838,"amount":0.00303,"open_date":"2025-10-25 20:00:00+00:00","close_date":"2025-10-25 23:00:00+00:00","open_rate":111623.46,"close_rate":111621.69,"fee_open":0.001,"fee_close":0.001,"trade_duration":180,"profit_ratio":-0.002013827184327513,"profit_abs":-0.6817959,"exit_reason":"exit_signal","initial_stop_loss_abs":83717.595,"initial_stop_loss_ratio":-0.25,"stop_loss_abs":83717.595,"stop_loss_ratio":-0.25,"min_rate":111342.25,"max_rate":111683.64,"is_open":false,"enter_tag":"","leverage":1.0,"is_short":false,"open_timestamp":1761422400000,"close_timestamp":1761433200000,"orders":[{"amount":0.00303,"safe_price":111623.46,"ft_order_side":"buy","order_filled_timestamp":1761422400000,"ft_is_entry":true,"ft_order_tag":"","cost":338.5573028838},{"amount":0.00303,"safe_price":111621.69,"ft_order_side":"sell","order_filled_timestamp":1761433200000,"ft_is_entry":false,"ft_order_tag":"exit_signal","cost":338.5519344207}],"funding_fees":0.0,"weekday":5},{"pair":"LINK/USDT","stake_amount":338.3296,"max_stake_amount":338.3296,"amount":18.88,"open_date":"2025-10-25 06:00:00+00:00","close_date":"2025-10-27 21:00:00+00:00","open_rate":17.92,"close_rate":18.29,"fee_open":0.001,"fee_close":0.001,"trade_duration":3780,"profit_ratio":0.018608066041101757,"profit_abs":6.3019552,"exit_reason":"exit_signal","initial_stop_loss_abs":13.440000000000001,"initial_stop_loss_ratio":-0.25,"stop_loss_abs":13.440000000000001,"stop_loss_ratio":-0.25,"min_rate":17.69,"max_rate":19.06,"is_open":false,"enter_tag":"","leverage":1.0,"is_short":false,"open_timestamp":1761372000000,"close_timestamp":1761598800000,"orders":[{"amount":18.88,"safe_price":17.92,"ft_order_side":"buy","order_filled_timestamp":1761372000000,"ft_is_entry":true,"ft_order_tag":"","cost":338.6679296},{"amount":18.88,"safe_price":18.29,"ft_order_side":"sell","order_filled_timestamp":1761598800000,"ft_is_entry":false,"ft_order_tag":"exit_signal","cost":345.6605151999999}],"funding_fees":0.0,"weekday":0},{"pair":"NEAR/USDT","stake_amount":338.2027,"max_stake_amount":338.2027,"amount":144.1,"open_date":"2025-10-26 18:00:00+00:00","close_date":"2025-10-28 10:00:00+00:00","open_rate":2.347,"close_rate":2.331,"fee_open":0.001,"fee_close":0.001,"trade_duration":2400,"profit_ratio":-0.008801594655876719,"profit_abs":-2.9796998,"exit_reason":"exit_signal","initial_stop_loss_abs":1.761,"initial_stop_loss_ratio":-0.25,"stop_loss_abs":1.761,"stop_loss_ratio":-0.25,"min_rate":2.301,"max_rate":2.419,"is_open":false,"enter_tag":"","leverage":1.0,"is_short":false,"open_timestamp":1761501600000,"close_timestamp":1761645600000,"orders":[{"amount":144.1,"safe_price":2.347,"ft_order_side":"buy","order_filled_timestamp":1761501600000,"ft_is_entry":true,"ft_order_tag":"","cost":338.54090269999995},{"amount":144.1,"safe_price":2.331,"ft_order_side":"sell","order_filled_timestamp":1761645600000,"ft_is_entry":false,"ft_order_tag":"exit_signal","cost":336.2329970999999}],"funding_fees":0.0,"weekday":1},{"pair":"ETH/USDT","stake_amount":338.045814,"max_stake_amount":338.045814,"amount":0.0831,"open_date":"2025-10-26 20:00:00+00:00","close_date":"2025-10-28 12:00:00+00:00","open_rate":4067.94,"close_rate":4112.45,"fee_open":0.001,"fee_close":0.001,"trade_duration":2400,"profit_ratio":0.008921792521840295,"profit_abs":3.01899059,"exit_reason":"exit_signal","initial_stop_loss_abs":3050.955,"initial_stop_loss_ratio":-0.25,"stop_loss_abs":3050.955,"stop_loss_ratio":-0.25,"min_rate":4054.11,"max_rate":4253.72,"is_open":false,"enter_tag":"","leverage":1.0,"is_short":false,"open_timestamp":1761508800000,"close_timestamp":1761652800000,"orders":[{"amount":0.0831,"safe_price":4067.94,"ft_order_side":"buy","order_filled_timestamp":1761508800000,"ft_is_entry":true,"ft_order_tag":"","cost":338.3838598139999},{"amount":0.0831,"safe_price":4112.45,"ft_order_side":"sell","order_filled_timestamp":1761652800000,"ft_is_entry":false,"ft_order_tag":"exit_signal","cost":342.0863395949999}],"funding_fees":0.0,"weekday":1},{"pair":"ATOM/USDT","stake_amount":340.2918,"max_stake_amount":340.2918,"amount":107.01,"open_date":"2025-10-28 02:00:00+00:00","close_date":"2025-10-28 12:00:00+00:00","open_rate":3.18,"close_rate":3.17,"fee_open":0.001,"fee_close":0.001,"trade_duration":600,"profit_ratio":-0.005136373060901363,"profit_abs":-1.7496135,"exit_reason":"exit_signal","initial_stop_loss_abs":2.386,"initial_stop_loss_ratio":-0.25,"stop_loss_abs":2.386,"stop_loss_ratio":-0.25,"min_rate":3.141,"max_rate":3.211,"is_open":false,"enter_tag":"","leverage":1.0,"is_short":false,"open_timestamp":1761616800000,"close_timestamp":1761652800000,"orders":[{"amount":107.01,"safe_price":3.18,"ft_order_side":"buy","order_filled_timestamp":1761616800000,"ft_is_entry":true,"ft_order_tag":"","cost":340.6320918},{"amount":107.01,"safe_price":3.17,"ft_order_side":"sell","order_filled_timestamp":1761652800000,"ft_is_entry":false,"ft_order_tag":"exit_signal","cost":339.56092169999994}],"funding_fees":0.0,"weekday":1},{"pair":"SOL/USDT","stake_amount":339.55512,"max_stake_amount":339.55512,"amount":1.752,"open_date":"2025-10-29 01:00:00+00:00","close_date":"2025-10-30 01:00:00+00:00","open_rate":193.81,"close_rate":194.66,"fee_open":0.001,"fee_close":0.001,"trade_duration":1440,"profit_ratio":0.0023789738974713953,"profit_abs":0.80860056,"exit_reason":"exit_signal","initial_stop_loss_abs":145.35750000000002,"initial_stop_loss_ratio":-0.25,"stop_loss_abs":145.35750000000002,"stop_loss_ratio":-0.25,"min_rate":189.37,"max_rate":201.7,"is_open":false,"enter_tag":"","leverage":1.0,"is_short":false,"open_timestamp":1761699600000,"close_timestamp":1761786000000,"orders":[{"amount":1.752,"safe_price":193.81,"ft_order_side":"buy","order_filled_timestamp":1761699600000,"ft_is_entry":true,"ft_order_tag":"","cost":339.89467511999993},{"amount":1.752,"safe_price":194.66,"ft_order_side":"sell","order_filled_timestamp":1761786000000,"ft_is_entry":false,"ft_order_tag":"exit_signal","cost":341.38536431999995}],"funding_fees":0.0,"weekday":3},{"pair":"LINK/USDT","stake_amount":339.5847,"max_stake_amount":339.5847,"amount":19.11,"open_date":"2025-10-29 01:00:00+00:00","close_date":"2025-10-30 01:00:00+00:00","open_rate":17.77,"close_rate":18.28,"fee_open":0.001,"fee_close":0.001,"trade_duration":1440,"profit_ratio":0.026644711506838687,"profit_abs":9.0571845,"exit_reason":"exit_signal","initial_stop_loss_abs":13.3275,"initial_stop_loss_ratio":-0.25,"stop_loss_abs":13.3275,"stop_loss_ratio":-0.25,"min_rate":17.54,"max_rate":18.67,"is_open":false,"enter_tag":"","leverage":1.0,"is_short":false,"open_timestamp":1761699600000,"close_timestamp":1761786000000,"orders":[{"amount":19.11,"safe_price":17.77,"ft_order_side":"buy","order_filled_timestamp":1761699600000,"ft_is_entry":true,"ft_order_tag":"","cost":339.9242847},{"amount":19.11,"safe_price":18.28,"ft_order_side":"sell","order_filled_timestamp":1761786000000,"ft_is_entry":false,"ft_order_tag":"exit_signal","cost":349.6801308}],"funding_fees":0.0,"weekday":3},{"pair":"BTC/USDT","stake_amount":342.2220732,"max_stake_amount":342.2220732,"amount":0.00309,"open_date":"2025-10-30 04:00:00+00:00","close_date":"2025-10-31 17:00:00+00:00","open_rate":110751.48,"close_rate":108845.4,"fee_open":0.001,"fee_close":0.001,"trade_duration":2220,"profit_ratio":-0.01917404017474049,"profit_abs":-6.56834156,"exit_reason":"exit_signal","initial_stop_loss_abs":83063.61,"initial_stop_loss_ratio":-0.25,"stop_loss_abs":83063.61,"stop_loss_ratio":-0.25,"min_rate":106304.34,"max_rate":111592.0,"is_open":false,"enter_tag":"","leverage":1.0,"is_short":false,"open_timestamp":1761796800000,"close_timestamp":1761930000000,"orders":[{"amount":0.00309,"safe_price":110751.48,"ft_order_side":"buy","order_filled_timestamp":1761796800000,"ft_is_entry":true,"ft_order_tag":"","cost":342.5642952731999},{"amount":0.00309,"safe_price":108845.4,"ft_order_side":"sell","order_filled_timestamp":1761930000000,"ft_is_entry":false,"ft_order_tag":"exit_signal","cost":336.6686182859999}],"funding_fees":0.0,"weekday":4},{"pair":"ETH/USDT","stake_amount":342.701918,"max_stake_amount":342.701918,"amount":0.0871,"open_date":"2025-10-30 04:00:00+00:00","close_date":"2025-10-31 17:00:00+00:00","open_rate":3934.58,"close_rate":3822.67,"fee_open":0.001,"fee_close":0.001,"trade_duration":2220,"profit_ratio":-0.030383853512967133,"profit_abs":-10.42301748,"exit_reason":"exit_signal","initial_stop_loss_abs":2950.935,"initial_stop_loss_ratio":-0.25,"stop_loss_abs":2950.935,"stop_loss_ratio":-0.25,"min_rate":3680.0,"max_rate":3944.94,"is_open":false,"enter_tag":"","leverage":1.0,"is_short":false,"open_timestamp":1761796800000,"close_timestamp":1761930000000,"orders":[{"amount":0.0871,"safe_price":3934.58,"ft_order_side":"buy","order_filled_timestamp":1761796800000,"ft_is_entry":true,"ft_order_tag":"","cost":343.04461991799997},{"amount":0.0871,"safe_price":3822.67,"ft_order_side":"sell","order_filled_timestamp":1761930000000,"ft_is_entry":false,"ft_order_tag":"exit_signal","cost":333.28751155699996}],"funding_fees":0.0,"weekday":4},{"pair":"NEAR/USDT","stake_amount":334.9055,"max_stake_amount":334.9055,"amount":159.1,"open_date":"2025-10-31 21:00:00+00:00","close_date":"2025-10-31 23:00:00+00:00","open_rate":2.105,"close_rate":2.104,"fee_open":0.001,"fee_close":0.001,"trade_duration":120,"profit_ratio":-0.0024721122108295503,"profit_abs":-0.8287519,"exit_reason":"exit_signal","initial_stop_loss_abs":1.579,"initial_stop_loss_ratio":-0.25,"stop_loss_abs":1.579,"stop_loss_ratio":-0.25,"min_rate":2.094,"max_rate":2.112,"is_open":false,"enter_tag":"","leverage":1.0,"is_short":false,"open_timestamp":1761944400000,"close_timestamp":1761951600000,"orders":[{"amount":159.1,"safe_price":2.105,"ft_order_side":"buy","order_filled_timestamp":1761944400000,"ft_is_entry":true,"ft_order_tag":"","cost":335.24040549999995},{"amount":159.1,"safe_price":2.104,"ft_order_side":"sell","order_filled_timestamp":1761951600000,"ft_is_entry":false,"ft_order_tag":"exit_signal","cost":335.08114639999997}],"funding_fees":0.0,"weekday":4},{"pair":"DOT/USDT","stake_amount":337.3685,"max_stake_amount":337.3685,"amount":117.55,"open_date":"2025-10-31 21:00:00+00:00","close_date":"2025-11-01 07:00:00+00:00","open_rate":2.87,"close_rate":2.893,"fee_open":0.001,"fee_close":0.001,"trade_duration":600,"profit_ratio":0.005999923421526208,"profit_abs":2.02620935,"exit_reason":"exit_signal","initial_stop_loss_abs":2.153,"initial_stop_loss_ratio":-0.25,"stop_loss_abs":2.153,"stop_loss_ratio":-0.25,"min_rate":2.861,"max_rate":2.917,"is_open":false,"enter_tag":"","leverage":1.0,"is_short":false,"open_timestamp":1761944400000,"close_timestamp":1761980400000,"orders":[{"amount":117.55,"safe_price":2.87,"ft_order_side":"buy","order_filled_timestamp":1761944400000,"ft_is_entry":true,"ft_order_tag":"","cost":337.70586849999995},{"amount":117.55,"safe_price":2.893,"ft_order_side":"sell","order_filled_timestamp":1761980400000,"ft_is_entry":false,"ft_order_tag":"exit_signal","cost":340.41222214999993}],"funding_fees":0.0,"weekday":5},{"pair":"AVAX/USDT","stake_amount":339.694,"max_stake_amount":339.694,"amount":17.51,"open_date":"2025-10-29 01:00:00+00:00","close_date":"2025-11-01 15:00:00+00:00","open_rate":19.4,"close_rate":18.49,"fee_open":0.001,"fee_close":0.001,"trade_duration":5160,"profit_ratio":-0.048811497780569944,"profit_abs":-16.5975539,"exit_reason":"exit_signal","initial_stop_loss_abs":14.549999999999999,"initial_stop_loss_ratio":-0.25,"stop_loss_abs":14.549999999999999,"stop_loss_ratio":-0.25,"min_rate":17.51,"max_rate":20.2,"is_open":false,"enter_tag":"","leverage":1.0,"is_short":false,"open_timestamp":1761699600000,"close_timestamp":1762009200000,"orders":[{"amount":17.51,"safe_price":19.4,"ft_order_side":"buy","order_filled_timestamp":1761699600000,"ft_is_entry":true,"ft_order_tag":"","cost":340.03369399999997},{"amount":17.51,"safe_price":18.49,"ft_order_side":"sell","order_filled_timestamp":1762009200000,"ft_is_entry":false,"ft_order_tag":"exit_signal","cost":324.0836599}],"funding_fees":0.0,"weekday":5}],"locks":[],"best_pair":{"key":"LINK/USDT","trades":2,"profit_mean":0.022626388773970222,"profit_mean_pct":2.26,"profit_total_abs":15.3591397,"profit_total":0.0153591397,"profit_total_pct":1.54,"duration_avg":"1 day, 19:30:00","wins":2,"draws":0,"losses":0,"winrate":1.0,"cagr":0.4490352136536242,"expectancy":7.67956985,"expectancy_ratio":100.0,"sortino":-100,"sharpe":14.200195095803481,"calmar":-100,"sqn":5.5745,"profit_factor":0.0,"max_drawdown_account":0.0,"max_drawdown_abs":0.0},"worst_pair":{"key":"AVAX/USDT","trades":3,"profit_mean":-0.009872718187866272,"profit_mean_pct":-0.99,"profit_total_abs":-10.242098900000002,"profit_total":-0.010242098900000001,"profit_total_pct":-1.02,"duration_avg":"1 day, 18:40:00","wins":1,"draws":0,"losses":2,"winrate":0.3333333333333333,"cagr":-0.22159589864418827,"expectancy":-3.4140329666666673,"expectancy_ratio":-0.3298720086903204,"sortino":-2.087873277269174,"sharpe":-1.1799359983014246,"calmar":-63.680981800914566,"sqn":-0.4367,"profit_factor":0.5051919869645194,"max_drawdown_account":0.02048492545202395,"max_drawdown_abs":20.6991371},"results_per_pair":[{"key":"LINK/USDT","trades":2,"profit_mean":0.022626388773970222,"profit_mean_pct":2.26,"profit_total_abs":15.3591397,"profit_total":0.0153591397,"profit_total_pct":1.54,"duration_avg":"1 day, 19:30:00","wins":2,"draws":0,"losses":0,"winrate":1.0,"cagr":0.4490352136536242,"expectancy":7.67956985,"expectancy_ratio":100.0,"sortino":-100,"sharpe":14.200195095803481,"calmar":-100,"sqn":5.5745,"profit_factor":0.0,"max_drawdown_account":0.0,"max_drawdown_abs":0.0},{"key":"SOL/USDT","trades":3,"profit_mean":0.013779723396210392,"profit_mean_pct":1.38,"profit_total_abs":13.870290250000002,"profit_total":0.013870290250000002,"profit_total_pct":1.39,"duration_avg":"1 day, 7:40:00","wins":2,"draws":0,"losses":1,"winrate":0.6666666666666666,"cagr":0.398207604406813,"expectancy":4.623430083333334,"expectancy_ratio":2.5122131666832286,"sortino":-100,"sharpe":2.404168863621155,"calmar":959.9153031643395,"sqn":0.8898,"profit_factor":8.536639500049686,"max_drawdown_account":0.001840381279999974,"max_drawdown_abs":1.84038128},{"key":"DOT/USDT","trades":2,"profit_mean":0.010054665899854645,"profit_mean_pct":1.01,"profit_total_abs":6.6867278599999995,"profit_total":0.006686727859999999,"profit_total_pct":0.67,"duration_avg":"18:30:00","wins":2,"draws":0,"losses":0,"winrate":1.0,"cagr":0.17605873255053583,"expectancy":3.3433639299999998,"expectancy_ratio":100.0,"sortino":-100,"sharpe":6.4659460289400466,"calmar":-100,"sqn":2.5383,"profit_factor":0.0,"max_drawdown_account":0.0,"max_drawdown_abs":0.0},{"key":"ATOM/USDT","trades":1,"profit_mean":-0.005136373060901363,"profit_mean_pct":-0.51,"profit_total_abs":-1.7496135,"profit_total":-0.0017496134999999999,"profit_total_pct":-0.17,"duration_avg":"10:00:00","wins":0,"draws":0,"losses":1,"winrate":0.0,"cagr":-0.041716116866640784,"expectancy":-1.7496135,"expectancy_ratio":-1.0,"sortino":-100,"sharpe":-100,"calmar":-100,"sqn":-100.0,"profit_factor":0.0,"max_drawdown_account":0.0,"max_drawdown_abs":0.0},{"key":"ETH/USDT","trades":5,"profit_mean":-0.0022382758314314828,"profit_mean_pct":-0.22,"profit_total_abs":-4.050069910000001,"profit_total":-0.0040500699100000015,"profit_total_pct":-0.41,"duration_avg":"1 day, 9:12:00","wins":2,"draws":0,"losses":3,"winrate":0.4,"cagr":-0.0940324698565641,"expectancy":-0.8100139819999999,"expectancy_ratio":-0.1935059430753039,"sortino":-1.165352083730577,"sharpe":-0.9503530451260909,"calmar":-49.80617392610275,"sqn":-0.2985,"profit_factor":0.6774900948744934,"max_drawdown_account":0.010357012780567621,"max_drawdown_abs":10.42301748},{"key":"NEAR/USDT","trades":3,"profit_mean":-0.004277288881448665,"profit_mean_pct":-0.43,"profit_total_abs":-4.3230223,"profit_total":-0.0043230223,"profit_total_pct":-0.43,"duration_avg":"23:00:00","wins":0,"draws":0,"losses":3,"winrate":0.0,"cagr":-0.10005495360633099,"expectancy":-1.4410074333333334,"expectancy_ratio":-1.0,"sortino":-5.025841954534257,"sharpe":-5.025841954534257,"calmar":-127.3664878302839,"sqn":-1.8601,"profit_factor":0.0,"max_drawdown_account":0.0043230223000000475,"max_drawdown_abs":4.3230223},{"key":"BTC/USDT","trades":3,"profit_mean":-0.008406260408763985,"profit_mean_pct":-0.84,"profit_total_abs":-8.59736945,"profit_total":-0.00859736945,"profit_total_pct":-0.86,"duration_avg":"17:40:00","wins":0,"draws":0,"losses":3,"winrate":0.0,"cagr":-0.18950259596956787,"expectancy":-2.8657898166666667,"expectancy_ratio":-1.0,"sortino":-4.1601513085296835,"sharpe":-4.1601513085296835,"calmar":-127.3664878302857,"sqn":-1.5397,"profit_factor":0.0,"max_drawdown_account":0.008597369449999974,"max_drawdown_abs":8.59736945},{"key":"AVAX/USDT","trades":3,"profit_mean":-0.009872718187866272,"profit_mean_pct":-0.99,"profit_total_abs":-10.242098900000002,"profit_total":-0.010242098900000001,"profit_total_pct":-1.02,"duration_avg":"1 day, 18:40:00","wins":1,"draws":0,"losses":2,"winrate":0.3333333333333333,"cagr":-0.22159589864418827,"expectancy":-3.4140329666666673,"expectancy_ratio":-0.3298720086903204,"sortino":-2.087873277269174,"sharpe":-1.1799359983014246,"calmar":-63.680981800914566,"sqn":-0.4367,"profit_factor":0.5051919869645194,"max_drawdown_account":0.02048492545202395,"max_drawdown_abs":20.6991371},{"key":"TOTAL","trades":22,"profit_mean":0.0010320329492720618,"profit_mean_pct":0.1,"profit_total_abs":6.9539837499999955,"profit_total":0.006953983749999996,"profit_total_pct":0.7,"duration_avg":"1 day, 5:19:00","wins":9,"draws":0,"losses":13,"winrate":0.4090909090909091,"cagr":0.18367968520069877,"expectancy":0.3160901704545451,"expectancy_ratio":0.08256739220369247,"sortino":1.9263233503357757,"sharpe":1.3256670341660095,"calmar":28.419621928236694,"sqn":0.2168,"profit_factor":1.1397294329600949,"max_drawdown_account":0.031165245227501526,"max_drawdown_abs":32.39145549}],"results_per_enter_tag":[{"key":"","trades":22,"profit_mean":0.0010320329492720618,"profit_mean_pct":0.1,"profit_total_abs":6.9539837499999955,"profit_total":0.006953983749999996,"profit_total_pct":0.7,"duration_avg":"1 day, 5:19:00","wins":9,"draws":0,"losses":13,"winrate":0.4090909090909091,"cagr":0.18367968520069877,"expectancy":0.3160901704545451,"expectancy_ratio":0.08256739220369247,"sortino":1.9263233503357757,"sharpe":1.3256670341660095,"calmar":28.419621928236694,"sqn":0.2168,"profit_factor":1.1397294329600949,"max_drawdown_account":0.031165245227501526,"max_drawdown_abs":32.39145549},{"key":"TOTAL","trades":22,"profit_mean":0.0010320329492720618,"profit_mean_pct":0.1,"profit_total_abs":6.9539837499999955,"profit_total":0.006953983749999996,"profit_total_pct":0.7,"duration_avg":"1 day, 5:19:00","wins":9,"draws":0,"losses":13,"winrate":0.4090909090909091,"cagr":0.18367968520069877,"expectancy":0.3160901704545451,"expectancy_ratio":0.08256739220369247,"sortino":1.9263233503357757,"sharpe":1.3256670341660095,"calmar":28.419621928236694,"sqn":0.2168,"profit_factor":1.1397294329600949,"max_drawdown_account":0.031165245227501526,"max_drawdown_abs":32.39145549}],"exit_reason_summary":[{"key":"exit_signal","trades":22,"profit_mean":0.0010320329492720618,"profit_mean_pct":0.1,"profit_total_abs":6.9539837499999955,"profit_total":0.006953983749999996,"profit_total_pct":0.7,"duration_avg":"1 day, 5:19:00","wins":9,"draws":0,"losses":13,"winrate":0.4090909090909091,"cagr":0.18367968520069877,"expectancy":0.3160901704545451,"expectancy_ratio":0.08256739220369247,"sortino":1.9263233503357757,"sharpe":1.3256670341660095,"calmar":28.419621928236694,"sqn":0.2168,"profit_factor":1.1397294329600949,"max_drawdown_account":0.031165245227501526,"max_drawdown_abs":32.39145549},{"key":"TOTAL","trades":22,"profit_mean":0.0010320329492720618,"profit_mean_pct":0.1,"profit_total_abs":6.9539837499999955,"profit_total":0.006953983749999996,"profit_total_pct":0.7,"duration_avg":"1 day, 5:19:00","wins":9,"draws":0,"losses":13,"winrate":0.4090909090909091,"cagr":0.18367968520069877,"expectancy":0.3160901704545451,"expectancy_ratio":0.08256739220369247,"sortino":1.9263233503357757,"sharpe":1.3256670341660095,"calmar":28.419621928236694,"sqn":0.2168,"profit_factor":1.1397294329600949,"max_drawdown_account":0.031165245227501526,"max_drawdown_abs":32.39145549}],"mix_tag_stats":[{"key":["","exit_signal"],"trades":22,"profit_mean":0.0010320329492720618,"profit_mean_pct":0.1,"profit_total_abs":6.9539837499999955,"profit_total":0.006953983749999996,"profit_total_pct":0.7,"duration_avg":"1 day, 5:19:00","wins":9,"draws":0,"losses":13,"winrate":0.4090909090909091,"cagr":0.18367968520069877,"expectancy":0.3160901704545451,"expectancy_ratio":0.08256739220369247,"sortino":1.9263233503357757,"sharpe":1.3256670341660095,"calmar":28.419621928236694,"sqn":0.2168,"profit_factor":1.1397294329600949,"max_drawdown_account":0.031165245227501526,"max_drawdown_abs":32.39145549},{"key":"TOTAL","trades":22,"profit_mean":0.0010320329492720618,"profit_mean_pct":0.1,"profit_total_abs":6.9539837499999955,"profit_total":0.006953983749999996,"profit_total_pct":0.7,"duration_avg":"1 day, 5:19:00","wins":9,"draws":0,"losses":13,"winrate":0.4090909090909091,"cagr":0.18367968520069877,"expectancy":0.3160901704545451,"expectancy_ratio":0.08256739220369247,"sortino":1.9263233503357757,"sharpe":1.3256670341660095,"calmar":28.419621928236694,"sqn":0.2168,"profit_factor":1.1397294329600949,"max_drawdown_account":0.031165245227501526,"max_drawdown_abs":32.39145549}],"left_open_trades":[{"key":"TOTAL","trades":0,"profit_mean":0.0,"profit_mean_pct":0.0,"profit_total_abs":0.0,"profit_total":0.0,"profit_total_pct":0.0,"duration_avg":"0:00","wins":0,"draws":0,"losses":0,"winrate":0.0,"cagr":0.0,"expectancy":0.0,"expectancy_ratio":100.0,"sortino":0,"sharpe":0,"calmar":0,"sqn":0.0,"profit_factor":0.0,"max_drawdown_account":0.0,"max_drawdown_abs":0.0}],"total_trades":22,"trade_count_long":22,"trade_count_short":0,"total_volume":14835.019149650698,"avg_stake_amount":336.3278356363636,"profit_mean":0.0010320329492720618,"profit_median":-0.0019117388732667957,"profit_total":0.006953983749999996,"profit_total_long":0.006953983749999996,"profit_total_short":0.0,"profit_total_abs":6.9539837499999955,"profit_total_long_abs":6.9539837499999955,"profit_total_short_abs":0.0,"cagr":0.18367968520069877,"expectancy":0.3160901704545451,"expectancy_ratio":0.08256739220369247,"sortino":1.9263233503357757,"sharpe":1.3256670341660095,"calmar":28.419621928236694,"sqn":0.2168,"profit_factor":1.1397294329600949,"backtest_start":"2025-10-18 00:00:00","backtest_start_ts":1760745600000,"backtest_end":"2025-11-02 00:00:00","backtest_end_ts":1762041600000,"backtest_days":15,"backtest_run_start_ts":1762176617,"backtest_run_end_ts":1762176617,"trades_per_day":1.47,"market_change":-0.0027078109835253035,"pairlist":["BTC/USDT","ETH/USDT","SOL/USDT","AVAX/USDT","LINK/USDT","DOT/USDT","NEAR/USDT","ATOM/USDT"],"stake_amount":"unlimited","stake_currency":"USDT","stake_currency_decimals":3,"starting_balance":1000.0,"dry_run_wallet":1000.0,"final_balance":1006.95398375,"rejected_signals":52,"timedout_entry_orders":0,"timedout_exit_orders":0,"canceled_trade_entries":0,"canceled_entry_orders":0,"replaced_entry_orders":0,"max_open_trades":3,"max_open_trades_setting":3,"timeframe":"1h","timeframe_detail":"","timerange":"20251018-20251102","enable_protections":false,"strategy_name":"AdxSmas","freqaimodel":null,"freqai_identifier":null,"stoploss":-0.25,"trailing_stop":false,"trailing_stop_positive":null,"trailing_stop_positive_offset":0.0,"trailing_only_offset_is_reached":false,"use_custom_stoploss":false,"minimal_roi":{"0":0.1},"use_exit_signal":true,"exit_profit_only":false,"exit_profit_offset":0.0,"ignore_roi_if_entry_signal":false,"trading_mode":"spot","margin_mode":"","periodic_breakdown":{"day":[{"date":"20/10/2025","date_ts":1760918400000,"profit_abs":-0.5145706,"wins":0,"draws":0,"losses":1,"trades":1,"profit_factor":0.0},{"date":"21/10/2025","date_ts":1761004800000,"profit_abs":20.60646682,"wins":3,"draws":0,"losses":0,"trades":3,"profit_factor":0.0},{"date":"22/10/2025","date_ts":1761091200000,"profit_abs":-2.44365901,"wins":0,"draws":0,"losses":2,"trades":2,"profit_factor":0.0},{"date":"23/10/2025","date_ts":1761177600000,"profit_abs":-5.6332586,"wins":0,"draws":0,"losses":2,"trades":2,"profit_factor":0.0},{"date":"24/10/2025","date_ts":1761264000000,"profit_abs":14.90207097,"wins":1,"draws":0,"losses":0,"trades":1,"profit_factor":0.0},{"date":"25/10/2025","date_ts":1761350400000,"profit_abs":-2.02902789,"wins":0,"draws":0,"losses":2,"trades":2,"profit_factor":0.0},{"date":"26/10/2025","date_ts":1761436800000,"profit_abs":0.0,"wins":0,"draws":0,"losses":0,"trades":0,"profit_factor":0.0},{"date":"27/10/2025","date_ts":1761523200000,"profit_abs":6.3019552,"wins":1,"draws":0,"losses":0,"trades":1,"profit_factor":0.0},{"date":"28/10/2025","date_ts":1761609600000,"profit_abs":-1.71032271,"wins":1,"draws":0,"losses":2,"trades":3,"profit_factor":0.63835707},{"date":"29/10/2025","date_ts":1761696000000,"profit_abs":0.0,"wins":0,"draws":0,"losses":0,"trades":0,"profit_factor":0.0},{"date":"30/10/2025","date_ts":1761782400000,"profit_abs":9.86578506,"wins":2,"draws":0,"losses":0,"trades":2,"profit_factor":0.0},{"date":"31/10/2025","date_ts":1761868800000,"profit_abs":-17.82011094,"wins":0,"draws":0,"losses":3,"trades":3,"profit_factor":0.0},{"date":"01/11/2025","date_ts":1761955200000,"profit_abs":-14.57134455,"wins":1,"draws":0,"losses":1,"trades":2,"profit_factor":0.12207879}],"week":[{"date":"20/10/2025","date_ts":1760918400000,"profit_abs":-0.5145706,"wins":0,"draws":0,"losses":1,"trades":1,"profit_factor":0.0},{"date":"27/10/2025","date_ts":1761523200000,"profit_abs":31.70454749,"wins":5,"draws":0,"losses":6,"trades":11,"profit_factor":4.13721734},{"date":"03/11/2025","date_ts":1762128000000,"profit_abs":-24.23599314,"wins":4,"draws":0,"losses":6,"trades":10,"profit_factor":0.38089747}],"month":[{"date":"31/10/2025","date_ts":1761868800000,"profit_abs":21.5253283,"wins":8,"draws":0,"losses":12,"trades":20,"profit_factor":1.64894082},{"date":"30/11/2025","date_ts":1764460800000,"profit_abs":-14.57134455,"wins":1,"draws":0,"losses":1,"trades":2,"profit_factor":0.12207879}],"year":[{"date":"31/12/2025","date_ts":1767139200000,"profit_abs":6.95398375,"wins":9,"draws":0,"losses":13,"trades":22,"profit_factor":1.13972943}],"weekday":[{"date":"Monday","date_ts":0,"profit_abs":5.7873846,"wins":1,"draws":0,"losses":1,"trades":2,"profit_factor":12.24701761},{"date":"Tuesday","date_ts":1,"profit_abs":18.89614411,"wins":4,"draws":0,"losses":2,"trades":6,"profit_factor":4.99553654},{"date":"Wednesday","date_ts":2,"profit_abs":-2.44365901,"wins":0,"draws":0,"losses":2,"trades":2,"profit_factor":0.0},{"date":"Thursday","date_ts":3,"profit_abs":4.23252646,"wins":2,"draws":0,"losses":2,"trades":4,"profit_factor":1.75134603},{"date":"Friday","date_ts":4,"profit_abs":-2.91803997,"wins":1,"draws":0,"losses":3,"trades":4,"profit_factor":0.83625018},{"date":"Saturday","date_ts":5,"profit_abs":-16.60037244,"wins":1,"draws":0,"losses":3,"trades":4,"profit_factor":0.10878053}]},"backtest_best_day":0.062111236127582174,"backtest_worst_day":-0.05203000589853717,"backtest_best_day_abs":20.60646682,"backtest_worst_day_abs":-17.82011094,"winning_days":4,"draw_days":2,"losing_days":7,"daily_profit":[["2025-10-20",-0.5145706],["2025-10-21",20.60646682],["2025-10-22",-2.44365901],["2025-10-23",-5.6332586],["2025-10-24",14.90207097],["2025-10-25",-2.02902789],["2025-10-26",0.0],["2025-10-27",6.3019552],["2025-10-28",-1.71032271],["2025-10-29",0.0],["2025-10-30",9.86578506],["2025-10-31",-17.82011094],["2025-11-01",-14.57134455]],"wins":9,"losses":13,"draws":0,"winrate":0.4090909090909091,"holding_avg":"1 day, 5:19:00","holding_avg_s":105540.0,"winner_holding_min":"0d 10:00","winner_holding_min_s":36000.0,"winner_holding_max":"2d 15:00","winner_holding_max_s":226800.0,"winner_holding_avg":"1d 07:20","winner_holding_avg_s":112800.0,"loser_holding_min":"0d 02:00","loser_holding_min_s":7200.0,"loser_holding_max":"3d 14:00","loser_holding_max_s":309600.0,"loser_holding_avg":"1d 03:55","loser_holding_avg_s":100500.0,"max_consecutive_wins":3,"max_consecutive_losses":4,"max_drawdown_account":0.031165245227501526,"max_relative_drawdown":0.031165245227501526,"max_drawdown_abs":32.39145549,"drawdown_start":"2025-10-30 01:00:00","drawdown_start_ts":1761786000000.0,"drawdown_end":"2025-11-01 15:00:00","drawdown_end_ts":1762009200000.0,"drawdown_duration":"2 days 14:00:00","drawdown_duration_s":223200.0,"max_drawdown_low":6.953983750000003,"max_drawdown_high":39.345439240000005,"csum_min":999.4854294,"csum_max":1039.34543924}},"strategy_comparison":[{"key":"AdxSmas","trades":22,"profit_mean":0.0010320329492720618,"profit_mean_pct":0.1,"profit_total_abs":6.9539837499999955,"profit_total":0.006953983749999996,"profit_total_pct":0.7,"duration_avg":"1 day, 5:19:00","wins":9,"draws":0,"losses":13,"winrate":0.4090909090909091,"cagr":0.18367968520069877,"expectancy":0.3160901704545451,"expectancy_ratio":0.08256739220369247,"sortino":1.9263233503357757,"sharpe":1.3256670341660095,"calmar":28.419621928236694,"sqn":0.2168,"profit_factor":1.1397294329600949,"max_drawdown_account":0.031165245227501526,"max_drawdown_abs":"32.391"}]}