{"strategy":{"KamaFama":{"trades":[{"pair":"EDEN/USDT","stake_amount":4949.999574,"max_stake_amount":4949.999574,"amount":31210.59,"open_date":"2025-10-17 07:30:00+00:00","close_date":"2025-10-17 11:20:00+00:00","open_rate":0.1586,"close_rate":0.1489,"fee_open":0.002,"fee_close":0.002,"trade_duration":230,"profit_ratio":-0.06490801499145467,"profit_abs":-321.93723585,"exit_reason":"sell","initial_stop_loss_abs":0.119,"initial_stop_loss_ratio":-0.25,"stop_loss_abs":0.119,"stop_loss_ratio":-0.25,"min_rate":0.1411,"max_rate":0.1586,"is_open":false,"enter_tag":"buy","leverage":1.0,"is_short":false,"open_timestamp":1760686200000,"close_timestamp":1760700000000,"orders":[{"amount":31210.59,"safe_price":0.1586,"ft_order_side":"buy","order_filled_timestamp":1760686200000,"ft_is_entry":true,"ft_order_tag":"buy","cost":4959.899573148},{"amount":31210.59,"safe_price":0.1489,"ft_order_side":"sell","order_filled_timestamp":1760700000000,"ft_is_entry":false,"ft_order_tag":"sell","cost":4656.551364702}],"funding_fees":0.0,"weekday":4},{"pair":"EDEN/USDT","stake_amount":4790.640268,"max_stake_amount":4790.640268,"amount":34993.72,"open_date":"2025-10-18 16:35:00+00:00","close_date":"2025-10-18 16:50:00+00:00","open_rate":0.1369,"close_rate":0.1469,"fee_open":0.002,"fee_close":0.002,"trade_duration":15,"profit_ratio":0.06876240215009828,"profit_abs":330.07476453,"exit_reason":"trailing_stop_loss","initial_stop_loss_abs":0.1027,"initial_stop_loss_ratio":-0.25,"stop_loss_abs":0.1469,"stop_loss_ratio":-0.002,"min_rate":0.1368,"max_rate":0.1471,"is_open":false,"enter_tag":"buy","leverage":1.0,"is_short":false,"open_timestamp":1760805300000,"close_timestamp":1760806200000,"orders":[{"amount":34993.72,"safe_price":0.1369,"ft_order_side":"buy","order_filled_timestamp":1760805300000,"ft_is_entry":true,"ft_order_tag":"buy","cost":4800.221548536},{"amount":34993.72,"safe_price":0.1469,"ft_order_side":"sell","order_filled_timestamp":1760806200000,"ft_is_entry":false,"ft_order_tag":"trailing_stop_loss","cost":5150.858622936001}],"funding_fees":0.0,"weekday":5},{"pair":"EDEN/USDT","stake_amount":4954.02713,"max_stake_amount":4954.02713,"amount":35950.85,"open_date":"2025-10-21 05:10:00+00:00","close_date":"2025-10-21 09:10:00+00:00","open_rate":0.1378,"close_rate":0.14,"fee_open":0.002,"fee_close":0.002,"trade_duration":240,"profit_ratio":0.011909417739267474,"profit_abs":59.11757774,"exit_reason":"sell","initial_stop_loss_abs":0.1034,"initial_stop_loss_ratio":-0.25,"stop_loss_abs":0.1034,"stop_loss_ratio":-0.25,"min_rate":0.1338,"max_rate":0.1407,"is_open":false,"enter_tag":"buy","leverage":1.0,"is_short":false,"open_timestamp":1761023400000,"close_timestamp":1761037800000,"orders":[{"amount":35950.85,"safe_price":0.1378,"ft_order_side":"buy","order_filled_timestamp":1761023400000,"ft_is_entry":true,"ft_order_tag":"buy","cost":4963.935184260001},{"amount":35950.85,"safe_price":0.14,"ft_order_side":"sell","order_filled_timestamp":1761037800000,"ft_is_entry":false,"ft_order_tag":"sell","cost":5043.185238000001}],"funding_fees":0.0,"weekday":1},{"pair":"AVNT/USDT","stake_amount":4954.0241275,"max_stake_amount":4954.0241275,"amount":7557.05,"open_date":"2025-10-21 06:10:00+00:00","close_date":"2025-10-21 12:05:00+00:00","open_rate":0.65555,"close_rate":0.60378,"fee_open":0.002,"fee_close":0.002,"trade_duration":355,"profit_ratio":-0.08264861475219498,"profit_abs":-410.26211805,"exit_reason":"sell","initial_stop_loss_abs":0.49167,"initial_stop_loss_ratio":-0.25,"stop_loss_abs":0.49167,"stop_loss_ratio":-0.25,"min_rate":0.56589,"max_rate":0.65714,"is_open":false,"enter_tag":"buy","leverage":1.0,"is_short":false,"open_timestamp":1761027000000,"close_timestamp":1761048300000,"orders":[{"amount":7557.05,"safe_price":0.65555,"ft_order_side":"buy","order_filled_timestamp":1761027000000,"ft_is_entry":true,"ft_order_tag":"buy","cost":4963.932175755},{"amount":7557.05,"safe_price":0.60378,"ft_order_side":"sell","order_filled_timestamp":1761048300000,"ft_is_entry":false,"ft_order_tag":"sell","cost":4571.921240297999}],"funding_fees":0.0,"weekday":1},{"pair":"AVNT/USDT","stake_amount":4780.20738,"max_stake_amount":4780.20738,"amount":7802.0,"open_date":"2025-10-21 23:05:00+00:00","close_date":"2025-10-22 00:10:00+00:00","open_rate":0.61269,"close_rate":0.62372,"fee_open":0.002,"fee_close":0.002,"trade_duration":65,"profit_ratio":0.013938696241817565,"profit_abs":66.76311836,"exit_reason":"sell","initial_stop_loss_abs":0.45952,"initial_stop_loss_ratio":-0.25,"stop_loss_abs":0.45952,"stop_loss_ratio":-0.25,"min_rate":0.59026,"max_rate":0.63274,"is_open":false,"enter_tag":"buy","leverage":1.0,"is_short":false,"open_timestamp":1761087900000,"close_timestamp":1761091800000,"orders":[{"amount":7802.0,"safe_price":0.61269,"ft_order_side":"buy","order_filled_timestamp":1761087900000,"ft_is_entry":true,"ft_order_tag":"buy","cost":4789.76779476},{"amount":7802.0,"safe_price":0.62372,"ft_order_side":"sell","order_filled_timestamp":1761091800000,"ft_is_entry":false,"ft_order_tag":"sell","cost":4875.99596688}],"funding_fees":0.0,"weekday":2},{"pair":"AVNT/USDT","stake_amount":4813.2549505,"max_stake_amount":4813.2549505,"amount":7784.03,"open_date":"2025-10-22 20:30:00+00:00","close_date":"2025-10-22 22:05:00+00:00","open_rate":0.61835,"close_rate":0.63445,"fee_open":0.002,"fee_close":0.002,"trade_duration":95,"profit_ratio":0.02194107781807302,"profit_abs":105.81921743,"exit_reason":"sell","initial_stop_loss_abs":0.46377,"initial_stop_loss_ratio":-0.25,"stop_loss_abs":0.46377,"stop_loss_ratio":-0.25,"min_rate":0.59798,"max_rate":0.64705,"is_open":false,"enter_tag":"buy","leverage":1.0,"is_short":false,"open_timestamp":1761165000000,"close_timestamp":1761170700000,"orders":[{"amount":7784.03,"safe_price":0.61835,"ft_order_side":"buy","order_filled_timestamp":1761165000000,"ft_is_entry":true,"ft_order_tag":"buy","cost":4822.8814604009995},{"amount":7784.03,"safe_price":0.63445,"ft_order_side":"sell","order_filled_timestamp":1761170700000,"ft_is_entry":false,"ft_order_tag":"sell","cost":4948.454989166999}],"funding_fees":0.0,"weekday":2},{"pair":"AVNT/USDT","stake_amount":4865.6377192,"max_stake_amount":4865.6377192,"amount":6301.66,"open_date":"2025-10-24 22:30:00+00:00","close_date":"2025-10-25 00:15:00+00:00","open_rate":0.77212,"close_rate":0.80387,"fee_open":0.002,"fee_close":0.002,"trade_duration":105,"profit_ratio":0.03696438134389176,"profit_abs":180.21499871,"exit_reason":"sell","initial_stop_loss_abs":0.57909,"initial_stop_loss_ratio":-0.25,"stop_loss_abs":0.57909,"stop_loss_ratio":-0.25,"min_rate":0.75232,"max_rate":0.81363,"is_open":false,"enter_tag":"buy","leverage":1.0,"is_short":false,"open_timestamp":1761345000000,"close_timestamp":1761351300000,"orders":[{"amount":6301.66,"safe_price":0.77212,"ft_order_side":"buy","order_filled_timestamp":1761345000000,"ft_is_entry":true,"ft_order_tag":"buy","cost":4875.3689946384},{"amount":6301.66,"safe_price":0.80387,"ft_order_side":"sell","order_filled_timestamp":1761351300000,"ft_is_entry":false,"ft_order_tag":"sell","cost":5075.846855048399}],"funding_fees":0.0,"weekday":5},{"pair":"AVNT/USDT","stake_amount":4954.845249,"max_stake_amount":4954.845249,"amount":6549.35,"open_date":"2025-10-25 03:40:00+00:00","close_date":"2025-10-25 05:45:00+00:00","open_rate":0.75654,"close_rate":0.78491,"fee_open":0.002,"fee_close":0.002,"trade_duration":125,"profit_ratio":0.03335795430151598,"profit_abs":165.61406839,"exit_reason":"sell","initial_stop_loss_abs":0.56741,"initial_stop_loss_ratio":-0.25,"stop_loss_abs":0.56741,"stop_loss_ratio":-0.25,"min_rate":0.74839,"max_rate":0.78709,"is_open":false,"enter_tag":"buy","leverage":1.0,"is_short":false,"open_timestamp":1761363600000,"close_timestamp":1761371100000,"orders":[{"amount":6549.35,"safe_price":0.75654,"ft_order_side":"buy","order_filled_timestamp":1761363600000,"ft_is_entry":true,"ft_order_tag":"buy","cost":4964.754939498},{"amount":6549.35,"safe_price":0.78491,"ft_order_side":"sell","order_filled_timestamp":1761371100000,"ft_is_entry":false,"ft_order_tag":"sell","cost":5150.931609117}],"funding_fees":0.0,"weekday":5},{"pair":"EDEN/USDT","stake_amount":5036.82443,"max_stake_amount":5036.82443,"amount":26934.89,"open_date":"2025-10-25 15:30:00+00:00","close_date":"2025-10-25 16:25:00+00:00","open_rate":0.187,"close_rate":0.1993,"fee_open":0.002,"fee_close":0.002,"trade_duration":55,"profit_ratio":0.06152080865087209,"profit_abs":310.48925099,"exit_reason":"trailing_stop_loss","initial_stop_loss_abs":0.1403,"initial_stop_loss_ratio":-0.25,"stop_loss_abs":0.1993,"stop_loss_ratio":-0.002,"min_rate":0.1833,"max_rate":0.1996,"is_open":false,"enter_tag":"buy","leverage":1.0,"is_short":false,"open_timestamp":1761406200000,"close_timestamp":1761409500000,"orders":[{"amount":26934.89,"safe_price":0.187,"ft_order_side":"buy","order_filled_timestamp":1761406200000,"ft_is_entry":true,"ft_order_tag":"buy","cost":5046.898078859999},{"amount":26934.89,"safe_price":0.1993,"ft_order_side":"sell","order_filled_timestamp":1761409500000,"ft_is_entry":false,"ft_order_tag":"trailing_stop_loss","cost":5378.859824154}],"funding_fees":0.0,"weekday":5},{"pair":"EDEN/USDT","stake_amount":5190.516135,"max_stake_amount":5190.516135,"amount":28410.05,"open_date":"2025-10-26 02:30:00+00:00","close_date":"2025-10-26 04:35:00+00:00","open_rate":0.1827,"close_rate":0.1881,"fee_open":0.002,"fee_close":0.002,"trade_duration":125,"profit_ratio":0.02544664365849582,"profit_abs":132.34537692,"exit_reason":"sell","initial_stop_loss_abs":0.1371,"initial_stop_loss_ratio":-0.25,"stop_loss_abs":0.1371,"stop_loss_ratio":-0.25,"min_rate":0.1787,"max_rate":0.1881,"is_open":false,"enter_tag":"buy","leverage":1.0,"is_short":false,"open_timestamp":1761445800000,"close_timestamp":1761453300000,"orders":[{"amount":28410.05,"safe_price":0.1827,"ft_order_side":"buy","order_filled_timestamp":1761445800000,"ft_is_entry":true,"ft_order_tag":"buy","cost":5200.89716727},{"amount":28410.05,"safe_price":0.1881,"ft_order_side":"sell","order_filled_timestamp":1761453300000,"ft_is_entry":false,"ft_order_tag":"sell","cost":5354.618265809999}],"funding_fees":0.0,"weekday":6},{"pair":"EDEN/USDT","stake_amount":5256.02751,"max_stake_amount":5256.02751,"amount":28167.35,"open_date":"2025-10-27 09:15:00+00:00","close_date":"2025-10-27 11:35:00+00:00","open_rate":0.1866,"close_rate":0.1897,"fee_open":0.002,"fee_close":0.002,"trade_duration":140,"profit_ratio":0.012554740465478473,"profit_abs":66.12003739,"exit_reason":"sell","initial_stop_loss_abs":0.14,"initial_stop_loss_ratio":-0.25,"stop_loss_abs":0.14,"stop_loss_ratio":-0.25,"min_rate":0.1822,"max_rate":0.1904,"is_open":false,"enter_tag":"buy","leverage":1.0,"is_short":false,"open_timestamp":1761556500000,"close_timestamp":1761564900000,"orders":[{"amount":28167.35,"safe_price":0.1866,"ft_order_side":"buy","order_filled_timestamp":1761556500000,"ft_is_entry":true,"ft_order_tag":"buy","cost":5266.539565019999},{"amount":28167.35,"safe_price":0.1897,"ft_order_side":"sell","order_filled_timestamp":1761564900000,"ft_is_entry":false,"ft_order_tag":"sell","cost":5354.032987590001}],"funding_fees":0.0,"weekday":0},{"pair":"EDEN/USDT","stake_amount":5288.757361,"max_stake_amount":5288.757361,"amount":33664.91,"open_date":"2025-10-28 21:10:00+00:00","close_date":"2025-10-29 03:20:00+00:00","open_rate":0.1571,"close_rate":0.1642,"fee_open":0.002,"fee_close":0.002,"trade_duration":370,"profit_ratio":0.04102171214465519,"profit_abs":217.38778983,"exit_reason":"sell","initial_stop_loss_abs":0.1179,"initial_stop_loss_ratio":-0.25,"stop_loss_abs":0.1656,"stop_loss_ratio":-0.002,"min_rate":0.1565,"max_rate":0.1659,"is_open":false,"enter_tag":"buy","leverage":1.0,"is_short":false,"open_timestamp":1761685800000,"close_timestamp":1761708000000,"orders":[{"amount":33664.91,"safe_price":0.1571,"ft_order_side":"buy","order_filled_timestamp":1761685800000,"ft_is_entry":true,"ft_order_tag":"buy","cost":5299.334875722},{"amount":33664.91,"safe_price":0.1642,"ft_order_side":"sell","order_filled_timestamp":1761708000000,"ft_is_entry":false,"ft_order_tag":"sell","cost":5538.833778444001}],"funding_fees":0.0,"weekday":2},{"pair":"AVNT/USDT","stake_amount":5396.3620424,"max_stake_amount":5396.3620424,"amount":8857.24,"open_date":"2025-10-30 12:30:00+00:00","close_date":"2025-10-30 21:35:00+00:00","open_rate":0.60926,"close_rate":0.58158,"fee_open":0.002,"fee_close":0.002,"trade_duration":545,"profit_ratio":-0.04924281365319571,"profit_abs":-266.26351456,"exit_reason":"sell","initial_stop_loss_abs":0.45695,"initial_stop_loss_ratio":-0.25,"stop_loss_abs":0.45695,"stop_loss_ratio":-0.25,"min_rate":0.56139,"max_rate":0.61657,"is_open":false,"enter_tag":"buy","leverage":1.0,"is_short":false,"open_timestamp":1761827400000,"close_timestamp":1761860100000,"orders":[{"amount":8857.24,"safe_price":0.60926,"ft_order_side":"buy","order_filled_timestamp":1761827400000,"ft_is_entry":true,"ft_order_tag":"buy","cost":5407.1547664848},{"amount":8857.24,"safe_price":0.58158,"ft_order_side":"sell","order_filled_timestamp":1761860100000,"ft_is_entry":false,"ft_order_tag":"sell","cost":5161.4960264783995}],"funding_fees":0.0,"weekday":3},{"pair":"EDEN/USDT","stake_amount":5396.36461,"max_stake_amount":5396.36461,"amount":40574.17,"open_date":"2025-10-30 11:50:00+00:00","close_date":"2025-10-31 04:25:00+00:00","open_rate":0.133,"close_rate":0.1321,"fee_open":0.002,"fee_close":0.002,"trade_duration":995,"profit_ratio":-0.010731919618668042,"profit_abs":-58.02917793,"exit_reason":"sell","initial_stop_loss_abs":0.0998,"initial_stop_loss_ratio":-0.25,"stop_loss_abs":0.0998,"stop_loss_ratio":-0.25,"min_rate":0.1262,"max_rate":0.137,"is_open":false,"enter_tag":"buy","leverage":1.0,"is_short":false,"open_timestamp":1761825000000,"close_timestamp":1761884700000,"orders":[{"amount":40574.17,"safe_price":0.133,"ft_order_side":"buy","order_filled_timestamp":1761825000000,"ft_is_entry":true,"ft_order_tag":"buy","cost":5407.15733922},{"amount":40574.17,"safe_price":0.1321,"ft_order_side":"sell","order_filled_timestamp":1761884700000,"ft_is_entry":false,"ft_order_tag":"sell","cost":5370.567552714}],"funding_fees":0.0,"weekday":4},{"pair":"BONK/USDT","stake_amount":5235.83979688,"max_stake_amount":5235.83979688,"amount":428114456.0,"open_date":"2025-11-03 15:45:00+00:00","close_date":"2025-11-04 00:40:00+00:00","open_rate":1.223e-05,"close_rate":1.222e-05,"fee_open":0.002,"fee_close":0.002,"trade_duration":535,"profit_ratio":-0.0048064133387956155,"profit_abs":-25.21594146,"exit_reason":"sell","initial_stop_loss_abs":9.18e-06,"initial_stop_loss_ratio":-0.25,"stop_loss_abs":9.18e-06,"stop_loss_ratio":-0.25,"min_rate":1.17e-05,"max_rate":1.26e-05,"is_open":false,"enter_tag":"buy","leverage":1.0,"is_short":false,"open_timestamp":1762184700000,"close_timestamp":1762216800000,"orders":[{"amount":428114456.0,"safe_price":1.223e-05,"ft_order_side":"buy","order_filled_timestamp":1762184700000,"ft_is_entry":true,"ft_order_tag":"buy","cost":5246.31147647376},{"amount":428114456.0,"safe_price":1.222e-05,"ft_order_side":"sell","order_filled_timestamp":1762216800000,"ft_is_entry":false,"ft_order_tag":"sell","cost":5242.02176962464}],"funding_fees":0.0,"weekday":1}],"locks":[],"best_pair":{"key":"EDEN/USDT","trades":8,"profit_mean":0.018196973774843077,"profit_mean_pct":1.82,"profit_total_abs":735.5683836200001,"profit_total":0.07355683836200001,"profit_total_pct":7.36,"duration_avg":"4:31:00","wins":6,"draws":0,"losses":2,"winrate":0.75,"cagr":1.9430492088202596,"expectancy":91.94604795250001,"expectancy_ratio":0.4839693436996073,"sortino":4.437471629280414,"sharpe":2.939813394902004,"calmar":181.88087449196672,"sqn":1.2214,"profit_factor":2.9358773747984293,"max_drawdown_account":0.03219372358500004,"max_drawdown_abs":321.93723585},"worst_pair":{"key":"AVNT/USDT","trades":6,"profit_mean":-0.004281553116682061,"profit_mean_pct":-0.43,"profit_total_abs":-158.11422972,"profit_total":-0.015811422972,"profit_total_pct":-1.58,"duration_avg":"3:35:00","wins":4,"draws":0,"losses":2,"winrate":0.6666666666666666,"cagr":-0.2152473611363972,"expectancy":-26.352371619999985,"expectancy_ratio":-0.0779050204449282,"sortino":-1.7481466510216737,"sharpe":-0.5531940559777706,"calmar":-30.679249358840732,"sqn":-0.259,"profit_factor":0.7662849386652156,"max_drawdown_account":0.041026211804999914,"max_drawdown_abs":410.26211805},"results_per_pair":[{"key":"EDEN/USDT","trades":8,"profit_mean":0.018196973774843077,"profit_mean_pct":1.82,"profit_total_abs":735.5683836200001,"profit_total":0.07355683836200001,"profit_total_pct":7.36,"duration_avg":"4:31:00","wins":6,"draws":0,"losses":2,"winrate":0.75,"cagr":1.9430492088202596,"expectancy":91.94604795250001,"expectancy_ratio":0.4839693436996073,"sortino":4.437471629280414,"sharpe":2.939813394902004,"calmar":181.88087449196672,"sqn":1.2214,"profit_factor":2.9358773747984293,"max_drawdown_account":0.03219372358500004,"max_drawdown_abs":321.93723585},{"key":"TRX/USDT","trades":0,"profit_mean":0.0,"profit_mean_pct":0.0,"profit_total_abs":0.0,"profit_total":0.0,"profit_total_pct":0.0,"duration_avg":"0:00","wins":0,"draws":0,"losses":0,"winrate":0.0,"cagr":0.0,"expectancy":0.0,"expectancy_ratio":100.0,"sortino":0,"sharpe":0,"calmar":0,"sqn":0.0,"profit_factor":0.0,"max_drawdown_account":0.0,"max_drawdown_abs":0.0},{"key":"PEPE/USDT","trades":0,"profit_mean":0.0,"profit_mean_pct":0.0,"profit_total_abs":0.0,"profit_total":0.0,"profit_total_pct":0.0,"duration_avg":"0:00","wins":0,"draws":0,"losses":0,"winrate":0.0,"cagr":0.0,"expectancy":0.0,"expectancy_ratio":100.0,"sortino":0,"sharpe":0,"calmar":0,"sqn":0.0,"profit_factor":0.0,"max_drawdown_account":0.0,"max_drawdown_abs":0.0},{"key":"BNB/USDT","trades":0,"profit_mean":0.0,"profit_mean_pct":0.0,"profit_total_abs":0.0,"profit_total":0.0,"profit_total_pct":0.0,"duration_avg":"0:00","wins":0,"draws":0,"losses":0,"winrate":0.0,"cagr":0.0,"expectancy":0.0,"expectancy_ratio":100.0,"sortino":0,"sharpe":0,"calmar":0,"sqn":0.0,"profit_factor":0.0,"max_drawdown_account":0.0,"max_drawdown_abs":0.0},{"key":"BONK/USDT","trades":1,"profit_mean":-0.0048064133387956155,"profit_mean_pct":-0.48,"profit_total_abs":-25.21594146,"profit_total":-0.002521594146,"profit_total_pct":-0.25,"duration_avg":"8:55:00","wins":0,"draws":0,"losses":1,"winrate":0.0,"cagr":-0.037669831165537015,"expectancy":-25.21594146,"expectancy_ratio":-1.0,"sortino":-100,"sharpe":-100,"calmar":-100,"sqn":-100.0,"profit_factor":0.0,"max_drawdown_account":0.0,"max_drawdown_abs":0.0},{"key":"AVNT/USDT","trades":6,"profit_mean":-0.004281553116682061,"profit_mean_pct":-0.43,"profit_total_abs":-158.11422972,"profit_total":-0.015811422972,"profit_total_pct":-1.58,"duration_avg":"3:35:00","wins":4,"draws":0,"losses":2,"winrate":0.6666666666666666,"cagr":-0.2152473611363972,"expectancy":-26.352371619999985,"expectancy_ratio":-0.0779050204449282,"sortino":-1.7481466510216737,"sharpe":-0.5531940559777706,"calmar":-30.679249358840732,"sqn":-0.259,"profit_factor":0.7662849386652156,"max_drawdown_account":0.041026211804999914,"max_drawdown_abs":410.26211805},{"key":"TOTAL","trades":15,"profit_mean":0.0076720038773237745,"profit_mean_pct":0.77,"profit_total_abs":552.23821244,"profit_total":0.055223821244,"profit_total_pct":5.52,"duration_avg":"4:26:00","wins":10,"draws":0,"losses":5,"winrate":0.6666666666666666,"cagr":1.2648125117378788,"expectancy":36.815880829333324,"expectancy_ratio":0.17017476640118212,"sortino":2.926279430419766,"sharpe":2.0645591067878373,"calmar":107.87263843064962,"sqn":0.6469,"profit_factor":1.5105242992035468,"max_drawdown_account":0.040752132901486764,"max_drawdown_abs":410.26211805}],"results_per_enter_tag":[{"key":"buy","trades":15,"profit_mean":0.0076720038773237745,"profit_mean_pct":0.77,"profit_total_abs":552.23821244,"profit_total":0.055223821244,"profit_total_pct":5.52,"duration_avg":"4:26:00","wins":10,"draws":0,"losses":5,"winrate":0.6666666666666666,"cagr":1.2648125117378788,"expectancy":36.815880829333324,"expectancy_ratio":0.17017476640118212,"sortino":2.926279430419766,"sharpe":2.0645591067878373,"calmar":107.87263843064962,"sqn":0.6469,"profit_factor":1.5105242992035468,"max_drawdown_account":0.040752132901486764,"max_drawdown_abs":410.26211805},{"key":"TOTAL","trades":15,"profit_mean":0.0076720038773237745,"profit_mean_pct":0.77,"profit_total_abs":552.23821244,"profit_total":0.055223821244,"profit_total_pct":5.52,"duration_avg":"4:26:00","wins":10,"draws":0,"losses":5,"winrate":0.6666666666666666,"cagr":1.2648125117378788,"expectancy":36.815880829333324,"expectancy_ratio":0.17017476640118212,"sortino":2.926279430419766,"sharpe":2.0645591067878373,"calmar":107.87263843064962,"sqn":0.6469,"profit_factor":1.5105242992035468,"max_drawdown_account":0.040752132901486764,"max_drawdown_abs":410.26211805}],"exit_reason_summary":[{"key":"trailing_stop_loss","trades":2,"profit_mean":0.06514160540048519,"profit_mean_pct":6.51,"profit_total_abs":640.56401552,"profit_total":0.064056401552,"profit_total_pct":6.41,"duration_avg":"0:35:00","wins":2,"draws":0,"losses":0,"winrate":1.0,"cagr":1.570912927142054,"expectancy":320.28200776,"expectancy_ratio":100.0,"sortino":-100,"sharpe":52.07062143189458,"calmar":-100,"sqn":32.706,"profit_factor":0.0,"max_drawdown_account":0.0,"max_drawdown_abs":0.0},{"key":"sell","trades":13,"profit_mean":-0.0011694732800856724,"profit_mean_pct":-0.12,"profit_total_abs":-88.32580308,"profit_total":-0.008832580308,"profit_total_pct":-0.88,"duration_avg":"5:02:00","wins":8,"draws":0,"losses":5,"winrate":0.6153846153846154,"cagr":-0.12621906141142591,"expectancy":-6.794292544615402,"expectancy_ratio":-0.031405391385339154,"sortino":-0.46803349515838316,"sharpe":-0.3605203463348941,"calmar":-10.446118623272982,"sqn":-0.1207,"profit_factor":0.9183459823981182,"max_drawdown_account":0.06730817761599991,"max_drawdown_abs":673.08177616},{"key":"TOTAL","trades":15,"profit_mean":0.0076720038773237745,"profit_mean_pct":0.77,"profit_total_abs":552.23821244,"profit_total":0.055223821244,"profit_total_pct":5.52,"duration_avg":"4:26:00","wins":10,"draws":0,"losses":5,"winrate":0.6666666666666666,"cagr":1.2648125117378788,"expectancy":36.815880829333324,"expectancy_ratio":0.17017476640118212,"sortino":2.926279430419766,"sharpe":2.0645591067878373,"calmar":107.87263843064962,"sqn":0.6469,"profit_factor":1.5105242992035468,"max_drawdown_account":0.040752132901486764,"max_drawdown_abs":410.26211805}],"mix_tag_stats":[{"key":["buy","trailing_stop_loss"],"trades":2,"profit_mean":0.06514160540048519,"profit_mean_pct":6.51,"profit_total_abs":640.56401552,"profit_total":0.064056401552,"profit_total_pct":6.41,"duration_avg":"0:35:00","wins":2,"draws":0,"losses":0,"winrate":1.0,"cagr":1.570912927142054,"expectancy":320.28200776,"expectancy_ratio":100.0,"sortino":-100,"sharpe":52.07062143189458,"calmar":-100,"sqn":32.706,"profit_factor":0.0,"max_drawdown_account":0.0,"max_drawdown_abs":0.0},{"key":["buy","sell"],"trades":13,"profit_mean":-0.0011694732800856724,"profit_mean_pct":-0.12,"profit_total_abs":-88.32580308,"profit_total":-0.008832580308,"profit_total_pct":-0.88,"duration_avg":"5:02:00","wins":8,"draws":0,"losses":5,"winrate":0.6153846153846154,"cagr":-0.12621906141142591,"expectancy":-6.794292544615402,"expectancy_ratio":-0.031405391385339154,"sortino":-0.46803349515838316,"sharpe":-0.3605203463348941,"calmar":-10.446118623272982,"sqn":-0.1207,"profit_factor":0.9183459823981182,"max_drawdown_account":0.06730817761599991,"max_drawdown_abs":673.08177616},{"key":"TOTAL","trades":15,"profit_mean":0.0076720038773237745,"profit_mean_pct":0.77,"profit_total_abs":552.23821244,"profit_total":0.055223821244,"profit_total_pct":5.52,"duration_avg":"4:26:00","wins":10,"draws":0,"losses":5,"winrate":0.6666666666666666,"cagr":1.2648125117378788,"expectancy":36.815880829333324,"expectancy_ratio":0.17017476640118212,"sortino":2.926279430419766,"sharpe":2.0645591067878373,"calmar":107.87263843064962,"sqn":0.6469,"profit_factor":1.5105242992035468,"max_drawdown_account":0.040752132901486764,"max_drawdown_abs":410.26211805}],"left_open_trades":[{"key":"TOTAL","trades":0,"profit_mean":0.0,"profit_mean_pct":0.0,"profit_total_abs":0.0,"profit_total":0.0,"profit_total_pct":0.0,"duration_avg":"0:00","wins":0,"draws":0,"losses":0,"winrate":0.0,"cagr":0.0,"expectancy":0.0,"expectancy_ratio":100.0,"sortino":0,"sharpe":0,"calmar":0,"sqn":0.0,"profit_factor":0.0,"max_drawdown_account":0.0,"max_drawdown_abs":0.0}],"total_trades":15,"trade_count_long":15,"trade_count_short":0,"total_volume":152889.2310310104,"avg_stake_amount":5057.555218898666,"profit_mean":0.0076720038773237745,"profit_median":0.013938696241817565,"profit_total":0.055223821244,"profit_total_long":0.055223821244,"profit_total_short":0.0,"profit_total_abs":552.23821244,"profit_total_long_abs":552.23821244,"profit_total_short_abs":0.0,"cagr":1.2648125117378788,"expectancy":36.815880829333324,"expectancy_ratio":0.17017476640118212,"sortino":2.926279430419766,"sharpe":2.0645591067878373,"calmar":107.87263843064962,"sqn":0.6469,"profit_factor":1.5105242992035468,"backtest_start":"2025-10-15 00:00:00","backtest_start_ts":1760486400000,"backtest_end":"2025-11-08 00:00:00","backtest_end_ts":1762560000000,"backtest_days":24,"backtest_run_start_ts":1762698346,"backtest_run_end_ts":1762698347,"trades_per_day":0.62,"market_change":-0.1651857600502176,"pairlist":["TRX/USDT","EDEN/USDT","AVNT/USDT","BONK/USDT","PEPE/USDT","BNB/USDT"],"stake_amount":"unlimited","stake_currency":"USDT","stake_currency_decimals":3,"starting_balance":10000,"dry_run_wallet":10000,"final_balance":10552.23821244,"rejected_signals":0,"timedout_entry_orders":0,"timedout_exit_orders":0,"canceled_trade_entries":0,"canceled_entry_orders":0,"replaced_entry_orders":0,"max_open_trades":2,"max_open_trades_setting":2,"timeframe":"5m","timeframe_detail":"","timerange":"20251015-20251108","enable_protections":false,"strategy_name":"KamaFama","freqaimodel":null,"freqai_identifier":null,"stoploss":-0.25,"trailing_stop":false,"trailing_stop_positive":0.002,"trailing_stop_positive_offset":0.05,"trailing_only_offset_is_reached":true,"use_custom_stoploss":true,"minimal_roi":{"0":1},"use_exit_signal":true,"exit_profit_only":false,"exit_profit_offset":0.0,"ignore_roi_if_entry_signal":false,"trading_mode":"spot","margin_mode":"isolated","periodic_breakdown":{"day":[{"date":"17/10/2025","date_ts":1760659200000,"profit_abs":-321.93723585,"wins":0,"draws":0,"losses":1,"trades":1,"profit_factor":0.0},{"date":"18/10/2025","date_ts":1760745600000,"profit_abs":330.07476453,"wins":1,"draws":0,"losses":0,"trades":1,"profit_factor":0.0},{"date":"19/10/2025","date_ts":1760832000000,"profit_abs":0.0,"wins":0,"draws":0,"losses":0,"trades":0,"profit_factor":0.0},{"date":"20/10/2025","date_ts":1760918400000,"profit_abs":0.0,"wins":0,"draws":0,"losses":0,"trades":0,"profit_factor":0.0},{"date":"21/10/2025","date_ts":1761004800000,"profit_abs":-351.14454031,"wins":1,"draws":0,"losses":1,"trades":2,"profit_factor":0.14409709},{"date":"22/10/2025","date_ts":1761091200000,"profit_abs":172.58233579,"wins":2,"draws":0,"losses":0,"trades":2,"profit_factor":0.0},{"date":"23/10/2025","date_ts":1761177600000,"profit_abs":0.0,"wins":0,"draws":0,"losses":0,"trades":0,"profit_factor":0.0},{"date":"24/10/2025","date_ts":1761264000000,"profit_abs":0.0,"wins":0,"draws":0,"losses":0,"trades":0,"profit_factor":0.0},{"date":"25/10/2025","date_ts":1761350400000,"profit_abs":656.31831809,"wins":3,"draws":0,"losses":0,"trades":3,"profit_factor":0.0},{"date":"26/10/2025","date_ts":1761436800000,"profit_abs":132.34537692,"wins":1,"draws":0,"losses":0,"trades":1,"profit_factor":0.0},{"date":"27/10/2025","date_ts":1761523200000,"profit_abs":66.12003739,"wins":1,"draws":0,"losses":0,"trades":1,"profit_factor":0.0},{"date":"28/10/2025","date_ts":1761609600000,"profit_abs":0.0,"wins":0,"draws":0,"losses":0,"trades":0,"profit_factor":0.0},{"date":"29/10/2025","date_ts":1761696000000,"profit_abs":217.38778983,"wins":1,"draws":0,"losses":0,"trades":1,"profit_factor":0.0},{"date":"30/10/2025","date_ts":1761782400000,"profit_abs":-266.26351456,"wins":0,"draws":0,"losses":1,"trades":1,"profit_factor":0.0},{"date":"31/10/2025","date_ts":1761868800000,"profit_abs":-58.02917793,"wins":0,"draws":0,"losses":1,"trades":1,"profit_factor":0.0},{"date":"01/11/2025","date_ts":1761955200000,"profit_abs":0.0,"wins":0,"draws":0,"losses":0,"trades":0,"profit_factor":0.0},{"date":"02/11/2025","date_ts":1762041600000,"profit_abs":0.0,"wins":0,"draws":0,"losses":0,"trades":0,"profit_factor":0.0},{"date":"03/11/2025","date_ts":1762128000000,"profit_abs":0.0,"wins":0,"draws":0,"losses":0,"trades":0,"profit_factor":0.0},{"date":"04/11/2025","date_ts":1762214400000,"profit_abs":-25.21594146,"wins":0,"draws":0,"losses":1,"trades":1,"profit_factor":0.0}],"week":[{"date":"20/10/2025","date_ts":1760918400000,"profit_abs":8.13752868,"wins":1,"draws":0,"losses":1,"trades":2,"profit_factor":1.02527676},{"date":"27/10/2025","date_ts":1761523200000,"profit_abs":676.22152788,"wins":8,"draws":0,"losses":1,"trades":9,"profit_factor":2.64826704},{"date":"03/11/2025","date_ts":1762128000000,"profit_abs":-106.90490266,"wins":1,"draws":0,"losses":2,"trades":3,"profit_factor":0.6703444},{"date":"10/11/2025","date_ts":1762732800000,"profit_abs":-25.21594146,"wins":0,"draws":0,"losses":1,"trades":1,"profit_factor":0.0}],"month":[{"date":"31/10/2025","date_ts":1761868800000,"profit_abs":577.4541539,"wins":10,"draws":0,"losses":4,"trades":14,"profit_factor":1.54657691},{"date":"30/11/2025","date_ts":1764460800000,"profit_abs":-25.21594146,"wins":0,"draws":0,"losses":1,"trades":1,"profit_factor":0.0}],"year":[{"date":"31/12/2025","date_ts":1767139200000,"profit_abs":552.23821244,"wins":10,"draws":0,"losses":5,"trades":15,"profit_factor":1.5105243}],"weekday":[{"date":"Monday","date_ts":0,"profit_abs":66.12003739,"wins":1,"draws":0,"losses":0,"trades":1,"profit_factor":0.0},{"date":"Tuesday","date_ts":1,"profit_abs":-376.36048177,"wins":1,"draws":0,"losses":2,"trades":3,"profit_factor":0.13575329},{"date":"Wednesday","date_ts":2,"profit_abs":389.97012562,"wins":3,"draws":0,"losses":0,"trades":3,"profit_factor":0.0},{"date":"Thursday","date_ts":3,"profit_abs":-266.26351456,"wins":0,"draws":0,"losses":1,"trades":1,"profit_factor":0.0},{"date":"Friday","date_ts":4,"profit_abs":-379.96641378,"wins":0,"draws":0,"losses":2,"trades":2,"profit_factor":0.0},{"date":"Saturday","date_ts":5,"profit_abs":986.39308262,"wins":4,"draws":0,"losses":0,"trades":4,"profit_factor":0.0},{"date":"Sunday","date_ts":6,"profit_abs":132.34537692,"wins":1,"draws":0,"losses":0,"trades":1,"profit_factor":0.0}]},"backtest_best_day":0.13184314429627983,"backtest_worst_day":-0.07073919701292751,"backtest_best_day_abs":656.31831809,"backtest_worst_day_abs":-351.14454031,"winning_days":6,"draw_days":8,"losing_days":5,"daily_profit":[["2025-10-17",-321.93723585],["2025-10-18",330.07476453],["2025-10-19",0.0],["2025-10-20",0.0],["2025-10-21",-351.14454031],["2025-10-22",172.58233579],["2025-10-23",0.0],["2025-10-24",0.0],["2025-10-25",656.31831809],["2025-10-26",132.34537692],["2025-10-27",66.12003739],["2025-10-28",0.0],["2025-10-29",217.38778983],["2025-10-30",-266.26351456],["2025-10-31",-58.02917793],["2025-11-01",0.0],["2025-11-02",0.0],["2025-11-03",0.0],["2025-11-04",-25.21594146]],"wins":10,"losses":5,"draws":0,"winrate":0.6666666666666666,"holding_avg":"4:26:00","holding_avg_s":15960.0,"winner_holding_min":"0d 00:15","winner_holding_min_s":900.0,"winner_holding_max":"0d 06:10","winner_holding_max_s":22200.0,"winner_holding_avg":"0d 02:14","winner_holding_avg_s":8040.0,"loser_holding_min":"0d 03:50","loser_holding_min_s":13800.0,"loser_holding_max":"0d 16:35","loser_holding_max_s":59700.0,"loser_holding_avg":"0d 08:52","loser_holding_avg_s":31920.0,"max_consecutive_wins":8,"max_consecutive_losses":3,"max_drawdown_account":0.040752132901486764,"max_relative_drawdown":0.040752132901486764,"max_drawdown_abs":410.26211805,"drawdown_start":"2025-10-21 09:10:00","drawdown_start_ts":1761037800000.0,"drawdown_end":"2025-10-21 12:05:00","drawdown_end_ts":1761048300000.0,"drawdown_duration":"0 days 02:55:00","drawdown_duration_s":10500.0,"max_drawdown_low":-343.00701163,"max_drawdown_high":67.25510642,"csum_min":9656.99298837,"csum_max":10901.74684639}},"strategy_comparison":[{"key":"KamaFama","trades":15,"profit_mean":0.0076720038773237745,"profit_mean_pct":0.77,"profit_total_abs":552.23821244,"profit_total":0.055223821244,"profit_total_pct":5.52,"duration_avg":"4:26:00","wins":10,"draws":0,"losses":5,"winrate":0.6666666666666666,"cagr":1.2648125117378788,"expectancy":36.815880829333324,"expectancy_ratio":0.17017476640118212,"sortino":2.926279430419766,"sharpe":2.0645591067878373,"calmar":107.87263843064962,"sqn":0.6469,"profit_factor":1.5105242992035468,"max_drawdown_account":0.040752132901486764,"max_drawdown_abs":"410.262"}]}